2026-06-28, 18:01:28, 960000000, 961000000, 1000000.00, 1, -24.63, -24.63
2026-06-28, 18:01:28, 961000000, 962000000, 1000000.00, 1, -24.63, -24.63
2026-06-28, 18:01:28, 962000000, 963000000, 1000000.00, 1, -24.64, -24.64
2026-06-28, 18:01:28, 963000000, 964000000, 1000000.00, 1, -24.60, -24.60
2026-06-28, 18:01:28, 964000000, 965000000, 1000000.00, 1, -24.56, -24.56
2026-06-28, 18:01:28, 965000000, 966000000, 1000000.00, 1, -24.54, -24.54
2026-06-28, 18:01:28, 966000000, 967000000, 1000000.00, 1, -24.71, -24.71
2026-06-28, 18:01:28, 967000000, 968000000, 1000000.00, 1, -24.58, -24.58
2026-06-28, 18:01:28, 968000000, 969000000, 1000000.00, 1, -24.58, -24.58
2026-06-28, 18:01:28, 969000000, 970000000, 1000000.00, 1, -24.56, -24.56
2026-06-28, 18:01:28, 970000000, 971000000, 1000000.00, 1, -24.59, -24.59
2026-06-28, 18:01:28, 971000000, 972000000, 1000000.00, 1, -24.47, -24.47
2026-06-28, 18:01:28, 972000000, 973000000, 1000000.00, 1, -24.73, -24.73
2026-06-28, 18:01:28, 973000000, 974000000, 1000000.00, 1, -24.64, -24.64
2026-06-28, 18:01:28, 974000000, 975000000, 1000000.00, 1, -24.60, -24.60
2026-06-28, 18:01:28, 975000000, 976000000, 1000000.00, 1, -24.52, -24.52
2026-06-28, 18:01:28, 976000000, 977000000, 1000000.00, 1, -24.59, -24.59
2026-06-28, 18:01:28, 977000000, 978000000, 1000000.00, 1, -24.54, -24.54
2026-06-28, 18:01:28, 978000000, 979000000, 1000000.00, 1, -24.64, -24.64
2026-06-28, 18:01:28, 979000000, 980000000, 1000000.00, 1, -24.65, -24.65
2026-06-28, 18:01:28, 980000000, 981000000, 1000000.00, 1, -24.63, -24.63
2026-06-28, 18:01:28, 981000000, 982000000, 1000000.00, 1, -24.67, -24.67
2026-06-28, 18:01:28, 982000000, 983000000, 1000000.00, 1, -24.59, -24.59
2026-06-28, 18:01:28, 983000000, 984000000, 1000000.00, 1, -24.54, -24.54
2026-06-28, 18:01:28, 984000000, 985000000, 1000000.00, 1, -24.49, -24.49
2026-06-28, 18:01:28, 985000000, 986000000, 1000000.00, 1, -24.68, -24.68
2026-06-28, 18:01:28, 986000000, 987000000, 1000000.00, 1, -24.62, -24.62
2026-06-28, 18:01:28, 987000000, 988000000, 1000000.00, 1, -24.62, -24.62
2026-06-28, 18:01:28, 988000000, 989000000, 1000000.00, 1, -24.60, -24.60
2026-06-28, 18:01:28, 989000000, 990000000, 1000000.00, 1, -24.55, -24.55
2026-06-28, 18:01:28, 990000000, 991000000, 1000000.00, 1, -24.51, -24.51
2026-06-28, 18:01:28, 991000000, 992000000, 1000000.00, 1, -24.61, -24.61
2026-06-28, 18:01:28, 992000000, 993000000, 1000000.00, 1, -24.67, -24.67
2026-06-28, 18:01:28, 993000000, 994000000, 1000000.00, 1, -24.64, -24.64
2026-06-28, 18:01:28, 994000000, 995000000, 1000000.00, 1, -24.56, -24.56
2026-06-28, 18:01:28, 995000000, 996000000, 1000000.00, 1, -24.55, -24.55
2026-06-28, 18:01:28, 996000000, 997000000, 1000000.00, 1, -24.52, -24.52
2026-06-28, 18:01:28, 997000000, 998000000, 1000000.00, 1, -24.58, -24.58
2026-06-28, 18:01:28, 998000000, 999000000, 1000000.00, 1, -24.58, -24.58
2026-06-28, 18:01:28, 999000000, 1000000000, 1000000.00, 1, -24.53, -24.53
2026-06-28, 18:01:28, 1000000000, 1001000000, 1000000.00, 1, -24.59, -24.59
2026-06-28, 18:01:28, 1001000000, 1002000000, 1000000.00, 1, -24.57, -24.57
2026-06-28, 18:01:28, 1002000000, 1003000000, 1000000.00, 1, -24.56, -24.56
2026-06-28, 18:01:28, 1003000000, 1004000000, 1000000.00, 1, -24.48, -24.48
2026-06-28, 18:01:28, 1004000000, 1005000000, 1000000.00, 1, -24.69, -24.69
2026-06-28, 18:01:28, 1005000000, 1006000000, 1000000.00, 1, -24.61, -24.61
2026-06-28, 18:01:28, 1006000000, 1007000000, 1000000.00, 1, -24.65, -24.65
2026-06-28, 18:01:28, 1007000000, 1008000000, 1000000.00, 1, -24.58, -24.58
2026-06-28, 18:01:28, 1008000000, 1009000000, 1000000.00, 1, -24.56, -24.56
2026-06-28, 18:01:28, 1009000000, 1010000000, 1000000.00, 1, -24.53, -24.53
2026-06-28, 18:01:28, 1010000000, 1011000000, 1000000.00, 1, -24.69, -24.69
2026-06-28, 18:01:28, 1011000000, 1012000000, 1000000.00, 1, -24.69, -24.69
2026-06-28, 18:01:28, 1012000000, 1013000000, 1000000.00, 1, -24.68, -24.68
2026-06-28, 18:01:28, 1013000000, 1014000000, 1000000.00, 1, -24.59, -24.59
2026-06-28, 18:01:28, 1014000000, 1015000000, 1000000.00, 1, -24.62, -24.62
2026-06-28, 18:01:28, 1015000000, 1016000000, 1000000.00, 1, -24.52, -24.52
2026-06-28, 18:01:28, 1016000000, 1017000000, 1000000.00, 1, -24.48, -24.48
2026-06-28, 18:01:28, 1017000000, 1018000000, 1000000.00, 1, -24.62, -24.62
2026-06-28, 18:01:28, 1018000000, 1019000000, 1000000.00, 1, -24.63, -24.63
2026-06-28, 18:01:28, 1019000000, 1020000000, 1000000.00, 1, -24.60, -24.60
2026-06-28, 18:01:28, 1020000000, 1021000000, 1000000.00, 1, -24.57, -24.57
2026-06-28, 18:01:28, 1021000000, 1022000000, 1000000.00, 1, -24.52, -24.52
2026-06-28, 18:01:28, 1022000000, 1023000000, 1000000.00, 1, -24.55, -24.55
2026-06-28, 18:01:28, 1023000000, 1024000000, 1000000.00, 1, -24.67, -24.67
2026-06-28, 18:01:28, 1024000000, 1025000000, 1000000.00, 1, -24.67, -24.67
2026-06-28, 18:01:28, 1025000000, 1026000000, 1000000.00, 1, -24.61, -24.61
2026-06-28, 18:01:28, 1026000000, 1027000000, 1000000.00, 1, -24.56, -24.56
2026-06-28, 18:01:28, 1027000000, 1028000000, 1000000.00, 1, -24.57, -24.57
2026-06-28, 18:01:28, 1028000000, 1029000000, 1000000.00, 1, -24.57, -24.57
2026-06-28, 18:01:28, 1029000000, 1030000000, 1000000.00, 1, -24.70, -24.70
2026-06-28, 18:01:28, 1030000000, 1031000000, 1000000.00, 1, -24.74, -24.74
2026-06-28, 18:01:28, 1031000000, 1032000000, 1000000.00, 1, -24.63, -24.63
2026-06-28, 18:01:28, 1032000000, 1033000000, 1000000.00, 1, -24.57, -24.57
2026-06-28, 18:01:28, 1033000000, 1034000000, 1000000.00, 1, -24.56, -24.56
2026-06-28, 18:01:28, 1034000000, 1035000000, 1000000.00, 1, -24.50, -24.50
2026-06-28, 18:01:28, 1035000000, 1036000000, 1000000.00, 1, -24.51, -24.51
2026-06-28, 18:01:28, 1036000000, 1037000000, 1000000.00, 1, -24.64, -24.64
2026-06-28, 18:01:28, 1037000000, 1038000000, 1000000.00, 1, -24.60, -24.60
2026-06-28, 18:01:28, 1038000000, 1039000000, 1000000.00, 1, -24.61, -24.61
2026-06-28, 18:01:28, 1039000000, 1040000000, 1000000.00, 1, -24.49, -24.49
2026-06-28, 18:01:28, 1040000000, 1041000000, 1000000.00, 1, -24.54, -24.54
2026-06-28, 18:01:28, 1041000000, 1042000000, 1000000.00, 1, -24.53, -24.53
2026-06-28, 18:01:28, 1042000000, 1043000000, 1000000.00, 1, -24.66, -24.66
2026-06-28, 18:01:28, 1043000000, 1044000000, 1000000.00, 1, -24.66, -24.66
2026-06-28, 18:01:28, 1044000000, 1045000000, 1000000.00, 1, -24.58, -24.58
2026-06-28, 18:01:28, 1045000000, 1046000000, 1000000.00, 1, -24.63, -24.63
2026-06-28, 18:01:28, 1046000000, 1047000000, 1000000.00, 1, -24.55, -24.55
2026-06-28, 18:01:28, 1047000000, 1048000000, 1000000.00, 1, -24.52, -24.52
2026-06-28, 18:01:28, 1048000000, 1049000000, 1000000.00, 1, -24.67, -24.67
2026-06-28, 18:01:28, 1049000000, 1050000000, 1000000.00, 1, -24.64, -24.64
2026-06-28, 18:01:28, 1050000000, 1051000000, 1000000.00, 1, -24.60, -24.60
2026-06-28, 18:01:28, 1051000000, 1052000000, 1000000.00, 1, -24.60, -24.60
2026-06-28, 18:01:28, 1052000000, 1053000000, 1000000.00, 1, -24.60, -24.60
2026-06-28, 18:01:28, 1053000000, 1054000000, 1000000.00, 1, -24.53, -24.53
2026-06-28, 18:01:28, 1054000000, 1055000000, 1000000.00, 1, -24.52, -24.52
2026-06-28, 18:01:28, 1055000000, 1056000000, 1000000.00, 1, -24.69, -24.69
2026-06-28, 18:01:28, 1056000000, 1057000000, 1000000.00, 1, -24.63, -24.63
2026-06-28, 18:01:28, 1057000000, 1058000000, 1000000.00, 1, -24.61, -24.61
2026-06-28, 18:01:28, 1058000000, 1059000000, 1000000.00, 1, -24.59, -24.59
2026-06-28, 18:01:28, 1059000000, 1060000000, 1000000.00, 1, -24.56, -24.56
2026-06-28, 18:01:28, 1060000000, 1061000000, 1000000.00, 1, -24.54, -24.54
2026-06-28, 18:01:28, 1061000000, 1062000000, 1000000.00, 1, -24.69, -24.69
2026-06-28, 18:01:28, 1062000000, 1063000000, 1000000.00, 1, -24.66, -24.66
2026-06-28, 18:01:28, 1063000000, 1064000000, 1000000.00, 1, -24.66, -24.66
2026-06-28, 18:01:28, 1064000000, 1065000000, 1000000.00, 1, -24.59, -24.59
2026-06-28, 18:01:28, 1065000000, 1066000000, 1000000.00, 1, -24.55, -24.55
2026-06-28, 18:01:28, 1066000000, 1067000000, 1000000.00, 1, -24.55, -24.55
2026-06-28, 18:01:28, 1067000000, 1068000000, 1000000.00, 1, -24.67, -24.67
2026-06-28, 18:01:28, 1068000000, 1069000000, 1000000.00, 1, -24.68, -24.68
2026-06-28, 18:01:28, 1069000000, 1070000000, 1000000.00, 1, -24.60, -24.60
2026-06-28, 18:01:28, 1070000000, 1071000000, 1000000.00, 1, -24.63, -24.63
2026-06-28, 18:01:28, 1071000000, 1072000000, 1000000.00, 1, -24.58, -24.58
2026-06-28, 18:01:28, 1072000000, 1073000000, 1000000.00, 1, -24.58, -24.58
2026-06-28, 18:01:28, 1073000000, 1074000000, 1000000.00, 1, -24.50, -24.50
2026-06-28, 18:01:28, 1074000000, 1075000000, 1000000.00, 1, -24.68, -24.68
2026-06-28, 18:01:28, 1075000000, 1076000000, 1000000.00, 1, -24.70, -24.70
2026-06-28, 18:01:28, 1076000000, 1077000000, 1000000.00, 1, -24.58, -24.58
2026-06-28, 18:01:28, 1077000000, 1078000000, 1000000.00, 1, -24.61, -24.61
2026-06-28, 18:01:28, 1078000000, 1079000000, 1000000.00, 1, -24.58, -24.58
2026-06-28, 18:01:28, 1079000000, 1080000000, 1000000.00, 1, -24.53, -24.53
2026-06-28, 18:01:28, 1080000000, 1081000000, 1000000.00, 1, -24.71, -24.71
2026-06-28, 18:01:28, 1081000000, 1082000000, 1000000.00, 1, -24.69, -24.69
2026-06-28, 18:01:28, 1082000000, 1083000000, 1000000.00, 1, -24.62, -24.62
2026-06-28, 18:01:28, 1083000000, 1084000000, 1000000.00, 1, -24.61, -24.61
2026-06-28, 18:01:28, 1084000000, 1085000000, 1000000.00, 1, -24.57, -24.57
2026-06-28, 18:01:28, 1085000000, 1086000000, 1000000.00, 1, -24.54, -24.54
2026-06-28, 18:01:28, 1086000000, 1087000000, 1000000.00, 1, -24.57, -24.57
2026-06-28, 18:01:28, 1087000000, 1088000000, 1000000.00, 1, -24.65, -24.65
2026-06-28, 18:01:28, 1088000000, 1089000000, 1000000.00, 1, -24.63, -24.63
2026-06-28, 18:01:28, 1089000000, 1090000000, 1000000.00, 1, -24.64, -24.64
2026-06-28, 18:01:28, 1090000000, 1091000000, 1000000.00, 1, -24.59, -24.59
2026-06-28, 18:01:28, 1091000000, 1092000000, 1000000.00, 1, -24.60, -24.60
2026-06-28, 18:01:28, 1092000000, 1093000000, 1000000.00, 1, -24.51, -24.51
2026-06-28, 18:01:28, 1093000000, 1094000000, 1000000.00, 1, -24.66, -24.66
2026-06-28, 18:01:28, 1094000000, 1095000000, 1000000.00, 1, -24.71, -24.71
2026-06-28, 18:01:28, 1095000000, 1096000000, 1000000.00, 1, -24.68, -24.68
2026-06-28, 18:01:28, 1096000000, 1097000000, 1000000.00, 1, -24.60, -24.60
2026-06-28, 18:01:28, 1097000000, 1098000000, 1000000.00, 1, -24.55, -24.55
2026-06-28, 18:01:28, 1098000000, 1099000000, 1000000.00, 1, -24.58, -24.58
2026-06-28, 18:01:28, 1099000000, 1100000000, 1000000.00, 1, -24.73, -24.73
2026-06-28, 18:01:28, 1100000000, 1101000000, 1000000.00, 1, -24.71, -24.71
2026-06-28, 18:01:28, 1101000000, 1102000000, 1000000.00, 1, -24.66, -24.66
2026-06-28, 18:01:28, 1102000000, 1103000000, 1000000.00, 1, -24.59, -24.59
2026-06-28, 18:01:28, 1103000000, 1104000000, 1000000.00, 1, -24.59, -24.59
2026-06-28, 18:01:28, 1104000000, 1105000000, 1000000.00, 1, -24.56, -24.56
2026-06-28, 18:01:28, 1105000000, 1106000000, 1000000.00, 1, -24.53, -24.53
2026-06-28, 18:01:28, 1106000000, 1107000000, 1000000.00, 1, -24.68, -24.68
2026-06-28, 18:01:28, 1107000000, 1108000000, 1000000.00, 1, -24.67, -24.67
2026-06-28, 18:01:28, 1108000000, 1109000000, 1000000.00, 1, -24.63, -24.63
2026-06-28, 18:01:28, 1109000000, 1110000000, 1000000.00, 1, -24.59, -24.59
2026-06-28, 18:01:28, 1110000000, 1111000000, 1000000.00, 1, -24.52, -24.52
2026-06-28, 18:01:28, 1111000000, 1112000000, 1000000.00, 1, -24.52, -24.52
2026-06-28, 18:01:28, 1112000000, 1113000000, 1000000.00, 1, -24.63, -24.63
2026-06-28, 18:01:28, 1113000000, 1114000000, 1000000.00, 1, -24.63, -24.63
2026-06-28, 18:01:28, 1114000000, 1115000000, 1000000.00, 1, -24.64, -24.64
2026-06-28, 18:01:28, 1115000000, 1116000000, 1000000.00, 1, -24.57, -24.57
2026-06-28, 18:01:28, 1116000000, 1117000000, 1000000.00, 1, -24.55, -24.55
2026-06-28, 18:01:28, 1117000000, 1118000000, 1000000.00, 1, -24.52, -24.52
2026-06-28, 18:01:28, 1118000000, 1119000000, 1000000.00, 1, -24.69, -24.69
2026-06-28, 18:01:28, 1119000000, 1120000000, 1000000.00, 1, -24.68, -24.68
2026-06-28, 18:01:28, 1120000000, 1121000000, 1000000.00, 1, -24.66, -24.66
2026-06-28, 18:01:28, 1121000000, 1122000000, 1000000.00, 1, -24.66, -24.66
2026-06-28, 18:01:28, 1122000000, 1123000000, 1000000.00, 1, -24.56, -24.56
2026-06-28, 18:01:28, 1123000000, 1124000000, 1000000.00, 1, -24.51, -24.51
2026-06-28, 18:01:28, 1124000000, 1125000000, 1000000.00, 1, -24.47, -24.47
2026-06-28, 18:01:28, 1125000000, 1126000000, 1000000.00, 1, -24.74, -24.74
2026-06-28, 18:01:28, 1126000000, 1127000000, 1000000.00, 1, -24.62, -24.62
2026-06-28, 18:01:28, 1127000000, 1128000000, 1000000.00, 1, -24.58, -24.58
2026-06-28, 18:01:28, 1128000000, 1129000000, 1000000.00, 1, -24.64, -24.64
2026-06-28, 18:01:28, 1129000000, 1130000000, 1000000.00, 1, -24.56, -24.56
2026-06-28, 18:01:28, 1130000000, 1131000000, 1000000.00, 1, -24.48, -24.48
2026-06-28, 18:01:28, 1131000000, 1132000000, 1000000.00, 1, -24.77, -24.77
2026-06-28, 18:01:28, 1132000000, 1133000000, 1000000.00, 1, -24.71, -24.71
2026-06-28, 18:01:28, 1133000000, 1134000000, 1000000.00, 1, -24.60, -24.60
2026-06-28, 18:01:28, 1134000000, 1135000000, 1000000.00, 1, -24.62, -24.62
2026-06-28, 18:01:28, 1135000000, 1136000000, 1000000.00, 1, -24.55, -24.55
2026-06-28, 18:01:28, 1136000000, 1137000000, 1000000.00, 1, -24.53, -24.53
2026-06-28, 18:01:28, 1137000000, 1138000000, 1000000.00, 1, -24.68, -24.68
2026-06-28, 18:01:28, 1138000000, 1139000000, 1000000.00, 1, -24.67, -24.67
2026-06-28, 18:01:28, 1139000000, 1140000000, 1000000.00, 1, -24.63, -24.63
2026-06-28, 18:01:28, 1140000000, 1141000000, 1000000.00, 1, -24.62, -24.62
2026-06-28, 18:01:28, 1141000000, 1142000000, 1000000.00, 1, -24.55, -24.55
2026-06-28, 18:01:28, 1142000000, 1143000000, 1000000.00, 1, -24.55, -24.55
2026-06-28, 18:01:28, 1143000000, 1144000000, 1000000.00, 1, -24.50, -24.50
2026-06-28, 18:01:28, 1144000000, 1145000000, 1000000.00, 1, -24.73, -24.73
2026-06-28, 18:01:28, 1145000000, 1146000000, 1000000.00, 1, -24.64, -24.64
2026-06-28, 18:01:28, 1146000000, 1147000000, 1000000.00, 1, -24.60, -24.60
2026-06-28, 18:01:28, 1147000000, 1148000000, 1000000.00, 1, -24.61, -24.61
2026-06-28, 18:01:28, 1148000000, 1149000000, 1000000.00, 1, -24.52, -24.52
2026-06-28, 18:01:28, 1149000000, 1150000000, 1000000.00, 1, -24.48, -24.48
2026-06-28, 18:01:28, 1150000000, 1151000000, 1000000.00, 1, -24.66, -24.66
2026-06-28, 18:01:28, 1151000000, 1152000000, 1000000.00, 1, -24.66, -24.66
2026-06-28, 18:01:28, 1152000000, 1153000000, 1000000.00, 1, -24.63, -24.63
2026-06-28, 18:01:28, 1153000000, 1154000000, 1000000.00, 1, -24.63, -24.63
2026-06-28, 18:01:28, 1154000000, 1155000000, 1000000.00, 1, -24.59, -24.59
2026-06-28, 18:01:28, 1155000000, 1156000000, 1000000.00, 1, -24.51, -24.51
2026-06-28, 18:01:28, 1156000000, 1157000000, 1000000.00, 1, -24.68, -24.68
2026-06-28, 18:01:28, 1157000000, 1158000000, 1000000.00, 1, -24.67, -24.67
2026-06-28, 18:01:28, 1158000000, 1159000000, 1000000.00, 1, -24.68, -24.68
2026-06-28, 18:01:28, 1159000000, 1160000000, 1000000.00, 1, -24.58, -24.58
2026-06-28, 18:01:28, 1160000000, 1161000000, 1000000.00, 1, -24.59, -24.59
2026-06-28, 18:01:28, 1161000000, 1162000000, 1000000.00, 1, -24.54, -24.54
2026-06-28, 18:01:28, 1162000000, 1163000000, 1000000.00, 1, -24.51, -24.51
2026-06-28, 18:01:28, 1163000000, 1164000000, 1000000.00, 1, -24.69, -24.69
2026-06-28, 18:01:28, 1164000000, 1165000000, 1000000.00, 1, -24.66, -24.66
2026-06-28, 18:01:28, 1165000000, 1166000000, 1000000.00, 1, -24.61, -24.61
2026-06-28, 18:01:28, 1166000000, 1167000000, 1000000.00, 1, -24.56, -24.56
2026-06-28, 18:01:28, 1167000000, 1168000000, 1000000.00, 1, -24.52, -24.52
2026-06-28, 18:01:28, 1168000000, 1169000000, 1000000.00, 1, -24.52, -24.52
2026-06-28, 18:01:28, 1169000000, 1170000000, 1000000.00, 1, -24.69, -24.69
2026-06-28, 18:01:28, 1170000000, 1171000000, 1000000.00, 1, -24.63, -24.63
2026-06-28, 18:01:28, 1171000000, 1172000000, 1000000.00, 1, -24.73, -24.73
2026-06-28, 18:01:28, 1172000000, 1173000000, 1000000.00, 1, -24.55, -24.55
2026-06-28, 18:01:28, 1173000000, 1174000000, 1000000.00, 1, -24.54, -24.54
2026-06-28, 18:01:28, 1174000000, 1175000000, 1000000.00, 1, -24.56, -24.56
2026-06-28, 18:01:28, 1175000000, 1176000000, 1000000.00, 1, -24.61, -24.61
2026-06-28, 18:01:28, 1176000000, 1177000000, 1000000.00, 1, -24.69, -24.69
2026-06-28, 18:01:28, 1177000000, 1178000000, 1000000.00, 1, -24.60, -24.60
2026-06-28, 18:01:28, 1178000000, 1179000000, 1000000.00, 1, -24.59, -24.59
2026-06-28, 18:01:28, 1179000000, 1180000000, 1000000.00, 1, -24.59, -24.59
2026-06-28, 18:01:28, 1180000000, 1181000000, 1000000.00, 1, -24.51, -24.51
2026-06-28, 18:01:28, 1181000000, 1182000000, 1000000.00, 1, -24.56, -24.56
2026-06-28, 18:01:28, 1182000000, 1183000000, 1000000.00, 1, -24.71, -24.71
2026-06-28, 18:01:28, 1183000000, 1184000000, 1000000.00, 1, -24.65, -24.65
2026-06-28, 18:01:28, 1184000000, 1185000000, 1000000.00, 1, -24.55, -24.55
2026-06-28, 18:01:28, 1185000000, 1186000000, 1000000.00, 1, -24.59, -24.59
2026-06-28, 18:01:28, 1186000000, 1187000000, 1000000.00, 1, -24.56, -24.56
2026-06-28, 18:01:28, 1187000000, 1188000000, 1000000.00, 1, -24.55, -24.55
2026-06-28, 18:01:28, 1188000000, 1189000000, 1000000.00, 1, -24.71, -24.71
2026-06-28, 18:01:28, 1189000000, 1190000000, 1000000.00, 1, -24.69, -24.69
2026-06-28, 18:01:28, 1190000000, 1191000000, 1000000.00, 1, -24.58, -24.58
2026-06-28, 18:01:28, 1191000000, 1192000000, 1000000.00, 1, -24.56, -24.56
2026-06-28, 18:01:28, 1192000000, 1193000000, 1000000.00, 1, -24.58, -24.58
2026-06-28, 18:01:28, 1193000000, 1194000000, 1000000.00, 1, -24.52, -24.52
2026-06-28, 18:01:28, 1194000000, 1195000000, 1000000.00, 1, -24.50, -24.50
2026-06-28, 18:01:28, 1195000000, 1196000000, 1000000.00, 1, -24.69, -24.69
2026-06-28, 18:01:28, 1196000000, 1197000000, 1000000.00, 1, -24.61, -24.61
2026-06-28, 18:01:28, 1197000000, 1198000000, 1000000.00, 1, -24.62, -24.62
2026-06-28, 18:01:28, 1198000000, 1199000000, 1000000.00, 1, -24.58, -24.58
2026-06-28, 18:01:28, 1199000000, 1200000000, 1000000.00, 1, -24.56, -24.56
2026-06-28, 18:01:28, 1200000000, 1201000000, 1000000.00, 1, -24.50, -24.50
2026-06-28, 18:01:28, 1201000000, 1202000000, 1000000.00, 1, -24.73, -24.73
2026-06-28, 18:01:28, 1202000000, 1203000000, 1000000.00, 1, -24.65, -24.65
2026-06-28, 18:01:28, 1203000000, 1204000000, 1000000.00, 1, -24.66, -24.66
2026-06-28, 18:01:28, 1204000000, 1205000000, 1000000.00, 1, -24.59, -24.59
2026-06-28, 18:01:28, 1205000000, 1206000000, 1000000.00, 1, -24.52, -24.52
2026-06-28, 18:01:28, 1206000000, 1207000000, 1000000.00, 1, -24.48, -24.48
2026-06-28, 18:01:28, 1207000000, 1208000000, 1000000.00, 1, -24.72, -24.72
2026-06-28, 18:01:28, 1208000000, 1209000000, 1000000.00, 1, -24.65, -24.65
2026-06-28, 18:01:28, 1209000000, 1210000000, 1000000.00, 1, -24.63, -24.63
2026-06-28, 18:01:28, 1210000000, 1211000000, 1000000.00, 1, -24.63, -24.63
2026-06-28, 18:01:28, 1211000000, 1212000000, 1000000.00, 1, -24.54, -24.54
2026-06-28, 18:01:28, 1212000000, 1213000000, 1000000.00, 1, -24.60, -24.60
2026-06-28, 18:01:28, 1213000000, 1214000000, 1000000.00, 1, -24.53, -24.53
2026-06-28, 18:01:28, 1214000000, 1215000000, 1000000.00, 1, -24.68, -24.68
2026-06-28, 18:01:38, 960000000, 961000000, 1000000.00, 1, -24.61, -24.61
2026-06-28, 18:01:38, 961000000, 962000000, 1000000.00, 1, -24.65, -24.65
2026-06-28, 18:01:38, 962000000, 963000000, 1000000.00, 1, -24.58, -24.58
2026-06-28, 18:01:38, 963000000, 964000000, 1000000.00, 1, -24.56, -24.56
2026-06-28, 18:01:38, 964000000, 965000000, 1000000.00, 1, -24.52, -24.52
2026-06-28, 18:01:38, 965000000, 966000000, 1000000.00, 1, -24.64, -24.64
2026-06-28, 18:01:38, 966000000, 967000000, 1000000.00, 1, -24.61, -24.61
2026-06-28, 18:01:38, 967000000, 968000000, 1000000.00, 1, -24.72, -24.72
2026-06-28, 18:01:38, 968000000, 969000000, 1000000.00, 1, -24.60, -24.60
2026-06-28, 18:01:38, 969000000, 970000000, 1000000.00, 1, -24.57, -24.57
2026-06-28, 18:01:38, 970000000, 971000000, 1000000.00, 1, -24.50, -24.50
2026-06-28, 18:01:38, 971000000, 972000000, 1000000.00, 1, -24.64, -24.64
2026-06-28, 18:01:38, 972000000, 973000000, 1000000.00, 1, -24.70, -24.70
2026-06-28, 18:01:38, 973000000, 974000000, 1000000.00, 1, -24.60, -24.60
2026-06-28, 18:01:38, 974000000, 975000000, 1000000.00, 1, -24.60, -24.60
2026-06-28, 18:01:38, 975000000, 976000000, 1000000.00, 1, -24.60, -24.60
2026-06-28, 18:01:38, 976000000, 977000000, 1000000.00, 1, -24.54, -24.54
2026-06-28, 18:01:38, 977000000, 978000000, 1000000.00, 1, -24.49, -24.49
2026-06-28, 18:01:38, 978000000, 979000000, 1000000.00, 1, -24.69, -24.69
2026-06-28, 18:01:38, 979000000, 980000000, 1000000.00, 1, -24.66, -24.66
2026-06-28, 18:01:38, 980000000, 981000000, 1000000.00, 1, -24.62, -24.62
2026-06-28, 18:01:38, 981000000, 982000000, 1000000.00, 1, -24.57, -24.57
2026-06-28, 18:01:38, 982000000, 983000000, 1000000.00, 1, -24.53, -24.53
2026-06-28, 18:01:38, 983000000, 984000000, 1000000.00, 1, -24.57, -24.57
2026-06-28, 18:01:38, 984000000, 985000000, 1000000.00, 1, -24.76, -24.76
2026-06-28, 18:01:38, 985000000, 986000000, 1000000.00, 1, -24.64, -24.64
2026-06-28, 18:01:38, 986000000, 987000000, 1000000.00, 1, -24.57, -24.57
2026-06-28, 18:01:38, 987000000, 988000000, 1000000.00, 1, -24.61, -24.61
2026-06-28, 18:01:38, 988000000, 989000000, 1000000.00, 1, -24.58, -24.58
2026-06-28, 18:01:38, 989000000, 990000000, 1000000.00, 1, -24.54, -24.54
2026-06-28, 18:01:38, 990000000, 991000000, 1000000.00, 1, -24.67, -24.67
2026-06-28, 18:01:38, 991000000, 992000000, 1000000.00, 1, -24.67, -24.67
2026-06-28, 18:01:38, 992000000, 993000000, 1000000.00, 1, -24.66, -24.66
2026-06-28, 18:01:38, 993000000, 994000000, 1000000.00, 1, -24.61, -24.61
2026-06-28, 18:01:38, 994000000, 995000000, 1000000.00, 1, -24.55, -24.55
2026-06-28, 18:01:38, 995000000, 996000000, 1000000.00, 1, -24.59, -24.59
2026-06-28, 18:01:38, 996000000, 997000000, 1000000.00, 1, -24.53, -24.53
2026-06-28, 18:01:38, 997000000, 998000000, 1000000.00, 1, -24.67, -24.67
2026-06-28, 18:01:38, 998000000, 999000000, 1000000.00, 1, -24.62, -24.62
2026-06-28, 18:01:38, 999000000, 1000000000, 1000000.00, 1, -24.48, -24.48
2026-06-28, 18:01:38, 1000000000, 1001000000, 1000000.00, 1, -24.54, -24.54
2026-06-28, 18:01:38, 1001000000, 1002000000, 1000000.00, 1, -24.56, -24.56
2026-06-28, 18:01:38, 1002000000, 1003000000, 1000000.00, 1, -24.53, -24.53
2026-06-28, 18:01:38, 1003000000, 1004000000, 1000000.00, 1, -24.73, -24.73
2026-06-28, 18:01:38, 1004000000, 1005000000, 1000000.00, 1, -24.61, -24.61
2026-06-28, 18:01:38, 1005000000, 1006000000, 1000000.00, 1, -24.64, -24.64
2026-06-28, 18:01:38, 1006000000, 1007000000, 1000000.00, 1, -24.59, -24.59
2026-06-28, 18:01:38, 1007000000, 1008000000, 1000000.00, 1, -24.57, -24.57
2026-06-28, 18:01:38, 1008000000, 1009000000, 1000000.00, 1, -24.51, -24.51
2026-06-28, 18:01:38, 1009000000, 1010000000, 1000000.00, 1, -24.64, -24.64
2026-06-28, 18:01:38, 1010000000, 1011000000, 1000000.00, 1, -24.67, -24.67
2026-06-28, 18:01:38, 1011000000, 1012000000, 1000000.00, 1, -24.68, -24.68
2026-06-28, 18:01:38, 1012000000, 1013000000, 1000000.00, 1, -24.59, -24.59
2026-06-28, 18:01:38, 1013000000, 1014000000, 1000000.00, 1, -24.53, -24.53
2026-06-28, 18:01:38, 1014000000, 1015000000, 1000000.00, 1, -24.54, -24.54
2026-06-28, 18:01:38, 1015000000, 1016000000, 1000000.00, 1, -24.52, -24.52
2026-06-28, 18:01:38, 1016000000, 1017000000, 1000000.00, 1, -24.65, -24.65
2026-06-28, 18:01:38, 1017000000, 1018000000, 1000000.00, 1, -24.71, -24.71
2026-06-28, 18:01:38, 1018000000, 1019000000, 1000000.00, 1, -24.57, -24.57
2026-06-28, 18:01:38, 1019000000, 1020000000, 1000000.00, 1, -24.63, -24.63
2026-06-28, 18:01:38, 1020000000, 1021000000, 1000000.00, 1, -24.57, -24.57
2026-06-28, 18:01:38, 1021000000, 1022000000, 1000000.00, 1, -24.48, -24.48
2026-06-28, 18:01:38, 1022000000, 1023000000, 1000000.00, 1, -24.63, -24.63
2026-06-28, 18:01:38, 1023000000, 1024000000, 1000000.00, 1, -24.70, -24.70
2026-06-28, 18:01:38, 1024000000, 1025000000, 1000000.00, 1, -24.56, -24.56
2026-06-28, 18:01:38, 1025000000, 1026000000, 1000000.00, 1, -24.60, -24.60
2026-06-28, 18:01:38, 1026000000, 1027000000, 1000000.00, 1, -24.58, -24.58
2026-06-28, 18:01:38, 1027000000, 1028000000, 1000000.00, 1, -24.54, -24.54
2026-06-28, 18:01:38, 1028000000, 1029000000, 1000000.00, 1, -24.56, -24.56
2026-06-28, 18:01:38, 1029000000, 1030000000, 1000000.00, 1, -24.70, -24.70
2026-06-28, 18:01:38, 1030000000, 1031000000, 1000000.00, 1, -24.63, -24.63
2026-06-28, 18:01:38, 1031000000, 1032000000, 1000000.00, 1, -24.63, -24.63
2026-06-28, 18:01:38, 1032000000, 1033000000, 1000000.00, 1, -24.60, -24.60
2026-06-28, 18:01:38, 1033000000, 1034000000, 1000000.00, 1, -24.53, -24.53
2026-06-28, 18:01:38, 1034000000, 1035000000, 1000000.00, 1, -24.55, -24.55
2026-06-28, 18:01:38, 1035000000, 1036000000, 1000000.00, 1, -24.64, -24.64
2026-06-28, 18:01:38, 1036000000, 1037000000, 1000000.00, 1, -24.61, -24.61
2026-06-28, 18:01:38, 1037000000, 1038000000, 1000000.00, 1, -24.60, -24.60
2026-06-28, 18:01:38, 1038000000, 1039000000, 1000000.00, 1, -24.62, -24.62
2026-06-28, 18:01:38, 1039000000, 1040000000, 1000000.00, 1, -24.58, -24.58
2026-06-28, 18:01:38, 1040000000, 1041000000, 1000000.00, 1, -24.56, -24.56
2026-06-28, 18:01:38, 1041000000, 1042000000, 1000000.00, 1, -24.70, -24.70
2026-06-28, 18:01:38, 1042000000, 1043000000, 1000000.00, 1, -24.71, -24.71
2026-06-28, 18:01:38, 1043000000, 1044000000, 1000000.00, 1, -24.65, -24.65
2026-06-28, 18:01:38, 1044000000, 1045000000, 1000000.00, 1, -24.56, -24.56
2026-06-28, 18:01:38, 1045000000, 1046000000, 1000000.00, 1, -24.63, -24.63
2026-06-28, 18:01:38, 1046000000, 1047000000, 1000000.00, 1, -24.56, -24.56
2026-06-28, 18:01:38, 1047000000, 1048000000, 1000000.00, 1, -24.55, -24.55
2026-06-28, 18:01:38, 1048000000, 1049000000, 1000000.00, 1, -24.63, -24.63
2026-06-28, 18:01:38, 1049000000, 1050000000, 1000000.00, 1, -24.61, -24.61
2026-06-28, 18:01:38, 1050000000, 1051000000, 1000000.00, 1, -24.61, -24.61
2026-06-28, 18:01:38, 1051000000, 1052000000, 1000000.00, 1, -24.59, -24.59
2026-06-28, 18:01:38, 1052000000, 1053000000, 1000000.00, 1, -24.55, -24.55
2026-06-28, 18:01:38, 1053000000, 1054000000, 1000000.00, 1, -24.52, -24.52
2026-06-28, 18:01:38, 1054000000, 1055000000, 1000000.00, 1, -24.68, -24.68
2026-06-28, 18:01:38, 1055000000, 1056000000, 1000000.00, 1, -24.63, -24.63
2026-06-28, 18:01:38, 1056000000, 1057000000, 1000000.00, 1, -24.62, -24.62
2026-06-28, 18:01:38, 1057000000, 1058000000, 1000000.00, 1, -24.60, -24.60
2026-06-28, 18:01:38, 1058000000, 1059000000, 1000000.00, 1, -24.53, -24.53
2026-06-28, 18:01:38, 1059000000, 1060000000, 1000000.00, 1, -24.53, -24.53
2026-06-28, 18:01:38, 1060000000, 1061000000, 1000000.00, 1, -24.73, -24.73
2026-06-28, 18:01:38, 1061000000, 1062000000, 1000000.00, 1, -24.65, -24.65
2026-06-28, 18:01:38, 1062000000, 1063000000, 1000000.00, 1, -24.63, -24.63
2026-06-28, 18:01:38, 1063000000, 1064000000, 1000000.00, 1, -24.53, -24.53
2026-06-28, 18:01:38, 1064000000, 1065000000, 1000000.00, 1, -24.56, -24.56
2026-06-28, 18:01:38, 1065000000, 1066000000, 1000000.00, 1, -24.50, -24.50
2026-06-28, 18:01:38, 1066000000, 1067000000, 1000000.00, 1, -24.51, -24.51
2026-06-28, 18:01:38, 1067000000, 1068000000, 1000000.00, 1, -24.66, -24.66
2026-06-28, 18:01:38, 1068000000, 1069000000, 1000000.00, 1, -24.64, -24.64
2026-06-28, 18:01:38, 1069000000, 1070000000, 1000000.00, 1, -24.63, -24.63
2026-06-28, 18:01:38, 1070000000, 1071000000, 1000000.00, 1, -24.59, -24.59
2026-06-28, 18:01:38, 1071000000, 1072000000, 1000000.00, 1, -24.59, -24.59
2026-06-28, 18:01:38, 1072000000, 1073000000, 1000000.00, 1, -24.49, -24.49
2026-06-28, 18:01:38, 1073000000, 1074000000, 1000000.00, 1, -24.68, -24.68
2026-06-28, 18:01:38, 1074000000, 1075000000, 1000000.00, 1, -24.68, -24.68
2026-06-28, 18:01:38, 1075000000, 1076000000, 1000000.00, 1, -24.58, -24.58
2026-06-28, 18:01:38, 1076000000, 1077000000, 1000000.00, 1, -24.63, -24.63
2026-06-28, 18:01:38, 1077000000, 1078000000, 1000000.00, 1, -24.55, -24.55
2026-06-28, 18:01:38, 1078000000, 1079000000, 1000000.00, 1, -24.58, -24.58
2026-06-28, 18:01:38, 1079000000, 1080000000, 1000000.00, 1, -24.79, -24.79
2026-06-28, 18:01:38, 1080000000, 1081000000, 1000000.00, 1, -24.65, -24.65
2026-06-28, 18:01:38, 1081000000, 1082000000, 1000000.00, 1, -24.67, -24.67
2026-06-28, 18:01:38, 1082000000, 1083000000, 1000000.00, 1, -24.60, -24.60
2026-06-28, 18:01:38, 1083000000, 1084000000, 1000000.00, 1, -24.57, -24.57
2026-06-28, 18:01:38, 1084000000, 1085000000, 1000000.00, 1, -24.55, -24.55
2026-06-28, 18:01:38, 1085000000, 1086000000, 1000000.00, 1, -24.50, -24.50
2026-06-28, 18:01:38, 1086000000, 1087000000, 1000000.00, 1, -24.69, -24.69
2026-06-28, 18:01:38, 1087000000, 1088000000, 1000000.00, 1, -24.61, -24.61
2026-06-28, 18:01:38, 1088000000, 1089000000, 1000000.00, 1, -24.61, -24.61
2026-06-28, 18:01:38, 1089000000, 1090000000, 1000000.00, 1, -24.57, -24.57
2026-06-28, 18:01:38, 1090000000, 1091000000, 1000000.00, 1, -24.59, -24.59
2026-06-28, 18:01:38, 1091000000, 1092000000, 1000000.00, 1, -24.58, -24.58
2026-06-28, 18:01:38, 1092000000, 1093000000, 1000000.00, 1, -24.65, -24.65
2026-06-28, 18:01:38, 1093000000, 1094000000, 1000000.00, 1, -24.69, -24.69
2026-06-28, 18:01:38, 1094000000, 1095000000, 1000000.00, 1, -24.69, -24.69
2026-06-28, 18:01:38, 1095000000, 1096000000, 1000000.00, 1, -24.57, -24.57
2026-06-28, 18:01:38, 1096000000, 1097000000, 1000000.00, 1, -24.58, -24.58
2026-06-28, 18:01:38, 1097000000, 1098000000, 1000000.00, 1, -24.53, -24.53
2026-06-28, 18:01:38, 1098000000, 1099000000, 1000000.00, 1, -24.67, -24.67
2026-06-28, 18:01:38, 1099000000, 1100000000, 1000000.00, 1, -24.70, -24.70
2026-06-28, 18:01:38, 1100000000, 1101000000, 1000000.00, 1, -24.64, -24.64
2026-06-28, 18:01:38, 1101000000, 1102000000, 1000000.00, 1, -24.59, -24.59
2026-06-28, 18:01:38, 1102000000, 1103000000, 1000000.00, 1, -24.55, -24.55
2026-06-28, 18:01:38, 1103000000, 1104000000, 1000000.00, 1, -24.58, -24.58
2026-06-28, 18:01:38, 1104000000, 1105000000, 1000000.00, 1, -24.53, -24.53
2026-06-28, 18:01:38, 1105000000, 1106000000, 1000000.00, 1, -24.68, -24.68
2026-06-28, 18:01:38, 1106000000, 1107000000, 1000000.00, 1, -24.63, -24.63
2026-06-28, 18:01:38, 1107000000, 1108000000, 1000000.00, 1, -24.64, -24.64
2026-06-28, 18:01:38, 1108000000, 1109000000, 1000000.00, 1, -24.58, -24.58
2026-06-28, 18:01:38, 1109000000, 1110000000, 1000000.00, 1, -24.57, -24.57
2026-06-28, 18:01:38, 1110000000, 1111000000, 1000000.00, 1, -24.53, -24.53
2026-06-28, 18:01:38, 1111000000, 1112000000, 1000000.00, 1, -24.72, -24.72
2026-06-28, 18:01:38, 1112000000, 1113000000, 1000000.00, 1, -24.65, -24.65
2026-06-28, 18:01:38, 1113000000, 1114000000, 1000000.00, 1, -24.67, -24.67
2026-06-28, 18:01:38, 1114000000, 1115000000, 1000000.00, 1, -24.58, -24.58
2026-06-28, 18:01:38, 1115000000, 1116000000, 1000000.00, 1, -24.54, -24.54
2026-06-28, 18:01:38, 1116000000, 1117000000, 1000000.00, 1, -24.50, -24.50
2026-06-28, 18:01:38, 1117000000, 1118000000, 1000000.00, 1, -24.62, -24.62
2026-06-28, 18:01:38, 1118000000, 1119000000, 1000000.00, 1, -24.66, -24.66
2026-06-28, 18:01:38, 1119000000, 1120000000, 1000000.00, 1, -24.63, -24.63
2026-06-28, 18:01:38, 1120000000, 1121000000, 1000000.00, 1, -24.65, -24.65
2026-06-28, 18:01:38, 1121000000, 1122000000, 1000000.00, 1, -24.57, -24.57
2026-06-28, 18:01:38, 1122000000, 1123000000, 1000000.00, 1, -24.55, -24.55
2026-06-28, 18:01:38, 1123000000, 1124000000, 1000000.00, 1, -24.55, -24.55
2026-06-28, 18:01:38, 1124000000, 1125000000, 1000000.00, 1, -24.71, -24.71
2026-06-28, 18:01:38, 1125000000, 1126000000, 1000000.00, 1, -24.66, -24.66
2026-06-28, 18:01:38, 1126000000, 1127000000, 1000000.00, 1, -24.60, -24.60
2026-06-28, 18:01:38, 1127000000, 1128000000, 1000000.00, 1, -24.57, -24.57
2026-06-28, 18:01:38, 1128000000, 1129000000, 1000000.00, 1, -24.57, -24.57
2026-06-28, 18:01:38, 1129000000, 1130000000, 1000000.00, 1, -24.52, -24.52
2026-06-28, 18:01:38, 1130000000, 1131000000, 1000000.00, 1, -24.73, -24.73
2026-06-28, 18:01:38, 1131000000, 1132000000, 1000000.00, 1, -24.67, -24.67
2026-06-28, 18:01:38, 1132000000, 1133000000, 1000000.00, 1, -24.66, -24.66
2026-06-28, 18:01:38, 1133000000, 1134000000, 1000000.00, 1, -24.62, -24.62
2026-06-28, 18:01:38, 1134000000, 1135000000, 1000000.00, 1, -24.55, -24.55
2026-06-28, 18:01:38, 1135000000, 1136000000, 1000000.00, 1, -24.57, -24.57
2026-06-28, 18:01:38, 1136000000, 1137000000, 1000000.00, 1, -24.55, -24.55
2026-06-28, 18:01:38, 1137000000, 1138000000, 1000000.00, 1, -24.60, -24.60
2026-06-28, 18:01:38, 1138000000, 1139000000, 1000000.00, 1, -24.63, -24.63
2026-06-28, 18:01:38, 1139000000, 1140000000, 1000000.00, 1, -24.59, -24.59
2026-06-28, 18:01:38, 1140000000, 1141000000, 1000000.00, 1, -24.58, -24.58
2026-06-28, 18:01:38, 1141000000, 1142000000, 1000000.00, 1, -24.55, -24.55
2026-06-28, 18:01:38, 1142000000, 1143000000, 1000000.00, 1, -24.53, -24.53
2026-06-28, 18:01:38, 1143000000, 1144000000, 1000000.00, 1, -24.70, -24.70
2026-06-28, 18:01:38, 1144000000, 1145000000, 1000000.00, 1, -24.65, -24.65
2026-06-28, 18:01:38, 1145000000, 1146000000, 1000000.00, 1, -24.64, -24.64
2026-06-28, 18:01:38, 1146000000, 1147000000, 1000000.00, 1, -24.59, -24.59
2026-06-28, 18:01:38, 1147000000, 1148000000, 1000000.00, 1, -24.58, -24.58
2026-06-28, 18:01:38, 1148000000, 1149000000, 1000000.00, 1, -24.54, -24.54
2026-06-28, 18:01:38, 1149000000, 1150000000, 1000000.00, 1, -24.73, -24.73
2026-06-28, 18:01:38, 1150000000, 1151000000, 1000000.00, 1, -24.70, -24.70
2026-06-28, 18:01:38, 1151000000, 1152000000, 1000000.00, 1, -24.66, -24.66
2026-06-28, 18:01:38, 1152000000, 1153000000, 1000000.00, 1, -24.63, -24.63
2026-06-28, 18:01:38, 1153000000, 1154000000, 1000000.00, 1, -24.58, -24.58
2026-06-28, 18:01:38, 1154000000, 1155000000, 1000000.00, 1, -24.55, -24.55
2026-06-28, 18:01:38, 1155000000, 1156000000, 1000000.00, 1, -24.54, -24.54
2026-06-28, 18:01:38, 1156000000, 1157000000, 1000000.00, 1, -24.68, -24.68
2026-06-28, 18:01:38, 1157000000, 1158000000, 1000000.00, 1, -24.65, -24.65
2026-06-28, 18:01:38, 1158000000, 1159000000, 1000000.00, 1, -24.56, -24.56
2026-06-28, 18:01:38, 1159000000, 1160000000, 1000000.00, 1, -24.57, -24.57
2026-06-28, 18:01:38, 1160000000, 1161000000, 1000000.00, 1, -24.54, -24.54
2026-06-28, 18:01:38, 1161000000, 1162000000, 1000000.00, 1, -24.50, -24.50
2026-06-28, 18:01:38, 1162000000, 1163000000, 1000000.00, 1, -24.71, -24.71
2026-06-28, 18:01:38, 1163000000, 1164000000, 1000000.00, 1, -24.68, -24.68
2026-06-28, 18:01:38, 1164000000, 1165000000, 1000000.00, 1, -24.67, -24.67
2026-06-28, 18:01:38, 1165000000, 1166000000, 1000000.00, 1, -24.57, -24.57
2026-06-28, 18:01:38, 1166000000, 1167000000, 1000000.00, 1, -24.57, -24.57
2026-06-28, 18:01:38, 1167000000, 1168000000, 1000000.00, 1, -24.56, -24.56
2026-06-28, 18:01:38, 1168000000, 1169000000, 1000000.00, 1, -24.67, -24.67
2026-06-28, 18:01:38, 1169000000, 1170000000, 1000000.00, 1, -24.64, -24.64
2026-06-28, 18:01:38, 1170000000, 1171000000, 1000000.00, 1, -24.63, -24.63
2026-06-28, 18:01:38, 1171000000, 1172000000, 1000000.00, 1, -24.62, -24.62
2026-06-28, 18:01:38, 1172000000, 1173000000, 1000000.00, 1, -24.57, -24.57
2026-06-28, 18:01:38, 1173000000, 1174000000, 1000000.00, 1, -24.56, -24.56
2026-06-28, 18:01:38, 1174000000, 1175000000, 1000000.00, 1, -24.53, -24.53
2026-06-28, 18:01:38, 1175000000, 1176000000, 1000000.00, 1, -24.65, -24.65
2026-06-28, 18:01:38, 1176000000, 1177000000, 1000000.00, 1, -24.68, -24.68
2026-06-28, 18:01:38, 1177000000, 1178000000, 1000000.00, 1, -24.62, -24.62
2026-06-28, 18:01:38, 1178000000, 1179000000, 1000000.00, 1, -24.63, -24.63
2026-06-28, 18:01:38, 1179000000, 1180000000, 1000000.00, 1, -24.52, -24.52
2026-06-28, 18:01:38, 1180000000, 1181000000, 1000000.00, 1, -24.51, -24.51
2026-06-28, 18:01:38, 1181000000, 1182000000, 1000000.00, 1, -24.71, -24.71
2026-06-28, 18:01:38, 1182000000, 1183000000, 1000000.00, 1, -24.71, -24.71
2026-06-28, 18:01:38, 1183000000, 1184000000, 1000000.00, 1, -24.65, -24.65
2026-06-28, 18:01:38, 1184000000, 1185000000, 1000000.00, 1, -24.61, -24.61
2026-06-28, 18:01:38, 1185000000, 1186000000, 1000000.00, 1, -24.58, -24.58
2026-06-28, 18:01:38, 1186000000, 1187000000, 1000000.00, 1, -24.53, -24.53
2026-06-28, 18:01:38, 1187000000, 1188000000, 1000000.00, 1, -24.65, -24.65
2026-06-28, 18:01:38, 1188000000, 1189000000, 1000000.00, 1, -24.67, -24.67
2026-06-28, 18:01:38, 1189000000, 1190000000, 1000000.00, 1, -24.65, -24.65
2026-06-28, 18:01:38, 1190000000, 1191000000, 1000000.00, 1, -24.61, -24.61
2026-06-28, 18:01:38, 1191000000, 1192000000, 1000000.00, 1, -24.53, -24.53
2026-06-28, 18:01:38, 1192000000, 1193000000, 1000000.00, 1, -24.55, -24.55
2026-06-28, 18:01:38, 1193000000, 1194000000, 1000000.00, 1, -24.54, -24.54
2026-06-28, 18:01:38, 1194000000, 1195000000, 1000000.00, 1, -24.66, -24.66
2026-06-28, 18:01:38, 1195000000, 1196000000, 1000000.00, 1, -24.65, -24.65
2026-06-28, 18:01:38, 1196000000, 1197000000, 1000000.00, 1, -24.63, -24.63
2026-06-28, 18:01:38, 1197000000, 1198000000, 1000000.00, 1, -24.61, -24.61
2026-06-28, 18:01:38, 1198000000, 1199000000, 1000000.00, 1, -24.58, -24.58
2026-06-28, 18:01:38, 1199000000, 1200000000, 1000000.00, 1, -24.52, -24.52
2026-06-28, 18:01:38, 1200000000, 1201000000, 1000000.00, 1, -24.66, -24.66
2026-06-28, 18:01:38, 1201000000, 1202000000, 1000000.00, 1, -24.62, -24.62
2026-06-28, 18:01:38, 1202000000, 1203000000, 1000000.00, 1, -24.62, -24.62
2026-06-28, 18:01:38, 1203000000, 1204000000, 1000000.00, 1, -24.67, -24.67
2026-06-28, 18:01:38, 1204000000, 1205000000, 1000000.00, 1, -24.58, -24.58
2026-06-28, 18:01:38, 1205000000, 1206000000, 1000000.00, 1, -24.53, -24.53
2026-06-28, 18:01:38, 1206000000, 1207000000, 1000000.00, 1, -24.66, -24.66
2026-06-28, 18:01:38, 1207000000, 1208000000, 1000000.00, 1, -24.66, -24.66
2026-06-28, 18:01:38, 1208000000, 1209000000, 1000000.00, 1, -24.63, -24.63
2026-06-28, 18:01:38, 1209000000, 1210000000, 1000000.00, 1, -24.60, -24.60
2026-06-28, 18:01:38, 1210000000, 1211000000, 1000000.00, 1, -24.54, -24.54
2026-06-28, 18:01:38, 1211000000, 1212000000, 1000000.00, 1, -24.53, -24.53
2026-06-28, 18:01:38, 1212000000, 1213000000, 1000000.00, 1, -24.47, -24.47
2026-06-28, 18:01:38, 1213000000, 1214000000, 1000000.00, 1, -24.71, -24.71
2026-06-28, 18:01:38, 1214000000, 1215000000, 1000000.00, 1, -24.65, -24.65
2026-06-28, 18:01:49, 960000000, 961000000, 1000000.00, 1, -24.61, -24.61
2026-06-28, 18:01:49, 961000000, 962000000, 1000000.00, 1, -24.59, -24.59
2026-06-28, 18:01:49, 962000000, 963000000, 1000000.00, 1, -24.53, -24.53
2026-06-28, 18:01:49, 963000000, 964000000, 1000000.00, 1, -24.52, -24.52
2026-06-28, 18:01:49, 964000000, 965000000, 1000000.00, 1, -24.62, -24.62
2026-06-28, 18:01:49, 965000000, 966000000, 1000000.00, 1, -24.65, -24.65
2026-06-28, 18:01:49, 966000000, 967000000, 1000000.00, 1, -24.57, -24.57
2026-06-28, 18:01:49, 967000000, 968000000, 1000000.00, 1, -24.60, -24.60
2026-06-28, 18:01:49, 968000000, 969000000, 1000000.00, 1, -24.58, -24.58
2026-06-28, 18:01:49, 969000000, 970000000, 1000000.00, 1, -24.53, -24.53
2026-06-28, 18:01:49, 970000000, 971000000, 1000000.00, 1, -24.54, -24.54
2026-06-28, 18:01:49, 971000000, 972000000, 1000000.00, 1, -24.70, -24.70
2026-06-28, 18:01:49, 972000000, 973000000, 1000000.00, 1, -24.65, -24.65
2026-06-28, 18:01:49, 973000000, 974000000, 1000000.00, 1, -24.62, -24.62
2026-06-28, 18:01:49, 974000000, 975000000, 1000000.00, 1, -24.59, -24.59
2026-06-28, 18:01:49, 975000000, 976000000, 1000000.00, 1, -24.59, -24.59
2026-06-28, 18:01:49, 976000000, 977000000, 1000000.00, 1, -24.56, -24.56
2026-06-28, 18:01:49, 977000000, 978000000, 1000000.00, 1, -24.64, -24.64
2026-06-28, 18:01:49, 978000000, 979000000, 1000000.00, 1, -24.66, -24.66
2026-06-28, 18:01:49, 979000000, 980000000, 1000000.00, 1, -24.60, -24.60
2026-06-28, 18:01:49, 980000000, 981000000, 1000000.00, 1, -24.61, -24.61
2026-06-28, 18:01:49, 981000000, 982000000, 1000000.00, 1, -24.57, -24.57
2026-06-28, 18:01:49, 982000000, 983000000, 1000000.00, 1, -24.48, -24.48
2026-06-28, 18:01:49, 983000000, 984000000, 1000000.00, 1, -24.74, -24.74
2026-06-28, 18:01:49, 984000000, 985000000, 1000000.00, 1, -24.73, -24.73
2026-06-28, 18:01:49, 985000000, 986000000, 1000000.00, 1, -24.60, -24.60
2026-06-28, 18:01:49, 986000000, 987000000, 1000000.00, 1, -24.61, -24.61
2026-06-28, 18:01:49, 987000000, 988000000, 1000000.00, 1, -24.53, -24.53
2026-06-28, 18:01:49, 988000000, 989000000, 1000000.00, 1, -24.53, -24.53
2026-06-28, 18:01:49, 989000000, 990000000, 1000000.00, 1, -24.49, -24.49
2026-06-28, 18:01:49, 990000000, 991000000, 1000000.00, 1, -24.64, -24.64
2026-06-28, 18:01:49, 991000000, 992000000, 1000000.00, 1, -24.63, -24.63
2026-06-28, 18:01:49, 992000000, 993000000, 1000000.00, 1, -24.56, -24.56
2026-06-28, 18:01:49, 993000000, 994000000, 1000000.00, 1, -24.56, -24.56
2026-06-28, 18:01:49, 994000000, 995000000, 1000000.00, 1, -24.54, -24.54
2026-06-28, 18:01:49, 995000000, 996000000, 1000000.00, 1, -24.51, -24.51
2026-06-28, 18:01:49, 996000000, 997000000, 1000000.00, 1, -24.66, -24.66
2026-06-28, 18:01:49, 997000000, 998000000, 1000000.00, 1, -24.63, -24.63
2026-06-28, 18:01:49, 998000000, 999000000, 1000000.00, 1, -24.57, -24.57
2026-06-28, 18:01:49, 999000000, 1000000000, 1000000.00, 1, -24.52, -24.52
2026-06-28, 18:01:49, 1000000000, 1001000000, 1000000.00, 1, -24.55, -24.55
2026-06-28, 18:01:49, 1001000000, 1002000000, 1000000.00, 1, -24.55, -24.55
2026-06-28, 18:01:49, 1002000000, 1003000000, 1000000.00, 1, -24.68, -24.68
2026-06-28, 18:01:49, 1003000000, 1004000000, 1000000.00, 1, -24.69, -24.69
2026-06-28, 18:01:49, 1004000000, 1005000000, 1000000.00, 1, -24.62, -24.62
2026-06-28, 18:01:49, 1005000000, 1006000000, 1000000.00, 1, -24.60, -24.60
2026-06-28, 18:01:49, 1006000000, 1007000000, 1000000.00, 1, -24.61, -24.61
2026-06-28, 18:01:49, 1007000000, 1008000000, 1000000.00, 1, -24.60, -24.60
2026-06-28, 18:01:49, 1008000000, 1009000000, 1000000.00, 1, -24.57, -24.57
2026-06-28, 18:01:49, 1009000000, 1010000000, 1000000.00, 1, -24.72, -24.72
2026-06-28, 18:01:49, 1010000000, 1011000000, 1000000.00, 1, -24.64, -24.64
2026-06-28, 18:01:49, 1011000000, 1012000000, 1000000.00, 1, -24.62, -24.62
2026-06-28, 18:01:49, 1012000000, 1013000000, 1000000.00, 1, -24.58, -24.58
2026-06-28, 18:01:49, 1013000000, 1014000000, 1000000.00, 1, -24.53, -24.53
2026-06-28, 18:01:49, 1014000000, 1015000000, 1000000.00, 1, -24.55, -24.55
2026-06-28, 18:01:49, 1015000000, 1016000000, 1000000.00, 1, -24.65, -24.65
2026-06-28, 18:01:49, 1016000000, 1017000000, 1000000.00, 1, -24.71, -24.71
2026-06-28, 18:01:49, 1017000000, 1018000000, 1000000.00, 1, -24.62, -24.62
2026-06-28, 18:01:49, 1018000000, 1019000000, 1000000.00, 1, -24.56, -24.56
2026-06-28, 18:01:49, 1019000000, 1020000000, 1000000.00, 1, -24.59, -24.59
2026-06-28, 18:01:49, 1020000000, 1021000000, 1000000.00, 1, -24.53, -24.53
2026-06-28, 18:01:49, 1021000000, 1022000000, 1000000.00, 1, -24.67, -24.67
2026-06-28, 18:01:49, 1022000000, 1023000000, 1000000.00, 1, -24.66, -24.66
2026-06-28, 18:01:49, 1023000000, 1024000000, 1000000.00, 1, -24.61, -24.61
2026-06-28, 18:01:49, 1024000000, 1025000000, 1000000.00, 1, -24.59, -24.59
2026-06-28, 18:01:49, 1025000000, 1026000000, 1000000.00, 1, -24.58, -24.58
2026-06-28, 18:01:49, 1026000000, 1027000000, 1000000.00, 1, -24.52, -24.52
2026-06-28, 18:01:49, 1027000000, 1028000000, 1000000.00, 1, -24.53, -24.53
2026-06-28, 18:01:49, 1028000000, 1029000000, 1000000.00, 1, -24.68, -24.68
2026-06-28, 18:01:49, 1029000000, 1030000000, 1000000.00, 1, -24.60, -24.60
2026-06-28, 18:01:49, 1030000000, 1031000000, 1000000.00, 1, -24.67, -24.67
2026-06-28, 18:01:49, 1031000000, 1032000000, 1000000.00, 1, -24.60, -24.60
2026-06-28, 18:01:49, 1032000000, 1033000000, 1000000.00, 1, -24.58, -24.58
2026-06-28, 18:01:49, 1033000000, 1034000000, 1000000.00, 1, -24.51, -24.51
2026-06-28, 18:01:49, 1034000000, 1035000000, 1000000.00, 1, -24.68, -24.68
2026-06-28, 18:01:49, 1035000000, 1036000000, 1000000.00, 1, -24.67, -24.67
2026-06-28, 18:01:49, 1036000000, 1037000000, 1000000.00, 1, -24.64, -24.64
2026-06-28, 18:01:49, 1037000000, 1038000000, 1000000.00, 1, -24.57, -24.57
2026-06-28, 18:01:49, 1038000000, 1039000000, 1000000.00, 1, -24.59, -24.59
2026-06-28, 18:01:49, 1039000000, 1040000000, 1000000.00, 1, -24.52, -24.52
2026-06-28, 18:01:49, 1040000000, 1041000000, 1000000.00, 1, -24.70, -24.70
2026-06-28, 18:01:49, 1041000000, 1042000000, 1000000.00, 1, -24.70, -24.70
2026-06-28, 18:01:49, 1042000000, 1043000000, 1000000.00, 1, -24.64, -24.64
2026-06-28, 18:01:49, 1043000000, 1044000000, 1000000.00, 1, -24.60, -24.60
2026-06-28, 18:01:49, 1044000000, 1045000000, 1000000.00, 1, -24.57, -24.57
2026-06-28, 18:01:49, 1045000000, 1046000000, 1000000.00, 1, -24.59, -24.59
2026-06-28, 18:01:49, 1046000000, 1047000000, 1000000.00, 1, -24.53, -24.53
2026-06-28, 18:01:49, 1047000000, 1048000000, 1000000.00, 1, -24.65, -24.65
2026-06-28, 18:01:49, 1048000000, 1049000000, 1000000.00, 1, -24.65, -24.65
2026-06-28, 18:01:49, 1049000000, 1050000000, 1000000.00, 1, -24.59, -24.59
2026-06-28, 18:01:49, 1050000000, 1051000000, 1000000.00, 1, -24.53, -24.53
2026-06-28, 18:01:49, 1051000000, 1052000000, 1000000.00, 1, -24.56, -24.56
2026-06-28, 18:01:49, 1052000000, 1053000000, 1000000.00, 1, -24.56, -24.56
2026-06-28, 18:01:49, 1053000000, 1054000000, 1000000.00, 1, -24.67, -24.67
2026-06-28, 18:01:49, 1054000000, 1055000000, 1000000.00, 1, -24.65, -24.65
2026-06-28, 18:01:49, 1055000000, 1056000000, 1000000.00, 1, -24.64, -24.64
2026-06-28, 18:01:49, 1056000000, 1057000000, 1000000.00, 1, -24.56, -24.56
2026-06-28, 18:01:49, 1057000000, 1058000000, 1000000.00, 1, -24.55, -24.55
2026-06-28, 18:01:49, 1058000000, 1059000000, 1000000.00, 1, -24.51, -24.51
2026-06-28, 18:01:49, 1059000000, 1060000000, 1000000.00, 1, -24.58, -24.58
2026-06-28, 18:01:49, 1060000000, 1061000000, 1000000.00, 1, -24.66, -24.66
2026-06-28, 18:01:49, 1061000000, 1062000000, 1000000.00, 1, -24.63, -24.63
2026-06-28, 18:01:49, 1062000000, 1063000000, 1000000.00, 1, -24.62, -24.62
2026-06-28, 18:01:49, 1063000000, 1064000000, 1000000.00, 1, -24.61, -24.61
2026-06-28, 18:01:49, 1064000000, 1065000000, 1000000.00, 1, -24.54, -24.54
2026-06-28, 18:01:49, 1065000000, 1066000000, 1000000.00, 1, -24.58, -24.58
2026-06-28, 18:01:49, 1066000000, 1067000000, 1000000.00, 1, -24.70, -24.70
2026-06-28, 18:01:49, 1067000000, 1068000000, 1000000.00, 1, -24.61, -24.61
2026-06-28, 18:01:49, 1068000000, 1069000000, 1000000.00, 1, -24.63, -24.63
2026-06-28, 18:01:49, 1069000000, 1070000000, 1000000.00, 1, -24.56, -24.56
2026-06-28, 18:01:49, 1070000000, 1071000000, 1000000.00, 1, -24.58, -24.58
2026-06-28, 18:01:49, 1071000000, 1072000000, 1000000.00, 1, -24.57, -24.57
2026-06-28, 18:01:49, 1072000000, 1073000000, 1000000.00, 1, -24.69, -24.69
2026-06-28, 18:01:49, 1073000000, 1074000000, 1000000.00, 1, -24.65, -24.65
2026-06-28, 18:01:49, 1074000000, 1075000000, 1000000.00, 1, -24.66, -24.66
2026-06-28, 18:01:49, 1075000000, 1076000000, 1000000.00, 1, -24.54, -24.54
2026-06-28, 18:01:49, 1076000000, 1077000000, 1000000.00, 1, -24.59, -24.59
2026-06-28, 18:01:49, 1077000000, 1078000000, 1000000.00, 1, -24.54, -24.54
2026-06-28, 18:01:49, 1078000000, 1079000000, 1000000.00, 1, -24.51, -24.51
2026-06-28, 18:01:49, 1079000000, 1080000000, 1000000.00, 1, -24.69, -24.69
2026-06-28, 18:01:49, 1080000000, 1081000000, 1000000.00, 1, -24.74, -24.74
2026-06-28, 18:01:49, 1081000000, 1082000000, 1000000.00, 1, -24.62, -24.62
2026-06-28, 18:01:49, 1082000000, 1083000000, 1000000.00, 1, -24.58, -24.58
2026-06-28, 18:01:49, 1083000000, 1084000000, 1000000.00, 1, -24.55, -24.55
2026-06-28, 18:01:49, 1084000000, 1085000000, 1000000.00, 1, -24.56, -24.56
2026-06-28, 18:01:49, 1085000000, 1086000000, 1000000.00, 1, -24.69, -24.69
2026-06-28, 18:01:49, 1086000000, 1087000000, 1000000.00, 1, -24.66, -24.66
2026-06-28, 18:01:49, 1087000000, 1088000000, 1000000.00, 1, -24.59, -24.59
2026-06-28, 18:01:49, 1088000000, 1089000000, 1000000.00, 1, -24.62, -24.62
2026-06-28, 18:01:49, 1089000000, 1090000000, 1000000.00, 1, -24.58, -24.58
2026-06-28, 18:01:49, 1090000000, 1091000000, 1000000.00, 1, -24.56, -24.56
2026-06-28, 18:01:49, 1091000000, 1092000000, 1000000.00, 1, -24.78, -24.78
2026-06-28, 18:01:49, 1092000000, 1093000000, 1000000.00, 1, -24.68, -24.68
2026-06-28, 18:01:49, 1093000000, 1094000000, 1000000.00, 1, -24.61, -24.61
2026-06-28, 18:01:49, 1094000000, 1095000000, 1000000.00, 1, -24.58, -24.58
2026-06-28, 18:01:49, 1095000000, 1096000000, 1000000.00, 1, -24.57, -24.57
2026-06-28, 18:01:49, 1096000000, 1097000000, 1000000.00, 1, -24.51, -24.51
2026-06-28, 18:01:49, 1097000000, 1098000000, 1000000.00, 1, -24.51, -24.51
2026-06-28, 18:01:49, 1098000000, 1099000000, 1000000.00, 1, -24.66, -24.66
2026-06-28, 18:01:49, 1099000000, 1100000000, 1000000.00, 1, -24.64, -24.64
2026-06-28, 18:01:49, 1100000000, 1101000000, 1000000.00, 1, -24.62, -24.62
2026-06-28, 18:01:49, 1101000000, 1102000000, 1000000.00, 1, -24.61, -24.61
2026-06-28, 18:01:49, 1102000000, 1103000000, 1000000.00, 1, -24.49, -24.49
2026-06-28, 18:01:49, 1103000000, 1104000000, 1000000.00, 1, -24.54, -24.54
2026-06-28, 18:01:49, 1104000000, 1105000000, 1000000.00, 1, -24.67, -24.67
2026-06-28, 18:01:49, 1105000000, 1106000000, 1000000.00, 1, -24.70, -24.70
2026-06-28, 18:01:49, 1106000000, 1107000000, 1000000.00, 1, -24.61, -24.61
2026-06-28, 18:01:49, 1107000000, 1108000000, 1000000.00, 1, -24.58, -24.58
2026-06-28, 18:01:49, 1108000000, 1109000000, 1000000.00, 1, -24.59, -24.59
2026-06-28, 18:01:49, 1109000000, 1110000000, 1000000.00, 1, -24.51, -24.51
2026-06-28, 18:01:49, 1110000000, 1111000000, 1000000.00, 1, -24.69, -24.69
2026-06-28, 18:01:49, 1111000000, 1112000000, 1000000.00, 1, -24.65, -24.65
2026-06-28, 18:01:49, 1112000000, 1113000000, 1000000.00, 1, -24.62, -24.62
2026-06-28, 18:01:49, 1113000000, 1114000000, 1000000.00, 1, -24.59, -24.59
2026-06-28, 18:01:49, 1114000000, 1115000000, 1000000.00, 1, -24.57, -24.57
2026-06-28, 18:01:49, 1115000000, 1116000000, 1000000.00, 1, -24.53, -24.53
2026-06-28, 18:01:49, 1116000000, 1117000000, 1000000.00, 1, -24.57, -24.57
2026-06-28, 18:01:49, 1117000000, 1118000000, 1000000.00, 1, -24.68, -24.68
2026-06-28, 18:01:49, 1118000000, 1119000000, 1000000.00, 1, -24.68, -24.68
2026-06-28, 18:01:49, 1119000000, 1120000000, 1000000.00, 1, -24.64, -24.64
2026-06-28, 18:01:49, 1120000000, 1121000000, 1000000.00, 1, -24.54, -24.54
2026-06-28, 18:01:49, 1121000000, 1122000000, 1000000.00, 1, -24.56, -24.56
2026-06-28, 18:01:49, 1122000000, 1123000000, 1000000.00, 1, -24.54, -24.54
2026-06-28, 18:01:49, 1123000000, 1124000000, 1000000.00, 1, -24.65, -24.65
2026-06-28, 18:01:49, 1124000000, 1125000000, 1000000.00, 1, -24.69, -24.69
2026-06-28, 18:01:49, 1125000000, 1126000000, 1000000.00, 1, -24.66, -24.66
2026-06-28, 18:01:49, 1126000000, 1127000000, 1000000.00, 1, -24.60, -24.60
2026-06-28, 18:01:49, 1127000000, 1128000000, 1000000.00, 1, -24.54, -24.54
2026-06-28, 18:01:49, 1128000000, 1129000000, 1000000.00, 1, -24.49, -24.49
2026-06-28, 18:01:49, 1129000000, 1130000000, 1000000.00, 1, -24.67, -24.67
2026-06-28, 18:01:49, 1130000000, 1131000000, 1000000.00, 1, -24.72, -24.72
2026-06-28, 18:01:49, 1131000000, 1132000000, 1000000.00, 1, -24.64, -24.64
2026-06-28, 18:01:49, 1132000000, 1133000000, 1000000.00, 1, -24.58, -24.58
2026-06-28, 18:01:49, 1133000000, 1134000000, 1000000.00, 1, -24.63, -24.63
2026-06-28, 18:01:49, 1134000000, 1135000000, 1000000.00, 1, -24.58, -24.58
2026-06-28, 18:01:49, 1135000000, 1136000000, 1000000.00, 1, -24.58, -24.58
2026-06-28, 18:01:49, 1136000000, 1137000000, 1000000.00, 1, -24.68, -24.68
2026-06-28, 18:01:49, 1137000000, 1138000000, 1000000.00, 1, -24.65, -24.65
2026-06-28, 18:01:49, 1138000000, 1139000000, 1000000.00, 1, -24.67, -24.67
2026-06-28, 18:01:49, 1139000000, 1140000000, 1000000.00, 1, -24.63, -24.63
2026-06-28, 18:01:49, 1140000000, 1141000000, 1000000.00, 1, -24.53, -24.53
2026-06-28, 18:01:49, 1141000000, 1142000000, 1000000.00, 1, -24.59, -24.59
2026-06-28, 18:01:49, 1142000000, 1143000000, 1000000.00, 1, -24.61, -24.61
2026-06-28, 18:01:49, 1143000000, 1144000000, 1000000.00, 1, -24.65, -24.65
2026-06-28, 18:01:49, 1144000000, 1145000000, 1000000.00, 1, -24.60, -24.60
2026-06-28, 18:01:49, 1145000000, 1146000000, 1000000.00, 1, -24.61, -24.61
2026-06-28, 18:01:49, 1146000000, 1147000000, 1000000.00, 1, -24.56, -24.56
2026-06-28, 18:01:49, 1147000000, 1148000000, 1000000.00, 1, -24.48, -24.48
2026-06-28, 18:01:49, 1148000000, 1149000000, 1000000.00, 1, -24.61, -24.61
2026-06-28, 18:01:49, 1149000000, 1150000000, 1000000.00, 1, -24.66, -24.66
2026-06-28, 18:01:49, 1150000000, 1151000000, 1000000.00, 1, -24.66, -24.66
2026-06-28, 18:01:49, 1151000000, 1152000000, 1000000.00, 1, -24.60, -24.60
2026-06-28, 18:01:49, 1152000000, 1153000000, 1000000.00, 1, -24.56, -24.56
2026-06-28, 18:01:49, 1153000000, 1154000000, 1000000.00, 1, -24.58, -24.58
2026-06-28, 18:01:49, 1154000000, 1155000000, 1000000.00, 1, -24.54, -24.54
2026-06-28, 18:01:49, 1155000000, 1156000000, 1000000.00, 1, -24.62, -24.62
2026-06-28, 18:01:49, 1156000000, 1157000000, 1000000.00, 1, -24.61, -24.61
2026-06-28, 18:01:49, 1157000000, 1158000000, 1000000.00, 1, -24.60, -24.60
2026-06-28, 18:01:49, 1158000000, 1159000000, 1000000.00, 1, -24.61, -24.61
2026-06-28, 18:01:49, 1159000000, 1160000000, 1000000.00, 1, -24.54, -24.54
2026-06-28, 18:01:49, 1160000000, 1161000000, 1000000.00, 1, -24.51, -24.51
2026-06-28, 18:01:49, 1161000000, 1162000000, 1000000.00, 1, -24.68, -24.68
2026-06-28, 18:01:49, 1162000000, 1163000000, 1000000.00, 1, -24.67, -24.67
2026-06-28, 18:01:49, 1163000000, 1164000000, 1000000.00, 1, -24.66, -24.66
2026-06-28, 18:01:49, 1164000000, 1165000000, 1000000.00, 1, -24.59, -24.59
2026-06-28, 18:01:49, 1165000000, 1166000000, 1000000.00, 1, -24.57, -24.57
2026-06-28, 18:01:49, 1166000000, 1167000000, 1000000.00, 1, -24.52, -24.52
2026-06-28, 18:01:49, 1167000000, 1168000000, 1000000.00, 1, -24.61, -24.61
2026-06-28, 18:01:49, 1168000000, 1169000000, 1000000.00, 1, -24.67, -24.67
2026-06-28, 18:01:49, 1169000000, 1170000000, 1000000.00, 1, -24.60, -24.60
2026-06-28, 18:01:49, 1170000000, 1171000000, 1000000.00, 1, -24.58, -24.58
2026-06-28, 18:01:49, 1171000000, 1172000000, 1000000.00, 1, -24.61, -24.61
2026-06-28, 18:01:49, 1172000000, 1173000000, 1000000.00, 1, -24.54, -24.54
2026-06-28, 18:01:49, 1173000000, 1174000000, 1000000.00, 1, -24.53, -24.53
2026-06-28, 18:01:49, 1174000000, 1175000000, 1000000.00, 1, -24.67, -24.67
2026-06-28, 18:01:49, 1175000000, 1176000000, 1000000.00, 1, -24.65, -24.65
2026-06-28, 18:01:49, 1176000000, 1177000000, 1000000.00, 1, -24.63, -24.63
2026-06-28, 18:01:49, 1177000000, 1178000000, 1000000.00, 1, -24.59, -24.59
2026-06-28, 18:01:49, 1178000000, 1179000000, 1000000.00, 1, -24.60, -24.60
2026-06-28, 18:01:49, 1179000000, 1180000000, 1000000.00, 1, -24.52, -24.52
2026-06-28, 18:01:49, 1180000000, 1181000000, 1000000.00, 1, -24.62, -24.62
2026-06-28, 18:01:49, 1181000000, 1182000000, 1000000.00, 1, -24.66, -24.66
2026-06-28, 18:01:49, 1182000000, 1183000000, 1000000.00, 1, -24.69, -24.69
2026-06-28, 18:01:49, 1183000000, 1184000000, 1000000.00, 1, -24.58, -24.58
2026-06-28, 18:01:49, 1184000000, 1185000000, 1000000.00, 1, -24.56, -24.56
2026-06-28, 18:01:49, 1185000000, 1186000000, 1000000.00, 1, -24.53, -24.53
2026-06-28, 18:01:49, 1186000000, 1187000000, 1000000.00, 1, -24.54, -24.54
2026-06-28, 18:01:49, 1187000000, 1188000000, 1000000.00, 1, -24.62, -24.62
2026-06-28, 18:01:49, 1188000000, 1189000000, 1000000.00, 1, -24.66, -24.66
2026-06-28, 18:01:49, 1189000000, 1190000000, 1000000.00, 1, -24.60, -24.60
2026-06-28, 18:01:49, 1190000000, 1191000000, 1000000.00, 1, -24.57, -24.57
2026-06-28, 18:01:49, 1191000000, 1192000000, 1000000.00, 1, -24.54, -24.54
2026-06-28, 18:01:49, 1192000000, 1193000000, 1000000.00, 1, -24.50, -24.50
2026-06-28, 18:01:49, 1193000000, 1194000000, 1000000.00, 1, -24.65, -24.65
2026-06-28, 18:01:49, 1194000000, 1195000000, 1000000.00, 1, -24.65, -24.65
2026-06-28, 18:01:49, 1195000000, 1196000000, 1000000.00, 1, -24.59, -24.59
2026-06-28, 18:01:49, 1196000000, 1197000000, 1000000.00, 1, -24.65, -24.65
2026-06-28, 18:01:49, 1197000000, 1198000000, 1000000.00, 1, -24.57, -24.57
2026-06-28, 18:01:49, 1198000000, 1199000000, 1000000.00, 1, -24.55, -24.55
2026-06-28, 18:01:49, 1199000000, 1200000000, 1000000.00, 1, -24.65, -24.65
2026-06-28, 18:01:49, 1200000000, 1201000000, 1000000.00, 1, -24.64, -24.64
2026-06-28, 18:01:49, 1201000000, 1202000000, 1000000.00, 1, -24.67, -24.67
2026-06-28, 18:01:49, 1202000000, 1203000000, 1000000.00, 1, -24.58, -24.58
2026-06-28, 18:01:49, 1203000000, 1204000000, 1000000.00, 1, -24.56, -24.56
2026-06-28, 18:01:49, 1204000000, 1205000000, 1000000.00, 1, -24.57, -24.57
2026-06-28, 18:01:49, 1205000000, 1206000000, 1000000.00, 1, -24.58, -24.58
2026-06-28, 18:01:49, 1206000000, 1207000000, 1000000.00, 1, -24.66, -24.66
2026-06-28, 18:01:49, 1207000000, 1208000000, 1000000.00, 1, -24.69, -24.69
2026-06-28, 18:01:49, 1208000000, 1209000000, 1000000.00, 1, -24.62, -24.62
2026-06-28, 18:01:49, 1209000000, 1210000000, 1000000.00, 1, -24.56, -24.56
2026-06-28, 18:01:49, 1210000000, 1211000000, 1000000.00, 1, -24.59, -24.59
2026-06-28, 18:01:49, 1211000000, 1212000000, 1000000.00, 1, -24.56, -24.56
2026-06-28, 18:01:49, 1212000000, 1213000000, 1000000.00, 1, -24.71, -24.71
2026-06-28, 18:01:49, 1213000000, 1214000000, 1000000.00, 1, -24.69, -24.69
2026-06-28, 18:01:49, 1214000000, 1215000000, 1000000.00, 1, -24.61, -24.61
2026-06-28, 18:02:00, 960000000, 961000000, 1000000.00, 1, -24.63, -24.63
2026-06-28, 18:02:00, 961000000, 962000000, 1000000.00, 1, -24.56, -24.56
2026-06-28, 18:02:00, 962000000, 963000000, 1000000.00, 1, -24.52, -24.52
2026-06-28, 18:02:00, 963000000, 964000000, 1000000.00, 1, -24.72, -24.72
2026-06-28, 18:02:00, 964000000, 965000000, 1000000.00, 1, -24.71, -24.71
2026-06-28, 18:02:00, 965000000, 966000000, 1000000.00, 1, -24.62, -24.62
2026-06-28, 18:02:00, 966000000, 967000000, 1000000.00, 1, -24.55, -24.55
2026-06-28, 18:02:00, 967000000, 968000000, 1000000.00, 1, -24.58, -24.58
2026-06-28, 18:02:00, 968000000, 969000000, 1000000.00, 1, -24.56, -24.56
2026-06-28, 18:02:00, 969000000, 970000000, 1000000.00, 1, -24.56, -24.56
2026-06-28, 18:02:00, 970000000, 971000000, 1000000.00, 1, -24.70, -24.70
2026-06-28, 18:02:00, 971000000, 972000000, 1000000.00, 1, -24.65, -24.65
2026-06-28, 18:02:00, 972000000, 973000000, 1000000.00, 1, -24.66, -24.66
2026-06-28, 18:02:00, 973000000, 974000000, 1000000.00, 1, -24.63, -24.63
2026-06-28, 18:02:00, 974000000, 975000000, 1000000.00, 1, -24.53, -24.53
2026-06-28, 18:02:00, 975000000, 976000000, 1000000.00, 1, -24.53, -24.53
2026-06-28, 18:02:00, 976000000, 977000000, 1000000.00, 1, -24.72, -24.72
2026-06-28, 18:02:00, 977000000, 978000000, 1000000.00, 1, -24.64, -24.64
2026-06-28, 18:02:00, 978000000, 979000000, 1000000.00, 1, -24.64, -24.64
2026-06-28, 18:02:00, 979000000, 980000000, 1000000.00, 1, -24.55, -24.55
2026-06-28, 18:02:00, 980000000, 981000000, 1000000.00, 1, -24.60, -24.60
2026-06-28, 18:02:00, 981000000, 982000000, 1000000.00, 1, -24.48, -24.48
2026-06-28, 18:02:00, 982000000, 983000000, 1000000.00, 1, -24.68, -24.68
2026-06-28, 18:02:00, 983000000, 984000000, 1000000.00, 1, -24.65, -24.65
2026-06-28, 18:02:00, 984000000, 985000000, 1000000.00, 1, -24.60, -24.60
2026-06-28, 18:02:00, 985000000, 986000000, 1000000.00, 1, -24.61, -24.61
2026-06-28, 18:02:00, 986000000, 987000000, 1000000.00, 1, -24.56, -24.56
2026-06-28, 18:02:00, 987000000, 988000000, 1000000.00, 1, -24.56, -24.56
2026-06-28, 18:02:00, 988000000, 989000000, 1000000.00, 1, -24.52, -24.52
2026-06-28, 18:02:00, 989000000, 990000000, 1000000.00, 1, -24.70, -24.70
2026-06-28, 18:02:00, 990000000, 991000000, 1000000.00, 1, -24.62, -24.62
2026-06-28, 18:02:00, 991000000, 992000000, 1000000.00, 1, -24.61, -24.61
2026-06-28, 18:02:00, 992000000, 993000000, 1000000.00, 1, -24.59, -24.59
2026-06-28, 18:02:00, 993000000, 994000000, 1000000.00, 1, -24.54, -24.54
2026-06-28, 18:02:00, 994000000, 995000000, 1000000.00, 1, -24.54, -24.54
2026-06-28, 18:02:00, 995000000, 996000000, 1000000.00, 1, -24.73, -24.73
2026-06-28, 18:02:00, 996000000, 997000000, 1000000.00, 1, -24.67, -24.67
2026-06-28, 18:02:00, 997000000, 998000000, 1000000.00, 1, -24.64, -24.64
2026-06-28, 18:02:00, 998000000, 999000000, 1000000.00, 1, -24.51, -24.51
2026-06-28, 18:02:00, 999000000, 1000000000, 1000000.00, 1, -24.46, -24.46
2026-06-28, 18:02:00, 1000000000, 1001000000, 1000000.00, 1, -24.53, -24.53
2026-06-28, 18:02:00, 1001000000, 1002000000, 1000000.00, 1, -24.59, -24.59
2026-06-28, 18:02:00, 1002000000, 1003000000, 1000000.00, 1, -24.65, -24.65
2026-06-28, 18:02:00, 1003000000, 1004000000, 1000000.00, 1, -24.60, -24.60
2026-06-28, 18:02:00, 1004000000, 1005000000, 1000000.00, 1, -24.58, -24.58
2026-06-28, 18:02:00, 1005000000, 1006000000, 1000000.00, 1, -24.60, -24.60
2026-06-28, 18:02:00, 1006000000, 1007000000, 1000000.00, 1, -24.55, -24.55
2026-06-28, 18:02:00, 1007000000, 1008000000, 1000000.00, 1, -24.53, -24.53
2026-06-28, 18:02:00, 1008000000, 1009000000, 1000000.00, 1, -24.70, -24.70
2026-06-28, 18:02:00, 1009000000, 1010000000, 1000000.00, 1, -24.67, -24.67
2026-06-28, 18:02:00, 1010000000, 1011000000, 1000000.00, 1, -24.63, -24.63
2026-06-28, 18:02:00, 1011000000, 1012000000, 1000000.00, 1, -24.57, -24.57
2026-06-28, 18:02:00, 1012000000, 1013000000, 1000000.00, 1, -24.52, -24.52
2026-06-28, 18:02:00, 1013000000, 1014000000, 1000000.00, 1, -24.53, -24.53
2026-06-28, 18:02:00, 1014000000, 1015000000, 1000000.00, 1, -24.66, -24.66
2026-06-28, 18:02:00, 1015000000, 1016000000, 1000000.00, 1, -24.68, -24.68
2026-06-28, 18:02:00, 1016000000, 1017000000, 1000000.00, 1, -24.70, -24.70
2026-06-28, 18:02:00, 1017000000, 1018000000, 1000000.00, 1, -24.62, -24.62
2026-06-28, 18:02:00, 1018000000, 1019000000, 1000000.00, 1, -24.57, -24.57
2026-06-28, 18:02:00, 1019000000, 1020000000, 1000000.00, 1, -24.55, -24.55
2026-06-28, 18:02:00, 1020000000, 1021000000, 1000000.00, 1, -24.52, -24.52
2026-06-28, 18:02:00, 1021000000, 1022000000, 1000000.00, 1, -24.66, -24.66
2026-06-28, 18:02:00, 1022000000, 1023000000, 1000000.00, 1, -24.71, -24.71
2026-06-28, 18:02:00, 1023000000, 1024000000, 1000000.00, 1, -24.61, -24.61
2026-06-28, 18:02:00, 1024000000, 1025000000, 1000000.00, 1, -24.60, -24.60
2026-06-28, 18:02:00, 1025000000, 1026000000, 1000000.00, 1, -24.54, -24.54
2026-06-28, 18:02:00, 1026000000, 1027000000, 1000000.00, 1, -24.55, -24.55
2026-06-28, 18:02:00, 1027000000, 1028000000, 1000000.00, 1, -24.73, -24.73
2026-06-28, 18:02:00, 1028000000, 1029000000, 1000000.00, 1, -24.64, -24.64
2026-06-28, 18:02:00, 1029000000, 1030000000, 1000000.00, 1, -24.63, -24.63
2026-06-28, 18:02:00, 1030000000, 1031000000, 1000000.00, 1, -24.64, -24.64
2026-06-28, 18:02:00, 1031000000, 1032000000, 1000000.00, 1, -24.58, -24.58
2026-06-28, 18:02:00, 1032000000, 1033000000, 1000000.00, 1, -24.56, -24.56
2026-06-28, 18:02:00, 1033000000, 1034000000, 1000000.00, 1, -24.80, -24.80
2026-06-28, 18:02:00, 1034000000, 1035000000, 1000000.00, 1, -24.68, -24.68
2026-06-28, 18:02:00, 1035000000, 1036000000, 1000000.00, 1, -24.67, -24.67
2026-06-28, 18:02:00, 1036000000, 1037000000, 1000000.00, 1, -24.64, -24.64
2026-06-28, 18:02:00, 1037000000, 1038000000, 1000000.00, 1, -24.58, -24.58
2026-06-28, 18:02:00, 1038000000, 1039000000, 1000000.00, 1, -24.55, -24.55
2026-06-28, 18:02:00, 1039000000, 1040000000, 1000000.00, 1, -24.56, -24.56
2026-06-28, 18:02:00, 1040000000, 1041000000, 1000000.00, 1, -24.69, -24.69
2026-06-28, 18:02:00, 1041000000, 1042000000, 1000000.00, 1, -24.65, -24.65
2026-06-28, 18:02:00, 1042000000, 1043000000, 1000000.00, 1, -24.63, -24.63
2026-06-28, 18:02:00, 1043000000, 1044000000, 1000000.00, 1, -24.58, -24.58
2026-06-28, 18:02:00, 1044000000, 1045000000, 1000000.00, 1, -24.56, -24.56
2026-06-28, 18:02:00, 1045000000, 1046000000, 1000000.00, 1, -24.51, -24.51
2026-06-28, 18:02:00, 1046000000, 1047000000, 1000000.00, 1, -24.67, -24.67
2026-06-28, 18:02:00, 1047000000, 1048000000, 1000000.00, 1, -24.63, -24.63
2026-06-28, 18:02:00, 1048000000, 1049000000, 1000000.00, 1, -24.62, -24.62
2026-06-28, 18:02:00, 1049000000, 1050000000, 1000000.00, 1, -24.60, -24.60
2026-06-28, 18:02:00, 1050000000, 1051000000, 1000000.00, 1, -24.57, -24.57
2026-06-28, 18:02:00, 1051000000, 1052000000, 1000000.00, 1, -24.51, -24.51
2026-06-28, 18:02:00, 1052000000, 1053000000, 1000000.00, 1, -24.70, -24.70
2026-06-28, 18:02:00, 1053000000, 1054000000, 1000000.00, 1, -24.64, -24.64
2026-06-28, 18:02:00, 1054000000, 1055000000, 1000000.00, 1, -24.58, -24.58
2026-06-28, 18:02:00, 1055000000, 1056000000, 1000000.00, 1, -24.65, -24.65
2026-06-28, 18:02:00, 1056000000, 1057000000, 1000000.00, 1, -24.58, -24.58
2026-06-28, 18:02:00, 1057000000, 1058000000, 1000000.00, 1, -24.56, -24.56
2026-06-28, 18:02:00, 1058000000, 1059000000, 1000000.00, 1, -24.47, -24.47
2026-06-28, 18:02:00, 1059000000, 1060000000, 1000000.00, 1, -24.75, -24.75
2026-06-28, 18:02:00, 1060000000, 1061000000, 1000000.00, 1, -24.63, -24.63
2026-06-28, 18:02:00, 1061000000, 1062000000, 1000000.00, 1, -24.63, -24.63
2026-06-28, 18:02:00, 1062000000, 1063000000, 1000000.00, 1, -24.59, -24.59
2026-06-28, 18:02:00, 1063000000, 1064000000, 1000000.00, 1, -24.59, -24.59
2026-06-28, 18:02:00, 1064000000, 1065000000, 1000000.00, 1, -24.55, -24.55
2026-06-28, 18:02:00, 1065000000, 1066000000, 1000000.00, 1, -24.67, -24.67
2026-06-28, 18:02:00, 1066000000, 1067000000, 1000000.00, 1, -24.69, -24.69
2026-06-28, 18:02:00, 1067000000, 1068000000, 1000000.00, 1, -24.63, -24.63
2026-06-28, 18:02:00, 1068000000, 1069000000, 1000000.00, 1, -24.57, -24.57
2026-06-28, 18:02:00, 1069000000, 1070000000, 1000000.00, 1, -24.58, -24.58
2026-06-28, 18:02:00, 1070000000, 1071000000, 1000000.00, 1, -24.54, -24.54
2026-06-28, 18:02:00, 1071000000, 1072000000, 1000000.00, 1, -24.59, -24.59
2026-06-28, 18:02:00, 1072000000, 1073000000, 1000000.00, 1, -24.68, -24.68
2026-06-28, 18:02:00, 1073000000, 1074000000, 1000000.00, 1, -24.58, -24.58
2026-06-28, 18:02:00, 1074000000, 1075000000, 1000000.00, 1, -24.61, -24.61
2026-06-28, 18:02:00, 1075000000, 1076000000, 1000000.00, 1, -24.63, -24.63
2026-06-28, 18:02:00, 1076000000, 1077000000, 1000000.00, 1, -24.59, -24.59
2026-06-28, 18:02:00, 1077000000, 1078000000, 1000000.00, 1, -24.53, -24.53
2026-06-28, 18:02:00, 1078000000, 1079000000, 1000000.00, 1, -24.65, -24.65
2026-06-28, 18:02:00, 1079000000, 1080000000, 1000000.00, 1, -24.59, -24.59
2026-06-28, 18:02:00, 1080000000, 1081000000, 1000000.00, 1, -24.64, -24.64
2026-06-28, 18:02:00, 1081000000, 1082000000, 1000000.00, 1, -24.54, -24.54
2026-06-28, 18:02:00, 1082000000, 1083000000, 1000000.00, 1, -24.56, -24.56
2026-06-28, 18:02:00, 1083000000, 1084000000, 1000000.00, 1, -24.50, -24.50
2026-06-28, 18:02:00, 1084000000, 1085000000, 1000000.00, 1, -24.70, -24.70
2026-06-28, 18:02:00, 1085000000, 1086000000, 1000000.00, 1, -24.66, -24.66
2026-06-28, 18:02:00, 1086000000, 1087000000, 1000000.00, 1, -24.62, -24.62
2026-06-28, 18:02:00, 1087000000, 1088000000, 1000000.00, 1, -24.55, -24.55
2026-06-28, 18:02:00, 1088000000, 1089000000, 1000000.00, 1, -24.58, -24.58
2026-06-28, 18:02:00, 1089000000, 1090000000, 1000000.00, 1, -24.52, -24.52
2026-06-28, 18:02:00, 1090000000, 1091000000, 1000000.00, 1, -24.61, -24.61
2026-06-28, 18:02:00, 1091000000, 1092000000, 1000000.00, 1, -24.67, -24.67
2026-06-28, 18:02:00, 1092000000, 1093000000, 1000000.00, 1, -24.67, -24.67
2026-06-28, 18:02:00, 1093000000, 1094000000, 1000000.00, 1, -24.63, -24.63
2026-06-28, 18:02:00, 1094000000, 1095000000, 1000000.00, 1, -24.56, -24.56
2026-06-28, 18:02:00, 1095000000, 1096000000, 1000000.00, 1, -24.57, -24.57
2026-06-28, 18:02:00, 1096000000, 1097000000, 1000000.00, 1, -24.60, -24.60
2026-06-28, 18:02:00, 1097000000, 1098000000, 1000000.00, 1, -24.66, -24.66
2026-06-28, 18:02:00, 1098000000, 1099000000, 1000000.00, 1, -24.65, -24.65
2026-06-28, 18:02:00, 1099000000, 1100000000, 1000000.00, 1, -24.66, -24.66
2026-06-28, 18:02:00, 1100000000, 1101000000, 1000000.00, 1, -24.62, -24.62
2026-06-28, 18:02:00, 1101000000, 1102000000, 1000000.00, 1, -24.53, -24.53
2026-06-28, 18:02:00, 1102000000, 1103000000, 1000000.00, 1, -24.52, -24.52
2026-06-28, 18:02:00, 1103000000, 1104000000, 1000000.00, 1, -24.74, -24.74
2026-06-28, 18:02:00, 1104000000, 1105000000, 1000000.00, 1, -24.69, -24.69
2026-06-28, 18:02:00, 1105000000, 1106000000, 1000000.00, 1, -24.65, -24.65
2026-06-28, 18:02:00, 1106000000, 1107000000, 1000000.00, 1, -24.53, -24.53
2026-06-28, 18:02:00, 1107000000, 1108000000, 1000000.00, 1, -24.57, -24.57
2026-06-28, 18:02:00, 1108000000, 1109000000, 1000000.00, 1, -24.50, -24.50
2026-06-28, 18:02:00, 1109000000, 1110000000, 1000000.00, 1, -24.50, -24.50
2026-06-28, 18:02:00, 1110000000, 1111000000, 1000000.00, 1, -24.71, -24.71
2026-06-28, 18:02:00, 1111000000, 1112000000, 1000000.00, 1, -24.64, -24.64
2026-06-28, 18:02:00, 1112000000, 1113000000, 1000000.00, 1, -24.59, -24.59
2026-06-28, 18:02:00, 1113000000, 1114000000, 1000000.00, 1, -24.58, -24.58
2026-06-28, 18:02:00, 1114000000, 1115000000, 1000000.00, 1, -24.59, -24.59
2026-06-28, 18:02:00, 1115000000, 1116000000, 1000000.00, 1, -24.50, -24.50
2026-06-28, 18:02:00, 1116000000, 1117000000, 1000000.00, 1, -24.70, -24.70
2026-06-28, 18:02:00, 1117000000, 1118000000, 1000000.00, 1, -24.72, -24.72
2026-06-28, 18:02:00, 1118000000, 1119000000, 1000000.00, 1, -24.60, -24.60
2026-06-28, 18:02:00, 1119000000, 1120000000, 1000000.00, 1, -24.58, -24.58
2026-06-28, 18:02:00, 1120000000, 1121000000, 1000000.00, 1, -24.58, -24.58
2026-06-28, 18:02:00, 1121000000, 1122000000, 1000000.00, 1, -24.54, -24.54
2026-06-28, 18:02:00, 1122000000, 1123000000, 1000000.00, 1, -24.72, -24.72
2026-06-28, 18:02:00, 1123000000, 1124000000, 1000000.00, 1, -24.65, -24.65
2026-06-28, 18:02:00, 1124000000, 1125000000, 1000000.00, 1, -24.64, -24.64
2026-06-28, 18:02:00, 1125000000, 1126000000, 1000000.00, 1, -24.60, -24.60
2026-06-28, 18:02:00, 1126000000, 1127000000, 1000000.00, 1, -24.59, -24.59
2026-06-28, 18:02:00, 1127000000, 1128000000, 1000000.00, 1, -24.55, -24.55
2026-06-28, 18:02:00, 1128000000, 1129000000, 1000000.00, 1, -24.46, -24.46
2026-06-28, 18:02:00, 1129000000, 1130000000, 1000000.00, 1, -24.64, -24.64
2026-06-28, 18:02:00, 1130000000, 1131000000, 1000000.00, 1, -24.67, -24.67
2026-06-28, 18:02:00, 1131000000, 1132000000, 1000000.00, 1, -24.60, -24.60
2026-06-28, 18:02:00, 1132000000, 1133000000, 1000000.00, 1, -24.60, -24.60
2026-06-28, 18:02:00, 1133000000, 1134000000, 1000000.00, 1, -24.53, -24.53
2026-06-28, 18:02:00, 1134000000, 1135000000, 1000000.00, 1, -24.49, -24.49
2026-06-28, 18:02:00, 1135000000, 1136000000, 1000000.00, 1, -24.74, -24.74
2026-06-28, 18:02:00, 1136000000, 1137000000, 1000000.00, 1, -24.66, -24.66
2026-06-28, 18:02:00, 1137000000, 1138000000, 1000000.00, 1, -24.59, -24.59
2026-06-28, 18:02:00, 1138000000, 1139000000, 1000000.00, 1, -24.56, -24.56
2026-06-28, 18:02:00, 1139000000, 1140000000, 1000000.00, 1, -24.59, -24.59
2026-06-28, 18:02:00, 1140000000, 1141000000, 1000000.00, 1, -24.50, -24.50
2026-06-28, 18:02:00, 1141000000, 1142000000, 1000000.00, 1, -24.67, -24.67
2026-06-28, 18:02:00, 1142000000, 1143000000, 1000000.00, 1, -24.70, -24.70
2026-06-28, 18:02:00, 1143000000, 1144000000, 1000000.00, 1, -24.66, -24.66
2026-06-28, 18:02:00, 1144000000, 1145000000, 1000000.00, 1, -24.60, -24.60
2026-06-28, 18:02:00, 1145000000, 1146000000, 1000000.00, 1, -24.59, -24.59
2026-06-28, 18:02:00, 1146000000, 1147000000, 1000000.00, 1, -24.53, -24.53
2026-06-28, 18:02:00, 1147000000, 1148000000, 1000000.00, 1, -24.62, -24.62
2026-06-28, 18:02:00, 1148000000, 1149000000, 1000000.00, 1, -24.62, -24.62
2026-06-28, 18:02:00, 1149000000, 1150000000, 1000000.00, 1, -24.55, -24.55
2026-06-28, 18:02:00, 1150000000, 1151000000, 1000000.00, 1, -24.57, -24.57
2026-06-28, 18:02:00, 1151000000, 1152000000, 1000000.00, 1, -24.63, -24.63
2026-06-28, 18:02:00, 1152000000, 1153000000, 1000000.00, 1, -24.55, -24.55
2026-06-28, 18:02:00, 1153000000, 1154000000, 1000000.00, 1, -24.50, -24.50
2026-06-28, 18:02:00, 1154000000, 1155000000, 1000000.00, 1, -24.65, -24.65
2026-06-28, 18:02:00, 1155000000, 1156000000, 1000000.00, 1, -24.64, -24.64
2026-06-28, 18:02:00, 1156000000, 1157000000, 1000000.00, 1, -24.62, -24.62
2026-06-28, 18:02:00, 1157000000, 1158000000, 1000000.00, 1, -24.57, -24.57
2026-06-28, 18:02:00, 1158000000, 1159000000, 1000000.00, 1, -24.55, -24.55
2026-06-28, 18:02:00, 1159000000, 1160000000, 1000000.00, 1, -24.50, -24.50
2026-06-28, 18:02:00, 1160000000, 1161000000, 1000000.00, 1, -24.67, -24.67
2026-06-28, 18:02:00, 1161000000, 1162000000, 1000000.00, 1, -24.66, -24.66
2026-06-28, 18:02:00, 1162000000, 1163000000, 1000000.00, 1, -24.64, -24.64
2026-06-28, 18:02:00, 1163000000, 1164000000, 1000000.00, 1, -24.62, -24.62
2026-06-28, 18:02:00, 1164000000, 1165000000, 1000000.00, 1, -24.60, -24.60
2026-06-28, 18:02:00, 1165000000, 1166000000, 1000000.00, 1, -24.57, -24.57
2026-06-28, 18:02:00, 1166000000, 1167000000, 1000000.00, 1, -24.49, -24.49
2026-06-28, 18:02:00, 1167000000, 1168000000, 1000000.00, 1, -24.68, -24.68
2026-06-28, 18:02:00, 1168000000, 1169000000, 1000000.00, 1, -24.62, -24.62
2026-06-28, 18:02:00, 1169000000, 1170000000, 1000000.00, 1, -24.62, -24.62
2026-06-28, 18:02:00, 1170000000, 1171000000, 1000000.00, 1, -24.62, -24.62
2026-06-28, 18:02:00, 1171000000, 1172000000, 1000000.00, 1, -24.60, -24.60
2026-06-28, 18:02:00, 1172000000, 1173000000, 1000000.00, 1, -24.52, -24.52
2026-06-28, 18:02:00, 1173000000, 1174000000, 1000000.00, 1, -24.71, -24.71
2026-06-28, 18:02:00, 1174000000, 1175000000, 1000000.00, 1, -24.72, -24.72
2026-06-28, 18:02:00, 1175000000, 1176000000, 1000000.00, 1, -24.67, -24.67
2026-06-28, 18:02:00, 1176000000, 1177000000, 1000000.00, 1, -24.56, -24.56
2026-06-28, 18:02:00, 1177000000, 1178000000, 1000000.00, 1, -24.53, -24.53
2026-06-28, 18:02:00, 1178000000, 1179000000, 1000000.00, 1, -24.51, -24.51
2026-06-28, 18:02:00, 1179000000, 1180000000, 1000000.00, 1, -24.65, -24.65
2026-06-28, 18:02:00, 1180000000, 1181000000, 1000000.00, 1, -24.61, -24.61
2026-06-28, 18:02:00, 1181000000, 1182000000, 1000000.00, 1, -24.64, -24.64
2026-06-28, 18:02:00, 1182000000, 1183000000, 1000000.00, 1, -24.58, -24.58
2026-06-28, 18:02:00, 1183000000, 1184000000, 1000000.00, 1, -24.58, -24.58
2026-06-28, 18:02:00, 1184000000, 1185000000, 1000000.00, 1, -24.52, -24.52
2026-06-28, 18:02:00, 1185000000, 1186000000, 1000000.00, 1, -24.57, -24.57
2026-06-28, 18:02:00, 1186000000, 1187000000, 1000000.00, 1, -24.67, -24.67
2026-06-28, 18:02:00, 1187000000, 1188000000, 1000000.00, 1, -24.65, -24.65
2026-06-28, 18:02:00, 1188000000, 1189000000, 1000000.00, 1, -24.61, -24.61
2026-06-28, 18:02:00, 1189000000, 1190000000, 1000000.00, 1, -24.59, -24.59
2026-06-28, 18:02:00, 1190000000, 1191000000, 1000000.00, 1, -24.57, -24.57
2026-06-28, 18:02:00, 1191000000, 1192000000, 1000000.00, 1, -24.53, -24.53
2026-06-28, 18:02:00, 1192000000, 1193000000, 1000000.00, 1, -24.67, -24.67
2026-06-28, 18:02:00, 1193000000, 1194000000, 1000000.00, 1, -24.72, -24.72
2026-06-28, 18:02:00, 1194000000, 1195000000, 1000000.00, 1, -24.62, -24.62
2026-06-28, 18:02:00, 1195000000, 1196000000, 1000000.00, 1, -24.55, -24.55
2026-06-28, 18:02:00, 1196000000, 1197000000, 1000000.00, 1, -24.57, -24.57
2026-06-28, 18:02:00, 1197000000, 1198000000, 1000000.00, 1, -24.60, -24.60
2026-06-28, 18:02:00, 1198000000, 1199000000, 1000000.00, 1, -24.57, -24.57
2026-06-28, 18:02:00, 1199000000, 1200000000, 1000000.00, 1, -24.61, -24.61
2026-06-28, 18:02:00, 1200000000, 1201000000, 1000000.00, 1, -24.70, -24.70
2026-06-28, 18:02:00, 1201000000, 1202000000, 1000000.00, 1, -24.65, -24.65
2026-06-28, 18:02:00, 1202000000, 1203000000, 1000000.00, 1, -24.61, -24.61
2026-06-28, 18:02:00, 1203000000, 1204000000, 1000000.00, 1, -24.56, -24.56
2026-06-28, 18:02:00, 1204000000, 1205000000, 1000000.00, 1, -24.51, -24.51
2026-06-28, 18:02:00, 1205000000, 1206000000, 1000000.00, 1, -24.66, -24.66
2026-06-28, 18:02:00, 1206000000, 1207000000, 1000000.00, 1, -24.63, -24.63
2026-06-28, 18:02:00, 1207000000, 1208000000, 1000000.00, 1, -24.66, -24.66
2026-06-28, 18:02:00, 1208000000, 1209000000, 1000000.00, 1, -24.60, -24.60
2026-06-28, 18:02:00, 1209000000, 1210000000, 1000000.00, 1, -24.50, -24.50
2026-06-28, 18:02:00, 1210000000, 1211000000, 1000000.00, 1, -24.55, -24.55
2026-06-28, 18:02:00, 1211000000, 1212000000, 1000000.00, 1, -24.69, -24.69
2026-06-28, 18:02:00, 1212000000, 1213000000, 1000000.00, 1, -24.67, -24.67
2026-06-28, 18:02:00, 1213000000, 1214000000, 1000000.00, 1, -24.63, -24.63
2026-06-28, 18:02:00, 1214000000, 1215000000, 1000000.00, 1, -24.56, -24.56
2026-06-28, 18:02:10, 960000000, 961000000, 1000000.00, 1, -24.56, -24.56
2026-06-28, 18:02:10, 961000000, 962000000, 1000000.00, 1, -24.57, -24.57
2026-06-28, 18:02:10, 962000000, 963000000, 1000000.00, 1, -24.60, -24.60
2026-06-28, 18:02:10, 963000000, 964000000, 1000000.00, 1, -24.71, -24.71
2026-06-28, 18:02:10, 964000000, 965000000, 1000000.00, 1, -24.67, -24.67
2026-06-28, 18:02:10, 965000000, 966000000, 1000000.00, 1, -24.64, -24.64
2026-06-28, 18:02:10, 966000000, 967000000, 1000000.00, 1, -24.60, -24.60
2026-06-28, 18:02:10, 967000000, 968000000, 1000000.00, 1, -24.53, -24.53
2026-06-28, 18:02:10, 968000000, 969000000, 1000000.00, 1, -24.51, -24.51
2026-06-28, 18:02:10, 969000000, 970000000, 1000000.00, 1, -24.69, -24.69
2026-06-28, 18:02:10, 970000000, 971000000, 1000000.00, 1, -24.70, -24.70
2026-06-28, 18:02:10, 971000000, 972000000, 1000000.00, 1, -24.61, -24.61
2026-06-28, 18:02:10, 972000000, 973000000, 1000000.00, 1, -24.59, -24.59
2026-06-28, 18:02:10, 973000000, 974000000, 1000000.00, 1, -24.51, -24.51
2026-06-28, 18:02:10, 974000000, 975000000, 1000000.00, 1, -24.53, -24.53
2026-06-28, 18:02:10, 975000000, 976000000, 1000000.00, 1, -24.65, -24.65
2026-06-28, 18:02:10, 976000000, 977000000, 1000000.00, 1, -24.67, -24.67
2026-06-28, 18:02:10, 977000000, 978000000, 1000000.00, 1, -24.64, -24.64
2026-06-28, 18:02:10, 978000000, 979000000, 1000000.00, 1, -24.68, -24.68
2026-06-28, 18:02:10, 979000000, 980000000, 1000000.00, 1, -24.58, -24.58
2026-06-28, 18:02:10, 980000000, 981000000, 1000000.00, 1, -24.58, -24.58
2026-06-28, 18:02:10, 981000000, 982000000, 1000000.00, 1, -24.52, -24.52
2026-06-28, 18:02:10, 982000000, 983000000, 1000000.00, 1, -24.62, -24.62
2026-06-28, 18:02:10, 983000000, 984000000, 1000000.00, 1, -24.64, -24.64
2026-06-28, 18:02:10, 984000000, 985000000, 1000000.00, 1, -24.59, -24.59
2026-06-28, 18:02:10, 985000000, 986000000, 1000000.00, 1, -24.59, -24.59
2026-06-28, 18:02:10, 986000000, 987000000, 1000000.00, 1, -24.55, -24.55
2026-06-28, 18:02:10, 987000000, 988000000, 1000000.00, 1, -24.57, -24.57
2026-06-28, 18:02:10, 988000000, 989000000, 1000000.00, 1, -24.70, -24.70
2026-06-28, 18:02:10, 989000000, 990000000, 1000000.00, 1, -24.69, -24.69
2026-06-28, 18:02:10, 990000000, 991000000, 1000000.00, 1, -24.58, -24.58
2026-06-28, 18:02:10, 991000000, 992000000, 1000000.00, 1, -24.59, -24.59
2026-06-28, 18:02:10, 992000000, 993000000, 1000000.00, 1, -24.53, -24.53
2026-06-28, 18:02:10, 993000000, 994000000, 1000000.00, 1, -24.54, -24.54
2026-06-28, 18:02:10, 994000000, 995000000, 1000000.00, 1, -24.74, -24.74
2026-06-28, 18:02:10, 995000000, 996000000, 1000000.00, 1, -24.62, -24.62
2026-06-28, 18:02:10, 996000000, 997000000, 1000000.00, 1, -24.60, -24.60
2026-06-28, 18:02:10, 997000000, 998000000, 1000000.00, 1, -24.58, -24.58
2026-06-28, 18:02:10, 998000000, 999000000, 1000000.00, 1, -24.49, -24.49
2026-06-28, 18:02:10, 999000000, 1000000000, 1000000.00, 1, -24.42, -24.42
2026-06-28, 18:02:10, 1000000000, 1001000000, 1000000.00, 1, -24.56, -24.56
2026-06-28, 18:02:10, 1001000000, 1002000000, 1000000.00, 1, -24.66, -24.66
2026-06-28, 18:02:10, 1002000000, 1003000000, 1000000.00, 1, -24.63, -24.63
2026-06-28, 18:02:10, 1003000000, 1004000000, 1000000.00, 1, -24.64, -24.64
2026-06-28, 18:02:10, 1004000000, 1005000000, 1000000.00, 1, -24.59, -24.59
2026-06-28, 18:02:10, 1005000000, 1006000000, 1000000.00, 1, -24.57, -24.57
2026-06-28, 18:02:10, 1006000000, 1007000000, 1000000.00, 1, -24.58, -24.58
2026-06-28, 18:02:10, 1007000000, 1008000000, 1000000.00, 1, -24.69, -24.69
2026-06-28, 18:02:10, 1008000000, 1009000000, 1000000.00, 1, -24.65, -24.65
2026-06-28, 18:02:10, 1009000000, 1010000000, 1000000.00, 1, -24.60, -24.60
2026-06-28, 18:02:10, 1010000000, 1011000000, 1000000.00, 1, -24.63, -24.63
2026-06-28, 18:02:10, 1011000000, 1012000000, 1000000.00, 1, -24.59, -24.59
2026-06-28, 18:02:10, 1012000000, 1013000000, 1000000.00, 1, -24.52, -24.52
2026-06-28, 18:02:10, 1013000000, 1014000000, 1000000.00, 1, -24.70, -24.70
2026-06-28, 18:02:10, 1014000000, 1015000000, 1000000.00, 1, -24.66, -24.66
2026-06-28, 18:02:10, 1015000000, 1016000000, 1000000.00, 1, -24.60, -24.60
2026-06-28, 18:02:10, 1016000000, 1017000000, 1000000.00, 1, -24.61, -24.61
2026-06-28, 18:02:10, 1017000000, 1018000000, 1000000.00, 1, -24.62, -24.62
2026-06-28, 18:02:10, 1018000000, 1019000000, 1000000.00, 1, -24.55, -24.55
2026-06-28, 18:02:10, 1019000000, 1020000000, 1000000.00, 1, -24.47, -24.47
2026-06-28, 18:02:10, 1020000000, 1021000000, 1000000.00, 1, -24.74, -24.74
2026-06-28, 18:02:10, 1021000000, 1022000000, 1000000.00, 1, -24.68, -24.68
2026-06-28, 18:02:10, 1022000000, 1023000000, 1000000.00, 1, -24.64, -24.64
2026-06-28, 18:02:10, 1023000000, 1024000000, 1000000.00, 1, -24.58, -24.58
2026-06-28, 18:02:10, 1024000000, 1025000000, 1000000.00, 1, -24.55, -24.55
2026-06-28, 18:02:10, 1025000000, 1026000000, 1000000.00, 1, -24.57, -24.57
2026-06-28, 18:02:10, 1026000000, 1027000000, 1000000.00, 1, -24.67, -24.67
2026-06-28, 18:02:10, 1027000000, 1028000000, 1000000.00, 1, -24.67, -24.67
2026-06-28, 18:02:10, 1028000000, 1029000000, 1000000.00, 1, -24.58, -24.58
2026-06-28, 18:02:10, 1029000000, 1030000000, 1000000.00, 1, -24.54, -24.54
2026-06-28, 18:02:10, 1030000000, 1031000000, 1000000.00, 1, -24.54, -24.54
2026-06-28, 18:02:10, 1031000000, 1032000000, 1000000.00, 1, -24.49, -24.49
2026-06-28, 18:02:10, 1032000000, 1033000000, 1000000.00, 1, -24.64, -24.64
2026-06-28, 18:02:10, 1033000000, 1034000000, 1000000.00, 1, -24.64, -24.64
2026-06-28, 18:02:10, 1034000000, 1035000000, 1000000.00, 1, -24.64, -24.64
2026-06-28, 18:02:10, 1035000000, 1036000000, 1000000.00, 1, -24.60, -24.60
2026-06-28, 18:02:10, 1036000000, 1037000000, 1000000.00, 1, -24.59, -24.59
2026-06-28, 18:02:10, 1037000000, 1038000000, 1000000.00, 1, -24.56, -24.56
2026-06-28, 18:02:10, 1038000000, 1039000000, 1000000.00, 1, -24.53, -24.53
2026-06-28, 18:02:10, 1039000000, 1040000000, 1000000.00, 1, -24.69, -24.69
2026-06-28, 18:02:10, 1040000000, 1041000000, 1000000.00, 1, -24.66, -24.66
2026-06-28, 18:02:10, 1041000000, 1042000000, 1000000.00, 1, -24.60, -24.60
2026-06-28, 18:02:10, 1042000000, 1043000000, 1000000.00, 1, -24.60, -24.60
2026-06-28, 18:02:10, 1043000000, 1044000000, 1000000.00, 1, -24.52, -24.52
2026-06-28, 18:02:10, 1044000000, 1045000000, 1000000.00, 1, -24.54, -24.54
2026-06-28, 18:02:10, 1045000000, 1046000000, 1000000.00, 1, -24.74, -24.74
2026-06-28, 18:02:10, 1046000000, 1047000000, 1000000.00, 1, -24.69, -24.69
2026-06-28, 18:02:10, 1047000000, 1048000000, 1000000.00, 1, -24.65, -24.65
2026-06-28, 18:02:10, 1048000000, 1049000000, 1000000.00, 1, -24.59, -24.59
2026-06-28, 18:02:10, 1049000000, 1050000000, 1000000.00, 1, -24.55, -24.55
2026-06-28, 18:02:10, 1050000000, 1051000000, 1000000.00, 1, -24.53, -24.53
2026-06-28, 18:02:10, 1051000000, 1052000000, 1000000.00, 1, -24.56, -24.56
2026-06-28, 18:02:10, 1052000000, 1053000000, 1000000.00, 1, -24.59, -24.59
2026-06-28, 18:02:10, 1053000000, 1054000000, 1000000.00, 1, -24.65, -24.65
2026-06-28, 18:02:10, 1054000000, 1055000000, 1000000.00, 1, -24.64, -24.64
2026-06-28, 18:02:10, 1055000000, 1056000000, 1000000.00, 1, -24.59, -24.59
2026-06-28, 18:02:10, 1056000000, 1057000000, 1000000.00, 1, -24.55, -24.55
2026-06-28, 18:02:10, 1057000000, 1058000000, 1000000.00, 1, -24.55, -24.55
2026-06-28, 18:02:10, 1058000000, 1059000000, 1000000.00, 1, -24.70, -24.70
2026-06-28, 18:02:10, 1059000000, 1060000000, 1000000.00, 1, -24.63, -24.63
2026-06-28, 18:02:10, 1060000000, 1061000000, 1000000.00, 1, -24.68, -24.68
2026-06-28, 18:02:10, 1061000000, 1062000000, 1000000.00, 1, -24.60, -24.60
2026-06-28, 18:02:10, 1062000000, 1063000000, 1000000.00, 1, -24.53, -24.53
2026-06-28, 18:02:10, 1063000000, 1064000000, 1000000.00, 1, -24.48, -24.48
2026-06-28, 18:02:10, 1064000000, 1065000000, 1000000.00, 1, -24.66, -24.66
2026-06-28, 18:02:10, 1065000000, 1066000000, 1000000.00, 1, -24.66, -24.66
2026-06-28, 18:02:10, 1066000000, 1067000000, 1000000.00, 1, -24.63, -24.63
2026-06-28, 18:02:10, 1067000000, 1068000000, 1000000.00, 1, -24.63, -24.63
2026-06-28, 18:02:10, 1068000000, 1069000000, 1000000.00, 1, -24.58, -24.58
2026-06-28, 18:02:10, 1069000000, 1070000000, 1000000.00, 1, -24.57, -24.57
2026-06-28, 18:02:10, 1070000000, 1071000000, 1000000.00, 1, -24.47, -24.47
2026-06-28, 18:02:10, 1071000000, 1072000000, 1000000.00, 1, -24.69, -24.69
2026-06-28, 18:02:10, 1072000000, 1073000000, 1000000.00, 1, -24.68, -24.68
2026-06-28, 18:02:10, 1073000000, 1074000000, 1000000.00, 1, -24.60, -24.60
2026-06-28, 18:02:10, 1074000000, 1075000000, 1000000.00, 1, -24.63, -24.63
2026-06-28, 18:02:10, 1075000000, 1076000000, 1000000.00, 1, -24.56, -24.56
2026-06-28, 18:02:10, 1076000000, 1077000000, 1000000.00, 1, -24.53, -24.53
2026-06-28, 18:02:10, 1077000000, 1078000000, 1000000.00, 1, -24.68, -24.68
2026-06-28, 18:02:10, 1078000000, 1079000000, 1000000.00, 1, -24.69, -24.69
2026-06-28, 18:02:10, 1079000000, 1080000000, 1000000.00, 1, -24.62, -24.62
2026-06-28, 18:02:10, 1080000000, 1081000000, 1000000.00, 1, -24.56, -24.56
2026-06-28, 18:02:10, 1081000000, 1082000000, 1000000.00, 1, -24.53, -24.53
2026-06-28, 18:02:10, 1082000000, 1083000000, 1000000.00, 1, -24.51, -24.51
2026-06-28, 18:02:10, 1083000000, 1084000000, 1000000.00, 1, -24.75, -24.75
2026-06-28, 18:02:10, 1084000000, 1085000000, 1000000.00, 1, -24.62, -24.62
2026-06-28, 18:02:10, 1085000000, 1086000000, 1000000.00, 1, -24.60, -24.60
2026-06-28, 18:02:10, 1086000000, 1087000000, 1000000.00, 1, -24.61, -24.61
2026-06-28, 18:02:10, 1087000000, 1088000000, 1000000.00, 1, -24.56, -24.56
2026-06-28, 18:02:10, 1088000000, 1089000000, 1000000.00, 1, -24.55, -24.55
2026-06-28, 18:02:10, 1089000000, 1090000000, 1000000.00, 1, -24.51, -24.51
2026-06-28, 18:02:10, 1090000000, 1091000000, 1000000.00, 1, -24.73, -24.73
2026-06-28, 18:02:10, 1091000000, 1092000000, 1000000.00, 1, -24.62, -24.62
2026-06-28, 18:02:10, 1092000000, 1093000000, 1000000.00, 1, -24.64, -24.64
2026-06-28, 18:02:10, 1093000000, 1094000000, 1000000.00, 1, -24.59, -24.59
2026-06-28, 18:02:10, 1094000000, 1095000000, 1000000.00, 1, -24.56, -24.56
2026-06-28, 18:02:10, 1095000000, 1096000000, 1000000.00, 1, -24.53, -24.53
2026-06-28, 18:02:10, 1096000000, 1097000000, 1000000.00, 1, -24.67, -24.67
2026-06-28, 18:02:10, 1097000000, 1098000000, 1000000.00, 1, -24.67, -24.67
2026-06-28, 18:02:10, 1098000000, 1099000000, 1000000.00, 1, -24.68, -24.68
2026-06-28, 18:02:10, 1099000000, 1100000000, 1000000.00, 1, -24.58, -24.58
2026-06-28, 18:02:10, 1100000000, 1101000000, 1000000.00, 1, -24.54, -24.54
2026-06-28, 18:02:10, 1101000000, 1102000000, 1000000.00, 1, -24.55, -24.55
2026-06-28, 18:02:10, 1102000000, 1103000000, 1000000.00, 1, -24.67, -24.67
2026-06-28, 18:02:10, 1103000000, 1104000000, 1000000.00, 1, -24.70, -24.70
2026-06-28, 18:02:10, 1104000000, 1105000000, 1000000.00, 1, -24.58, -24.58
2026-06-28, 18:02:10, 1105000000, 1106000000, 1000000.00, 1, -24.62, -24.62
2026-06-28, 18:02:10, 1106000000, 1107000000, 1000000.00, 1, -24.59, -24.59
2026-06-28, 18:02:10, 1107000000, 1108000000, 1000000.00, 1, -24.56, -24.56
2026-06-28, 18:02:10, 1108000000, 1109000000, 1000000.00, 1, -24.55, -24.55
2026-06-28, 18:02:10, 1109000000, 1110000000, 1000000.00, 1, -24.73, -24.73
2026-06-28, 18:02:10, 1110000000, 1111000000, 1000000.00, 1, -24.64, -24.64
2026-06-28, 18:02:10, 1111000000, 1112000000, 1000000.00, 1, -24.65, -24.65
2026-06-28, 18:02:10, 1112000000, 1113000000, 1000000.00, 1, -24.56, -24.56
2026-06-28, 18:02:10, 1113000000, 1114000000, 1000000.00, 1, -24.57, -24.57
2026-06-28, 18:02:10, 1114000000, 1115000000, 1000000.00, 1, -24.55, -24.55
2026-06-28, 18:02:10, 1115000000, 1116000000, 1000000.00, 1, -24.67, -24.67
2026-06-28, 18:02:10, 1116000000, 1117000000, 1000000.00, 1, -24.68, -24.68
2026-06-28, 18:02:10, 1117000000, 1118000000, 1000000.00, 1, -24.67, -24.67
2026-06-28, 18:02:10, 1118000000, 1119000000, 1000000.00, 1, -24.60, -24.60
2026-06-28, 18:02:10, 1119000000, 1120000000, 1000000.00, 1, -24.59, -24.59
2026-06-28, 18:02:10, 1120000000, 1121000000, 1000000.00, 1, -24.51, -24.51
2026-06-28, 18:02:10, 1121000000, 1122000000, 1000000.00, 1, -24.63, -24.63
2026-06-28, 18:02:10, 1122000000, 1123000000, 1000000.00, 1, -24.64, -24.64
2026-06-28, 18:02:10, 1123000000, 1124000000, 1000000.00, 1, -24.67, -24.67
2026-06-28, 18:02:10, 1124000000, 1125000000, 1000000.00, 1, -24.56, -24.56
2026-06-28, 18:02:10, 1125000000, 1126000000, 1000000.00, 1, -24.57, -24.57
2026-06-28, 18:02:10, 1126000000, 1127000000, 1000000.00, 1, -24.55, -24.55
2026-06-28, 18:02:10, 1127000000, 1128000000, 1000000.00, 1, -24.49, -24.49
2026-06-28, 18:02:10, 1128000000, 1129000000, 1000000.00, 1, -24.61, -24.61
2026-06-28, 18:02:10, 1129000000, 1130000000, 1000000.00, 1, -24.60, -24.60
2026-06-28, 18:02:10, 1130000000, 1131000000, 1000000.00, 1, -24.66, -24.66
2026-06-28, 18:02:10, 1131000000, 1132000000, 1000000.00, 1, -24.59, -24.59
2026-06-28, 18:02:10, 1132000000, 1133000000, 1000000.00, 1, -24.57, -24.57
2026-06-28, 18:02:10, 1133000000, 1134000000, 1000000.00, 1, -24.50, -24.50
2026-06-28, 18:02:10, 1134000000, 1135000000, 1000000.00, 1, -24.68, -24.68
2026-06-28, 18:02:10, 1135000000, 1136000000, 1000000.00, 1, -24.63, -24.63
2026-06-28, 18:02:10, 1136000000, 1137000000, 1000000.00, 1, -24.58, -24.58
2026-06-28, 18:02:10, 1137000000, 1138000000, 1000000.00, 1, -24.56, -24.56
2026-06-28, 18:02:10, 1138000000, 1139000000, 1000000.00, 1, -24.51, -24.51
2026-06-28, 18:02:10, 1139000000, 1140000000, 1000000.00, 1, -24.60, -24.60
2026-06-28, 18:02:10, 1140000000, 1141000000, 1000000.00, 1, -24.60, -24.60
2026-06-28, 18:02:10, 1141000000, 1142000000, 1000000.00, 1, -24.64, -24.64
2026-06-28, 18:02:10, 1142000000, 1143000000, 1000000.00, 1, -24.68, -24.68
2026-06-28, 18:02:10, 1143000000, 1144000000, 1000000.00, 1, -24.62, -24.62
2026-06-28, 18:02:10, 1144000000, 1145000000, 1000000.00, 1, -24.58, -24.58
2026-06-28, 18:02:10, 1145000000, 1146000000, 1000000.00, 1, -24.53, -24.53
2026-06-28, 18:02:10, 1146000000, 1147000000, 1000000.00, 1, -24.55, -24.55
2026-06-28, 18:02:10, 1147000000, 1148000000, 1000000.00, 1, -24.65, -24.65
2026-06-28, 18:02:10, 1148000000, 1149000000, 1000000.00, 1, -24.62, -24.62
2026-06-28, 18:02:10, 1149000000, 1150000000, 1000000.00, 1, -24.62, -24.62
2026-06-28, 18:02:10, 1150000000, 1151000000, 1000000.00, 1, -24.61, -24.61
2026-06-28, 18:02:10, 1151000000, 1152000000, 1000000.00, 1, -24.49, -24.49
2026-06-28, 18:02:10, 1152000000, 1153000000, 1000000.00, 1, -24.51, -24.51
2026-06-28, 18:02:10, 1153000000, 1154000000, 1000000.00, 1, -24.71, -24.71
2026-06-28, 18:02:10, 1154000000, 1155000000, 1000000.00, 1, -24.69, -24.69
2026-06-28, 18:02:10, 1155000000, 1156000000, 1000000.00, 1, -24.65, -24.65
2026-06-28, 18:02:10, 1156000000, 1157000000, 1000000.00, 1, -24.62, -24.62
2026-06-28, 18:02:10, 1157000000, 1158000000, 1000000.00, 1, -24.56, -24.56
2026-06-28, 18:02:10, 1158000000, 1159000000, 1000000.00, 1, -24.53, -24.53
2026-06-28, 18:02:10, 1159000000, 1160000000, 1000000.00, 1, -24.50, -24.50
2026-06-28, 18:02:10, 1160000000, 1161000000, 1000000.00, 1, -24.71, -24.71
2026-06-28, 18:02:10, 1161000000, 1162000000, 1000000.00, 1, -24.63, -24.63
2026-06-28, 18:02:10, 1162000000, 1163000000, 1000000.00, 1, -24.60, -24.60
2026-06-28, 18:02:10, 1163000000, 1164000000, 1000000.00, 1, -24.55, -24.55
2026-06-28, 18:02:10, 1164000000, 1165000000, 1000000.00, 1, -24.56, -24.56
2026-06-28, 18:02:10, 1165000000, 1166000000, 1000000.00, 1, -24.50, -24.50
2026-06-28, 18:02:10, 1166000000, 1167000000, 1000000.00, 1, -24.68, -24.68
2026-06-28, 18:02:10, 1167000000, 1168000000, 1000000.00, 1, -24.66, -24.66
2026-06-28, 18:02:10, 1168000000, 1169000000, 1000000.00, 1, -24.64, -24.64
2026-06-28, 18:02:10, 1169000000, 1170000000, 1000000.00, 1, -24.58, -24.58
2026-06-28, 18:02:10, 1170000000, 1171000000, 1000000.00, 1, -24.57, -24.57
2026-06-28, 18:02:10, 1171000000, 1172000000, 1000000.00, 1, -24.53, -24.53
2026-06-28, 18:02:10, 1172000000, 1173000000, 1000000.00, 1, -24.69, -24.69
2026-06-28, 18:02:10, 1173000000, 1174000000, 1000000.00, 1, -24.69, -24.69
2026-06-28, 18:02:10, 1174000000, 1175000000, 1000000.00, 1, -24.68, -24.68
2026-06-28, 18:02:10, 1175000000, 1176000000, 1000000.00, 1, -24.60, -24.60
2026-06-28, 18:02:10, 1176000000, 1177000000, 1000000.00, 1, -24.58, -24.58
2026-06-28, 18:02:10, 1177000000, 1178000000, 1000000.00, 1, -24.56, -24.56
2026-06-28, 18:02:10, 1178000000, 1179000000, 1000000.00, 1, -24.55, -24.55
2026-06-28, 18:02:10, 1179000000, 1180000000, 1000000.00, 1, -24.65, -24.65
2026-06-28, 18:02:10, 1180000000, 1181000000, 1000000.00, 1, -24.64, -24.64
2026-06-28, 18:02:10, 1181000000, 1182000000, 1000000.00, 1, -24.63, -24.63
2026-06-28, 18:02:10, 1182000000, 1183000000, 1000000.00, 1, -24.61, -24.61
2026-06-28, 18:02:10, 1183000000, 1184000000, 1000000.00, 1, -24.56, -24.56
2026-06-28, 18:02:10, 1184000000, 1185000000, 1000000.00, 1, -24.50, -24.50
2026-06-28, 18:02:10, 1185000000, 1186000000, 1000000.00, 1, -24.71, -24.71
2026-06-28, 18:02:10, 1186000000, 1187000000, 1000000.00, 1, -24.68, -24.68
2026-06-28, 18:02:10, 1187000000, 1188000000, 1000000.00, 1, -24.60, -24.60
2026-06-28, 18:02:10, 1188000000, 1189000000, 1000000.00, 1, -24.64, -24.64
2026-06-28, 18:02:10, 1189000000, 1190000000, 1000000.00, 1, -24.59, -24.59
2026-06-28, 18:02:10, 1190000000, 1191000000, 1000000.00, 1, -24.52, -24.52
2026-06-28, 18:02:10, 1191000000, 1192000000, 1000000.00, 1, -24.74, -24.74
2026-06-28, 18:02:10, 1192000000, 1193000000, 1000000.00, 1, -24.71, -24.71
2026-06-28, 18:02:10, 1193000000, 1194000000, 1000000.00, 1, -24.64, -24.64
2026-06-28, 18:02:10, 1194000000, 1195000000, 1000000.00, 1, -24.63, -24.63
2026-06-28, 18:02:10, 1195000000, 1196000000, 1000000.00, 1, -24.61, -24.61
2026-06-28, 18:02:10, 1196000000, 1197000000, 1000000.00, 1, -24.57, -24.57
2026-06-28, 18:02:10, 1197000000, 1198000000, 1000000.00, 1, -24.49, -24.49
2026-06-28, 18:02:10, 1198000000, 1199000000, 1000000.00, 1, -24.68, -24.68
2026-06-28, 18:02:10, 1199000000, 1200000000, 1000000.00, 1, -24.61, -24.61
2026-06-28, 18:02:10, 1200000000, 1201000000, 1000000.00, 1, -24.61, -24.61
2026-06-28, 18:02:10, 1201000000, 1202000000, 1000000.00, 1, -24.59, -24.59
2026-06-28, 18:02:10, 1202000000, 1203000000, 1000000.00, 1, -24.56, -24.56
2026-06-28, 18:02:10, 1203000000, 1204000000, 1000000.00, 1, -24.53, -24.53
2026-06-28, 18:02:10, 1204000000, 1205000000, 1000000.00, 1, -24.70, -24.70
2026-06-28, 18:02:10, 1205000000, 1206000000, 1000000.00, 1, -24.60, -24.60
2026-06-28, 18:02:10, 1206000000, 1207000000, 1000000.00, 1, -24.59, -24.59
2026-06-28, 18:02:10, 1207000000, 1208000000, 1000000.00, 1, -24.62, -24.62
2026-06-28, 18:02:10, 1208000000, 1209000000, 1000000.00, 1, -24.57, -24.57
2026-06-28, 18:02:10, 1209000000, 1210000000, 1000000.00, 1, -24.53, -24.53
2026-06-28, 18:02:10, 1210000000, 1211000000, 1000000.00, 1, -24.67, -24.67
2026-06-28, 18:02:10, 1211000000, 1212000000, 1000000.00, 1, -24.71, -24.71
2026-06-28, 18:02:10, 1212000000, 1213000000, 1000000.00, 1, -24.65, -24.65
2026-06-28, 18:02:10, 1213000000, 1214000000, 1000000.00, 1, -24.66, -24.66
2026-06-28, 18:02:10, 1214000000, 1215000000, 1000000.00, 1, -24.52, -24.52
2026-06-28, 18:02:21, 960000000, 961000000, 1000000.00, 1, -24.54, -24.54
2026-06-28, 18:02:21, 961000000, 962000000, 1000000.00, 1, -24.55, -24.55
2026-06-28, 18:02:21, 962000000, 963000000, 1000000.00, 1, -24.71, -24.71
2026-06-28, 18:02:21, 963000000, 964000000, 1000000.00, 1, -24.65, -24.65
2026-06-28, 18:02:21, 964000000, 965000000, 1000000.00, 1, -24.59, -24.59
2026-06-28, 18:02:21, 965000000, 966000000, 1000000.00, 1, -24.59, -24.59
2026-06-28, 18:02:21, 966000000, 967000000, 1000000.00, 1, -24.54, -24.54
2026-06-28, 18:02:21, 967000000, 968000000, 1000000.00, 1, -24.51, -24.51
2026-06-28, 18:02:21, 968000000, 969000000, 1000000.00, 1, -24.68, -24.68
2026-06-28, 18:02:21, 969000000, 970000000, 1000000.00, 1, -24.65, -24.65
2026-06-28, 18:02:21, 970000000, 971000000, 1000000.00, 1, -24.61, -24.61
2026-06-28, 18:02:21, 971000000, 972000000, 1000000.00, 1, -24.60, -24.60
2026-06-28, 18:02:21, 972000000, 973000000, 1000000.00, 1, -24.60, -24.60
2026-06-28, 18:02:21, 973000000, 974000000, 1000000.00, 1, -24.63, -24.63
2026-06-28, 18:02:21, 974000000, 975000000, 1000000.00, 1, -24.69, -24.69
2026-06-28, 18:02:21, 975000000, 976000000, 1000000.00, 1, -24.66, -24.66
2026-06-28, 18:02:21, 976000000, 977000000, 1000000.00, 1, -24.61, -24.61
2026-06-28, 18:02:21, 977000000, 978000000, 1000000.00, 1, -24.61, -24.61
2026-06-28, 18:02:21, 978000000, 979000000, 1000000.00, 1, -24.59, -24.59
2026-06-28, 18:02:21, 979000000, 980000000, 1000000.00, 1, -24.57, -24.57
2026-06-28, 18:02:21, 980000000, 981000000, 1000000.00, 1, -24.57, -24.57
2026-06-28, 18:02:21, 981000000, 982000000, 1000000.00, 1, -24.68, -24.68
2026-06-28, 18:02:21, 982000000, 983000000, 1000000.00, 1, -24.62, -24.62
2026-06-28, 18:02:21, 983000000, 984000000, 1000000.00, 1, -24.59, -24.59
2026-06-28, 18:02:21, 984000000, 985000000, 1000000.00, 1, -24.58, -24.58
2026-06-28, 18:02:21, 985000000, 986000000, 1000000.00, 1, -24.52, -24.52
2026-06-28, 18:02:21, 986000000, 987000000, 1000000.00, 1, -24.56, -24.56
2026-06-28, 18:02:21, 987000000, 988000000, 1000000.00, 1, -24.66, -24.66
2026-06-28, 18:02:21, 988000000, 989000000, 1000000.00, 1, -24.71, -24.71
2026-06-28, 18:02:21, 989000000, 990000000, 1000000.00, 1, -24.64, -24.64
2026-06-28, 18:02:21, 990000000, 991000000, 1000000.00, 1, -24.63, -24.63
2026-06-28, 18:02:21, 991000000, 992000000, 1000000.00, 1, -24.56, -24.56
2026-06-28, 18:02:21, 992000000, 993000000, 1000000.00, 1, -24.52, -24.52
2026-06-28, 18:02:21, 993000000, 994000000, 1000000.00, 1, -24.58, -24.58
2026-06-28, 18:02:21, 994000000, 995000000, 1000000.00, 1, -24.66, -24.66
2026-06-28, 18:02:21, 995000000, 996000000, 1000000.00, 1, -24.62, -24.62
2026-06-28, 18:02:21, 996000000, 997000000, 1000000.00, 1, -24.56, -24.56
2026-06-28, 18:02:21, 997000000, 998000000, 1000000.00, 1, -24.51, -24.51
2026-06-28, 18:02:21, 998000000, 999000000, 1000000.00, 1, -24.50, -24.50
2026-06-28, 18:02:21, 999000000, 1000000000, 1000000.00, 1, -24.42, -24.42
2026-06-28, 18:02:21, 1000000000, 1001000000, 1000000.00, 1, -24.68, -24.68
2026-06-28, 18:02:21, 1001000000, 1002000000, 1000000.00, 1, -24.67, -24.67
2026-06-28, 18:02:21, 1002000000, 1003000000, 1000000.00, 1, -24.56, -24.56
2026-06-28, 18:02:21, 1003000000, 1004000000, 1000000.00, 1, -24.60, -24.60
2026-06-28, 18:02:21, 1004000000, 1005000000, 1000000.00, 1, -24.56, -24.56
2026-06-28, 18:02:21, 1005000000, 1006000000, 1000000.00, 1, -24.55, -24.55
2026-06-28, 18:02:21, 1006000000, 1007000000, 1000000.00, 1, -24.65, -24.65
2026-06-28, 18:02:21, 1007000000, 1008000000, 1000000.00, 1, -24.69, -24.69
2026-06-28, 18:02:21, 1008000000, 1009000000, 1000000.00, 1, -24.64, -24.64
2026-06-28, 18:02:21, 1009000000, 1010000000, 1000000.00, 1, -24.59, -24.59
2026-06-28, 18:02:21, 1010000000, 1011000000, 1000000.00, 1, -24.59, -24.59
2026-06-28, 18:02:21, 1011000000, 1012000000, 1000000.00, 1, -24.54, -24.54
2026-06-28, 18:02:21, 1012000000, 1013000000, 1000000.00, 1, -24.51, -24.51
2026-06-28, 18:02:21, 1013000000, 1014000000, 1000000.00, 1, -24.69, -24.69
2026-06-28, 18:02:21, 1014000000, 1015000000, 1000000.00, 1, -24.65, -24.65
2026-06-28, 18:02:21, 1015000000, 1016000000, 1000000.00, 1, -24.58, -24.58
2026-06-28, 18:02:21, 1016000000, 1017000000, 1000000.00, 1, -24.54, -24.54
2026-06-28, 18:02:21, 1017000000, 1018000000, 1000000.00, 1, -24.58, -24.58
2026-06-28, 18:02:21, 1018000000, 1019000000, 1000000.00, 1, -24.53, -24.53
2026-06-28, 18:02:21, 1019000000, 1020000000, 1000000.00, 1, -24.65, -24.65
2026-06-28, 18:02:21, 1020000000, 1021000000, 1000000.00, 1, -24.63, -24.63
2026-06-28, 18:02:21, 1021000000, 1022000000, 1000000.00, 1, -24.65, -24.65
2026-06-28, 18:02:21, 1022000000, 1023000000, 1000000.00, 1, -24.63, -24.63
2026-06-28, 18:02:21, 1023000000, 1024000000, 1000000.00, 1, -24.56, -24.56
2026-06-28, 18:02:21, 1024000000, 1025000000, 1000000.00, 1, -24.57, -24.57
2026-06-28, 18:02:21, 1025000000, 1026000000, 1000000.00, 1, -24.69, -24.69
2026-06-28, 18:02:21, 1026000000, 1027000000, 1000000.00, 1, -24.65, -24.65
2026-06-28, 18:02:21, 1027000000, 1028000000, 1000000.00, 1, -24.56, -24.56
2026-06-28, 18:02:21, 1028000000, 1029000000, 1000000.00, 1, -24.57, -24.57
2026-06-28, 18:02:21, 1029000000, 1030000000, 1000000.00, 1, -24.57, -24.57
2026-06-28, 18:02:21, 1030000000, 1031000000, 1000000.00, 1, -24.56, -24.56
2026-06-28, 18:02:21, 1031000000, 1032000000, 1000000.00, 1, -24.52, -24.52
2026-06-28, 18:02:21, 1032000000, 1033000000, 1000000.00, 1, -24.67, -24.67
2026-06-28, 18:02:21, 1033000000, 1034000000, 1000000.00, 1, -24.62, -24.62
2026-06-28, 18:02:21, 1034000000, 1035000000, 1000000.00, 1, -24.59, -24.59
2026-06-28, 18:02:21, 1035000000, 1036000000, 1000000.00, 1, -24.60, -24.60
2026-06-28, 18:02:21, 1036000000, 1037000000, 1000000.00, 1, -24.58, -24.58
2026-06-28, 18:02:21, 1037000000, 1038000000, 1000000.00, 1, -24.52, -24.52
2026-06-28, 18:02:21, 1038000000, 1039000000, 1000000.00, 1, -24.70, -24.70
2026-06-28, 18:02:21, 1039000000, 1040000000, 1000000.00, 1, -24.65, -24.65
2026-06-28, 18:02:21, 1040000000, 1041000000, 1000000.00, 1, -24.59, -24.59
2026-06-28, 18:02:21, 1041000000, 1042000000, 1000000.00, 1, -24.65, -24.65
2026-06-28, 18:02:21, 1042000000, 1043000000, 1000000.00, 1, -24.55, -24.55
2026-06-28, 18:02:21, 1043000000, 1044000000, 1000000.00, 1, -24.54, -24.54
2026-06-28, 18:02:21, 1044000000, 1045000000, 1000000.00, 1, -24.69, -24.69
2026-06-28, 18:02:21, 1045000000, 1046000000, 1000000.00, 1, -24.70, -24.70
2026-06-28, 18:02:21, 1046000000, 1047000000, 1000000.00, 1, -24.64, -24.64
2026-06-28, 18:02:21, 1047000000, 1048000000, 1000000.00, 1, -24.59, -24.59
2026-06-28, 18:02:21, 1048000000, 1049000000, 1000000.00, 1, -24.57, -24.57
2026-06-28, 18:02:21, 1049000000, 1050000000, 1000000.00, 1, -24.57, -24.57
2026-06-28, 18:02:21, 1050000000, 1051000000, 1000000.00, 1, -24.50, -24.50
2026-06-28, 18:02:21, 1051000000, 1052000000, 1000000.00, 1, -24.68, -24.68
2026-06-28, 18:02:21, 1052000000, 1053000000, 1000000.00, 1, -24.64, -24.64
2026-06-28, 18:02:21, 1053000000, 1054000000, 1000000.00, 1, -24.62, -24.62
2026-06-28, 18:02:21, 1054000000, 1055000000, 1000000.00, 1, -24.60, -24.60
2026-06-28, 18:02:21, 1055000000, 1056000000, 1000000.00, 1, -24.59, -24.59
2026-06-28, 18:02:21, 1056000000, 1057000000, 1000000.00, 1, -24.53, -24.53
2026-06-28, 18:02:21, 1057000000, 1058000000, 1000000.00, 1, -24.72, -24.72
2026-06-28, 18:02:21, 1058000000, 1059000000, 1000000.00, 1, -24.66, -24.66
2026-06-28, 18:02:21, 1059000000, 1060000000, 1000000.00, 1, -24.62, -24.62
2026-06-28, 18:02:21, 1060000000, 1061000000, 1000000.00, 1, -24.59, -24.59
2026-06-28, 18:02:21, 1061000000, 1062000000, 1000000.00, 1, -24.57, -24.57
2026-06-28, 18:02:21, 1062000000, 1063000000, 1000000.00, 1, -24.52, -24.52
2026-06-28, 18:02:21, 1063000000, 1064000000, 1000000.00, 1, -24.58, -24.58
2026-06-28, 18:02:21, 1064000000, 1065000000, 1000000.00, 1, -24.66, -24.66
2026-06-28, 18:02:21, 1065000000, 1066000000, 1000000.00, 1, -24.61, -24.61
2026-06-28, 18:02:21, 1066000000, 1067000000, 1000000.00, 1, -24.58, -24.58
2026-06-28, 18:02:21, 1067000000, 1068000000, 1000000.00, 1, -24.57, -24.57
2026-06-28, 18:02:21, 1068000000, 1069000000, 1000000.00, 1, -24.56, -24.56
2026-06-28, 18:02:21, 1069000000, 1070000000, 1000000.00, 1, -24.53, -24.53
2026-06-28, 18:02:21, 1070000000, 1071000000, 1000000.00, 1, -24.66, -24.66
2026-06-28, 18:02:21, 1071000000, 1072000000, 1000000.00, 1, -24.66, -24.66
2026-06-28, 18:02:21, 1072000000, 1073000000, 1000000.00, 1, -24.58, -24.58
2026-06-28, 18:02:21, 1073000000, 1074000000, 1000000.00, 1, -24.61, -24.61
2026-06-28, 18:02:21, 1074000000, 1075000000, 1000000.00, 1, -24.55, -24.55
2026-06-28, 18:02:21, 1075000000, 1076000000, 1000000.00, 1, -24.51, -24.51
2026-06-28, 18:02:21, 1076000000, 1077000000, 1000000.00, 1, -24.65, -24.65
2026-06-28, 18:02:21, 1077000000, 1078000000, 1000000.00, 1, -24.65, -24.65
2026-06-28, 18:02:21, 1078000000, 1079000000, 1000000.00, 1, -24.63, -24.63
2026-06-28, 18:02:21, 1079000000, 1080000000, 1000000.00, 1, -24.59, -24.59
2026-06-28, 18:02:21, 1080000000, 1081000000, 1000000.00, 1, -24.54, -24.54
2026-06-28, 18:02:21, 1081000000, 1082000000, 1000000.00, 1, -24.52, -24.52
2026-06-28, 18:02:21, 1082000000, 1083000000, 1000000.00, 1, -24.57, -24.57
2026-06-28, 18:02:21, 1083000000, 1084000000, 1000000.00, 1, -24.74, -24.74
2026-06-28, 18:02:21, 1084000000, 1085000000, 1000000.00, 1, -24.68, -24.68
2026-06-28, 18:02:21, 1085000000, 1086000000, 1000000.00, 1, -24.66, -24.66
2026-06-28, 18:02:21, 1086000000, 1087000000, 1000000.00, 1, -24.56, -24.56
2026-06-28, 18:02:21, 1087000000, 1088000000, 1000000.00, 1, -24.54, -24.54
2026-06-28, 18:02:21, 1088000000, 1089000000, 1000000.00, 1, -24.52, -24.52
2026-06-28, 18:02:21, 1089000000, 1090000000, 1000000.00, 1, -24.70, -24.70
2026-06-28, 18:02:21, 1090000000, 1091000000, 1000000.00, 1, -24.73, -24.73
2026-06-28, 18:02:21, 1091000000, 1092000000, 1000000.00, 1, -24.54, -24.54
2026-06-28, 18:02:21, 1092000000, 1093000000, 1000000.00, 1, -24.58, -24.58
2026-06-28, 18:02:21, 1093000000, 1094000000, 1000000.00, 1, -24.58, -24.58
2026-06-28, 18:02:21, 1094000000, 1095000000, 1000000.00, 1, -24.55, -24.55
2026-06-28, 18:02:21, 1095000000, 1096000000, 1000000.00, 1, -24.64, -24.64
2026-06-28, 18:02:21, 1096000000, 1097000000, 1000000.00, 1, -24.67, -24.67
2026-06-28, 18:02:21, 1097000000, 1098000000, 1000000.00, 1, -24.69, -24.69
2026-06-28, 18:02:21, 1098000000, 1099000000, 1000000.00, 1, -24.58, -24.58
2026-06-28, 18:02:21, 1099000000, 1100000000, 1000000.00, 1, -24.53, -24.53
2026-06-28, 18:02:21, 1100000000, 1101000000, 1000000.00, 1, -24.58, -24.58
2026-06-28, 18:02:21, 1101000000, 1102000000, 1000000.00, 1, -24.56, -24.56
2026-06-28, 18:02:21, 1102000000, 1103000000, 1000000.00, 1, -24.68, -24.68
2026-06-28, 18:02:21, 1103000000, 1104000000, 1000000.00, 1, -24.63, -24.63
2026-06-28, 18:02:21, 1104000000, 1105000000, 1000000.00, 1, -24.62, -24.62
2026-06-28, 18:02:21, 1105000000, 1106000000, 1000000.00, 1, -24.57, -24.57
2026-06-28, 18:02:21, 1106000000, 1107000000, 1000000.00, 1, -24.53, -24.53
2026-06-28, 18:02:21, 1107000000, 1108000000, 1000000.00, 1, -24.52, -24.52
2026-06-28, 18:02:21, 1108000000, 1109000000, 1000000.00, 1, -24.68, -24.68
2026-06-28, 18:02:21, 1109000000, 1110000000, 1000000.00, 1, -24.65, -24.65
2026-06-28, 18:02:21, 1110000000, 1111000000, 1000000.00, 1, -24.62, -24.62
2026-06-28, 18:02:21, 1111000000, 1112000000, 1000000.00, 1, -24.60, -24.60
2026-06-28, 18:02:21, 1112000000, 1113000000, 1000000.00, 1, -24.58, -24.58
2026-06-28, 18:02:21, 1113000000, 1114000000, 1000000.00, 1, -24.51, -24.51
2026-06-28, 18:02:21, 1114000000, 1115000000, 1000000.00, 1, -24.68, -24.68
2026-06-28, 18:02:21, 1115000000, 1116000000, 1000000.00, 1, -24.62, -24.62
2026-06-28, 18:02:21, 1116000000, 1117000000, 1000000.00, 1, -24.60, -24.60
2026-06-28, 18:02:21, 1117000000, 1118000000, 1000000.00, 1, -24.71, -24.71
2026-06-28, 18:02:21, 1118000000, 1119000000, 1000000.00, 1, -24.55, -24.55
2026-06-28, 18:02:21, 1119000000, 1120000000, 1000000.00, 1, -24.53, -24.53
2026-06-28, 18:02:21, 1120000000, 1121000000, 1000000.00, 1, -24.47, -24.47
2026-06-28, 18:02:21, 1121000000, 1122000000, 1000000.00, 1, -24.67, -24.67
2026-06-28, 18:02:21, 1122000000, 1123000000, 1000000.00, 1, -24.65, -24.65
2026-06-28, 18:02:21, 1123000000, 1124000000, 1000000.00, 1, -24.65, -24.65
2026-06-28, 18:02:21, 1124000000, 1125000000, 1000000.00, 1, -24.59, -24.59
2026-06-28, 18:02:21, 1125000000, 1126000000, 1000000.00, 1, -24.56, -24.56
2026-06-28, 18:02:21, 1126000000, 1127000000, 1000000.00, 1, -24.54, -24.54
2026-06-28, 18:02:21, 1127000000, 1128000000, 1000000.00, 1, -24.65, -24.65
2026-06-28, 18:02:21, 1128000000, 1129000000, 1000000.00, 1, -24.67, -24.67
2026-06-28, 18:02:21, 1129000000, 1130000000, 1000000.00, 1, -24.64, -24.64
2026-06-28, 18:02:21, 1130000000, 1131000000, 1000000.00, 1, -24.61, -24.61
2026-06-28, 18:02:21, 1131000000, 1132000000, 1000000.00, 1, -24.59, -24.59
2026-06-28, 18:02:21, 1132000000, 1133000000, 1000000.00, 1, -24.51, -24.51
2026-06-28, 18:02:21, 1133000000, 1134000000, 1000000.00, 1, -24.73, -24.73
2026-06-28, 18:02:21, 1134000000, 1135000000, 1000000.00, 1, -24.69, -24.69
2026-06-28, 18:02:21, 1135000000, 1136000000, 1000000.00, 1, -24.70, -24.70
2026-06-28, 18:02:21, 1136000000, 1137000000, 1000000.00, 1, -24.62, -24.62
2026-06-28, 18:02:21, 1137000000, 1138000000, 1000000.00, 1, -24.60, -24.60
2026-06-28, 18:02:21, 1138000000, 1139000000, 1000000.00, 1, -24.58, -24.58
2026-06-28, 18:02:21, 1139000000, 1140000000, 1000000.00, 1, -24.50, -24.50
2026-06-28, 18:02:21, 1140000000, 1141000000, 1000000.00, 1, -24.68, -24.68
2026-06-28, 18:02:21, 1141000000, 1142000000, 1000000.00, 1, -24.61, -24.61
2026-06-28, 18:02:21, 1142000000, 1143000000, 1000000.00, 1, -24.58, -24.58
2026-06-28, 18:02:21, 1143000000, 1144000000, 1000000.00, 1, -24.58, -24.58
2026-06-28, 18:02:21, 1144000000, 1145000000, 1000000.00, 1, -24.54, -24.54
2026-06-28, 18:02:21, 1145000000, 1146000000, 1000000.00, 1, -24.50, -24.50
2026-06-28, 18:02:21, 1146000000, 1147000000, 1000000.00, 1, -24.68, -24.68
2026-06-28, 18:02:21, 1147000000, 1148000000, 1000000.00, 1, -24.64, -24.64
2026-06-28, 18:02:21, 1148000000, 1149000000, 1000000.00, 1, -24.63, -24.63
2026-06-28, 18:02:21, 1149000000, 1150000000, 1000000.00, 1, -24.62, -24.62
2026-06-28, 18:02:21, 1150000000, 1151000000, 1000000.00, 1, -24.56, -24.56
2026-06-28, 18:02:21, 1151000000, 1152000000, 1000000.00, 1, -24.54, -24.54
2026-06-28, 18:02:21, 1152000000, 1153000000, 1000000.00, 1, -24.75, -24.75
2026-06-28, 18:02:21, 1153000000, 1154000000, 1000000.00, 1, -24.73, -24.73
2026-06-28, 18:02:21, 1154000000, 1155000000, 1000000.00, 1, -24.63, -24.63
2026-06-28, 18:02:21, 1155000000, 1156000000, 1000000.00, 1, -24.64, -24.64
2026-06-28, 18:02:21, 1156000000, 1157000000, 1000000.00, 1, -24.59, -24.59
2026-06-28, 18:02:21, 1157000000, 1158000000, 1000000.00, 1, -24.52, -24.52
2026-06-28, 18:02:21, 1158000000, 1159000000, 1000000.00, 1, -24.50, -24.50
2026-06-28, 18:02:21, 1159000000, 1160000000, 1000000.00, 1, -24.67, -24.67
2026-06-28, 18:02:21, 1160000000, 1161000000, 1000000.00, 1, -24.67, -24.67
2026-06-28, 18:02:21, 1161000000, 1162000000, 1000000.00, 1, -24.65, -24.65
2026-06-28, 18:02:21, 1162000000, 1163000000, 1000000.00, 1, -24.57, -24.57
2026-06-28, 18:02:21, 1163000000, 1164000000, 1000000.00, 1, -24.56, -24.56
2026-06-28, 18:02:21, 1164000000, 1165000000, 1000000.00, 1, -24.59, -24.59
2026-06-28, 18:02:21, 1165000000, 1166000000, 1000000.00, 1, -24.77, -24.77
2026-06-28, 18:02:21, 1166000000, 1167000000, 1000000.00, 1, -24.67, -24.67
2026-06-28, 18:02:21, 1167000000, 1168000000, 1000000.00, 1, -24.61, -24.61
2026-06-28, 18:02:21, 1168000000, 1169000000, 1000000.00, 1, -24.57, -24.57
2026-06-28, 18:02:21, 1169000000, 1170000000, 1000000.00, 1, -24.59, -24.59
2026-06-28, 18:02:21, 1170000000, 1171000000, 1000000.00, 1, -24.52, -24.52
2026-06-28, 18:02:21, 1171000000, 1172000000, 1000000.00, 1, -24.58, -24.58
2026-06-28, 18:02:21, 1172000000, 1173000000, 1000000.00, 1, -24.71, -24.71
2026-06-28, 18:02:21, 1173000000, 1174000000, 1000000.00, 1, -24.64, -24.64
2026-06-28, 18:02:21, 1174000000, 1175000000, 1000000.00, 1, -24.59, -24.59
2026-06-28, 18:02:21, 1175000000, 1176000000, 1000000.00, 1, -24.53, -24.53
2026-06-28, 18:02:21, 1176000000, 1177000000, 1000000.00, 1, -24.58, -24.58
2026-06-28, 18:02:21, 1177000000, 1178000000, 1000000.00, 1, -24.52, -24.52
2026-06-28, 18:02:21, 1178000000, 1179000000, 1000000.00, 1, -24.70, -24.70
2026-06-28, 18:02:21, 1179000000, 1180000000, 1000000.00, 1, -24.63, -24.63
2026-06-28, 18:02:21, 1180000000, 1181000000, 1000000.00, 1, -24.57, -24.57
2026-06-28, 18:02:21, 1181000000, 1182000000, 1000000.00, 1, -24.65, -24.65
2026-06-28, 18:02:21, 1182000000, 1183000000, 1000000.00, 1, -24.52, -24.52
2026-06-28, 18:02:21, 1183000000, 1184000000, 1000000.00, 1, -24.54, -24.54
2026-06-28, 18:02:21, 1184000000, 1185000000, 1000000.00, 1, -24.70, -24.70
2026-06-28, 18:02:21, 1185000000, 1186000000, 1000000.00, 1, -24.66, -24.66
2026-06-28, 18:02:21, 1186000000, 1187000000, 1000000.00, 1, -24.62, -24.62
2026-06-28, 18:02:21, 1187000000, 1188000000, 1000000.00, 1, -24.61, -24.61
2026-06-28, 18:02:21, 1188000000, 1189000000, 1000000.00, 1, -24.58, -24.58
2026-06-28, 18:02:21, 1189000000, 1190000000, 1000000.00, 1, -24.56, -24.56
2026-06-28, 18:02:21, 1190000000, 1191000000, 1000000.00, 1, -24.58, -24.58
2026-06-28, 18:02:21, 1191000000, 1192000000, 1000000.00, 1, -24.70, -24.70
2026-06-28, 18:02:21, 1192000000, 1193000000, 1000000.00, 1, -24.66, -24.66
2026-06-28, 18:02:21, 1193000000, 1194000000, 1000000.00, 1, -24.63, -24.63
2026-06-28, 18:02:21, 1194000000, 1195000000, 1000000.00, 1, -24.59, -24.59
2026-06-28, 18:02:21, 1195000000, 1196000000, 1000000.00, 1, -24.55, -24.55
2026-06-28, 18:02:21, 1196000000, 1197000000, 1000000.00, 1, -24.51, -24.51
2026-06-28, 18:02:21, 1197000000, 1198000000, 1000000.00, 1, -24.71, -24.71
2026-06-28, 18:02:21, 1198000000, 1199000000, 1000000.00, 1, -24.62, -24.62
2026-06-28, 18:02:21, 1199000000, 1200000000, 1000000.00, 1, -24.61, -24.61
2026-06-28, 18:02:21, 1200000000, 1201000000, 1000000.00, 1, -24.59, -24.59
2026-06-28, 18:02:21, 1201000000, 1202000000, 1000000.00, 1, -24.62, -24.62
2026-06-28, 18:02:21, 1202000000, 1203000000, 1000000.00, 1, -24.56, -24.56
2026-06-28, 18:02:21, 1203000000, 1204000000, 1000000.00, 1, -24.68, -24.68
2026-06-28, 18:02:21, 1204000000, 1205000000, 1000000.00, 1, -24.68, -24.68
2026-06-28, 18:02:21, 1205000000, 1206000000, 1000000.00, 1, -24.65, -24.65
2026-06-28, 18:02:21, 1206000000, 1207000000, 1000000.00, 1, -24.61, -24.61
2026-06-28, 18:02:21, 1207000000, 1208000000, 1000000.00, 1, -24.53, -24.53
2026-06-28, 18:02:21, 1208000000, 1209000000, 1000000.00, 1, -24.58, -24.58
2026-06-28, 18:02:21, 1209000000, 1210000000, 1000000.00, 1, -24.50, -24.50
2026-06-28, 18:02:21, 1210000000, 1211000000, 1000000.00, 1, -24.67, -24.67
2026-06-28, 18:02:21, 1211000000, 1212000000, 1000000.00, 1, -24.59, -24.59
2026-06-28, 18:02:21, 1212000000, 1213000000, 1000000.00, 1, -24.61, -24.61
2026-06-28, 18:02:21, 1213000000, 1214000000, 1000000.00, 1, -24.61, -24.61
2026-06-28, 18:02:21, 1214000000, 1215000000, 1000000.00, 1, -24.56, -24.56
2026-06-28, 18:02:31, 960000000, 961000000, 1000000.00, 1, -24.56, -24.56
2026-06-28, 18:02:31, 961000000, 962000000, 1000000.00, 1, -24.69, -24.69
2026-06-28, 18:02:31, 962000000, 963000000, 1000000.00, 1, -24.67, -24.67
2026-06-28, 18:02:31, 963000000, 964000000, 1000000.00, 1, -24.58, -24.58
2026-06-28, 18:02:31, 964000000, 965000000, 1000000.00, 1, -24.63, -24.63
2026-06-28, 18:02:31, 965000000, 966000000, 1000000.00, 1, -24.59, -24.59
2026-06-28, 18:02:31, 966000000, 967000000, 1000000.00, 1, -24.58, -24.58
2026-06-28, 18:02:31, 967000000, 968000000, 1000000.00, 1, -24.72, -24.72
2026-06-28, 18:02:31, 968000000, 969000000, 1000000.00, 1, -24.73, -24.73
2026-06-28, 18:02:31, 969000000, 970000000, 1000000.00, 1, -24.63, -24.63
2026-06-28, 18:02:31, 970000000, 971000000, 1000000.00, 1, -24.58, -24.58
2026-06-28, 18:02:31, 971000000, 972000000, 1000000.00, 1, -24.61, -24.61
2026-06-28, 18:02:31, 972000000, 973000000, 1000000.00, 1, -24.55, -24.55
2026-06-28, 18:02:31, 973000000, 974000000, 1000000.00, 1, -24.49, -24.49
2026-06-28, 18:02:31, 974000000, 975000000, 1000000.00, 1, -24.66, -24.66
2026-06-28, 18:02:31, 975000000, 976000000, 1000000.00, 1, -24.61, -24.61
2026-06-28, 18:02:31, 976000000, 977000000, 1000000.00, 1, -24.65, -24.65
2026-06-28, 18:02:31, 977000000, 978000000, 1000000.00, 1, -24.57, -24.57
2026-06-28, 18:02:31, 978000000, 979000000, 1000000.00, 1, -24.54, -24.54
2026-06-28, 18:02:31, 979000000, 980000000, 1000000.00, 1, -24.57, -24.57
2026-06-28, 18:02:31, 980000000, 981000000, 1000000.00, 1, -24.69, -24.69
2026-06-28, 18:02:31, 981000000, 982000000, 1000000.00, 1, -24.69, -24.69
2026-06-28, 18:02:31, 982000000, 983000000, 1000000.00, 1, -24.62, -24.62
2026-06-28, 18:02:31, 983000000, 984000000, 1000000.00, 1, -24.61, -24.61
2026-06-28, 18:02:31, 984000000, 985000000, 1000000.00, 1, -24.57, -24.57
2026-06-28, 18:02:31, 985000000, 986000000, 1000000.00, 1, -24.56, -24.56
2026-06-28, 18:02:31, 986000000, 987000000, 1000000.00, 1, -24.69, -24.69
2026-06-28, 18:02:31, 987000000, 988000000, 1000000.00, 1, -24.65, -24.65
2026-06-28, 18:02:31, 988000000, 989000000, 1000000.00, 1, -24.65, -24.65
2026-06-28, 18:02:31, 989000000, 990000000, 1000000.00, 1, -24.64, -24.64
2026-06-28, 18:02:31, 990000000, 991000000, 1000000.00, 1, -24.56, -24.56
2026-06-28, 18:02:31, 991000000, 992000000, 1000000.00, 1, -24.54, -24.54
2026-06-28, 18:02:31, 992000000, 993000000, 1000000.00, 1, -24.58, -24.58
2026-06-28, 18:02:31, 993000000, 994000000, 1000000.00, 1, -24.67, -24.67
2026-06-28, 18:02:31, 994000000, 995000000, 1000000.00, 1, -24.66, -24.66
2026-06-28, 18:02:31, 995000000, 996000000, 1000000.00, 1, -24.61, -24.61
2026-06-28, 18:02:31, 996000000, 997000000, 1000000.00, 1, -24.60, -24.60
2026-06-28, 18:02:31, 997000000, 998000000, 1000000.00, 1, -24.56, -24.56
2026-06-28, 18:02:31, 998000000, 999000000, 1000000.00, 1, -24.47, -24.47
2026-06-28, 18:02:31, 999000000, 1000000000, 1000000.00, 1, -24.53, -24.53
2026-06-28, 18:02:31, 1000000000, 1001000000, 1000000.00, 1, -24.72, -24.72
2026-06-28, 18:02:31, 1001000000, 1002000000, 1000000.00, 1, -24.63, -24.63
2026-06-28, 18:02:31, 1002000000, 1003000000, 1000000.00, 1, -24.60, -24.60
2026-06-28, 18:02:31, 1003000000, 1004000000, 1000000.00, 1, -24.51, -24.51
2026-06-28, 18:02:31, 1004000000, 1005000000, 1000000.00, 1, -24.52, -24.52
2026-06-28, 18:02:31, 1005000000, 1006000000, 1000000.00, 1, -24.66, -24.66
2026-06-28, 18:02:31, 1006000000, 1007000000, 1000000.00, 1, -24.63, -24.63
2026-06-28, 18:02:31, 1007000000, 1008000000, 1000000.00, 1, -24.64, -24.64
2026-06-28, 18:02:31, 1008000000, 1009000000, 1000000.00, 1, -24.55, -24.55
2026-06-28, 18:02:31, 1009000000, 1010000000, 1000000.00, 1, -24.64, -24.64
2026-06-28, 18:02:31, 1010000000, 1011000000, 1000000.00, 1, -24.58, -24.58
2026-06-28, 18:02:31, 1011000000, 1012000000, 1000000.00, 1, -24.48, -24.48
2026-06-28, 18:02:31, 1012000000, 1013000000, 1000000.00, 1, -24.68, -24.68
2026-06-28, 18:02:31, 1013000000, 1014000000, 1000000.00, 1, -24.65, -24.65
2026-06-28, 18:02:31, 1014000000, 1015000000, 1000000.00, 1, -24.55, -24.55
2026-06-28, 18:02:31, 1015000000, 1016000000, 1000000.00, 1, -24.56, -24.56
2026-06-28, 18:02:31, 1016000000, 1017000000, 1000000.00, 1, -24.59, -24.59
2026-06-28, 18:02:31, 1017000000, 1018000000, 1000000.00, 1, -24.52, -24.52
2026-06-28, 18:02:31, 1018000000, 1019000000, 1000000.00, 1, -24.70, -24.70
2026-06-28, 18:02:31, 1019000000, 1020000000, 1000000.00, 1, -24.71, -24.71
2026-06-28, 18:02:31, 1020000000, 1021000000, 1000000.00, 1, -24.61, -24.61
2026-06-28, 18:02:31, 1021000000, 1022000000, 1000000.00, 1, -24.61, -24.61
2026-06-28, 18:02:31, 1022000000, 1023000000, 1000000.00, 1, -24.60, -24.60
2026-06-28, 18:02:31, 1023000000, 1024000000, 1000000.00, 1, -24.55, -24.55
2026-06-28, 18:02:31, 1024000000, 1025000000, 1000000.00, 1, -24.64, -24.64
2026-06-28, 18:02:31, 1025000000, 1026000000, 1000000.00, 1, -24.61, -24.61
2026-06-28, 18:02:31, 1026000000, 1027000000, 1000000.00, 1, -24.66, -24.66
2026-06-28, 18:02:31, 1027000000, 1028000000, 1000000.00, 1, -24.62, -24.62
2026-06-28, 18:02:31, 1028000000, 1029000000, 1000000.00, 1, -24.56, -24.56
2026-06-28, 18:02:31, 1029000000, 1030000000, 1000000.00, 1, -24.60, -24.60
2026-06-28, 18:02:31, 1030000000, 1031000000, 1000000.00, 1, -24.53, -24.53
2026-06-28, 18:02:31, 1031000000, 1032000000, 1000000.00, 1, -24.70, -24.70
2026-06-28, 18:02:31, 1032000000, 1033000000, 1000000.00, 1, -24.61, -24.61
2026-06-28, 18:02:31, 1033000000, 1034000000, 1000000.00, 1, -24.62, -24.62
2026-06-28, 18:02:31, 1034000000, 1035000000, 1000000.00, 1, -24.57, -24.57
2026-06-28, 18:02:31, 1035000000, 1036000000, 1000000.00, 1, -24.55, -24.55
2026-06-28, 18:02:31, 1036000000, 1037000000, 1000000.00, 1, -24.50, -24.50
2026-06-28, 18:02:31, 1037000000, 1038000000, 1000000.00, 1, -24.73, -24.73
2026-06-28, 18:02:31, 1038000000, 1039000000, 1000000.00, 1, -24.66, -24.66
2026-06-28, 18:02:31, 1039000000, 1040000000, 1000000.00, 1, -24.57, -24.57
2026-06-28, 18:02:31, 1040000000, 1041000000, 1000000.00, 1, -24.58, -24.58
2026-06-28, 18:02:31, 1041000000, 1042000000, 1000000.00, 1, -24.55, -24.55
2026-06-28, 18:02:31, 1042000000, 1043000000, 1000000.00, 1, -24.60, -24.60
2026-06-28, 18:02:31, 1043000000, 1044000000, 1000000.00, 1, -24.52, -24.52
2026-06-28, 18:02:31, 1044000000, 1045000000, 1000000.00, 1, -24.65, -24.65
2026-06-28, 18:02:31, 1045000000, 1046000000, 1000000.00, 1, -24.69, -24.69
2026-06-28, 18:02:31, 1046000000, 1047000000, 1000000.00, 1, -24.60, -24.60
2026-06-28, 18:02:31, 1047000000, 1048000000, 1000000.00, 1, -24.56, -24.56
2026-06-28, 18:02:31, 1048000000, 1049000000, 1000000.00, 1, -24.58, -24.58
2026-06-28, 18:02:31, 1049000000, 1050000000, 1000000.00, 1, -24.56, -24.56
2026-06-28, 18:02:31, 1050000000, 1051000000, 1000000.00, 1, -24.67, -24.67
2026-06-28, 18:02:31, 1051000000, 1052000000, 1000000.00, 1, -24.62, -24.62
2026-06-28, 18:02:31, 1052000000, 1053000000, 1000000.00, 1, -24.63, -24.63
2026-06-28, 18:02:31, 1053000000, 1054000000, 1000000.00, 1, -24.55, -24.55
2026-06-28, 18:02:31, 1054000000, 1055000000, 1000000.00, 1, -24.56, -24.56
2026-06-28, 18:02:31, 1055000000, 1056000000, 1000000.00, 1, -24.53, -24.53
2026-06-28, 18:02:31, 1056000000, 1057000000, 1000000.00, 1, -24.66, -24.66
2026-06-28, 18:02:31, 1057000000, 1058000000, 1000000.00, 1, -24.66, -24.66
2026-06-28, 18:02:31, 1058000000, 1059000000, 1000000.00, 1, -24.65, -24.65
2026-06-28, 18:02:31, 1059000000, 1060000000, 1000000.00, 1, -24.61, -24.61
2026-06-28, 18:02:31, 1060000000, 1061000000, 1000000.00, 1, -24.56, -24.56
2026-06-28, 18:02:31, 1061000000, 1062000000, 1000000.00, 1, -24.50, -24.50
2026-06-28, 18:02:31, 1062000000, 1063000000, 1000000.00, 1, -24.54, -24.54
2026-06-28, 18:02:31, 1063000000, 1064000000, 1000000.00, 1, -24.72, -24.72
2026-06-28, 18:02:31, 1064000000, 1065000000, 1000000.00, 1, -24.60, -24.60
2026-06-28, 18:02:31, 1065000000, 1066000000, 1000000.00, 1, -24.64, -24.64
2026-06-28, 18:02:31, 1066000000, 1067000000, 1000000.00, 1, -24.60, -24.60
2026-06-28, 18:02:31, 1067000000, 1068000000, 1000000.00, 1, -24.56, -24.56
2026-06-28, 18:02:31, 1068000000, 1069000000, 1000000.00, 1, -24.56, -24.56
2026-06-28, 18:02:31, 1069000000, 1070000000, 1000000.00, 1, -24.69, -24.69
2026-06-28, 18:02:31, 1070000000, 1071000000, 1000000.00, 1, -24.67, -24.67
2026-06-28, 18:02:31, 1071000000, 1072000000, 1000000.00, 1, -24.67, -24.67
2026-06-28, 18:02:31, 1072000000, 1073000000, 1000000.00, 1, -24.58, -24.58
2026-06-28, 18:02:31, 1073000000, 1074000000, 1000000.00, 1, -24.55, -24.55
2026-06-28, 18:02:31, 1074000000, 1075000000, 1000000.00, 1, -24.50, -24.50
2026-06-28, 18:02:31, 1075000000, 1076000000, 1000000.00, 1, -24.67, -24.67
2026-06-28, 18:02:31, 1076000000, 1077000000, 1000000.00, 1, -24.71, -24.71
2026-06-28, 18:02:31, 1077000000, 1078000000, 1000000.00, 1, -24.60, -24.60
2026-06-28, 18:02:31, 1078000000, 1079000000, 1000000.00, 1, -24.64, -24.64
2026-06-28, 18:02:31, 1079000000, 1080000000, 1000000.00, 1, -24.61, -24.61
2026-06-28, 18:02:31, 1080000000, 1081000000, 1000000.00, 1, -24.51, -24.51
2026-06-28, 18:02:31, 1081000000, 1082000000, 1000000.00, 1, -24.53, -24.53
2026-06-28, 18:02:31, 1082000000, 1083000000, 1000000.00, 1, -24.69, -24.69
2026-06-28, 18:02:31, 1083000000, 1084000000, 1000000.00, 1, -24.68, -24.68
2026-06-28, 18:02:31, 1084000000, 1085000000, 1000000.00, 1, -24.63, -24.63
2026-06-28, 18:02:31, 1085000000, 1086000000, 1000000.00, 1, -24.57, -24.57
2026-06-28, 18:02:31, 1086000000, 1087000000, 1000000.00, 1, -24.55, -24.55
2026-06-28, 18:02:31, 1087000000, 1088000000, 1000000.00, 1, -24.51, -24.51
2026-06-28, 18:02:31, 1088000000, 1089000000, 1000000.00, 1, -24.68, -24.68
2026-06-28, 18:02:31, 1089000000, 1090000000, 1000000.00, 1, -24.70, -24.70
2026-06-28, 18:02:31, 1090000000, 1091000000, 1000000.00, 1, -24.65, -24.65
2026-06-28, 18:02:31, 1091000000, 1092000000, 1000000.00, 1, -24.61, -24.61
2026-06-28, 18:02:31, 1092000000, 1093000000, 1000000.00, 1, -24.58, -24.58
2026-06-28, 18:02:31, 1093000000, 1094000000, 1000000.00, 1, -24.51, -24.51
2026-06-28, 18:02:31, 1094000000, 1095000000, 1000000.00, 1, -24.66, -24.66
2026-06-28, 18:02:31, 1095000000, 1096000000, 1000000.00, 1, -24.69, -24.69
2026-06-28, 18:02:31, 1096000000, 1097000000, 1000000.00, 1, -24.60, -24.60
2026-06-28, 18:02:31, 1097000000, 1098000000, 1000000.00, 1, -24.54, -24.54
2026-06-28, 18:02:31, 1098000000, 1099000000, 1000000.00, 1, -24.61, -24.61
2026-06-28, 18:02:31, 1099000000, 1100000000, 1000000.00, 1, -24.55, -24.55
2026-06-28, 18:02:31, 1100000000, 1101000000, 1000000.00, 1, -24.51, -24.51
2026-06-28, 18:02:31, 1101000000, 1102000000, 1000000.00, 1, -24.67, -24.67
2026-06-28, 18:02:31, 1102000000, 1103000000, 1000000.00, 1, -24.64, -24.64
2026-06-28, 18:02:31, 1103000000, 1104000000, 1000000.00, 1, -24.67, -24.67
2026-06-28, 18:02:31, 1104000000, 1105000000, 1000000.00, 1, -24.55, -24.55
2026-06-28, 18:02:31, 1105000000, 1106000000, 1000000.00, 1, -24.56, -24.56
2026-06-28, 18:02:31, 1106000000, 1107000000, 1000000.00, 1, -24.50, -24.50
2026-06-28, 18:02:31, 1107000000, 1108000000, 1000000.00, 1, -24.69, -24.69
2026-06-28, 18:02:31, 1108000000, 1109000000, 1000000.00, 1, -24.66, -24.66
2026-06-28, 18:02:31, 1109000000, 1110000000, 1000000.00, 1, -24.61, -24.61
2026-06-28, 18:02:31, 1110000000, 1111000000, 1000000.00, 1, -24.56, -24.56
2026-06-28, 18:02:31, 1111000000, 1112000000, 1000000.00, 1, -24.62, -24.62
2026-06-28, 18:02:31, 1112000000, 1113000000, 1000000.00, 1, -24.61, -24.61
2026-06-28, 18:02:31, 1113000000, 1114000000, 1000000.00, 1, -24.63, -24.63
2026-06-28, 18:02:31, 1114000000, 1115000000, 1000000.00, 1, -24.68, -24.68
2026-06-28, 18:02:31, 1115000000, 1116000000, 1000000.00, 1, -24.66, -24.66
2026-06-28, 18:02:31, 1116000000, 1117000000, 1000000.00, 1, -24.59, -24.59
2026-06-28, 18:02:31, 1117000000, 1118000000, 1000000.00, 1, -24.62, -24.62
2026-06-28, 18:02:31, 1118000000, 1119000000, 1000000.00, 1, -24.60, -24.60
2026-06-28, 18:02:31, 1119000000, 1120000000, 1000000.00, 1, -24.51, -24.51
2026-06-28, 18:02:31, 1120000000, 1121000000, 1000000.00, 1, -24.66, -24.66
2026-06-28, 18:02:31, 1121000000, 1122000000, 1000000.00, 1, -24.64, -24.64
2026-06-28, 18:02:31, 1122000000, 1123000000, 1000000.00, 1, -24.60, -24.60
2026-06-28, 18:02:31, 1123000000, 1124000000, 1000000.00, 1, -24.61, -24.61
2026-06-28, 18:02:31, 1124000000, 1125000000, 1000000.00, 1, -24.52, -24.52
2026-06-28, 18:02:31, 1125000000, 1126000000, 1000000.00, 1, -24.56, -24.56
2026-06-28, 18:02:31, 1126000000, 1127000000, 1000000.00, 1, -24.68, -24.68
2026-06-28, 18:02:31, 1127000000, 1128000000, 1000000.00, 1, -24.71, -24.71
2026-06-28, 18:02:31, 1128000000, 1129000000, 1000000.00, 1, -24.57, -24.57
2026-06-28, 18:02:31, 1129000000, 1130000000, 1000000.00, 1, -24.65, -24.65
2026-06-28, 18:02:31, 1130000000, 1131000000, 1000000.00, 1, -24.63, -24.63
2026-06-28, 18:02:31, 1131000000, 1132000000, 1000000.00, 1, -24.57, -24.57
2026-06-28, 18:02:31, 1132000000, 1133000000, 1000000.00, 1, -24.55, -24.55
2026-06-28, 18:02:31, 1133000000, 1134000000, 1000000.00, 1, -24.68, -24.68
2026-06-28, 18:02:31, 1134000000, 1135000000, 1000000.00, 1, -24.61, -24.61
2026-06-28, 18:02:31, 1135000000, 1136000000, 1000000.00, 1, -24.65, -24.65
2026-06-28, 18:02:31, 1136000000, 1137000000, 1000000.00, 1, -24.60, -24.60
2026-06-28, 18:02:31, 1137000000, 1138000000, 1000000.00, 1, -24.60, -24.60
2026-06-28, 18:02:31, 1138000000, 1139000000, 1000000.00, 1, -24.50, -24.50
2026-06-28, 18:02:31, 1139000000, 1140000000, 1000000.00, 1, -24.70, -24.70
2026-06-28, 18:02:31, 1140000000, 1141000000, 1000000.00, 1, -24.60, -24.60
2026-06-28, 18:02:31, 1141000000, 1142000000, 1000000.00, 1, -24.53, -24.53
2026-06-28, 18:02:31, 1142000000, 1143000000, 1000000.00, 1, -24.50, -24.50
2026-06-28, 18:02:31, 1143000000, 1144000000, 1000000.00, 1, -24.56, -24.56
2026-06-28, 18:02:31, 1144000000, 1145000000, 1000000.00, 1, -24.53, -24.53
2026-06-28, 18:02:31, 1145000000, 1146000000, 1000000.00, 1, -24.68, -24.68
2026-06-28, 18:02:31, 1146000000, 1147000000, 1000000.00, 1, -24.67, -24.67
2026-06-28, 18:02:31, 1147000000, 1148000000, 1000000.00, 1, -24.64, -24.64
2026-06-28, 18:02:31, 1148000000, 1149000000, 1000000.00, 1, -24.58, -24.58
2026-06-28, 18:02:31, 1149000000, 1150000000, 1000000.00, 1, -24.59, -24.59
2026-06-28, 18:02:31, 1150000000, 1151000000, 1000000.00, 1, -24.54, -24.54
2026-06-28, 18:02:31, 1151000000, 1152000000, 1000000.00, 1, -24.54, -24.54
2026-06-28, 18:02:31, 1152000000, 1153000000, 1000000.00, 1, -24.64, -24.64
2026-06-28, 18:02:31, 1153000000, 1154000000, 1000000.00, 1, -24.58, -24.58
2026-06-28, 18:02:31, 1154000000, 1155000000, 1000000.00, 1, -24.62, -24.62
2026-06-28, 18:02:31, 1155000000, 1156000000, 1000000.00, 1, -24.57, -24.57
2026-06-28, 18:02:31, 1156000000, 1157000000, 1000000.00, 1, -24.60, -24.60
2026-06-28, 18:02:31, 1157000000, 1158000000, 1000000.00, 1, -24.56, -24.56
2026-06-28, 18:02:31, 1158000000, 1159000000, 1000000.00, 1, -24.76, -24.76
2026-06-28, 18:02:31, 1159000000, 1160000000, 1000000.00, 1, -24.71, -24.71
2026-06-28, 18:02:31, 1160000000, 1161000000, 1000000.00, 1, -24.62, -24.62
2026-06-28, 18:02:31, 1161000000, 1162000000, 1000000.00, 1, -24.57, -24.57
2026-06-28, 18:02:31, 1162000000, 1163000000, 1000000.00, 1, -24.63, -24.63
2026-06-28, 18:02:31, 1163000000, 1164000000, 1000000.00, 1, -24.54, -24.54
2026-06-28, 18:02:31, 1164000000, 1165000000, 1000000.00, 1, -24.73, -24.73
2026-06-28, 18:02:31, 1165000000, 1166000000, 1000000.00, 1, -24.65, -24.65
2026-06-28, 18:02:31, 1166000000, 1167000000, 1000000.00, 1, -24.65, -24.65
2026-06-28, 18:02:31, 1167000000, 1168000000, 1000000.00, 1, -24.65, -24.65
2026-06-28, 18:02:31, 1168000000, 1169000000, 1000000.00, 1, -24.53, -24.53
2026-06-28, 18:02:31, 1169000000, 1170000000, 1000000.00, 1, -24.58, -24.58
2026-06-28, 18:02:31, 1170000000, 1171000000, 1000000.00, 1, -24.54, -24.54
2026-06-28, 18:02:31, 1171000000, 1172000000, 1000000.00, 1, -24.64, -24.64
2026-06-28, 18:02:31, 1172000000, 1173000000, 1000000.00, 1, -24.67, -24.67
2026-06-28, 18:02:31, 1173000000, 1174000000, 1000000.00, 1, -24.66, -24.66
2026-06-28, 18:02:31, 1174000000, 1175000000, 1000000.00, 1, -24.59, -24.59
2026-06-28, 18:02:31, 1175000000, 1176000000, 1000000.00, 1, -24.55, -24.55
2026-06-28, 18:02:31, 1176000000, 1177000000, 1000000.00, 1, -24.50, -24.50
2026-06-28, 18:02:31, 1177000000, 1178000000, 1000000.00, 1, -24.71, -24.71
2026-06-28, 18:02:31, 1178000000, 1179000000, 1000000.00, 1, -24.68, -24.68
2026-06-28, 18:02:31, 1179000000, 1180000000, 1000000.00, 1, -24.64, -24.64
2026-06-28, 18:02:31, 1180000000, 1181000000, 1000000.00, 1, -24.54, -24.54
2026-06-28, 18:02:31, 1181000000, 1182000000, 1000000.00, 1, -24.59, -24.59
2026-06-28, 18:02:31, 1182000000, 1183000000, 1000000.00, 1, -24.53, -24.53
2026-06-28, 18:02:31, 1183000000, 1184000000, 1000000.00, 1, -24.66, -24.66
2026-06-28, 18:02:31, 1184000000, 1185000000, 1000000.00, 1, -24.71, -24.71
2026-06-28, 18:02:31, 1185000000, 1186000000, 1000000.00, 1, -24.65, -24.65
2026-06-28, 18:02:31, 1186000000, 1187000000, 1000000.00, 1, -24.62, -24.62
2026-06-28, 18:02:31, 1187000000, 1188000000, 1000000.00, 1, -24.57, -24.57
2026-06-28, 18:02:31, 1188000000, 1189000000, 1000000.00, 1, -24.52, -24.52
2026-06-28, 18:02:31, 1189000000, 1190000000, 1000000.00, 1, -24.51, -24.51
2026-06-28, 18:02:31, 1190000000, 1191000000, 1000000.00, 1, -24.73, -24.73
2026-06-28, 18:02:31, 1191000000, 1192000000, 1000000.00, 1, -24.65, -24.65
2026-06-28, 18:02:31, 1192000000, 1193000000, 1000000.00, 1, -24.63, -24.63
2026-06-28, 18:02:31, 1193000000, 1194000000, 1000000.00, 1, -24.57, -24.57
2026-06-28, 18:02:31, 1194000000, 1195000000, 1000000.00, 1, -24.55, -24.55
2026-06-28, 18:02:31, 1195000000, 1196000000, 1000000.00, 1, -24.55, -24.55
2026-06-28, 18:02:31, 1196000000, 1197000000, 1000000.00, 1, -24.74, -24.74
2026-06-28, 18:02:31, 1197000000, 1198000000, 1000000.00, 1, -24.72, -24.72
2026-06-28, 18:02:31, 1198000000, 1199000000, 1000000.00, 1, -24.66, -24.66
2026-06-28, 18:02:31, 1199000000, 1200000000, 1000000.00, 1, -24.62, -24.62
2026-06-28, 18:02:31, 1200000000, 1201000000, 1000000.00, 1, -24.60, -24.60
2026-06-28, 18:02:31, 1201000000, 1202000000, 1000000.00, 1, -24.53, -24.53
2026-06-28, 18:02:31, 1202000000, 1203000000, 1000000.00, 1, -24.62, -24.62
2026-06-28, 18:02:31, 1203000000, 1204000000, 1000000.00, 1, -24.62, -24.62
2026-06-28, 18:02:31, 1204000000, 1205000000, 1000000.00, 1, -24.64, -24.64
2026-06-28, 18:02:31, 1205000000, 1206000000, 1000000.00, 1, -24.62, -24.62
2026-06-28, 18:02:31, 1206000000, 1207000000, 1000000.00, 1, -24.60, -24.60
2026-06-28, 18:02:31, 1207000000, 1208000000, 1000000.00, 1, -24.53, -24.53
2026-06-28, 18:02:31, 1208000000, 1209000000, 1000000.00, 1, -24.49, -24.49
2026-06-28, 18:02:31, 1209000000, 1210000000, 1000000.00, 1, -24.68, -24.68
2026-06-28, 18:02:31, 1210000000, 1211000000, 1000000.00, 1, -24.63, -24.63
2026-06-28, 18:02:31, 1211000000, 1212000000, 1000000.00, 1, -24.68, -24.68
2026-06-28, 18:02:31, 1212000000, 1213000000, 1000000.00, 1, -24.57, -24.57
2026-06-28, 18:02:31, 1213000000, 1214000000, 1000000.00, 1, -24.59, -24.59
2026-06-28, 18:02:31, 1214000000, 1215000000, 1000000.00, 1, -24.47, -24.47
2026-06-28, 18:02:42, 960000000, 961000000, 1000000.00, 1, -24.72, -24.72
2026-06-28, 18:02:42, 961000000, 962000000, 1000000.00, 1, -24.62, -24.62
2026-06-28, 18:02:42, 962000000, 963000000, 1000000.00, 1, -24.64, -24.64
2026-06-28, 18:02:42, 963000000, 964000000, 1000000.00, 1, -24.64, -24.64
2026-06-28, 18:02:42, 964000000, 965000000, 1000000.00, 1, -24.55, -24.55
2026-06-28, 18:02:42, 965000000, 966000000, 1000000.00, 1, -24.51, -24.51
2026-06-28, 18:02:42, 966000000, 967000000, 1000000.00, 1, -24.56, -24.56
2026-06-28, 18:02:42, 967000000, 968000000, 1000000.00, 1, -24.68, -24.68
2026-06-28, 18:02:42, 968000000, 969000000, 1000000.00, 1, -24.61, -24.61
2026-06-28, 18:02:42, 969000000, 970000000, 1000000.00, 1, -24.57, -24.57
2026-06-28, 18:02:42, 970000000, 971000000, 1000000.00, 1, -24.60, -24.60
2026-06-28, 18:02:42, 971000000, 972000000, 1000000.00, 1, -24.60, -24.60
2026-06-28, 18:02:42, 972000000, 973000000, 1000000.00, 1, -24.50, -24.50
2026-06-28, 18:02:42, 973000000, 974000000, 1000000.00, 1, -24.69, -24.69
2026-06-28, 18:02:42, 974000000, 975000000, 1000000.00, 1, -24.65, -24.65
2026-06-28, 18:02:42, 975000000, 976000000, 1000000.00, 1, -24.63, -24.63
2026-06-28, 18:02:42, 976000000, 977000000, 1000000.00, 1, -24.56, -24.56
2026-06-28, 18:02:42, 977000000, 978000000, 1000000.00, 1, -24.52, -24.52
2026-06-28, 18:02:42, 978000000, 979000000, 1000000.00, 1, -24.57, -24.57
2026-06-28, 18:02:42, 979000000, 980000000, 1000000.00, 1, -24.66, -24.66
2026-06-28, 18:02:42, 980000000, 981000000, 1000000.00, 1, -24.72, -24.72
2026-06-28, 18:02:42, 981000000, 982000000, 1000000.00, 1, -24.67, -24.67
2026-06-28, 18:02:42, 982000000, 983000000, 1000000.00, 1, -24.57, -24.57
2026-06-28, 18:02:42, 983000000, 984000000, 1000000.00, 1, -24.57, -24.57
2026-06-28, 18:02:42, 984000000, 985000000, 1000000.00, 1, -24.57, -24.57
2026-06-28, 18:02:42, 985000000, 986000000, 1000000.00, 1, -24.53, -24.53
2026-06-28, 18:02:42, 986000000, 987000000, 1000000.00, 1, -24.67, -24.67
2026-06-28, 18:02:42, 987000000, 988000000, 1000000.00, 1, -24.60, -24.60
2026-06-28, 18:02:42, 988000000, 989000000, 1000000.00, 1, -24.59, -24.59
2026-06-28, 18:02:42, 989000000, 990000000, 1000000.00, 1, -24.53, -24.53
2026-06-28, 18:02:42, 990000000, 991000000, 1000000.00, 1, -24.57, -24.57
2026-06-28, 18:02:42, 991000000, 992000000, 1000000.00, 1, -24.53, -24.53
2026-06-28, 18:02:42, 992000000, 993000000, 1000000.00, 1, -24.77, -24.77
2026-06-28, 18:02:42, 993000000, 994000000, 1000000.00, 1, -24.76, -24.76
2026-06-28, 18:02:42, 994000000, 995000000, 1000000.00, 1, -24.66, -24.66
2026-06-28, 18:02:42, 995000000, 996000000, 1000000.00, 1, -24.60, -24.60
2026-06-28, 18:02:42, 996000000, 997000000, 1000000.00, 1, -24.59, -24.59
2026-06-28, 18:02:42, 997000000, 998000000, 1000000.00, 1, -24.52, -24.52
2026-06-28, 18:02:42, 998000000, 999000000, 1000000.00, 1, -24.52, -24.52
2026-06-28, 18:02:42, 999000000, 1000000000, 1000000.00, 1, -24.55, -24.55
2026-06-28, 18:02:42, 1000000000, 1001000000, 1000000.00, 1, -24.66, -24.66
2026-06-28, 18:02:42, 1001000000, 1002000000, 1000000.00, 1, -24.64, -24.64
2026-06-28, 18:02:42, 1002000000, 1003000000, 1000000.00, 1, -24.52, -24.52
2026-06-28, 18:02:42, 1003000000, 1004000000, 1000000.00, 1, -24.55, -24.55
2026-06-28, 18:02:42, 1004000000, 1005000000, 1000000.00, 1, -24.56, -24.56
2026-06-28, 18:02:42, 1005000000, 1006000000, 1000000.00, 1, -24.70, -24.70
2026-06-28, 18:02:42, 1006000000, 1007000000, 1000000.00, 1, -24.61, -24.61
2026-06-28, 18:02:42, 1007000000, 1008000000, 1000000.00, 1, -24.70, -24.70
2026-06-28, 18:02:42, 1008000000, 1009000000, 1000000.00, 1, -24.55, -24.55
2026-06-28, 18:02:42, 1009000000, 1010000000, 1000000.00, 1, -24.52, -24.52
2026-06-28, 18:02:42, 1010000000, 1011000000, 1000000.00, 1, -24.52, -24.52
2026-06-28, 18:02:42, 1011000000, 1012000000, 1000000.00, 1, -24.64, -24.64
2026-06-28, 18:02:42, 1012000000, 1013000000, 1000000.00, 1, -24.67, -24.67
2026-06-28, 18:02:42, 1013000000, 1014000000, 1000000.00, 1, -24.66, -24.66
2026-06-28, 18:02:42, 1014000000, 1015000000, 1000000.00, 1, -24.54, -24.54
2026-06-28, 18:02:42, 1015000000, 1016000000, 1000000.00, 1, -24.59, -24.59
2026-06-28, 18:02:42, 1016000000, 1017000000, 1000000.00, 1, -24.48, -24.48
2026-06-28, 18:02:42, 1017000000, 1018000000, 1000000.00, 1, -24.73, -24.73
2026-06-28, 18:02:42, 1018000000, 1019000000, 1000000.00, 1, -24.66, -24.66
2026-06-28, 18:02:42, 1019000000, 1020000000, 1000000.00, 1, -24.64, -24.64
2026-06-28, 18:02:42, 1020000000, 1021000000, 1000000.00, 1, -24.63, -24.63
2026-06-28, 18:02:42, 1021000000, 1022000000, 1000000.00, 1, -24.51, -24.51
2026-06-28, 18:02:42, 1022000000, 1023000000, 1000000.00, 1, -24.53, -24.53
2026-06-28, 18:02:42, 1023000000, 1024000000, 1000000.00, 1, -24.53, -24.53
2026-06-28, 18:02:42, 1024000000, 1025000000, 1000000.00, 1, -24.67, -24.67
2026-06-28, 18:02:42, 1025000000, 1026000000, 1000000.00, 1, -24.58, -24.58
2026-06-28, 18:02:42, 1026000000, 1027000000, 1000000.00, 1, -24.64, -24.64
2026-06-28, 18:02:42, 1027000000, 1028000000, 1000000.00, 1, -24.56, -24.56
2026-06-28, 18:02:42, 1028000000, 1029000000, 1000000.00, 1, -24.49, -24.49
2026-06-28, 18:02:42, 1029000000, 1030000000, 1000000.00, 1, -24.54, -24.54
2026-06-28, 18:02:42, 1030000000, 1031000000, 1000000.00, 1, -24.67, -24.67
2026-06-28, 18:02:42, 1031000000, 1032000000, 1000000.00, 1, -24.71, -24.71
2026-06-28, 18:02:42, 1032000000, 1033000000, 1000000.00, 1, -24.62, -24.62
2026-06-28, 18:02:42, 1033000000, 1034000000, 1000000.00, 1, -24.63, -24.63
2026-06-28, 18:02:42, 1034000000, 1035000000, 1000000.00, 1, -24.61, -24.61
2026-06-28, 18:02:42, 1035000000, 1036000000, 1000000.00, 1, -24.54, -24.54
2026-06-28, 18:02:42, 1036000000, 1037000000, 1000000.00, 1, -24.69, -24.69
2026-06-28, 18:02:42, 1037000000, 1038000000, 1000000.00, 1, -24.68, -24.68
2026-06-28, 18:02:42, 1038000000, 1039000000, 1000000.00, 1, -24.65, -24.65
2026-06-28, 18:02:42, 1039000000, 1040000000, 1000000.00, 1, -24.61, -24.61
2026-06-28, 18:02:42, 1040000000, 1041000000, 1000000.00, 1, -24.58, -24.58
2026-06-28, 18:02:42, 1041000000, 1042000000, 1000000.00, 1, -24.56, -24.56
2026-06-28, 18:02:42, 1042000000, 1043000000, 1000000.00, 1, -24.57, -24.57
2026-06-28, 18:02:42, 1043000000, 1044000000, 1000000.00, 1, -24.72, -24.72
2026-06-28, 18:02:42, 1044000000, 1045000000, 1000000.00, 1, -24.66, -24.66
2026-06-28, 18:02:42, 1045000000, 1046000000, 1000000.00, 1, -24.58, -24.58
2026-06-28, 18:02:42, 1046000000, 1047000000, 1000000.00, 1, -24.55, -24.55
2026-06-28, 18:02:42, 1047000000, 1048000000, 1000000.00, 1, -24.58, -24.58
2026-06-28, 18:02:42, 1048000000, 1049000000, 1000000.00, 1, -24.55, -24.55
2026-06-28, 18:02:42, 1049000000, 1050000000, 1000000.00, 1, -24.64, -24.64
2026-06-28, 18:02:42, 1050000000, 1051000000, 1000000.00, 1, -24.60, -24.60
2026-06-28, 18:02:42, 1051000000, 1052000000, 1000000.00, 1, -24.62, -24.62
2026-06-28, 18:02:42, 1052000000, 1053000000, 1000000.00, 1, -24.57, -24.57
2026-06-28, 18:02:42, 1053000000, 1054000000, 1000000.00, 1, -24.59, -24.59
2026-06-28, 18:02:42, 1054000000, 1055000000, 1000000.00, 1, -24.50, -24.50
2026-06-28, 18:02:42, 1055000000, 1056000000, 1000000.00, 1, -24.58, -24.58
2026-06-28, 18:02:42, 1056000000, 1057000000, 1000000.00, 1, -24.74, -24.74
2026-06-28, 18:02:42, 1057000000, 1058000000, 1000000.00, 1, -24.64, -24.64
2026-06-28, 18:02:42, 1058000000, 1059000000, 1000000.00, 1, -24.61, -24.61
2026-06-28, 18:02:42, 1059000000, 1060000000, 1000000.00, 1, -24.59, -24.59
2026-06-28, 18:02:42, 1060000000, 1061000000, 1000000.00, 1, -24.51, -24.51
2026-06-28, 18:02:42, 1061000000, 1062000000, 1000000.00, 1, -24.50, -24.50
2026-06-28, 18:02:42, 1062000000, 1063000000, 1000000.00, 1, -24.67, -24.67
2026-06-28, 18:02:42, 1063000000, 1064000000, 1000000.00, 1, -24.64, -24.64
2026-06-28, 18:02:42, 1064000000, 1065000000, 1000000.00, 1, -24.56, -24.56
2026-06-28, 18:02:42, 1065000000, 1066000000, 1000000.00, 1, -24.60, -24.60
2026-06-28, 18:02:42, 1066000000, 1067000000, 1000000.00, 1, -24.52, -24.52
2026-06-28, 18:02:42, 1067000000, 1068000000, 1000000.00, 1, -24.52, -24.52
2026-06-28, 18:02:42, 1068000000, 1069000000, 1000000.00, 1, -24.68, -24.68
2026-06-28, 18:02:42, 1069000000, 1070000000, 1000000.00, 1, -24.72, -24.72
2026-06-28, 18:02:42, 1070000000, 1071000000, 1000000.00, 1, -24.62, -24.62
2026-06-28, 18:02:42, 1071000000, 1072000000, 1000000.00, 1, -24.64, -24.64
2026-06-28, 18:02:42, 1072000000, 1073000000, 1000000.00, 1, -24.61, -24.61
2026-06-28, 18:02:42, 1073000000, 1074000000, 1000000.00, 1, -24.53, -24.53
2026-06-28, 18:02:42, 1074000000, 1075000000, 1000000.00, 1, -24.59, -24.59
2026-06-28, 18:02:42, 1075000000, 1076000000, 1000000.00, 1, -24.67, -24.67
2026-06-28, 18:02:42, 1076000000, 1077000000, 1000000.00, 1, -24.63, -24.63
2026-06-28, 18:02:42, 1077000000, 1078000000, 1000000.00, 1, -24.61, -24.61
2026-06-28, 18:02:42, 1078000000, 1079000000, 1000000.00, 1, -24.60, -24.60
2026-06-28, 18:02:42, 1079000000, 1080000000, 1000000.00, 1, -24.51, -24.51
2026-06-28, 18:02:42, 1080000000, 1081000000, 1000000.00, 1, -24.54, -24.54
2026-06-28, 18:02:42, 1081000000, 1082000000, 1000000.00, 1, -24.68, -24.68
2026-06-28, 18:02:42, 1082000000, 1083000000, 1000000.00, 1, -24.70, -24.70
2026-06-28, 18:02:42, 1083000000, 1084000000, 1000000.00, 1, -24.58, -24.58
2026-06-28, 18:02:42, 1084000000, 1085000000, 1000000.00, 1, -24.60, -24.60
2026-06-28, 18:02:42, 1085000000, 1086000000, 1000000.00, 1, -24.60, -24.60
2026-06-28, 18:02:42, 1086000000, 1087000000, 1000000.00, 1, -24.52, -24.52
2026-06-28, 18:02:42, 1087000000, 1088000000, 1000000.00, 1, -24.64, -24.64
2026-06-28, 18:02:42, 1088000000, 1089000000, 1000000.00, 1, -24.66, -24.66
2026-06-28, 18:02:42, 1089000000, 1090000000, 1000000.00, 1, -24.63, -24.63
2026-06-28, 18:02:42, 1090000000, 1091000000, 1000000.00, 1, -24.64, -24.64
2026-06-28, 18:02:42, 1091000000, 1092000000, 1000000.00, 1, -24.57, -24.57
2026-06-28, 18:02:42, 1092000000, 1093000000, 1000000.00, 1, -24.53, -24.53
2026-06-28, 18:02:42, 1093000000, 1094000000, 1000000.00, 1, -24.51, -24.51
2026-06-28, 18:02:42, 1094000000, 1095000000, 1000000.00, 1, -24.67, -24.67
2026-06-28, 18:02:42, 1095000000, 1096000000, 1000000.00, 1, -24.62, -24.62
2026-06-28, 18:02:42, 1096000000, 1097000000, 1000000.00, 1, -24.65, -24.65
2026-06-28, 18:02:42, 1097000000, 1098000000, 1000000.00, 1, -24.61, -24.61
2026-06-28, 18:02:42, 1098000000, 1099000000, 1000000.00, 1, -24.60, -24.60
2026-06-28, 18:02:42, 1099000000, 1100000000, 1000000.00, 1, -24.51, -24.51
2026-06-28, 18:02:42, 1100000000, 1101000000, 1000000.00, 1, -24.69, -24.69
2026-06-28, 18:02:42, 1101000000, 1102000000, 1000000.00, 1, -24.65, -24.65
2026-06-28, 18:02:42, 1102000000, 1103000000, 1000000.00, 1, -24.66, -24.66
2026-06-28, 18:02:42, 1103000000, 1104000000, 1000000.00, 1, -24.58, -24.58
2026-06-28, 18:02:42, 1104000000, 1105000000, 1000000.00, 1, -24.57, -24.57
2026-06-28, 18:02:42, 1105000000, 1106000000, 1000000.00, 1, -24.51, -24.51
2026-06-28, 18:02:42, 1106000000, 1107000000, 1000000.00, 1, -24.67, -24.67
2026-06-28, 18:02:42, 1107000000, 1108000000, 1000000.00, 1, -24.62, -24.62
2026-06-28, 18:02:42, 1108000000, 1109000000, 1000000.00, 1, -24.63, -24.63
2026-06-28, 18:02:42, 1109000000, 1110000000, 1000000.00, 1, -24.59, -24.59
2026-06-28, 18:02:42, 1110000000, 1111000000, 1000000.00, 1, -24.60, -24.60
2026-06-28, 18:02:42, 1111000000, 1112000000, 1000000.00, 1, -24.56, -24.56
2026-06-28, 18:02:42, 1112000000, 1113000000, 1000000.00, 1, -24.53, -24.53
2026-06-28, 18:02:42, 1113000000, 1114000000, 1000000.00, 1, -24.66, -24.66
2026-06-28, 18:02:42, 1114000000, 1115000000, 1000000.00, 1, -24.63, -24.63
2026-06-28, 18:02:42, 1115000000, 1116000000, 1000000.00, 1, -24.61, -24.61
2026-06-28, 18:02:42, 1116000000, 1117000000, 1000000.00, 1, -24.64, -24.64
2026-06-28, 18:02:42, 1117000000, 1118000000, 1000000.00, 1, -24.58, -24.58
2026-06-28, 18:02:42, 1118000000, 1119000000, 1000000.00, 1, -24.54, -24.54
2026-06-28, 18:02:42, 1119000000, 1120000000, 1000000.00, 1, -24.64, -24.64
2026-06-28, 18:02:42, 1120000000, 1121000000, 1000000.00, 1, -24.66, -24.66
2026-06-28, 18:02:42, 1121000000, 1122000000, 1000000.00, 1, -24.61, -24.61
2026-06-28, 18:02:42, 1122000000, 1123000000, 1000000.00, 1, -24.58, -24.58
2026-06-28, 18:02:42, 1123000000, 1124000000, 1000000.00, 1, -24.53, -24.53
2026-06-28, 18:02:42, 1124000000, 1125000000, 1000000.00, 1, -24.56, -24.56
2026-06-28, 18:02:42, 1125000000, 1126000000, 1000000.00, 1, -24.70, -24.70
2026-06-28, 18:02:42, 1126000000, 1127000000, 1000000.00, 1, -24.66, -24.66
2026-06-28, 18:02:42, 1127000000, 1128000000, 1000000.00, 1, -24.62, -24.62
2026-06-28, 18:02:42, 1128000000, 1129000000, 1000000.00, 1, -24.64, -24.64
2026-06-28, 18:02:42, 1129000000, 1130000000, 1000000.00, 1, -24.59, -24.59
2026-06-28, 18:02:42, 1130000000, 1131000000, 1000000.00, 1, -24.54, -24.54
2026-06-28, 18:02:42, 1131000000, 1132000000, 1000000.00, 1, -24.51, -24.51
2026-06-28, 18:02:42, 1132000000, 1133000000, 1000000.00, 1, -24.69, -24.69
2026-06-28, 18:02:42, 1133000000, 1134000000, 1000000.00, 1, -24.68, -24.68
2026-06-28, 18:02:42, 1134000000, 1135000000, 1000000.00, 1, -24.61, -24.61
2026-06-28, 18:02:42, 1135000000, 1136000000, 1000000.00, 1, -24.60, -24.60
2026-06-28, 18:02:42, 1136000000, 1137000000, 1000000.00, 1, -24.55, -24.55
2026-06-28, 18:02:42, 1137000000, 1138000000, 1000000.00, 1, -24.63, -24.63
2026-06-28, 18:02:42, 1138000000, 1139000000, 1000000.00, 1, -24.65, -24.65
2026-06-28, 18:02:42, 1139000000, 1140000000, 1000000.00, 1, -24.69, -24.69
2026-06-28, 18:02:42, 1140000000, 1141000000, 1000000.00, 1, -24.62, -24.62
2026-06-28, 18:02:42, 1141000000, 1142000000, 1000000.00, 1, -24.60, -24.60
2026-06-28, 18:02:42, 1142000000, 1143000000, 1000000.00, 1, -24.55, -24.55
2026-06-28, 18:02:42, 1143000000, 1144000000, 1000000.00, 1, -24.54, -24.54
2026-06-28, 18:02:42, 1144000000, 1145000000, 1000000.00, 1, -24.68, -24.68
2026-06-28, 18:02:42, 1145000000, 1146000000, 1000000.00, 1, -24.75, -24.75
2026-06-28, 18:02:42, 1146000000, 1147000000, 1000000.00, 1, -24.62, -24.62
2026-06-28, 18:02:42, 1147000000, 1148000000, 1000000.00, 1, -24.61, -24.61
2026-06-28, 18:02:42, 1148000000, 1149000000, 1000000.00, 1, -24.58, -24.58
2026-06-28, 18:02:42, 1149000000, 1150000000, 1000000.00, 1, -24.59, -24.59
2026-06-28, 18:02:42, 1150000000, 1151000000, 1000000.00, 1, -24.56, -24.56
2026-06-28, 18:02:42, 1151000000, 1152000000, 1000000.00, 1, -24.67, -24.67
2026-06-28, 18:02:42, 1152000000, 1153000000, 1000000.00, 1, -24.63, -24.63
2026-06-28, 18:02:42, 1153000000, 1154000000, 1000000.00, 1, -24.62, -24.62
2026-06-28, 18:02:42, 1154000000, 1155000000, 1000000.00, 1, -24.62, -24.62
2026-06-28, 18:02:42, 1155000000, 1156000000, 1000000.00, 1, -24.62, -24.62
2026-06-28, 18:02:42, 1156000000, 1157000000, 1000000.00, 1, -24.55, -24.55
2026-06-28, 18:02:42, 1157000000, 1158000000, 1000000.00, 1, -24.71, -24.71
2026-06-28, 18:02:42, 1158000000, 1159000000, 1000000.00, 1, -24.61, -24.61
2026-06-28, 18:02:42, 1159000000, 1160000000, 1000000.00, 1, -24.64, -24.64
2026-06-28, 18:02:42, 1160000000, 1161000000, 1000000.00, 1, -24.57, -24.57
2026-06-28, 18:02:42, 1161000000, 1162000000, 1000000.00, 1, -24.58, -24.58
2026-06-28, 18:02:42, 1162000000, 1163000000, 1000000.00, 1, -24.56, -24.56
2026-06-28, 18:02:42, 1163000000, 1164000000, 1000000.00, 1, -24.63, -24.63
2026-06-28, 18:02:42, 1164000000, 1165000000, 1000000.00, 1, -24.65, -24.65
2026-06-28, 18:02:42, 1165000000, 1166000000, 1000000.00, 1, -24.64, -24.64
2026-06-28, 18:02:42, 1166000000, 1167000000, 1000000.00, 1, -24.64, -24.64
2026-06-28, 18:02:42, 1167000000, 1168000000, 1000000.00, 1, -24.63, -24.63
2026-06-28, 18:02:42, 1168000000, 1169000000, 1000000.00, 1, -24.58, -24.58
2026-06-28, 18:02:42, 1169000000, 1170000000, 1000000.00, 1, -24.48, -24.48
2026-06-28, 18:02:42, 1170000000, 1171000000, 1000000.00, 1, -24.68, -24.68
2026-06-28, 18:02:42, 1171000000, 1172000000, 1000000.00, 1, -24.64, -24.64
2026-06-28, 18:02:42, 1172000000, 1173000000, 1000000.00, 1, -24.59, -24.59
2026-06-28, 18:02:42, 1173000000, 1174000000, 1000000.00, 1, -24.60, -24.60
2026-06-28, 18:02:42, 1174000000, 1175000000, 1000000.00, 1, -24.54, -24.54
2026-06-28, 18:02:42, 1175000000, 1176000000, 1000000.00, 1, -24.51, -24.51
2026-06-28, 18:02:42, 1176000000, 1177000000, 1000000.00, 1, -24.68, -24.68
2026-06-28, 18:02:42, 1177000000, 1178000000, 1000000.00, 1, -24.63, -24.63
2026-06-28, 18:02:42, 1178000000, 1179000000, 1000000.00, 1, -24.59, -24.59
2026-06-28, 18:02:42, 1179000000, 1180000000, 1000000.00, 1, -24.61, -24.61
2026-06-28, 18:02:42, 1180000000, 1181000000, 1000000.00, 1, -24.57, -24.57
2026-06-28, 18:02:42, 1181000000, 1182000000, 1000000.00, 1, -24.54, -24.54
2026-06-28, 18:02:42, 1182000000, 1183000000, 1000000.00, 1, -24.51, -24.51
2026-06-28, 18:02:42, 1183000000, 1184000000, 1000000.00, 1, -24.71, -24.71
2026-06-28, 18:02:42, 1184000000, 1185000000, 1000000.00, 1, -24.60, -24.60
2026-06-28, 18:02:42, 1185000000, 1186000000, 1000000.00, 1, -24.63, -24.63
2026-06-28, 18:02:42, 1186000000, 1187000000, 1000000.00, 1, -24.62, -24.62
2026-06-28, 18:02:42, 1187000000, 1188000000, 1000000.00, 1, -24.54, -24.54
2026-06-28, 18:02:42, 1188000000, 1189000000, 1000000.00, 1, -24.54, -24.54
2026-06-28, 18:02:42, 1189000000, 1190000000, 1000000.00, 1, -24.72, -24.72
2026-06-28, 18:02:42, 1190000000, 1191000000, 1000000.00, 1, -24.69, -24.69
2026-06-28, 18:02:42, 1191000000, 1192000000, 1000000.00, 1, -24.64, -24.64
2026-06-28, 18:02:42, 1192000000, 1193000000, 1000000.00, 1, -24.61, -24.61
2026-06-28, 18:02:42, 1193000000, 1194000000, 1000000.00, 1, -24.54, -24.54
2026-06-28, 18:02:42, 1194000000, 1195000000, 1000000.00, 1, -24.55, -24.55
2026-06-28, 18:02:42, 1195000000, 1196000000, 1000000.00, 1, -24.71, -24.71
2026-06-28, 18:02:42, 1196000000, 1197000000, 1000000.00, 1, -24.68, -24.68
2026-06-28, 18:02:42, 1197000000, 1198000000, 1000000.00, 1, -24.65, -24.65
2026-06-28, 18:02:42, 1198000000, 1199000000, 1000000.00, 1, -24.59, -24.59
2026-06-28, 18:02:42, 1199000000, 1200000000, 1000000.00, 1, -24.55, -24.55
2026-06-28, 18:02:42, 1200000000, 1201000000, 1000000.00, 1, -24.51, -24.51
2026-06-28, 18:02:42, 1201000000, 1202000000, 1000000.00, 1, -24.58, -24.58
2026-06-28, 18:02:42, 1202000000, 1203000000, 1000000.00, 1, -24.69, -24.69
2026-06-28, 18:02:42, 1203000000, 1204000000, 1000000.00, 1, -24.66, -24.66
2026-06-28, 18:02:42, 1204000000, 1205000000, 1000000.00, 1, -24.61, -24.61
2026-06-28, 18:02:42, 1205000000, 1206000000, 1000000.00, 1, -24.58, -24.58
2026-06-28, 18:02:42, 1206000000, 1207000000, 1000000.00, 1, -24.55, -24.55
2026-06-28, 18:02:42, 1207000000, 1208000000, 1000000.00, 1, -24.55, -24.55
2026-06-28, 18:02:42, 1208000000, 1209000000, 1000000.00, 1, -24.71, -24.71
2026-06-28, 18:02:42, 1209000000, 1210000000, 1000000.00, 1, -24.66, -24.66
2026-06-28, 18:02:42, 1210000000, 1211000000, 1000000.00, 1, -24.60, -24.60
2026-06-28, 18:02:42, 1211000000, 1212000000, 1000000.00, 1, -24.58, -24.58
2026-06-28, 18:02:42, 1212000000, 1213000000, 1000000.00, 1, -24.54, -24.54
2026-06-28, 18:02:42, 1213000000, 1214000000, 1000000.00, 1, -24.52, -24.52
2026-06-28, 18:02:42, 1214000000, 1215000000, 1000000.00, 1, -24.71, -24.71
2026-06-28, 18:02:52, 960000000, 961000000, 1000000.00, 1, -24.68, -24.68
2026-06-28, 18:02:52, 961000000, 962000000, 1000000.00, 1, -24.57, -24.57
2026-06-28, 18:02:52, 962000000, 963000000, 1000000.00, 1, -24.68, -24.68
2026-06-28, 18:02:52, 963000000, 964000000, 1000000.00, 1, -24.57, -24.57
2026-06-28, 18:02:52, 964000000, 965000000, 1000000.00, 1, -24.50, -24.50
2026-06-28, 18:02:52, 965000000, 966000000, 1000000.00, 1, -24.53, -24.53
2026-06-28, 18:02:52, 966000000, 967000000, 1000000.00, 1, -24.67, -24.67
2026-06-28, 18:02:52, 967000000, 968000000, 1000000.00, 1, -24.64, -24.64
2026-06-28, 18:02:52, 968000000, 969000000, 1000000.00, 1, -24.62, -24.62
2026-06-28, 18:02:52, 969000000, 970000000, 1000000.00, 1, -24.57, -24.57
2026-06-28, 18:02:52, 970000000, 971000000, 1000000.00, 1, -24.53, -24.53
2026-06-28, 18:02:52, 971000000, 972000000, 1000000.00, 1, -24.54, -24.54
2026-06-28, 18:02:52, 972000000, 973000000, 1000000.00, 1, -24.67, -24.67
2026-06-28, 18:02:52, 973000000, 974000000, 1000000.00, 1, -24.68, -24.68
2026-06-28, 18:02:52, 974000000, 975000000, 1000000.00, 1, -24.64, -24.64
2026-06-28, 18:02:52, 975000000, 976000000, 1000000.00, 1, -24.62, -24.62
2026-06-28, 18:02:52, 976000000, 977000000, 1000000.00, 1, -24.59, -24.59
2026-06-28, 18:02:52, 977000000, 978000000, 1000000.00, 1, -24.51, -24.51
2026-06-28, 18:02:52, 978000000, 979000000, 1000000.00, 1, -24.65, -24.65
2026-06-28, 18:02:52, 979000000, 980000000, 1000000.00, 1, -24.72, -24.72
2026-06-28, 18:02:52, 980000000, 981000000, 1000000.00, 1, -24.69, -24.69
2026-06-28, 18:02:52, 981000000, 982000000, 1000000.00, 1, -24.63, -24.63
2026-06-28, 18:02:52, 982000000, 983000000, 1000000.00, 1, -24.56, -24.56
2026-06-28, 18:02:52, 983000000, 984000000, 1000000.00, 1, -24.54, -24.54
2026-06-28, 18:02:52, 984000000, 985000000, 1000000.00, 1, -24.55, -24.55
2026-06-28, 18:02:52, 985000000, 986000000, 1000000.00, 1, -24.71, -24.71
2026-06-28, 18:02:52, 986000000, 987000000, 1000000.00, 1, -24.66, -24.66
2026-06-28, 18:02:52, 987000000, 988000000, 1000000.00, 1, -24.63, -24.63
2026-06-28, 18:02:52, 988000000, 989000000, 1000000.00, 1, -24.57, -24.57
2026-06-28, 18:02:52, 989000000, 990000000, 1000000.00, 1, -24.59, -24.59
2026-06-28, 18:02:52, 990000000, 991000000, 1000000.00, 1, -24.57, -24.57
2026-06-28, 18:02:52, 991000000, 992000000, 1000000.00, 1, -24.74, -24.74
2026-06-28, 18:02:52, 992000000, 993000000, 1000000.00, 1, -24.60, -24.60
2026-06-28, 18:02:52, 993000000, 994000000, 1000000.00, 1, -24.65, -24.65
2026-06-28, 18:02:52, 994000000, 995000000, 1000000.00, 1, -24.59, -24.59
2026-06-28, 18:02:52, 995000000, 996000000, 1000000.00, 1, -24.58, -24.58
2026-06-28, 18:02:52, 996000000, 997000000, 1000000.00, 1, -24.52, -24.52
2026-06-28, 18:02:52, 997000000, 998000000, 1000000.00, 1, -24.58, -24.58
2026-06-28, 18:02:52, 998000000, 999000000, 1000000.00, 1, -24.58, -24.58
2026-06-28, 18:02:52, 999000000, 1000000000, 1000000.00, 1, -24.51, -24.51
2026-06-28, 18:02:52, 1000000000, 1001000000, 1000000.00, 1, -24.64, -24.64
2026-06-28, 18:02:52, 1001000000, 1002000000, 1000000.00, 1, -24.58, -24.58
2026-06-28, 18:02:52, 1002000000, 1003000000, 1000000.00, 1, -24.56, -24.56
2026-06-28, 18:02:52, 1003000000, 1004000000, 1000000.00, 1, -24.51, -24.51
2026-06-28, 18:02:52, 1004000000, 1005000000, 1000000.00, 1, -24.70, -24.70
2026-06-28, 18:02:52, 1005000000, 1006000000, 1000000.00, 1, -24.75, -24.75
2026-06-28, 18:02:52, 1006000000, 1007000000, 1000000.00, 1, -24.60, -24.60
2026-06-28, 18:02:52, 1007000000, 1008000000, 1000000.00, 1, -24.62, -24.62
2026-06-28, 18:02:52, 1008000000, 1009000000, 1000000.00, 1, -24.55, -24.55
2026-06-28, 18:02:52, 1009000000, 1010000000, 1000000.00, 1, -24.54, -24.54
2026-06-28, 18:02:52, 1010000000, 1011000000, 1000000.00, 1, -24.68, -24.68
2026-06-28, 18:02:52, 1011000000, 1012000000, 1000000.00, 1, -24.66, -24.66
2026-06-28, 18:02:52, 1012000000, 1013000000, 1000000.00, 1, -24.61, -24.61
2026-06-28, 18:02:52, 1013000000, 1014000000, 1000000.00, 1, -24.57, -24.57
2026-06-28, 18:02:52, 1014000000, 1015000000, 1000000.00, 1, -24.56, -24.56
2026-06-28, 18:02:52, 1015000000, 1016000000, 1000000.00, 1, -24.55, -24.55
2026-06-28, 18:02:52, 1016000000, 1017000000, 1000000.00, 1, -24.57, -24.57
2026-06-28, 18:02:52, 1017000000, 1018000000, 1000000.00, 1, -24.68, -24.68
2026-06-28, 18:02:52, 1018000000, 1019000000, 1000000.00, 1, -24.61, -24.61
2026-06-28, 18:02:52, 1019000000, 1020000000, 1000000.00, 1, -24.64, -24.64
2026-06-28, 18:02:52, 1020000000, 1021000000, 1000000.00, 1, -24.58, -24.58
2026-06-28, 18:02:52, 1021000000, 1022000000, 1000000.00, 1, -24.54, -24.54
2026-06-28, 18:02:52, 1022000000, 1023000000, 1000000.00, 1, -24.57, -24.57
2026-06-28, 18:02:52, 1023000000, 1024000000, 1000000.00, 1, -24.74, -24.74
2026-06-28, 18:02:52, 1024000000, 1025000000, 1000000.00, 1, -24.63, -24.63
2026-06-28, 18:02:52, 1025000000, 1026000000, 1000000.00, 1, -24.63, -24.63
2026-06-28, 18:02:52, 1026000000, 1027000000, 1000000.00, 1, -24.59, -24.59
2026-06-28, 18:02:52, 1027000000, 1028000000, 1000000.00, 1, -24.52, -24.52
2026-06-28, 18:02:52, 1028000000, 1029000000, 1000000.00, 1, -24.53, -24.53
2026-06-28, 18:02:52, 1029000000, 1030000000, 1000000.00, 1, -24.68, -24.68
2026-06-28, 18:02:52, 1030000000, 1031000000, 1000000.00, 1, -24.65, -24.65
2026-06-28, 18:02:52, 1031000000, 1032000000, 1000000.00, 1, -24.65, -24.65
2026-06-28, 18:02:52, 1032000000, 1033000000, 1000000.00, 1, -24.59, -24.59
2026-06-28, 18:02:52, 1033000000, 1034000000, 1000000.00, 1, -24.58, -24.58
2026-06-28, 18:02:52, 1034000000, 1035000000, 1000000.00, 1, -24.53, -24.53
2026-06-28, 18:02:52, 1035000000, 1036000000, 1000000.00, 1, -24.51, -24.51
2026-06-28, 18:02:52, 1036000000, 1037000000, 1000000.00, 1, -24.70, -24.70
2026-06-28, 18:02:52, 1037000000, 1038000000, 1000000.00, 1, -24.67, -24.67
2026-06-28, 18:02:52, 1038000000, 1039000000, 1000000.00, 1, -24.60, -24.60
2026-06-28, 18:02:52, 1039000000, 1040000000, 1000000.00, 1, -24.62, -24.62
2026-06-28, 18:02:52, 1040000000, 1041000000, 1000000.00, 1, -24.60, -24.60
2026-06-28, 18:02:52, 1041000000, 1042000000, 1000000.00, 1, -24.50, -24.50
2026-06-28, 18:02:52, 1042000000, 1043000000, 1000000.00, 1, -24.71, -24.71
2026-06-28, 18:02:52, 1043000000, 1044000000, 1000000.00, 1, -24.71, -24.71
2026-06-28, 18:02:52, 1044000000, 1045000000, 1000000.00, 1, -24.65, -24.65
2026-06-28, 18:02:52, 1045000000, 1046000000, 1000000.00, 1, -24.65, -24.65
2026-06-28, 18:02:52, 1046000000, 1047000000, 1000000.00, 1, -24.54, -24.54
2026-06-28, 18:02:52, 1047000000, 1048000000, 1000000.00, 1, -24.51, -24.51
2026-06-28, 18:02:52, 1048000000, 1049000000, 1000000.00, 1, -24.71, -24.71
2026-06-28, 18:02:52, 1049000000, 1050000000, 1000000.00, 1, -24.69, -24.69
2026-06-28, 18:02:52, 1050000000, 1051000000, 1000000.00, 1, -24.63, -24.63
2026-06-28, 18:02:52, 1051000000, 1052000000, 1000000.00, 1, -24.59, -24.59
2026-06-28, 18:02:52, 1052000000, 1053000000, 1000000.00, 1, -24.52, -24.52
2026-06-28, 18:02:52, 1053000000, 1054000000, 1000000.00, 1, -24.55, -24.55
2026-06-28, 18:02:52, 1054000000, 1055000000, 1000000.00, 1, -24.60, -24.60
2026-06-28, 18:02:52, 1055000000, 1056000000, 1000000.00, 1, -24.63, -24.63
2026-06-28, 18:02:52, 1056000000, 1057000000, 1000000.00, 1, -24.65, -24.65
2026-06-28, 18:02:52, 1057000000, 1058000000, 1000000.00, 1, -24.63, -24.63
2026-06-28, 18:02:52, 1058000000, 1059000000, 1000000.00, 1, -24.59, -24.59
2026-06-28, 18:02:52, 1059000000, 1060000000, 1000000.00, 1, -24.54, -24.54
2026-06-28, 18:02:52, 1060000000, 1061000000, 1000000.00, 1, -24.54, -24.54
2026-06-28, 18:02:52, 1061000000, 1062000000, 1000000.00, 1, -24.70, -24.70
2026-06-28, 18:02:52, 1062000000, 1063000000, 1000000.00, 1, -24.66, -24.66
2026-06-28, 18:02:52, 1063000000, 1064000000, 1000000.00, 1, -24.62, -24.62
2026-06-28, 18:02:52, 1064000000, 1065000000, 1000000.00, 1, -24.61, -24.61
2026-06-28, 18:02:52, 1065000000, 1066000000, 1000000.00, 1, -24.54, -24.54
2026-06-28, 18:02:52, 1066000000, 1067000000, 1000000.00, 1, -24.55, -24.55
2026-06-28, 18:02:52, 1067000000, 1068000000, 1000000.00, 1, -24.71, -24.71
2026-06-28, 18:02:52, 1068000000, 1069000000, 1000000.00, 1, -24.69, -24.69
2026-06-28, 18:02:52, 1069000000, 1070000000, 1000000.00, 1, -24.63, -24.63
2026-06-28, 18:02:52, 1070000000, 1071000000, 1000000.00, 1, -24.65, -24.65
2026-06-28, 18:02:52, 1071000000, 1072000000, 1000000.00, 1, -24.59, -24.59
2026-06-28, 18:02:52, 1072000000, 1073000000, 1000000.00, 1, -24.56, -24.56
2026-06-28, 18:02:52, 1073000000, 1074000000, 1000000.00, 1, -24.52, -24.52
2026-06-28, 18:02:52, 1074000000, 1075000000, 1000000.00, 1, -24.75, -24.75
2026-06-28, 18:02:52, 1075000000, 1076000000, 1000000.00, 1, -24.60, -24.60
2026-06-28, 18:02:52, 1076000000, 1077000000, 1000000.00, 1, -24.64, -24.64
2026-06-28, 18:02:52, 1077000000, 1078000000, 1000000.00, 1, -24.56, -24.56
2026-06-28, 18:02:52, 1078000000, 1079000000, 1000000.00, 1, -24.56, -24.56
2026-06-28, 18:02:52, 1079000000, 1080000000, 1000000.00, 1, -24.58, -24.58
2026-06-28, 18:02:52, 1080000000, 1081000000, 1000000.00, 1, -24.65, -24.65
2026-06-28, 18:02:52, 1081000000, 1082000000, 1000000.00, 1, -24.74, -24.74
2026-06-28, 18:02:52, 1082000000, 1083000000, 1000000.00, 1, -24.65, -24.65
2026-06-28, 18:02:52, 1083000000, 1084000000, 1000000.00, 1, -24.55, -24.55
2026-06-28, 18:02:52, 1084000000, 1085000000, 1000000.00, 1, -24.51, -24.51
2026-06-28, 18:02:52, 1085000000, 1086000000, 1000000.00, 1, -24.58, -24.58
2026-06-28, 18:02:52, 1086000000, 1087000000, 1000000.00, 1, -24.62, -24.62
2026-06-28, 18:02:52, 1087000000, 1088000000, 1000000.00, 1, -24.69, -24.69
2026-06-28, 18:02:52, 1088000000, 1089000000, 1000000.00, 1, -24.64, -24.64
2026-06-28, 18:02:52, 1089000000, 1090000000, 1000000.00, 1, -24.62, -24.62
2026-06-28, 18:02:52, 1090000000, 1091000000, 1000000.00, 1, -24.56, -24.56
2026-06-28, 18:02:52, 1091000000, 1092000000, 1000000.00, 1, -24.54, -24.54
2026-06-28, 18:02:52, 1092000000, 1093000000, 1000000.00, 1, -24.54, -24.54
2026-06-28, 18:02:52, 1093000000, 1094000000, 1000000.00, 1, -24.71, -24.71
2026-06-28, 18:02:52, 1094000000, 1095000000, 1000000.00, 1, -24.61, -24.61
2026-06-28, 18:02:52, 1095000000, 1096000000, 1000000.00, 1, -24.62, -24.62
2026-06-28, 18:02:52, 1096000000, 1097000000, 1000000.00, 1, -24.55, -24.55
2026-06-28, 18:02:52, 1097000000, 1098000000, 1000000.00, 1, -24.60, -24.60
2026-06-28, 18:02:52, 1098000000, 1099000000, 1000000.00, 1, -24.49, -24.49
2026-06-28, 18:02:52, 1099000000, 1100000000, 1000000.00, 1, -24.72, -24.72
2026-06-28, 18:02:52, 1100000000, 1101000000, 1000000.00, 1, -24.63, -24.63
2026-06-28, 18:02:52, 1101000000, 1102000000, 1000000.00, 1, -24.64, -24.64
2026-06-28, 18:02:52, 1102000000, 1103000000, 1000000.00, 1, -24.53, -24.53
2026-06-28, 18:02:52, 1103000000, 1104000000, 1000000.00, 1, -24.56, -24.56
2026-06-28, 18:02:52, 1104000000, 1105000000, 1000000.00, 1, -24.52, -24.52
2026-06-28, 18:02:52, 1105000000, 1106000000, 1000000.00, 1, -24.61, -24.61
2026-06-28, 18:02:52, 1106000000, 1107000000, 1000000.00, 1, -24.67, -24.67
2026-06-28, 18:02:52, 1107000000, 1108000000, 1000000.00, 1, -24.65, -24.65
2026-06-28, 18:02:52, 1108000000, 1109000000, 1000000.00, 1, -24.64, -24.64
2026-06-28, 18:02:52, 1109000000, 1110000000, 1000000.00, 1, -24.59, -24.59
2026-06-28, 18:02:52, 1110000000, 1111000000, 1000000.00, 1, -24.55, -24.55
2026-06-28, 18:02:52, 1111000000, 1112000000, 1000000.00, 1, -24.53, -24.53
2026-06-28, 18:02:52, 1112000000, 1113000000, 1000000.00, 1, -24.73, -24.73
2026-06-28, 18:02:52, 1113000000, 1114000000, 1000000.00, 1, -24.71, -24.71
2026-06-28, 18:02:52, 1114000000, 1115000000, 1000000.00, 1, -24.58, -24.58
2026-06-28, 18:02:52, 1115000000, 1116000000, 1000000.00, 1, -24.53, -24.53
2026-06-28, 18:02:52, 1116000000, 1117000000, 1000000.00, 1, -24.55, -24.55
2026-06-28, 18:02:52, 1117000000, 1118000000, 1000000.00, 1, -24.51, -24.51
2026-06-28, 18:02:52, 1118000000, 1119000000, 1000000.00, 1, -24.69, -24.69
2026-06-28, 18:02:52, 1119000000, 1120000000, 1000000.00, 1, -24.66, -24.66
2026-06-28, 18:02:52, 1120000000, 1121000000, 1000000.00, 1, -24.62, -24.62
2026-06-28, 18:02:52, 1121000000, 1122000000, 1000000.00, 1, -24.64, -24.64
2026-06-28, 18:02:52, 1122000000, 1123000000, 1000000.00, 1, -24.56, -24.56
2026-06-28, 18:02:52, 1123000000, 1124000000, 1000000.00, 1, -24.55, -24.55
2026-06-28, 18:02:52, 1124000000, 1125000000, 1000000.00, 1, -24.56, -24.56
2026-06-28, 18:02:52, 1125000000, 1126000000, 1000000.00, 1, -24.67, -24.67
2026-06-28, 18:02:52, 1126000000, 1127000000, 1000000.00, 1, -24.67, -24.67
2026-06-28, 18:02:52, 1127000000, 1128000000, 1000000.00, 1, -24.64, -24.64
2026-06-28, 18:02:52, 1128000000, 1129000000, 1000000.00, 1, -24.58, -24.58
2026-06-28, 18:02:52, 1129000000, 1130000000, 1000000.00, 1, -24.57, -24.57
2026-06-28, 18:02:52, 1130000000, 1131000000, 1000000.00, 1, -24.53, -24.53
2026-06-28, 18:02:52, 1131000000, 1132000000, 1000000.00, 1, -24.65, -24.65
2026-06-28, 18:02:52, 1132000000, 1133000000, 1000000.00, 1, -24.64, -24.64
2026-06-28, 18:02:52, 1133000000, 1134000000, 1000000.00, 1, -24.62, -24.62
2026-06-28, 18:02:52, 1134000000, 1135000000, 1000000.00, 1, -24.64, -24.64
2026-06-28, 18:02:52, 1135000000, 1136000000, 1000000.00, 1, -24.59, -24.59
2026-06-28, 18:02:52, 1136000000, 1137000000, 1000000.00, 1, -24.52, -24.52
2026-06-28, 18:02:52, 1137000000, 1138000000, 1000000.00, 1, -24.77, -24.77
2026-06-28, 18:02:52, 1138000000, 1139000000, 1000000.00, 1, -24.60, -24.60
2026-06-28, 18:02:52, 1139000000, 1140000000, 1000000.00, 1, -24.60, -24.60
2026-06-28, 18:02:52, 1140000000, 1141000000, 1000000.00, 1, -24.57, -24.57
2026-06-28, 18:02:52, 1141000000, 1142000000, 1000000.00, 1, -24.58, -24.58
2026-06-28, 18:02:52, 1142000000, 1143000000, 1000000.00, 1, -24.59, -24.59
2026-06-28, 18:02:52, 1143000000, 1144000000, 1000000.00, 1, -24.56, -24.56
2026-06-28, 18:02:52, 1144000000, 1145000000, 1000000.00, 1, -24.63, -24.63
2026-06-28, 18:02:52, 1145000000, 1146000000, 1000000.00, 1, -24.66, -24.66
2026-06-28, 18:02:52, 1146000000, 1147000000, 1000000.00, 1, -24.59, -24.59
2026-06-28, 18:02:52, 1147000000, 1148000000, 1000000.00, 1, -24.56, -24.56
2026-06-28, 18:02:52, 1148000000, 1149000000, 1000000.00, 1, -24.52, -24.52
2026-06-28, 18:02:52, 1149000000, 1150000000, 1000000.00, 1, -24.50, -24.50
2026-06-28, 18:02:52, 1150000000, 1151000000, 1000000.00, 1, -24.68, -24.68
2026-06-28, 18:02:52, 1151000000, 1152000000, 1000000.00, 1, -24.66, -24.66
2026-06-28, 18:02:52, 1152000000, 1153000000, 1000000.00, 1, -24.64, -24.64
2026-06-28, 18:02:52, 1153000000, 1154000000, 1000000.00, 1, -24.60, -24.60
2026-06-28, 18:02:52, 1154000000, 1155000000, 1000000.00, 1, -24.61, -24.61
2026-06-28, 18:02:52, 1155000000, 1156000000, 1000000.00, 1, -24.54, -24.54
2026-06-28, 18:02:52, 1156000000, 1157000000, 1000000.00, 1, -24.74, -24.74
2026-06-28, 18:02:52, 1157000000, 1158000000, 1000000.00, 1, -24.66, -24.66
2026-06-28, 18:02:52, 1158000000, 1159000000, 1000000.00, 1, -24.63, -24.63
2026-06-28, 18:02:52, 1159000000, 1160000000, 1000000.00, 1, -24.62, -24.62
2026-06-28, 18:02:52, 1160000000, 1161000000, 1000000.00, 1, -24.57, -24.57
2026-06-28, 18:02:52, 1161000000, 1162000000, 1000000.00, 1, -24.50, -24.50
2026-06-28, 18:02:52, 1162000000, 1163000000, 1000000.00, 1, -24.50, -24.50
2026-06-28, 18:02:52, 1163000000, 1164000000, 1000000.00, 1, -24.64, -24.64
2026-06-28, 18:02:52, 1164000000, 1165000000, 1000000.00, 1, -24.67, -24.67
2026-06-28, 18:02:52, 1165000000, 1166000000, 1000000.00, 1, -24.65, -24.65
2026-06-28, 18:02:52, 1166000000, 1167000000, 1000000.00, 1, -24.53, -24.53
2026-06-28, 18:02:52, 1167000000, 1168000000, 1000000.00, 1, -24.52, -24.52
2026-06-28, 18:02:52, 1168000000, 1169000000, 1000000.00, 1, -24.59, -24.59
2026-06-28, 18:02:52, 1169000000, 1170000000, 1000000.00, 1, -24.62, -24.62
2026-06-28, 18:02:52, 1170000000, 1171000000, 1000000.00, 1, -24.70, -24.70
2026-06-28, 18:02:52, 1171000000, 1172000000, 1000000.00, 1, -24.63, -24.63
2026-06-28, 18:02:52, 1172000000, 1173000000, 1000000.00, 1, -24.60, -24.60
2026-06-28, 18:02:52, 1173000000, 1174000000, 1000000.00, 1, -24.60, -24.60
2026-06-28, 18:02:52, 1174000000, 1175000000, 1000000.00, 1, -24.54, -24.54
2026-06-28, 18:02:52, 1175000000, 1176000000, 1000000.00, 1, -24.68, -24.68
2026-06-28, 18:02:52, 1176000000, 1177000000, 1000000.00, 1, -24.67, -24.67
2026-06-28, 18:02:52, 1177000000, 1178000000, 1000000.00, 1, -24.64, -24.64
2026-06-28, 18:02:52, 1178000000, 1179000000, 1000000.00, 1, -24.61, -24.61
2026-06-28, 18:02:52, 1179000000, 1180000000, 1000000.00, 1, -24.62, -24.62
2026-06-28, 18:02:52, 1180000000, 1181000000, 1000000.00, 1, -24.57, -24.57
2026-06-28, 18:02:52, 1181000000, 1182000000, 1000000.00, 1, -24.54, -24.54
2026-06-28, 18:02:52, 1182000000, 1183000000, 1000000.00, 1, -24.69, -24.69
2026-06-28, 18:02:52, 1183000000, 1184000000, 1000000.00, 1, -24.63, -24.63
2026-06-28, 18:02:52, 1184000000, 1185000000, 1000000.00, 1, -24.64, -24.64
2026-06-28, 18:02:52, 1185000000, 1186000000, 1000000.00, 1, -24.57, -24.57
2026-06-28, 18:02:52, 1186000000, 1187000000, 1000000.00, 1, -24.57, -24.57
2026-06-28, 18:02:52, 1187000000, 1188000000, 1000000.00, 1, -24.52, -24.52
2026-06-28, 18:02:52, 1188000000, 1189000000, 1000000.00, 1, -24.69, -24.69
2026-06-28, 18:02:52, 1189000000, 1190000000, 1000000.00, 1, -24.70, -24.70
2026-06-28, 18:02:52, 1190000000, 1191000000, 1000000.00, 1, -24.65, -24.65
2026-06-28, 18:02:52, 1191000000, 1192000000, 1000000.00, 1, -24.57, -24.57
2026-06-28, 18:02:52, 1192000000, 1193000000, 1000000.00, 1, -24.54, -24.54
2026-06-28, 18:02:52, 1193000000, 1194000000, 1000000.00, 1, -24.54, -24.54
2026-06-28, 18:02:52, 1194000000, 1195000000, 1000000.00, 1, -24.55, -24.55
2026-06-28, 18:02:52, 1195000000, 1196000000, 1000000.00, 1, -24.71, -24.71
2026-06-28, 18:02:52, 1196000000, 1197000000, 1000000.00, 1, -24.70, -24.70
2026-06-28, 18:02:52, 1197000000, 1198000000, 1000000.00, 1, -24.68, -24.68
2026-06-28, 18:02:52, 1198000000, 1199000000, 1000000.00, 1, -24.56, -24.56
2026-06-28, 18:02:52, 1199000000, 1200000000, 1000000.00, 1, -24.53, -24.53
2026-06-28, 18:02:52, 1200000000, 1201000000, 1000000.00, 1, -24.51, -24.51
2026-06-28, 18:02:52, 1201000000, 1202000000, 1000000.00, 1, -24.65, -24.65
2026-06-28, 18:02:52, 1202000000, 1203000000, 1000000.00, 1, -24.74, -24.74
2026-06-28, 18:02:52, 1203000000, 1204000000, 1000000.00, 1, -24.61, -24.61
2026-06-28, 18:02:52, 1204000000, 1205000000, 1000000.00, 1, -24.61, -24.61
2026-06-28, 18:02:52, 1205000000, 1206000000, 1000000.00, 1, -24.58, -24.58
2026-06-28, 18:02:52, 1206000000, 1207000000, 1000000.00, 1, -24.52, -24.52
2026-06-28, 18:02:52, 1207000000, 1208000000, 1000000.00, 1, -24.70, -24.70
2026-06-28, 18:02:52, 1208000000, 1209000000, 1000000.00, 1, -24.66, -24.66
2026-06-28, 18:02:52, 1209000000, 1210000000, 1000000.00, 1, -24.60, -24.60
2026-06-28, 18:02:52, 1210000000, 1211000000, 1000000.00, 1, -24.64, -24.64
2026-06-28, 18:02:52, 1211000000, 1212000000, 1000000.00, 1, -24.62, -24.62
2026-06-28, 18:02:52, 1212000000, 1213000000, 1000000.00, 1, -24.53, -24.53
2026-06-28, 18:02:52, 1213000000, 1214000000, 1000000.00, 1, -24.53, -24.53
2026-06-28, 18:02:52, 1214000000, 1215000000, 1000000.00, 1, -24.65, -24.65
2026-06-28, 18:03:03, 960000000, 961000000, 1000000.00, 1, -24.68, -24.68
2026-06-28, 18:03:03, 961000000, 962000000, 1000000.00, 1, -24.57, -24.57
2026-06-28, 18:03:03, 962000000, 963000000, 1000000.00, 1, -24.53, -24.53
2026-06-28, 18:03:03, 963000000, 964000000, 1000000.00, 1, -24.53, -24.53
2026-06-28, 18:03:03, 964000000, 965000000, 1000000.00, 1, -24.54, -24.54
2026-06-28, 18:03:03, 965000000, 966000000, 1000000.00, 1, -24.68, -24.68
2026-06-28, 18:03:03, 966000000, 967000000, 1000000.00, 1, -24.69, -24.69
2026-06-28, 18:03:03, 967000000, 968000000, 1000000.00, 1, -24.57, -24.57
2026-06-28, 18:03:03, 968000000, 969000000, 1000000.00, 1, -24.51, -24.51
2026-06-28, 18:03:03, 969000000, 970000000, 1000000.00, 1, -24.56, -24.56
2026-06-28, 18:03:03, 970000000, 971000000, 1000000.00, 1, -24.54, -24.54
2026-06-28, 18:03:03, 971000000, 972000000, 1000000.00, 1, -24.73, -24.73
2026-06-28, 18:03:03, 972000000, 973000000, 1000000.00, 1, -24.69, -24.69
2026-06-28, 18:03:03, 973000000, 974000000, 1000000.00, 1, -24.61, -24.61
2026-06-28, 18:03:03, 974000000, 975000000, 1000000.00, 1, -24.60, -24.60
2026-06-28, 18:03:03, 975000000, 976000000, 1000000.00, 1, -24.59, -24.59
2026-06-28, 18:03:03, 976000000, 977000000, 1000000.00, 1, -24.55, -24.55
2026-06-28, 18:03:03, 977000000, 978000000, 1000000.00, 1, -24.56, -24.56
2026-06-28, 18:03:03, 978000000, 979000000, 1000000.00, 1, -24.70, -24.70
2026-06-28, 18:03:03, 979000000, 980000000, 1000000.00, 1, -24.64, -24.64
2026-06-28, 18:03:03, 980000000, 981000000, 1000000.00, 1, -24.58, -24.58
2026-06-28, 18:03:03, 981000000, 982000000, 1000000.00, 1, -24.58, -24.58
2026-06-28, 18:03:03, 982000000, 983000000, 1000000.00, 1, -24.54, -24.54
2026-06-28, 18:03:03, 983000000, 984000000, 1000000.00, 1, -24.49, -24.49
2026-06-28, 18:03:03, 984000000, 985000000, 1000000.00, 1, -24.64, -24.64
2026-06-28, 18:03:03, 985000000, 986000000, 1000000.00, 1, -24.69, -24.69
2026-06-28, 18:03:03, 986000000, 987000000, 1000000.00, 1, -24.60, -24.60
2026-06-28, 18:03:03, 987000000, 988000000, 1000000.00, 1, -24.60, -24.60
2026-06-28, 18:03:03, 988000000, 989000000, 1000000.00, 1, -24.51, -24.51
2026-06-28, 18:03:03, 989000000, 990000000, 1000000.00, 1, -24.48, -24.48
2026-06-28, 18:03:03, 990000000, 991000000, 1000000.00, 1, -24.72, -24.72
2026-06-28, 18:03:03, 991000000, 992000000, 1000000.00, 1, -24.61, -24.61
2026-06-28, 18:03:03, 992000000, 993000000, 1000000.00, 1, -24.61, -24.61
2026-06-28, 18:03:03, 993000000, 994000000, 1000000.00, 1, -24.64, -24.64
2026-06-28, 18:03:03, 994000000, 995000000, 1000000.00, 1, -24.60, -24.60
2026-06-28, 18:03:03, 995000000, 996000000, 1000000.00, 1, -24.56, -24.56
2026-06-28, 18:03:03, 996000000, 997000000, 1000000.00, 1, -24.50, -24.50
2026-06-28, 18:03:03, 997000000, 998000000, 1000000.00, 1, -24.74, -24.74
2026-06-28, 18:03:03, 998000000, 999000000, 1000000.00, 1, -24.63, -24.63
2026-06-28, 18:03:03, 999000000, 1000000000, 1000000.00, 1, -24.55, -24.55
2026-06-28, 18:03:03, 1000000000, 1001000000, 1000000.00, 1, -24.61, -24.61
2026-06-28, 18:03:03, 1001000000, 1002000000, 1000000.00, 1, -24.58, -24.58
2026-06-28, 18:03:03, 1002000000, 1003000000, 1000000.00, 1, -24.59, -24.59
2026-06-28, 18:03:03, 1003000000, 1004000000, 1000000.00, 1, -24.68, -24.68
2026-06-28, 18:03:03, 1004000000, 1005000000, 1000000.00, 1, -24.64, -24.64
2026-06-28, 18:03:03, 1005000000, 1006000000, 1000000.00, 1, -24.56, -24.56
2026-06-28, 18:03:03, 1006000000, 1007000000, 1000000.00, 1, -24.57, -24.57
2026-06-28, 18:03:03, 1007000000, 1008000000, 1000000.00, 1, -24.54, -24.54
2026-06-28, 18:03:03, 1008000000, 1009000000, 1000000.00, 1, -24.51, -24.51
2026-06-28, 18:03:03, 1009000000, 1010000000, 1000000.00, 1, -24.69, -24.69
2026-06-28, 18:03:03, 1010000000, 1011000000, 1000000.00, 1, -24.69, -24.69
2026-06-28, 18:03:03, 1011000000, 1012000000, 1000000.00, 1, -24.63, -24.63
2026-06-28, 18:03:03, 1012000000, 1013000000, 1000000.00, 1, -24.64, -24.64
2026-06-28, 18:03:03, 1013000000, 1014000000, 1000000.00, 1, -24.57, -24.57
2026-06-28, 18:03:03, 1014000000, 1015000000, 1000000.00, 1, -24.55, -24.55
2026-06-28, 18:03:03, 1015000000, 1016000000, 1000000.00, 1, -24.51, -24.51
2026-06-28, 18:03:03, 1016000000, 1017000000, 1000000.00, 1, -24.73, -24.73
2026-06-28, 18:03:03, 1017000000, 1018000000, 1000000.00, 1, -24.67, -24.67
2026-06-28, 18:03:03, 1018000000, 1019000000, 1000000.00, 1, -24.59, -24.59
2026-06-28, 18:03:03, 1019000000, 1020000000, 1000000.00, 1, -24.57, -24.57
2026-06-28, 18:03:03, 1020000000, 1021000000, 1000000.00, 1, -24.57, -24.57
2026-06-28, 18:03:03, 1021000000, 1022000000, 1000000.00, 1, -24.57, -24.57
2026-06-28, 18:03:03, 1022000000, 1023000000, 1000000.00, 1, -24.74, -24.74
2026-06-28, 18:03:03, 1023000000, 1024000000, 1000000.00, 1, -24.69, -24.69
2026-06-28, 18:03:03, 1024000000, 1025000000, 1000000.00, 1, -24.58, -24.58
2026-06-28, 18:03:03, 1025000000, 1026000000, 1000000.00, 1, -24.60, -24.60
2026-06-28, 18:03:03, 1026000000, 1027000000, 1000000.00, 1, -24.57, -24.57
2026-06-28, 18:03:03, 1027000000, 1028000000, 1000000.00, 1, -24.63, -24.63
2026-06-28, 18:03:03, 1028000000, 1029000000, 1000000.00, 1, -24.65, -24.65
2026-06-28, 18:03:03, 1029000000, 1030000000, 1000000.00, 1, -24.69, -24.69
2026-06-28, 18:03:03, 1030000000, 1031000000, 1000000.00, 1, -24.58, -24.58
2026-06-28, 18:03:03, 1031000000, 1032000000, 1000000.00, 1, -24.61, -24.61
2026-06-28, 18:03:03, 1032000000, 1033000000, 1000000.00, 1, -24.60, -24.60
2026-06-28, 18:03:03, 1033000000, 1034000000, 1000000.00, 1, -24.58, -24.58
2026-06-28, 18:03:03, 1034000000, 1035000000, 1000000.00, 1, -24.51, -24.51
2026-06-28, 18:03:03, 1035000000, 1036000000, 1000000.00, 1, -24.68, -24.68
2026-06-28, 18:03:03, 1036000000, 1037000000, 1000000.00, 1, -24.64, -24.64
2026-06-28, 18:03:03, 1037000000, 1038000000, 1000000.00, 1, -24.63, -24.63
2026-06-28, 18:03:03, 1038000000, 1039000000, 1000000.00, 1, -24.63, -24.63
2026-06-28, 18:03:03, 1039000000, 1040000000, 1000000.00, 1, -24.60, -24.60
2026-06-28, 18:03:03, 1040000000, 1041000000, 1000000.00, 1, -24.52, -24.52
2026-06-28, 18:03:03, 1041000000, 1042000000, 1000000.00, 1, -24.76, -24.76
2026-06-28, 18:03:03, 1042000000, 1043000000, 1000000.00, 1, -24.67, -24.67
2026-06-28, 18:03:03, 1043000000, 1044000000, 1000000.00, 1, -24.63, -24.63
2026-06-28, 18:03:03, 1044000000, 1045000000, 1000000.00, 1, -24.59, -24.59
2026-06-28, 18:03:03, 1045000000, 1046000000, 1000000.00, 1, -24.59, -24.59
2026-06-28, 18:03:03, 1046000000, 1047000000, 1000000.00, 1, -24.52, -24.52
2026-06-28, 18:03:03, 1047000000, 1048000000, 1000000.00, 1, -24.56, -24.56
2026-06-28, 18:03:03, 1048000000, 1049000000, 1000000.00, 1, -24.67, -24.67
2026-06-28, 18:03:03, 1049000000, 1050000000, 1000000.00, 1, -24.66, -24.66
2026-06-28, 18:03:03, 1050000000, 1051000000, 1000000.00, 1, -24.66, -24.66
2026-06-28, 18:03:03, 1051000000, 1052000000, 1000000.00, 1, -24.60, -24.60
2026-06-28, 18:03:03, 1052000000, 1053000000, 1000000.00, 1, -24.53, -24.53
2026-06-28, 18:03:03, 1053000000, 1054000000, 1000000.00, 1, -24.53, -24.53
2026-06-28, 18:03:03, 1054000000, 1055000000, 1000000.00, 1, -24.74, -24.74
2026-06-28, 18:03:03, 1055000000, 1056000000, 1000000.00, 1, -24.61, -24.61
2026-06-28, 18:03:03, 1056000000, 1057000000, 1000000.00, 1, -24.64, -24.64
2026-06-28, 18:03:03, 1057000000, 1058000000, 1000000.00, 1, -24.66, -24.66
2026-06-28, 18:03:03, 1058000000, 1059000000, 1000000.00, 1, -24.62, -24.62
2026-06-28, 18:03:03, 1059000000, 1060000000, 1000000.00, 1, -24.52, -24.52
2026-06-28, 18:03:03, 1060000000, 1061000000, 1000000.00, 1, -24.68, -24.68
2026-06-28, 18:03:03, 1061000000, 1062000000, 1000000.00, 1, -24.65, -24.65
2026-06-28, 18:03:03, 1062000000, 1063000000, 1000000.00, 1, -24.58, -24.58
2026-06-28, 18:03:03, 1063000000, 1064000000, 1000000.00, 1, -24.59, -24.59
2026-06-28, 18:03:03, 1064000000, 1065000000, 1000000.00, 1, -24.60, -24.60
2026-06-28, 18:03:03, 1065000000, 1066000000, 1000000.00, 1, -24.60, -24.60
2026-06-28, 18:03:03, 1066000000, 1067000000, 1000000.00, 1, -24.52, -24.52
2026-06-28, 18:03:03, 1067000000, 1068000000, 1000000.00, 1, -24.64, -24.64
2026-06-28, 18:03:03, 1068000000, 1069000000, 1000000.00, 1, -24.60, -24.60
2026-06-28, 18:03:03, 1069000000, 1070000000, 1000000.00, 1, -24.61, -24.61
2026-06-28, 18:03:03, 1070000000, 1071000000, 1000000.00, 1, -24.58, -24.58
2026-06-28, 18:03:03, 1071000000, 1072000000, 1000000.00, 1, -24.54, -24.54
2026-06-28, 18:03:03, 1072000000, 1073000000, 1000000.00, 1, -24.51, -24.51
2026-06-28, 18:03:03, 1073000000, 1074000000, 1000000.00, 1, -24.74, -24.74
2026-06-28, 18:03:03, 1074000000, 1075000000, 1000000.00, 1, -24.64, -24.64
2026-06-28, 18:03:03, 1075000000, 1076000000, 1000000.00, 1, -24.62, -24.62
2026-06-28, 18:03:03, 1076000000, 1077000000, 1000000.00, 1, -24.56, -24.56
2026-06-28, 18:03:03, 1077000000, 1078000000, 1000000.00, 1, -24.53, -24.53
2026-06-28, 18:03:03, 1078000000, 1079000000, 1000000.00, 1, -24.55, -24.55
2026-06-28, 18:03:03, 1079000000, 1080000000, 1000000.00, 1, -24.71, -24.71
2026-06-28, 18:03:03, 1080000000, 1081000000, 1000000.00, 1, -24.68, -24.68
2026-06-28, 18:03:03, 1081000000, 1082000000, 1000000.00, 1, -24.62, -24.62
2026-06-28, 18:03:03, 1082000000, 1083000000, 1000000.00, 1, -24.60, -24.60
2026-06-28, 18:03:03, 1083000000, 1084000000, 1000000.00, 1, -24.66, -24.66
2026-06-28, 18:03:03, 1084000000, 1085000000, 1000000.00, 1, -24.51, -24.51
2026-06-28, 18:03:03, 1085000000, 1086000000, 1000000.00, 1, -24.50, -24.50
2026-06-28, 18:03:03, 1086000000, 1087000000, 1000000.00, 1, -24.66, -24.66
2026-06-28, 18:03:03, 1087000000, 1088000000, 1000000.00, 1, -24.66, -24.66
2026-06-28, 18:03:03, 1088000000, 1089000000, 1000000.00, 1, -24.65, -24.65
2026-06-28, 18:03:03, 1089000000, 1090000000, 1000000.00, 1, -24.53, -24.53
2026-06-28, 18:03:03, 1090000000, 1091000000, 1000000.00, 1, -24.52, -24.52
2026-06-28, 18:03:03, 1091000000, 1092000000, 1000000.00, 1, -24.52, -24.52
2026-06-28, 18:03:03, 1092000000, 1093000000, 1000000.00, 1, -24.74, -24.74
2026-06-28, 18:03:03, 1093000000, 1094000000, 1000000.00, 1, -24.66, -24.66
2026-06-28, 18:03:03, 1094000000, 1095000000, 1000000.00, 1, -24.64, -24.64
2026-06-28, 18:03:03, 1095000000, 1096000000, 1000000.00, 1, -24.56, -24.56
2026-06-28, 18:03:03, 1096000000, 1097000000, 1000000.00, 1, -24.58, -24.58
2026-06-28, 18:03:03, 1097000000, 1098000000, 1000000.00, 1, -24.53, -24.53
2026-06-28, 18:03:03, 1098000000, 1099000000, 1000000.00, 1, -24.71, -24.71
2026-06-28, 18:03:03, 1099000000, 1100000000, 1000000.00, 1, -24.71, -24.71
2026-06-28, 18:03:03, 1100000000, 1101000000, 1000000.00, 1, -24.64, -24.64
2026-06-28, 18:03:03, 1101000000, 1102000000, 1000000.00, 1, -24.60, -24.60
2026-06-28, 18:03:03, 1102000000, 1103000000, 1000000.00, 1, -24.54, -24.54
2026-06-28, 18:03:03, 1103000000, 1104000000, 1000000.00, 1, -24.60, -24.60
2026-06-28, 18:03:03, 1104000000, 1105000000, 1000000.00, 1, -24.48, -24.48
2026-06-28, 18:03:03, 1105000000, 1106000000, 1000000.00, 1, -24.67, -24.67
2026-06-28, 18:03:03, 1106000000, 1107000000, 1000000.00, 1, -24.61, -24.61
2026-06-28, 18:03:03, 1107000000, 1108000000, 1000000.00, 1, -24.61, -24.61
2026-06-28, 18:03:03, 1108000000, 1109000000, 1000000.00, 1, -24.53, -24.53
2026-06-28, 18:03:03, 1109000000, 1110000000, 1000000.00, 1, -24.63, -24.63
2026-06-28, 18:03:03, 1110000000, 1111000000, 1000000.00, 1, -24.56, -24.56
2026-06-28, 18:03:03, 1111000000, 1112000000, 1000000.00, 1, -24.70, -24.70
2026-06-28, 18:03:03, 1112000000, 1113000000, 1000000.00, 1, -24.66, -24.66
2026-06-28, 18:03:03, 1113000000, 1114000000, 1000000.00, 1, -24.64, -24.64
2026-06-28, 18:03:03, 1114000000, 1115000000, 1000000.00, 1, -24.53, -24.53
2026-06-28, 18:03:03, 1115000000, 1116000000, 1000000.00, 1, -24.52, -24.52
2026-06-28, 18:03:03, 1116000000, 1117000000, 1000000.00, 1, -24.53, -24.53
2026-06-28, 18:03:03, 1117000000, 1118000000, 1000000.00, 1, -24.64, -24.64
2026-06-28, 18:03:03, 1118000000, 1119000000, 1000000.00, 1, -24.65, -24.65
2026-06-28, 18:03:03, 1119000000, 1120000000, 1000000.00, 1, -24.68, -24.68
2026-06-28, 18:03:03, 1120000000, 1121000000, 1000000.00, 1, -24.66, -24.66
2026-06-28, 18:03:03, 1121000000, 1122000000, 1000000.00, 1, -24.59, -24.59
2026-06-28, 18:03:03, 1122000000, 1123000000, 1000000.00, 1, -24.61, -24.61
2026-06-28, 18:03:03, 1123000000, 1124000000, 1000000.00, 1, -24.56, -24.56
2026-06-28, 18:03:03, 1124000000, 1125000000, 1000000.00, 1, -24.64, -24.64
2026-06-28, 18:03:03, 1125000000, 1126000000, 1000000.00, 1, -24.70, -24.70
2026-06-28, 18:03:03, 1126000000, 1127000000, 1000000.00, 1, -24.59, -24.59
2026-06-28, 18:03:03, 1127000000, 1128000000, 1000000.00, 1, -24.59, -24.59
2026-06-28, 18:03:03, 1128000000, 1129000000, 1000000.00, 1, -24.59, -24.59
2026-06-28, 18:03:03, 1129000000, 1130000000, 1000000.00, 1, -24.54, -24.54
2026-06-28, 18:03:03, 1130000000, 1131000000, 1000000.00, 1, -24.70, -24.70
2026-06-28, 18:03:03, 1131000000, 1132000000, 1000000.00, 1, -24.70, -24.70
2026-06-28, 18:03:03, 1132000000, 1133000000, 1000000.00, 1, -24.63, -24.63
2026-06-28, 18:03:03, 1133000000, 1134000000, 1000000.00, 1, -24.57, -24.57
2026-06-28, 18:03:03, 1134000000, 1135000000, 1000000.00, 1, -24.56, -24.56
2026-06-28, 18:03:03, 1135000000, 1136000000, 1000000.00, 1, -24.55, -24.55
2026-06-28, 18:03:03, 1136000000, 1137000000, 1000000.00, 1, -24.58, -24.58
2026-06-28, 18:03:03, 1137000000, 1138000000, 1000000.00, 1, -24.64, -24.64
2026-06-28, 18:03:03, 1138000000, 1139000000, 1000000.00, 1, -24.58, -24.58
2026-06-28, 18:03:03, 1139000000, 1140000000, 1000000.00, 1, -24.64, -24.64
2026-06-28, 18:03:03, 1140000000, 1141000000, 1000000.00, 1, -24.60, -24.60
2026-06-28, 18:03:03, 1141000000, 1142000000, 1000000.00, 1, -24.55, -24.55
2026-06-28, 18:03:03, 1142000000, 1143000000, 1000000.00, 1, -24.50, -24.50
2026-06-28, 18:03:03, 1143000000, 1144000000, 1000000.00, 1, -24.70, -24.70
2026-06-28, 18:03:03, 1144000000, 1145000000, 1000000.00, 1, -24.63, -24.63
2026-06-28, 18:03:03, 1145000000, 1146000000, 1000000.00, 1, -24.60, -24.60
2026-06-28, 18:03:03, 1146000000, 1147000000, 1000000.00, 1, -24.60, -24.60
2026-06-28, 18:03:03, 1147000000, 1148000000, 1000000.00, 1, -24.53, -24.53
2026-06-28, 18:03:03, 1148000000, 1149000000, 1000000.00, 1, -24.47, -24.47
2026-06-28, 18:03:03, 1149000000, 1150000000, 1000000.00, 1, -24.67, -24.67
2026-06-28, 18:03:03, 1150000000, 1151000000, 1000000.00, 1, -24.69, -24.69
2026-06-28, 18:03:03, 1151000000, 1152000000, 1000000.00, 1, -24.63, -24.63
2026-06-28, 18:03:03, 1152000000, 1153000000, 1000000.00, 1, -24.57, -24.57
2026-06-28, 18:03:03, 1153000000, 1154000000, 1000000.00, 1, -24.57, -24.57
2026-06-28, 18:03:03, 1154000000, 1155000000, 1000000.00, 1, -24.56, -24.56
2026-06-28, 18:03:03, 1155000000, 1156000000, 1000000.00, 1, -24.58, -24.58
2026-06-28, 18:03:03, 1156000000, 1157000000, 1000000.00, 1, -24.69, -24.69
2026-06-28, 18:03:03, 1157000000, 1158000000, 1000000.00, 1, -24.66, -24.66
2026-06-28, 18:03:03, 1158000000, 1159000000, 1000000.00, 1, -24.61, -24.61
2026-06-28, 18:03:03, 1159000000, 1160000000, 1000000.00, 1, -24.58, -24.58
2026-06-28, 18:03:03, 1160000000, 1161000000, 1000000.00, 1, -24.55, -24.55
2026-06-28, 18:03:03, 1161000000, 1162000000, 1000000.00, 1, -24.53, -24.53
2026-06-28, 18:03:03, 1162000000, 1163000000, 1000000.00, 1, -24.72, -24.72
2026-06-28, 18:03:03, 1163000000, 1164000000, 1000000.00, 1, -24.63, -24.63
2026-06-28, 18:03:03, 1164000000, 1165000000, 1000000.00, 1, -24.63, -24.63
2026-06-28, 18:03:03, 1165000000, 1166000000, 1000000.00, 1, -24.55, -24.55
2026-06-28, 18:03:03, 1166000000, 1167000000, 1000000.00, 1, -24.54, -24.54
2026-06-28, 18:03:03, 1167000000, 1168000000, 1000000.00, 1, -24.54, -24.54
2026-06-28, 18:03:03, 1168000000, 1169000000, 1000000.00, 1, -24.70, -24.70
2026-06-28, 18:03:03, 1169000000, 1170000000, 1000000.00, 1, -24.69, -24.69
2026-06-28, 18:03:03, 1170000000, 1171000000, 1000000.00, 1, -24.65, -24.65
2026-06-28, 18:03:03, 1171000000, 1172000000, 1000000.00, 1, -24.61, -24.61
2026-06-28, 18:03:03, 1172000000, 1173000000, 1000000.00, 1, -24.59, -24.59
2026-06-28, 18:03:03, 1173000000, 1174000000, 1000000.00, 1, -24.55, -24.55
2026-06-28, 18:03:03, 1174000000, 1175000000, 1000000.00, 1, -24.51, -24.51
2026-06-28, 18:03:03, 1175000000, 1176000000, 1000000.00, 1, -24.71, -24.71
2026-06-28, 18:03:03, 1176000000, 1177000000, 1000000.00, 1, -24.63, -24.63
2026-06-28, 18:03:03, 1177000000, 1178000000, 1000000.00, 1, -24.61, -24.61
2026-06-28, 18:03:03, 1178000000, 1179000000, 1000000.00, 1, -24.58, -24.58
2026-06-28, 18:03:03, 1179000000, 1180000000, 1000000.00, 1, -24.56, -24.56
2026-06-28, 18:03:03, 1180000000, 1181000000, 1000000.00, 1, -24.53, -24.53
2026-06-28, 18:03:03, 1181000000, 1182000000, 1000000.00, 1, -24.65, -24.65
2026-06-28, 18:03:03, 1182000000, 1183000000, 1000000.00, 1, -24.64, -24.64
2026-06-28, 18:03:03, 1183000000, 1184000000, 1000000.00, 1, -24.62, -24.62
2026-06-28, 18:03:03, 1184000000, 1185000000, 1000000.00, 1, -24.61, -24.61
2026-06-28, 18:03:03, 1185000000, 1186000000, 1000000.00, 1, -24.58, -24.58
2026-06-28, 18:03:03, 1186000000, 1187000000, 1000000.00, 1, -24.57, -24.57
2026-06-28, 18:03:03, 1187000000, 1188000000, 1000000.00, 1, -24.69, -24.69
2026-06-28, 18:03:03, 1188000000, 1189000000, 1000000.00, 1, -24.64, -24.64
2026-06-28, 18:03:03, 1189000000, 1190000000, 1000000.00, 1, -24.66, -24.66
2026-06-28, 18:03:03, 1190000000, 1191000000, 1000000.00, 1, -24.65, -24.65
2026-06-28, 18:03:03, 1191000000, 1192000000, 1000000.00, 1, -24.58, -24.58
2026-06-28, 18:03:03, 1192000000, 1193000000, 1000000.00, 1, -24.54, -24.54
2026-06-28, 18:03:03, 1193000000, 1194000000, 1000000.00, 1, -24.48, -24.48
2026-06-28, 18:03:03, 1194000000, 1195000000, 1000000.00, 1, -24.68, -24.68
2026-06-28, 18:03:03, 1195000000, 1196000000, 1000000.00, 1, -24.65, -24.65
2026-06-28, 18:03:03, 1196000000, 1197000000, 1000000.00, 1, -24.62, -24.62
2026-06-28, 18:03:03, 1197000000, 1198000000, 1000000.00, 1, -24.61, -24.61
2026-06-28, 18:03:03, 1198000000, 1199000000, 1000000.00, 1, -24.53, -24.53
2026-06-28, 18:03:03, 1199000000, 1200000000, 1000000.00, 1, -24.54, -24.54
2026-06-28, 18:03:03, 1200000000, 1201000000, 1000000.00, 1, -24.72, -24.72
2026-06-28, 18:03:03, 1201000000, 1202000000, 1000000.00, 1, -24.65, -24.65
2026-06-28, 18:03:03, 1202000000, 1203000000, 1000000.00, 1, -24.62, -24.62
2026-06-28, 18:03:03, 1203000000, 1204000000, 1000000.00, 1, -24.61, -24.61
2026-06-28, 18:03:03, 1204000000, 1205000000, 1000000.00, 1, -24.56, -24.56
2026-06-28, 18:03:03, 1205000000, 1206000000, 1000000.00, 1, -24.62, -24.62
2026-06-28, 18:03:03, 1206000000, 1207000000, 1000000.00, 1, -24.68, -24.68
2026-06-28, 18:03:03, 1207000000, 1208000000, 1000000.00, 1, -24.67, -24.67
2026-06-28, 18:03:03, 1208000000, 1209000000, 1000000.00, 1, -24.67, -24.67
2026-06-28, 18:03:03, 1209000000, 1210000000, 1000000.00, 1, -24.57, -24.57
2026-06-28, 18:03:03, 1210000000, 1211000000, 1000000.00, 1, -24.61, -24.61
2026-06-28, 18:03:03, 1211000000, 1212000000, 1000000.00, 1, -24.49, -24.49
2026-06-28, 18:03:03, 1212000000, 1213000000, 1000000.00, 1, -24.51, -24.51
2026-06-28, 18:03:03, 1213000000, 1214000000, 1000000.00, 1, -24.69, -24.69
2026-06-28, 18:03:03, 1214000000, 1215000000, 1000000.00, 1, -24.68, -24.68
2026-06-28, 18:03:13, 960000000, 961000000, 1000000.00, 1, -24.65, -24.65
2026-06-28, 18:03:13, 961000000, 962000000, 1000000.00, 1, -24.66, -24.66
2026-06-28, 18:03:13, 962000000, 963000000, 1000000.00, 1, -24.57, -24.57
2026-06-28, 18:03:13, 963000000, 964000000, 1000000.00, 1, -24.56, -24.56
2026-06-28, 18:03:13, 964000000, 965000000, 1000000.00, 1, -24.69, -24.69
2026-06-28, 18:03:13, 965000000, 966000000, 1000000.00, 1, -24.64, -24.64
2026-06-28, 18:03:13, 966000000, 967000000, 1000000.00, 1, -24.60, -24.60
2026-06-28, 18:03:13, 967000000, 968000000, 1000000.00, 1, -24.60, -24.60
2026-06-28, 18:03:13, 968000000, 969000000, 1000000.00, 1, -24.59, -24.59
2026-06-28, 18:03:13, 969000000, 970000000, 1000000.00, 1, -24.54, -24.54
2026-06-28, 18:03:13, 970000000, 971000000, 1000000.00, 1, -24.57, -24.57
2026-06-28, 18:03:13, 971000000, 972000000, 1000000.00, 1, -24.66, -24.66
2026-06-28, 18:03:13, 972000000, 973000000, 1000000.00, 1, -24.63, -24.63
2026-06-28, 18:03:13, 973000000, 974000000, 1000000.00, 1, -24.60, -24.60
2026-06-28, 18:03:13, 974000000, 975000000, 1000000.00, 1, -24.63, -24.63
2026-06-28, 18:03:13, 975000000, 976000000, 1000000.00, 1, -24.51, -24.51
2026-06-28, 18:03:13, 976000000, 977000000, 1000000.00, 1, -24.52, -24.52
2026-06-28, 18:03:13, 977000000, 978000000, 1000000.00, 1, -24.78, -24.78
2026-06-28, 18:03:13, 978000000, 979000000, 1000000.00, 1, -24.65, -24.65
2026-06-28, 18:03:13, 979000000, 980000000, 1000000.00, 1, -24.61, -24.61
2026-06-28, 18:03:13, 980000000, 981000000, 1000000.00, 1, -24.57, -24.57
2026-06-28, 18:03:13, 981000000, 982000000, 1000000.00, 1, -24.56, -24.56
2026-06-28, 18:03:13, 982000000, 983000000, 1000000.00, 1, -24.55, -24.55
2026-06-28, 18:03:13, 983000000, 984000000, 1000000.00, 1, -24.64, -24.64
2026-06-28, 18:03:13, 984000000, 985000000, 1000000.00, 1, -24.66, -24.66
2026-06-28, 18:03:13, 985000000, 986000000, 1000000.00, 1, -24.61, -24.61
2026-06-28, 18:03:13, 986000000, 987000000, 1000000.00, 1, -24.61, -24.61
2026-06-28, 18:03:13, 987000000, 988000000, 1000000.00, 1, -24.54, -24.54
2026-06-28, 18:03:13, 988000000, 989000000, 1000000.00, 1, -24.53, -24.53
2026-06-28, 18:03:13, 989000000, 990000000, 1000000.00, 1, -24.62, -24.62
2026-06-28, 18:03:13, 990000000, 991000000, 1000000.00, 1, -24.70, -24.70
2026-06-28, 18:03:13, 991000000, 992000000, 1000000.00, 1, -24.67, -24.67
2026-06-28, 18:03:13, 992000000, 993000000, 1000000.00, 1, -24.63, -24.63
2026-06-28, 18:03:13, 993000000, 994000000, 1000000.00, 1, -24.60, -24.60
2026-06-28, 18:03:13, 994000000, 995000000, 1000000.00, 1, -24.54, -24.54
2026-06-28, 18:03:13, 995000000, 996000000, 1000000.00, 1, -24.49, -24.49
2026-06-28, 18:03:13, 996000000, 997000000, 1000000.00, 1, -24.63, -24.63
2026-06-28, 18:03:13, 997000000, 998000000, 1000000.00, 1, -24.59, -24.59
2026-06-28, 18:03:13, 998000000, 999000000, 1000000.00, 1, -24.61, -24.61
2026-06-28, 18:03:13, 999000000, 1000000000, 1000000.00, 1, -24.47, -24.47
2026-06-28, 18:03:13, 1000000000, 1001000000, 1000000.00, 1, -24.63, -24.63
2026-06-28, 18:03:13, 1001000000, 1002000000, 1000000.00, 1, -24.54, -24.54
2026-06-28, 18:03:13, 1002000000, 1003000000, 1000000.00, 1, -24.66, -24.66
2026-06-28, 18:03:13, 1003000000, 1004000000, 1000000.00, 1, -24.62, -24.62
2026-06-28, 18:03:13, 1004000000, 1005000000, 1000000.00, 1, -24.66, -24.66
2026-06-28, 18:03:13, 1005000000, 1006000000, 1000000.00, 1, -24.58, -24.58
2026-06-28, 18:03:13, 1006000000, 1007000000, 1000000.00, 1, -24.57, -24.57
2026-06-28, 18:03:13, 1007000000, 1008000000, 1000000.00, 1, -24.50, -24.50
2026-06-28, 18:03:13, 1008000000, 1009000000, 1000000.00, 1, -24.54, -24.54
2026-06-28, 18:03:13, 1009000000, 1010000000, 1000000.00, 1, -24.62, -24.62
2026-06-28, 18:03:13, 1010000000, 1011000000, 1000000.00, 1, -24.67, -24.67
2026-06-28, 18:03:13, 1011000000, 1012000000, 1000000.00, 1, -24.58, -24.58
2026-06-28, 18:03:13, 1012000000, 1013000000, 1000000.00, 1, -24.61, -24.61
2026-06-28, 18:03:13, 1013000000, 1014000000, 1000000.00, 1, -24.59, -24.59
2026-06-28, 18:03:13, 1014000000, 1015000000, 1000000.00, 1, -24.55, -24.55
2026-06-28, 18:03:13, 1015000000, 1016000000, 1000000.00, 1, -24.68, -24.68
2026-06-28, 18:03:13, 1016000000, 1017000000, 1000000.00, 1, -24.71, -24.71
2026-06-28, 18:03:13, 1017000000, 1018000000, 1000000.00, 1, -24.64, -24.64
2026-06-28, 18:03:13, 1018000000, 1019000000, 1000000.00, 1, -24.57, -24.57
2026-06-28, 18:03:13, 1019000000, 1020000000, 1000000.00, 1, -24.53, -24.53
2026-06-28, 18:03:13, 1020000000, 1021000000, 1000000.00, 1, -24.48, -24.48
2026-06-28, 18:03:13, 1021000000, 1022000000, 1000000.00, 1, -24.70, -24.70
2026-06-28, 18:03:13, 1022000000, 1023000000, 1000000.00, 1, -24.67, -24.67
2026-06-28, 18:03:13, 1023000000, 1024000000, 1000000.00, 1, -24.68, -24.68
2026-06-28, 18:03:13, 1024000000, 1025000000, 1000000.00, 1, -24.58, -24.58
2026-06-28, 18:03:13, 1025000000, 1026000000, 1000000.00, 1, -24.57, -24.57
2026-06-28, 18:03:13, 1026000000, 1027000000, 1000000.00, 1, -24.50, -24.50
2026-06-28, 18:03:13, 1027000000, 1028000000, 1000000.00, 1, -24.52, -24.52
2026-06-28, 18:03:13, 1028000000, 1029000000, 1000000.00, 1, -24.74, -24.74
2026-06-28, 18:03:13, 1029000000, 1030000000, 1000000.00, 1, -24.62, -24.62
2026-06-28, 18:03:13, 1030000000, 1031000000, 1000000.00, 1, -24.60, -24.60
2026-06-28, 18:03:13, 1031000000, 1032000000, 1000000.00, 1, -24.57, -24.57
2026-06-28, 18:03:13, 1032000000, 1033000000, 1000000.00, 1, -24.53, -24.53
2026-06-28, 18:03:13, 1033000000, 1034000000, 1000000.00, 1, -24.53, -24.53
2026-06-28, 18:03:13, 1034000000, 1035000000, 1000000.00, 1, -24.75, -24.75
2026-06-28, 18:03:13, 1035000000, 1036000000, 1000000.00, 1, -24.64, -24.64
2026-06-28, 18:03:13, 1036000000, 1037000000, 1000000.00, 1, -24.61, -24.61
2026-06-28, 18:03:13, 1037000000, 1038000000, 1000000.00, 1, -24.61, -24.61
2026-06-28, 18:03:13, 1038000000, 1039000000, 1000000.00, 1, -24.55, -24.55
2026-06-28, 18:03:13, 1039000000, 1040000000, 1000000.00, 1, -24.50, -24.50
2026-06-28, 18:03:13, 1040000000, 1041000000, 1000000.00, 1, -24.68, -24.68
2026-06-28, 18:03:13, 1041000000, 1042000000, 1000000.00, 1, -24.67, -24.67
2026-06-28, 18:03:13, 1042000000, 1043000000, 1000000.00, 1, -24.65, -24.65
2026-06-28, 18:03:13, 1043000000, 1044000000, 1000000.00, 1, -24.61, -24.61
2026-06-28, 18:03:13, 1044000000, 1045000000, 1000000.00, 1, -24.56, -24.56
2026-06-28, 18:03:13, 1045000000, 1046000000, 1000000.00, 1, -24.57, -24.57
2026-06-28, 18:03:13, 1046000000, 1047000000, 1000000.00, 1, -24.54, -24.54
2026-06-28, 18:03:13, 1047000000, 1048000000, 1000000.00, 1, -24.67, -24.67
2026-06-28, 18:03:13, 1048000000, 1049000000, 1000000.00, 1, -24.62, -24.62
2026-06-28, 18:03:13, 1049000000, 1050000000, 1000000.00, 1, -24.62, -24.62
2026-06-28, 18:03:13, 1050000000, 1051000000, 1000000.00, 1, -24.62, -24.62
2026-06-28, 18:03:13, 1051000000, 1052000000, 1000000.00, 1, -24.57, -24.57
2026-06-28, 18:03:13, 1052000000, 1053000000, 1000000.00, 1, -24.50, -24.50
2026-06-28, 18:03:13, 1053000000, 1054000000, 1000000.00, 1, -24.71, -24.71
2026-06-28, 18:03:13, 1054000000, 1055000000, 1000000.00, 1, -24.66, -24.66
2026-06-28, 18:03:13, 1055000000, 1056000000, 1000000.00, 1, -24.66, -24.66
2026-06-28, 18:03:13, 1056000000, 1057000000, 1000000.00, 1, -24.59, -24.59
2026-06-28, 18:03:13, 1057000000, 1058000000, 1000000.00, 1, -24.51, -24.51
2026-06-28, 18:03:13, 1058000000, 1059000000, 1000000.00, 1, -24.56, -24.56
2026-06-28, 18:03:13, 1059000000, 1060000000, 1000000.00, 1, -24.63, -24.63
2026-06-28, 18:03:13, 1060000000, 1061000000, 1000000.00, 1, -24.68, -24.68
2026-06-28, 18:03:13, 1061000000, 1062000000, 1000000.00, 1, -24.62, -24.62
2026-06-28, 18:03:13, 1062000000, 1063000000, 1000000.00, 1, -24.64, -24.64
2026-06-28, 18:03:13, 1063000000, 1064000000, 1000000.00, 1, -24.56, -24.56
2026-06-28, 18:03:13, 1064000000, 1065000000, 1000000.00, 1, -24.57, -24.57
2026-06-28, 18:03:13, 1065000000, 1066000000, 1000000.00, 1, -24.53, -24.53
2026-06-28, 18:03:13, 1066000000, 1067000000, 1000000.00, 1, -24.68, -24.68
2026-06-28, 18:03:13, 1067000000, 1068000000, 1000000.00, 1, -24.62, -24.62
2026-06-28, 18:03:13, 1068000000, 1069000000, 1000000.00, 1, -24.68, -24.68
2026-06-28, 18:03:13, 1069000000, 1070000000, 1000000.00, 1, -24.59, -24.59
2026-06-28, 18:03:13, 1070000000, 1071000000, 1000000.00, 1, -24.56, -24.56
2026-06-28, 18:03:13, 1071000000, 1072000000, 1000000.00, 1, -24.58, -24.58
2026-06-28, 18:03:13, 1072000000, 1073000000, 1000000.00, 1, -24.72, -24.72
2026-06-28, 18:03:13, 1073000000, 1074000000, 1000000.00, 1, -24.70, -24.70
2026-06-28, 18:03:13, 1074000000, 1075000000, 1000000.00, 1, -24.63, -24.63
2026-06-28, 18:03:13, 1075000000, 1076000000, 1000000.00, 1, -24.61, -24.61
2026-06-28, 18:03:13, 1076000000, 1077000000, 1000000.00, 1, -24.60, -24.60
2026-06-28, 18:03:13, 1077000000, 1078000000, 1000000.00, 1, -24.54, -24.54
2026-06-28, 18:03:13, 1078000000, 1079000000, 1000000.00, 1, -24.63, -24.63
2026-06-28, 18:03:13, 1079000000, 1080000000, 1000000.00, 1, -24.70, -24.70
2026-06-28, 18:03:13, 1080000000, 1081000000, 1000000.00, 1, -24.58, -24.58
2026-06-28, 18:03:13, 1081000000, 1082000000, 1000000.00, 1, -24.60, -24.60
2026-06-28, 18:03:13, 1082000000, 1083000000, 1000000.00, 1, -24.60, -24.60
2026-06-28, 18:03:13, 1083000000, 1084000000, 1000000.00, 1, -24.55, -24.55
2026-06-28, 18:03:13, 1084000000, 1085000000, 1000000.00, 1, -24.52, -24.52
2026-06-28, 18:03:13, 1085000000, 1086000000, 1000000.00, 1, -24.70, -24.70
2026-06-28, 18:03:13, 1086000000, 1087000000, 1000000.00, 1, -24.68, -24.68
2026-06-28, 18:03:13, 1087000000, 1088000000, 1000000.00, 1, -24.61, -24.61
2026-06-28, 18:03:13, 1088000000, 1089000000, 1000000.00, 1, -24.61, -24.61
2026-06-28, 18:03:13, 1089000000, 1090000000, 1000000.00, 1, -24.53, -24.53
2026-06-28, 18:03:13, 1090000000, 1091000000, 1000000.00, 1, -24.48, -24.48
2026-06-28, 18:03:13, 1091000000, 1092000000, 1000000.00, 1, -24.73, -24.73
2026-06-28, 18:03:13, 1092000000, 1093000000, 1000000.00, 1, -24.68, -24.68
2026-06-28, 18:03:13, 1093000000, 1094000000, 1000000.00, 1, -24.68, -24.68
2026-06-28, 18:03:13, 1094000000, 1095000000, 1000000.00, 1, -24.59, -24.59
2026-06-28, 18:03:13, 1095000000, 1096000000, 1000000.00, 1, -24.58, -24.58
2026-06-28, 18:03:13, 1096000000, 1097000000, 1000000.00, 1, -24.56, -24.56
2026-06-28, 18:03:13, 1097000000, 1098000000, 1000000.00, 1, -24.54, -24.54
2026-06-28, 18:03:13, 1098000000, 1099000000, 1000000.00, 1, -24.66, -24.66
2026-06-28, 18:03:13, 1099000000, 1100000000, 1000000.00, 1, -24.65, -24.65
2026-06-28, 18:03:13, 1100000000, 1101000000, 1000000.00, 1, -24.61, -24.61
2026-06-28, 18:03:13, 1101000000, 1102000000, 1000000.00, 1, -24.59, -24.59
2026-06-28, 18:03:13, 1102000000, 1103000000, 1000000.00, 1, -24.54, -24.54
2026-06-28, 18:03:13, 1103000000, 1104000000, 1000000.00, 1, -24.53, -24.53
2026-06-28, 18:03:13, 1104000000, 1105000000, 1000000.00, 1, -24.66, -24.66
2026-06-28, 18:03:13, 1105000000, 1106000000, 1000000.00, 1, -24.63, -24.63
2026-06-28, 18:03:13, 1106000000, 1107000000, 1000000.00, 1, -24.66, -24.66
2026-06-28, 18:03:13, 1107000000, 1108000000, 1000000.00, 1, -24.61, -24.61
2026-06-28, 18:03:13, 1108000000, 1109000000, 1000000.00, 1, -24.58, -24.58
2026-06-28, 18:03:13, 1109000000, 1110000000, 1000000.00, 1, -24.52, -24.52
2026-06-28, 18:03:13, 1110000000, 1111000000, 1000000.00, 1, -24.70, -24.70
2026-06-28, 18:03:13, 1111000000, 1112000000, 1000000.00, 1, -24.64, -24.64
2026-06-28, 18:03:13, 1112000000, 1113000000, 1000000.00, 1, -24.62, -24.62
2026-06-28, 18:03:13, 1113000000, 1114000000, 1000000.00, 1, -24.60, -24.60
2026-06-28, 18:03:13, 1114000000, 1115000000, 1000000.00, 1, -24.54, -24.54
2026-06-28, 18:03:13, 1115000000, 1116000000, 1000000.00, 1, -24.58, -24.58
2026-06-28, 18:03:13, 1116000000, 1117000000, 1000000.00, 1, -24.55, -24.55
2026-06-28, 18:03:13, 1117000000, 1118000000, 1000000.00, 1, -24.67, -24.67
2026-06-28, 18:03:13, 1118000000, 1119000000, 1000000.00, 1, -24.60, -24.60
2026-06-28, 18:03:13, 1119000000, 1120000000, 1000000.00, 1, -24.54, -24.54
2026-06-28, 18:03:13, 1120000000, 1121000000, 1000000.00, 1, -24.63, -24.63
2026-06-28, 18:03:13, 1121000000, 1122000000, 1000000.00, 1, -24.53, -24.53
2026-06-28, 18:03:13, 1122000000, 1123000000, 1000000.00, 1, -24.52, -24.52
2026-06-28, 18:03:13, 1123000000, 1124000000, 1000000.00, 1, -24.70, -24.70
2026-06-28, 18:03:13, 1124000000, 1125000000, 1000000.00, 1, -24.61, -24.61
2026-06-28, 18:03:13, 1125000000, 1126000000, 1000000.00, 1, -24.65, -24.65
2026-06-28, 18:03:13, 1126000000, 1127000000, 1000000.00, 1, -24.63, -24.63
2026-06-28, 18:03:13, 1127000000, 1128000000, 1000000.00, 1, -24.59, -24.59
2026-06-28, 18:03:13, 1128000000, 1129000000, 1000000.00, 1, -24.51, -24.51
2026-06-28, 18:03:13, 1129000000, 1130000000, 1000000.00, 1, -24.67, -24.67
2026-06-28, 18:03:13, 1130000000, 1131000000, 1000000.00, 1, -24.72, -24.72
2026-06-28, 18:03:13, 1131000000, 1132000000, 1000000.00, 1, -24.58, -24.58
2026-06-28, 18:03:13, 1132000000, 1133000000, 1000000.00, 1, -24.58, -24.58
2026-06-28, 18:03:13, 1133000000, 1134000000, 1000000.00, 1, -24.57, -24.57
2026-06-28, 18:03:13, 1134000000, 1135000000, 1000000.00, 1, -24.55, -24.55
2026-06-28, 18:03:13, 1135000000, 1136000000, 1000000.00, 1, -24.50, -24.50
2026-06-28, 18:03:13, 1136000000, 1137000000, 1000000.00, 1, -24.63, -24.63
2026-06-28, 18:03:13, 1137000000, 1138000000, 1000000.00, 1, -24.70, -24.70
2026-06-28, 18:03:13, 1138000000, 1139000000, 1000000.00, 1, -24.62, -24.62
2026-06-28, 18:03:13, 1139000000, 1140000000, 1000000.00, 1, -24.59, -24.59
2026-06-28, 18:03:13, 1140000000, 1141000000, 1000000.00, 1, -24.59, -24.59
2026-06-28, 18:03:13, 1141000000, 1142000000, 1000000.00, 1, -24.57, -24.57
2026-06-28, 18:03:13, 1142000000, 1143000000, 1000000.00, 1, -24.69, -24.69
2026-06-28, 18:03:13, 1143000000, 1144000000, 1000000.00, 1, -24.66, -24.66
2026-06-28, 18:03:13, 1144000000, 1145000000, 1000000.00, 1, -24.60, -24.60
2026-06-28, 18:03:13, 1145000000, 1146000000, 1000000.00, 1, -24.58, -24.58
2026-06-28, 18:03:13, 1146000000, 1147000000, 1000000.00, 1, -24.56, -24.56
2026-06-28, 18:03:13, 1147000000, 1148000000, 1000000.00, 1, -24.58, -24.58
2026-06-28, 18:03:13, 1148000000, 1149000000, 1000000.00, 1, -24.66, -24.66
2026-06-28, 18:03:13, 1149000000, 1150000000, 1000000.00, 1, -24.69, -24.69
2026-06-28, 18:03:13, 1150000000, 1151000000, 1000000.00, 1, -24.65, -24.65
2026-06-28, 18:03:13, 1151000000, 1152000000, 1000000.00, 1, -24.66, -24.66
2026-06-28, 18:03:13, 1152000000, 1153000000, 1000000.00, 1, -24.64, -24.64
2026-06-28, 18:03:13, 1153000000, 1154000000, 1000000.00, 1, -24.58, -24.58
2026-06-28, 18:03:13, 1154000000, 1155000000, 1000000.00, 1, -24.53, -24.53
2026-06-28, 18:03:13, 1155000000, 1156000000, 1000000.00, 1, -24.71, -24.71
2026-06-28, 18:03:13, 1156000000, 1157000000, 1000000.00, 1, -24.65, -24.65
2026-06-28, 18:03:13, 1157000000, 1158000000, 1000000.00, 1, -24.68, -24.68
2026-06-28, 18:03:13, 1158000000, 1159000000, 1000000.00, 1, -24.55, -24.55
2026-06-28, 18:03:13, 1159000000, 1160000000, 1000000.00, 1, -24.57, -24.57
2026-06-28, 18:03:13, 1160000000, 1161000000, 1000000.00, 1, -24.52, -24.52
2026-06-28, 18:03:13, 1161000000, 1162000000, 1000000.00, 1, -24.73, -24.73
2026-06-28, 18:03:13, 1162000000, 1163000000, 1000000.00, 1, -24.69, -24.69
2026-06-28, 18:03:13, 1163000000, 1164000000, 1000000.00, 1, -24.61, -24.61
2026-06-28, 18:03:13, 1164000000, 1165000000, 1000000.00, 1, -24.56, -24.56
2026-06-28, 18:03:13, 1165000000, 1166000000, 1000000.00, 1, -24.55, -24.55
2026-06-28, 18:03:13, 1166000000, 1167000000, 1000000.00, 1, -24.61, -24.61
2026-06-28, 18:03:13, 1167000000, 1168000000, 1000000.00, 1, -24.64, -24.64
2026-06-28, 18:03:13, 1168000000, 1169000000, 1000000.00, 1, -24.69, -24.69
2026-06-28, 18:03:13, 1169000000, 1170000000, 1000000.00, 1, -24.65, -24.65
2026-06-28, 18:03:13, 1170000000, 1171000000, 1000000.00, 1, -24.57, -24.57
2026-06-28, 18:03:13, 1171000000, 1172000000, 1000000.00, 1, -24.57, -24.57
2026-06-28, 18:03:13, 1172000000, 1173000000, 1000000.00, 1, -24.56, -24.56
2026-06-28, 18:03:13, 1173000000, 1174000000, 1000000.00, 1, -24.51, -24.51
2026-06-28, 18:03:13, 1174000000, 1175000000, 1000000.00, 1, -24.67, -24.67
2026-06-28, 18:03:13, 1175000000, 1176000000, 1000000.00, 1, -24.71, -24.71
2026-06-28, 18:03:13, 1176000000, 1177000000, 1000000.00, 1, -24.59, -24.59
2026-06-28, 18:03:13, 1177000000, 1178000000, 1000000.00, 1, -24.55, -24.55
2026-06-28, 18:03:13, 1178000000, 1179000000, 1000000.00, 1, -24.56, -24.56
2026-06-28, 18:03:13, 1179000000, 1180000000, 1000000.00, 1, -24.51, -24.51
2026-06-28, 18:03:13, 1180000000, 1181000000, 1000000.00, 1, -24.69, -24.69
2026-06-28, 18:03:13, 1181000000, 1182000000, 1000000.00, 1, -24.69, -24.69
2026-06-28, 18:03:13, 1182000000, 1183000000, 1000000.00, 1, -24.60, -24.60
2026-06-28, 18:03:13, 1183000000, 1184000000, 1000000.00, 1, -24.57, -24.57
2026-06-28, 18:03:13, 1184000000, 1185000000, 1000000.00, 1, -24.59, -24.59
2026-06-28, 18:03:13, 1185000000, 1186000000, 1000000.00, 1, -24.60, -24.60
2026-06-28, 18:03:13, 1186000000, 1187000000, 1000000.00, 1, -24.54, -24.54
2026-06-28, 18:03:13, 1187000000, 1188000000, 1000000.00, 1, -24.64, -24.64
2026-06-28, 18:03:13, 1188000000, 1189000000, 1000000.00, 1, -24.62, -24.62
2026-06-28, 18:03:13, 1189000000, 1190000000, 1000000.00, 1, -24.64, -24.64
2026-06-28, 18:03:13, 1190000000, 1191000000, 1000000.00, 1, -24.60, -24.60
2026-06-28, 18:03:13, 1191000000, 1192000000, 1000000.00, 1, -24.59, -24.59
2026-06-28, 18:03:13, 1192000000, 1193000000, 1000000.00, 1, -24.58, -24.58
2026-06-28, 18:03:13, 1193000000, 1194000000, 1000000.00, 1, -24.71, -24.71
2026-06-28, 18:03:13, 1194000000, 1195000000, 1000000.00, 1, -24.64, -24.64
2026-06-28, 18:03:13, 1195000000, 1196000000, 1000000.00, 1, -24.65, -24.65
2026-06-28, 18:03:13, 1196000000, 1197000000, 1000000.00, 1, -24.61, -24.61
2026-06-28, 18:03:13, 1197000000, 1198000000, 1000000.00, 1, -24.58, -24.58
2026-06-28, 18:03:13, 1198000000, 1199000000, 1000000.00, 1, -24.52, -24.52
2026-06-28, 18:03:13, 1199000000, 1200000000, 1000000.00, 1, -24.66, -24.66
2026-06-28, 18:03:13, 1200000000, 1201000000, 1000000.00, 1, -24.63, -24.63
2026-06-28, 18:03:13, 1201000000, 1202000000, 1000000.00, 1, -24.57, -24.57
2026-06-28, 18:03:13, 1202000000, 1203000000, 1000000.00, 1, -24.53, -24.53
2026-06-28, 18:03:13, 1203000000, 1204000000, 1000000.00, 1, -24.55, -24.55
2026-06-28, 18:03:13, 1204000000, 1205000000, 1000000.00, 1, -24.56, -24.56
2026-06-28, 18:03:13, 1205000000, 1206000000, 1000000.00, 1, -24.55, -24.55
2026-06-28, 18:03:13, 1206000000, 1207000000, 1000000.00, 1, -24.67, -24.67
2026-06-28, 18:03:13, 1207000000, 1208000000, 1000000.00, 1, -24.62, -24.62
2026-06-28, 18:03:13, 1208000000, 1209000000, 1000000.00, 1, -24.56, -24.56
2026-06-28, 18:03:13, 1209000000, 1210000000, 1000000.00, 1, -24.58, -24.58
2026-06-28, 18:03:13, 1210000000, 1211000000, 1000000.00, 1, -24.54, -24.54
2026-06-28, 18:03:13, 1211000000, 1212000000, 1000000.00, 1, -24.53, -24.53
2026-06-28, 18:03:13, 1212000000, 1213000000, 1000000.00, 1, -24.69, -24.69
2026-06-28, 18:03:13, 1213000000, 1214000000, 1000000.00, 1, -24.65, -24.65
2026-06-28, 18:03:13, 1214000000, 1215000000, 1000000.00, 1, -24.63, -24.63
2026-06-28, 18:03:24, 960000000, 961000000, 1000000.00, 1, -24.59, -24.59
2026-06-28, 18:03:24, 961000000, 962000000, 1000000.00, 1, -24.54, -24.54
2026-06-28, 18:03:24, 962000000, 963000000, 1000000.00, 1, -24.47, -24.47
2026-06-28, 18:03:24, 963000000, 964000000, 1000000.00, 1, -24.71, -24.71
2026-06-28, 18:03:24, 964000000, 965000000, 1000000.00, 1, -24.71, -24.71
2026-06-28, 18:03:24, 965000000, 966000000, 1000000.00, 1, -24.62, -24.62
2026-06-28, 18:03:24, 966000000, 967000000, 1000000.00, 1, -24.54, -24.54
2026-06-28, 18:03:24, 967000000, 968000000, 1000000.00, 1, -24.57, -24.57
2026-06-28, 18:03:24, 968000000, 969000000, 1000000.00, 1, -24.56, -24.56
2026-06-28, 18:03:24, 969000000, 970000000, 1000000.00, 1, -24.51, -24.51
2026-06-28, 18:03:24, 970000000, 971000000, 1000000.00, 1, -24.62, -24.62
2026-06-28, 18:03:24, 971000000, 972000000, 1000000.00, 1, -24.66, -24.66
2026-06-28, 18:03:24, 972000000, 973000000, 1000000.00, 1, -24.57, -24.57
2026-06-28, 18:03:24, 973000000, 974000000, 1000000.00, 1, -24.59, -24.59
2026-06-28, 18:03:24, 974000000, 975000000, 1000000.00, 1, -24.57, -24.57
2026-06-28, 18:03:24, 975000000, 976000000, 1000000.00, 1, -24.54, -24.54
2026-06-28, 18:03:24, 976000000, 977000000, 1000000.00, 1, -24.71, -24.71
2026-06-28, 18:03:24, 977000000, 978000000, 1000000.00, 1, -24.70, -24.70
2026-06-28, 18:03:24, 978000000, 979000000, 1000000.00, 1, -24.66, -24.66
2026-06-28, 18:03:24, 979000000, 980000000, 1000000.00, 1, -24.60, -24.60
2026-06-28, 18:03:24, 980000000, 981000000, 1000000.00, 1, -24.51, -24.51
2026-06-28, 18:03:24, 981000000, 982000000, 1000000.00, 1, -24.54, -24.54
2026-06-28, 18:03:24, 982000000, 983000000, 1000000.00, 1, -24.66, -24.66
2026-06-28, 18:03:24, 983000000, 984000000, 1000000.00, 1, -24.66, -24.66
2026-06-28, 18:03:24, 984000000, 985000000, 1000000.00, 1, -24.65, -24.65
2026-06-28, 18:03:24, 985000000, 986000000, 1000000.00, 1, -24.63, -24.63
2026-06-28, 18:03:24, 986000000, 987000000, 1000000.00, 1, -24.56, -24.56
2026-06-28, 18:03:24, 987000000, 988000000, 1000000.00, 1, -24.55, -24.55
2026-06-28, 18:03:24, 988000000, 989000000, 1000000.00, 1, -24.53, -24.53
2026-06-28, 18:03:24, 989000000, 990000000, 1000000.00, 1, -24.66, -24.66
2026-06-28, 18:03:24, 990000000, 991000000, 1000000.00, 1, -24.70, -24.70
2026-06-28, 18:03:24, 991000000, 992000000, 1000000.00, 1, -24.61, -24.61
2026-06-28, 18:03:24, 992000000, 993000000, 1000000.00, 1, -24.56, -24.56
2026-06-28, 18:03:24, 993000000, 994000000, 1000000.00, 1, -24.59, -24.59
2026-06-28, 18:03:24, 994000000, 995000000, 1000000.00, 1, -24.54, -24.54
2026-06-28, 18:03:24, 995000000, 996000000, 1000000.00, 1, -24.75, -24.75
2026-06-28, 18:03:24, 996000000, 997000000, 1000000.00, 1, -24.71, -24.71
2026-06-28, 18:03:24, 997000000, 998000000, 1000000.00, 1, -24.66, -24.66
2026-06-28, 18:03:24, 998000000, 999000000, 1000000.00, 1, -24.54, -24.54
2026-06-28, 18:03:24, 999000000, 1000000000, 1000000.00, 1, -24.45, -24.45
2026-06-28, 18:03:24, 1000000000, 1001000000, 1000000.00, 1, -24.57, -24.57
2026-06-28, 18:03:24, 1001000000, 1002000000, 1000000.00, 1, -24.65, -24.65
2026-06-28, 18:03:24, 1002000000, 1003000000, 1000000.00, 1, -24.65, -24.65
2026-06-28, 18:03:24, 1003000000, 1004000000, 1000000.00, 1, -24.62, -24.62
2026-06-28, 18:03:24, 1004000000, 1005000000, 1000000.00, 1, -24.66, -24.66
2026-06-28, 18:03:24, 1005000000, 1006000000, 1000000.00, 1, -24.54, -24.54
2026-06-28, 18:03:24, 1006000000, 1007000000, 1000000.00, 1, -24.56, -24.56
2026-06-28, 18:03:24, 1007000000, 1008000000, 1000000.00, 1, -24.52, -24.52
2026-06-28, 18:03:24, 1008000000, 1009000000, 1000000.00, 1, -24.71, -24.71
2026-06-28, 18:03:24, 1009000000, 1010000000, 1000000.00, 1, -24.60, -24.60
2026-06-28, 18:03:24, 1010000000, 1011000000, 1000000.00, 1, -24.59, -24.59
2026-06-28, 18:03:24, 1011000000, 1012000000, 1000000.00, 1, -24.60, -24.60
2026-06-28, 18:03:24, 1012000000, 1013000000, 1000000.00, 1, -24.59, -24.59
2026-06-28, 18:03:24, 1013000000, 1014000000, 1000000.00, 1, -24.56, -24.56
2026-06-28, 18:03:24, 1014000000, 1015000000, 1000000.00, 1, -24.65, -24.65
2026-06-28, 18:03:24, 1015000000, 1016000000, 1000000.00, 1, -24.63, -24.63
2026-06-28, 18:03:24, 1016000000, 1017000000, 1000000.00, 1, -24.63, -24.63
2026-06-28, 18:03:24, 1017000000, 1018000000, 1000000.00, 1, -24.59, -24.59
2026-06-28, 18:03:24, 1018000000, 1019000000, 1000000.00, 1, -24.59, -24.59
2026-06-28, 18:03:24, 1019000000, 1020000000, 1000000.00, 1, -24.48, -24.48
2026-06-28, 18:03:24, 1020000000, 1021000000, 1000000.00, 1, -24.56, -24.56
2026-06-28, 18:03:24, 1021000000, 1022000000, 1000000.00, 1, -24.66, -24.66
2026-06-28, 18:03:24, 1022000000, 1023000000, 1000000.00, 1, -24.68, -24.68
2026-06-28, 18:03:24, 1023000000, 1024000000, 1000000.00, 1, -24.68, -24.68
2026-06-28, 18:03:24, 1024000000, 1025000000, 1000000.00, 1, -24.58, -24.58
2026-06-28, 18:03:24, 1025000000, 1026000000, 1000000.00, 1, -24.53, -24.53
2026-06-28, 18:03:24, 1026000000, 1027000000, 1000000.00, 1, -24.44, -24.44
2026-06-28, 18:03:24, 1027000000, 1028000000, 1000000.00, 1, -24.59, -24.59
2026-06-28, 18:03:24, 1028000000, 1029000000, 1000000.00, 1, -24.73, -24.73
2026-06-28, 18:03:24, 1029000000, 1030000000, 1000000.00, 1, -24.65, -24.65
2026-06-28, 18:03:24, 1030000000, 1031000000, 1000000.00, 1, -24.58, -24.58
2026-06-28, 18:03:24, 1031000000, 1032000000, 1000000.00, 1, -24.51, -24.51
2026-06-28, 18:03:24, 1032000000, 1033000000, 1000000.00, 1, -24.53, -24.53
2026-06-28, 18:03:24, 1033000000, 1034000000, 1000000.00, 1, -24.65, -24.65
2026-06-28, 18:03:24, 1034000000, 1035000000, 1000000.00, 1, -24.63, -24.63
2026-06-28, 18:03:24, 1035000000, 1036000000, 1000000.00, 1, -24.68, -24.68
2026-06-28, 18:03:24, 1036000000, 1037000000, 1000000.00, 1, -24.53, -24.53
2026-06-28, 18:03:24, 1037000000, 1038000000, 1000000.00, 1, -24.64, -24.64
2026-06-28, 18:03:24, 1038000000, 1039000000, 1000000.00, 1, -24.54, -24.54
2026-06-28, 18:03:24, 1039000000, 1040000000, 1000000.00, 1, -24.55, -24.55
2026-06-28, 18:03:24, 1040000000, 1041000000, 1000000.00, 1, -24.67, -24.67
2026-06-28, 18:03:24, 1041000000, 1042000000, 1000000.00, 1, -24.60, -24.60
2026-06-28, 18:03:24, 1042000000, 1043000000, 1000000.00, 1, -24.61, -24.61
2026-06-28, 18:03:24, 1043000000, 1044000000, 1000000.00, 1, -24.50, -24.50
2026-06-28, 18:03:24, 1044000000, 1045000000, 1000000.00, 1, -24.58, -24.58
2026-06-28, 18:03:24, 1045000000, 1046000000, 1000000.00, 1, -24.47, -24.47
2026-06-28, 18:03:24, 1046000000, 1047000000, 1000000.00, 1, -24.71, -24.71
2026-06-28, 18:03:24, 1047000000, 1048000000, 1000000.00, 1, -24.63, -24.63
2026-06-28, 18:03:24, 1048000000, 1049000000, 1000000.00, 1, -24.63, -24.63
2026-06-28, 18:03:24, 1049000000, 1050000000, 1000000.00, 1, -24.56, -24.56
2026-06-28, 18:03:24, 1050000000, 1051000000, 1000000.00, 1, -24.54, -24.54
2026-06-28, 18:03:24, 1051000000, 1052000000, 1000000.00, 1, -24.57, -24.57
2026-06-28, 18:03:24, 1052000000, 1053000000, 1000000.00, 1, -24.78, -24.78
2026-06-28, 18:03:24, 1053000000, 1054000000, 1000000.00, 1, -24.64, -24.64
2026-06-28, 18:03:24, 1054000000, 1055000000, 1000000.00, 1, -24.61, -24.61
2026-06-28, 18:03:24, 1055000000, 1056000000, 1000000.00, 1, -24.58, -24.58
2026-06-28, 18:03:24, 1056000000, 1057000000, 1000000.00, 1, -24.53, -24.53
2026-06-28, 18:03:24, 1057000000, 1058000000, 1000000.00, 1, -24.53, -24.53
2026-06-28, 18:03:24, 1058000000, 1059000000, 1000000.00, 1, -24.57, -24.57
2026-06-28, 18:03:24, 1059000000, 1060000000, 1000000.00, 1, -24.67, -24.67
2026-06-28, 18:03:24, 1060000000, 1061000000, 1000000.00, 1, -24.61, -24.61
2026-06-28, 18:03:24, 1061000000, 1062000000, 1000000.00, 1, -24.57, -24.57
2026-06-28, 18:03:24, 1062000000, 1063000000, 1000000.00, 1, -24.58, -24.58
2026-06-28, 18:03:24, 1063000000, 1064000000, 1000000.00, 1, -24.55, -24.55
2026-06-28, 18:03:24, 1064000000, 1065000000, 1000000.00, 1, -24.52, -24.52
2026-06-28, 18:03:24, 1065000000, 1066000000, 1000000.00, 1, -24.71, -24.71
2026-06-28, 18:03:24, 1066000000, 1067000000, 1000000.00, 1, -24.68, -24.68
2026-06-28, 18:03:24, 1067000000, 1068000000, 1000000.00, 1, -24.71, -24.71
2026-06-28, 18:03:24, 1068000000, 1069000000, 1000000.00, 1, -24.62, -24.62
2026-06-28, 18:03:24, 1069000000, 1070000000, 1000000.00, 1, -24.59, -24.59
2026-06-28, 18:03:24, 1070000000, 1071000000, 1000000.00, 1, -24.61, -24.61
2026-06-28, 18:03:24, 1071000000, 1072000000, 1000000.00, 1, -24.71, -24.71
2026-06-28, 18:03:24, 1072000000, 1073000000, 1000000.00, 1, -24.68, -24.68
2026-06-28, 18:03:24, 1073000000, 1074000000, 1000000.00, 1, -24.69, -24.69
2026-06-28, 18:03:24, 1074000000, 1075000000, 1000000.00, 1, -24.59, -24.59
2026-06-28, 18:03:24, 1075000000, 1076000000, 1000000.00, 1, -24.60, -24.60
2026-06-28, 18:03:24, 1076000000, 1077000000, 1000000.00, 1, -24.58, -24.58
2026-06-28, 18:03:24, 1077000000, 1078000000, 1000000.00, 1, -24.48, -24.48
2026-06-28, 18:03:24, 1078000000, 1079000000, 1000000.00, 1, -24.64, -24.64
2026-06-28, 18:03:24, 1079000000, 1080000000, 1000000.00, 1, -24.64, -24.64
2026-06-28, 18:03:24, 1080000000, 1081000000, 1000000.00, 1, -24.61, -24.61
2026-06-28, 18:03:24, 1081000000, 1082000000, 1000000.00, 1, -24.58, -24.58
2026-06-28, 18:03:24, 1082000000, 1083000000, 1000000.00, 1, -24.57, -24.57
2026-06-28, 18:03:24, 1083000000, 1084000000, 1000000.00, 1, -24.52, -24.52
2026-06-28, 18:03:24, 1084000000, 1085000000, 1000000.00, 1, -24.65, -24.65
2026-06-28, 18:03:24, 1085000000, 1086000000, 1000000.00, 1, -24.65, -24.65
2026-06-28, 18:03:24, 1086000000, 1087000000, 1000000.00, 1, -24.69, -24.69
2026-06-28, 18:03:24, 1087000000, 1088000000, 1000000.00, 1, -24.58, -24.58
2026-06-28, 18:03:24, 1088000000, 1089000000, 1000000.00, 1, -24.54, -24.54
2026-06-28, 18:03:24, 1089000000, 1090000000, 1000000.00, 1, -24.54, -24.54
2026-06-28, 18:03:24, 1090000000, 1091000000, 1000000.00, 1, -24.64, -24.64
2026-06-28, 18:03:24, 1091000000, 1092000000, 1000000.00, 1, -24.69, -24.69
2026-06-28, 18:03:24, 1092000000, 1093000000, 1000000.00, 1, -24.66, -24.66
2026-06-28, 18:03:24, 1093000000, 1094000000, 1000000.00, 1, -24.59, -24.59
2026-06-28, 18:03:24, 1094000000, 1095000000, 1000000.00, 1, -24.61, -24.61
2026-06-28, 18:03:24, 1095000000, 1096000000, 1000000.00, 1, -24.53, -24.53
2026-06-28, 18:03:24, 1096000000, 1097000000, 1000000.00, 1, -24.56, -24.56
2026-06-28, 18:03:24, 1097000000, 1098000000, 1000000.00, 1, -24.66, -24.66
2026-06-28, 18:03:24, 1098000000, 1099000000, 1000000.00, 1, -24.64, -24.64
2026-06-28, 18:03:24, 1099000000, 1100000000, 1000000.00, 1, -24.66, -24.66
2026-06-28, 18:03:24, 1100000000, 1101000000, 1000000.00, 1, -24.58, -24.58
2026-06-28, 18:03:24, 1101000000, 1102000000, 1000000.00, 1, -24.60, -24.60
2026-06-28, 18:03:24, 1102000000, 1103000000, 1000000.00, 1, -24.52, -24.52
2026-06-28, 18:03:24, 1103000000, 1104000000, 1000000.00, 1, -24.67, -24.67
2026-06-28, 18:03:24, 1104000000, 1105000000, 1000000.00, 1, -24.63, -24.63
2026-06-28, 18:03:24, 1105000000, 1106000000, 1000000.00, 1, -24.62, -24.62
2026-06-28, 18:03:24, 1106000000, 1107000000, 1000000.00, 1, -24.61, -24.61
2026-06-28, 18:03:24, 1107000000, 1108000000, 1000000.00, 1, -24.55, -24.55
2026-06-28, 18:03:24, 1108000000, 1109000000, 1000000.00, 1, -24.57, -24.57
2026-06-28, 18:03:24, 1109000000, 1110000000, 1000000.00, 1, -24.59, -24.59
2026-06-28, 18:03:24, 1110000000, 1111000000, 1000000.00, 1, -24.72, -24.72
2026-06-28, 18:03:24, 1111000000, 1112000000, 1000000.00, 1, -24.61, -24.61
2026-06-28, 18:03:24, 1112000000, 1113000000, 1000000.00, 1, -24.62, -24.62
2026-06-28, 18:03:24, 1113000000, 1114000000, 1000000.00, 1, -24.64, -24.64
2026-06-28, 18:03:24, 1114000000, 1115000000, 1000000.00, 1, -24.51, -24.51
2026-06-28, 18:03:24, 1115000000, 1116000000, 1000000.00, 1, -24.51, -24.51
2026-06-28, 18:03:24, 1116000000, 1117000000, 1000000.00, 1, -24.65, -24.65
2026-06-28, 18:03:24, 1117000000, 1118000000, 1000000.00, 1, -24.61, -24.61
2026-06-28, 18:03:24, 1118000000, 1119000000, 1000000.00, 1, -24.65, -24.65
2026-06-28, 18:03:24, 1119000000, 1120000000, 1000000.00, 1, -24.57, -24.57
2026-06-28, 18:03:24, 1120000000, 1121000000, 1000000.00, 1, -24.56, -24.56
2026-06-28, 18:03:24, 1121000000, 1122000000, 1000000.00, 1, -24.52, -24.52
2026-06-28, 18:03:24, 1122000000, 1123000000, 1000000.00, 1, -24.68, -24.68
2026-06-28, 18:03:24, 1123000000, 1124000000, 1000000.00, 1, -24.69, -24.69
2026-06-28, 18:03:24, 1124000000, 1125000000, 1000000.00, 1, -24.73, -24.73
2026-06-28, 18:03:24, 1125000000, 1126000000, 1000000.00, 1, -24.61, -24.61
2026-06-28, 18:03:24, 1126000000, 1127000000, 1000000.00, 1, -24.60, -24.60
2026-06-28, 18:03:24, 1127000000, 1128000000, 1000000.00, 1, -24.51, -24.51
2026-06-28, 18:03:24, 1128000000, 1129000000, 1000000.00, 1, -24.53, -24.53
2026-06-28, 18:03:24, 1129000000, 1130000000, 1000000.00, 1, -24.63, -24.63
2026-06-28, 18:03:24, 1130000000, 1131000000, 1000000.00, 1, -24.63, -24.63
2026-06-28, 18:03:24, 1131000000, 1132000000, 1000000.00, 1, -24.56, -24.56
2026-06-28, 18:03:24, 1132000000, 1133000000, 1000000.00, 1, -24.64, -24.64
2026-06-28, 18:03:24, 1133000000, 1134000000, 1000000.00, 1, -24.49, -24.49
2026-06-28, 18:03:24, 1134000000, 1135000000, 1000000.00, 1, -24.54, -24.54
2026-06-28, 18:03:24, 1135000000, 1136000000, 1000000.00, 1, -24.67, -24.67
2026-06-28, 18:03:24, 1136000000, 1137000000, 1000000.00, 1, -24.67, -24.67
2026-06-28, 18:03:24, 1137000000, 1138000000, 1000000.00, 1, -24.65, -24.65
2026-06-28, 18:03:24, 1138000000, 1139000000, 1000000.00, 1, -24.62, -24.62
2026-06-28, 18:03:24, 1139000000, 1140000000, 1000000.00, 1, -24.61, -24.61
2026-06-28, 18:03:24, 1140000000, 1141000000, 1000000.00, 1, -24.54, -24.54
2026-06-28, 18:03:24, 1141000000, 1142000000, 1000000.00, 1, -24.72, -24.72
2026-06-28, 18:03:24, 1142000000, 1143000000, 1000000.00, 1, -24.65, -24.65
2026-06-28, 18:03:24, 1143000000, 1144000000, 1000000.00, 1, -24.68, -24.68
2026-06-28, 18:03:24, 1144000000, 1145000000, 1000000.00, 1, -24.61, -24.61
2026-06-28, 18:03:24, 1145000000, 1146000000, 1000000.00, 1, -24.54, -24.54
2026-06-28, 18:03:24, 1146000000, 1147000000, 1000000.00, 1, -24.51, -24.51
2026-06-28, 18:03:24, 1147000000, 1148000000, 1000000.00, 1, -24.51, -24.51
2026-06-28, 18:03:24, 1148000000, 1149000000, 1000000.00, 1, -24.71, -24.71
2026-06-28, 18:03:24, 1149000000, 1150000000, 1000000.00, 1, -24.61, -24.61
2026-06-28, 18:03:24, 1150000000, 1151000000, 1000000.00, 1, -24.60, -24.60
2026-06-28, 18:03:24, 1151000000, 1152000000, 1000000.00, 1, -24.57, -24.57
2026-06-28, 18:03:24, 1152000000, 1153000000, 1000000.00, 1, -24.57, -24.57
2026-06-28, 18:03:24, 1153000000, 1154000000, 1000000.00, 1, -24.56, -24.56
2026-06-28, 18:03:24, 1154000000, 1155000000, 1000000.00, 1, -24.72, -24.72
2026-06-28, 18:03:24, 1155000000, 1156000000, 1000000.00, 1, -24.66, -24.66
2026-06-28, 18:03:24, 1156000000, 1157000000, 1000000.00, 1, -24.60, -24.60
2026-06-28, 18:03:24, 1157000000, 1158000000, 1000000.00, 1, -24.56, -24.56
2026-06-28, 18:03:24, 1158000000, 1159000000, 1000000.00, 1, -24.54, -24.54
2026-06-28, 18:03:24, 1159000000, 1160000000, 1000000.00, 1, -24.54, -24.54
2026-06-28, 18:03:24, 1160000000, 1161000000, 1000000.00, 1, -24.73, -24.73
2026-06-28, 18:03:24, 1161000000, 1162000000, 1000000.00, 1, -24.67, -24.67
2026-06-28, 18:03:24, 1162000000, 1163000000, 1000000.00, 1, -24.65, -24.65
2026-06-28, 18:03:24, 1163000000, 1164000000, 1000000.00, 1, -24.54, -24.54
2026-06-28, 18:03:24, 1164000000, 1165000000, 1000000.00, 1, -24.59, -24.59
2026-06-28, 18:03:24, 1165000000, 1166000000, 1000000.00, 1, -24.56, -24.56
2026-06-28, 18:03:24, 1166000000, 1167000000, 1000000.00, 1, -24.56, -24.56
2026-06-28, 18:03:24, 1167000000, 1168000000, 1000000.00, 1, -24.63, -24.63
2026-06-28, 18:03:24, 1168000000, 1169000000, 1000000.00, 1, -24.69, -24.69
2026-06-28, 18:03:24, 1169000000, 1170000000, 1000000.00, 1, -24.59, -24.59
2026-06-28, 18:03:24, 1170000000, 1171000000, 1000000.00, 1, -24.57, -24.57
2026-06-28, 18:03:24, 1171000000, 1172000000, 1000000.00, 1, -24.51, -24.51
2026-06-28, 18:03:24, 1172000000, 1173000000, 1000000.00, 1, -24.53, -24.53
2026-06-28, 18:03:24, 1173000000, 1174000000, 1000000.00, 1, -24.67, -24.67
2026-06-28, 18:03:24, 1174000000, 1175000000, 1000000.00, 1, -24.67, -24.67
2026-06-28, 18:03:24, 1175000000, 1176000000, 1000000.00, 1, -24.63, -24.63
2026-06-28, 18:03:24, 1176000000, 1177000000, 1000000.00, 1, -24.58, -24.58
2026-06-28, 18:03:24, 1177000000, 1178000000, 1000000.00, 1, -24.57, -24.57
2026-06-28, 18:03:24, 1178000000, 1179000000, 1000000.00, 1, -24.49, -24.49
2026-06-28, 18:03:24, 1179000000, 1180000000, 1000000.00, 1, -24.66, -24.66
2026-06-28, 18:03:24, 1180000000, 1181000000, 1000000.00, 1, -24.62, -24.62
2026-06-28, 18:03:24, 1181000000, 1182000000, 1000000.00, 1, -24.65, -24.65
2026-06-28, 18:03:24, 1182000000, 1183000000, 1000000.00, 1, -24.66, -24.66
2026-06-28, 18:03:24, 1183000000, 1184000000, 1000000.00, 1, -24.60, -24.60
2026-06-28, 18:03:24, 1184000000, 1185000000, 1000000.00, 1, -24.57, -24.57
2026-06-28, 18:03:24, 1185000000, 1186000000, 1000000.00, 1, -24.52, -24.52
2026-06-28, 18:03:24, 1186000000, 1187000000, 1000000.00, 1, -24.73, -24.73
2026-06-28, 18:03:24, 1187000000, 1188000000, 1000000.00, 1, -24.67, -24.67
2026-06-28, 18:03:24, 1188000000, 1189000000, 1000000.00, 1, -24.58, -24.58
2026-06-28, 18:03:24, 1189000000, 1190000000, 1000000.00, 1, -24.57, -24.57
2026-06-28, 18:03:24, 1190000000, 1191000000, 1000000.00, 1, -24.55, -24.55
2026-06-28, 18:03:24, 1191000000, 1192000000, 1000000.00, 1, -24.51, -24.51
2026-06-28, 18:03:24, 1192000000, 1193000000, 1000000.00, 1, -24.67, -24.67
2026-06-28, 18:03:24, 1193000000, 1194000000, 1000000.00, 1, -24.64, -24.64
2026-06-28, 18:03:24, 1194000000, 1195000000, 1000000.00, 1, -24.63, -24.63
2026-06-28, 18:03:24, 1195000000, 1196000000, 1000000.00, 1, -24.58, -24.58
2026-06-28, 18:03:24, 1196000000, 1197000000, 1000000.00, 1, -24.53, -24.53
2026-06-28, 18:03:24, 1197000000, 1198000000, 1000000.00, 1, -24.57, -24.57
2026-06-28, 18:03:24, 1198000000, 1199000000, 1000000.00, 1, -24.66, -24.66
2026-06-28, 18:03:24, 1199000000, 1200000000, 1000000.00, 1, -24.68, -24.68
2026-06-28, 18:03:24, 1200000000, 1201000000, 1000000.00, 1, -24.63, -24.63
2026-06-28, 18:03:24, 1201000000, 1202000000, 1000000.00, 1, -24.66, -24.66
2026-06-28, 18:03:24, 1202000000, 1203000000, 1000000.00, 1, -24.60, -24.60
2026-06-28, 18:03:24, 1203000000, 1204000000, 1000000.00, 1, -24.54, -24.54
2026-06-28, 18:03:24, 1204000000, 1205000000, 1000000.00, 1, -24.55, -24.55
2026-06-28, 18:03:24, 1205000000, 1206000000, 1000000.00, 1, -24.69, -24.69
2026-06-28, 18:03:24, 1206000000, 1207000000, 1000000.00, 1, -24.68, -24.68
2026-06-28, 18:03:24, 1207000000, 1208000000, 1000000.00, 1, -24.66, -24.66
2026-06-28, 18:03:24, 1208000000, 1209000000, 1000000.00, 1, -24.56, -24.56
2026-06-28, 18:03:24, 1209000000, 1210000000, 1000000.00, 1, -24.53, -24.53
2026-06-28, 18:03:24, 1210000000, 1211000000, 1000000.00, 1, -24.59, -24.59
2026-06-28, 18:03:24, 1211000000, 1212000000, 1000000.00, 1, -24.70, -24.70
2026-06-28, 18:03:24, 1212000000, 1213000000, 1000000.00, 1, -24.67, -24.67
2026-06-28, 18:03:24, 1213000000, 1214000000, 1000000.00, 1, -24.64, -24.64
2026-06-28, 18:03:24, 1214000000, 1215000000, 1000000.00, 1, -24.64, -24.64
