2026-06-28, 18:07:10, 960000000, 961000000, 1000000.00, 1, -14.33, -14.33
2026-06-28, 18:07:10, 961000000, 962000000, 1000000.00, 1, -14.85, -14.85
2026-06-28, 18:07:10, 962000000, 963000000, 1000000.00, 1, -16.17, -16.17
2026-06-28, 18:07:10, 963000000, 964000000, 1000000.00, 1, -16.07, -16.07
2026-06-28, 18:07:10, 964000000, 965000000, 1000000.00, 1, -14.05, -14.05
2026-06-28, 18:07:10, 965000000, 966000000, 1000000.00, 1, -18.13, -18.13
2026-06-28, 18:07:10, 966000000, 967000000, 1000000.00, 1, -18.59, -18.59
2026-06-28, 18:07:10, 967000000, 968000000, 1000000.00, 1, -19.26, -19.26
2026-06-28, 18:07:10, 968000000, 969000000, 1000000.00, 1, -19.58, -19.58
2026-06-28, 18:07:10, 969000000, 970000000, 1000000.00, 1, -19.50, -19.50
2026-06-28, 18:07:10, 970000000, 971000000, 1000000.00, 1, -19.27, -19.27
2026-06-28, 18:07:10, 971000000, 972000000, 1000000.00, 1, -18.89, -18.89
2026-06-28, 18:07:10, 972000000, 973000000, 1000000.00, 1, -18.79, -18.79
2026-06-28, 18:07:10, 973000000, 974000000, 1000000.00, 1, -18.55, -18.55
2026-06-28, 18:07:10, 974000000, 975000000, 1000000.00, 1, -18.55, -18.55
2026-06-28, 18:07:10, 975000000, 976000000, 1000000.00, 1, -18.49, -18.49
2026-06-28, 18:07:10, 976000000, 977000000, 1000000.00, 1, -18.66, -18.66
2026-06-28, 18:07:10, 977000000, 978000000, 1000000.00, 1, -18.50, -18.50
2026-06-28, 18:07:10, 978000000, 979000000, 1000000.00, 1, -18.53, -18.53
2026-06-28, 18:07:10, 979000000, 980000000, 1000000.00, 1, -11.68, -11.68
2026-06-28, 18:07:10, 980000000, 981000000, 1000000.00, 1, -18.43, -18.43
2026-06-28, 18:07:10, 981000000, 982000000, 1000000.00, 1, -17.77, -17.77
2026-06-28, 18:07:10, 982000000, 983000000, 1000000.00, 1, -17.73, -17.73
2026-06-28, 18:07:10, 983000000, 984000000, 1000000.00, 1, -17.28, -17.28
2026-06-28, 18:07:10, 984000000, 985000000, 1000000.00, 1, -17.37, -17.37
2026-06-28, 18:07:10, 985000000, 986000000, 1000000.00, 1, -17.17, -17.17
2026-06-28, 18:07:10, 986000000, 987000000, 1000000.00, 1, -17.31, -17.31
2026-06-28, 18:07:10, 987000000, 988000000, 1000000.00, 1, -17.19, -17.19
2026-06-28, 18:07:10, 988000000, 989000000, 1000000.00, 1, -17.28, -17.28
2026-06-28, 18:07:10, 989000000, 990000000, 1000000.00, 1, -16.97, -16.97
2026-06-28, 18:07:10, 990000000, 991000000, 1000000.00, 1, -17.30, -17.30
2026-06-28, 18:07:10, 991000000, 992000000, 1000000.00, 1, -16.86, -16.86
2026-06-28, 18:07:10, 992000000, 993000000, 1000000.00, 1, -17.17, -17.17
2026-06-28, 18:07:10, 993000000, 994000000, 1000000.00, 1, -12.69, -12.69
2026-06-28, 18:07:10, 994000000, 995000000, 1000000.00, 1, -17.03, -17.03
2026-06-28, 18:07:10, 995000000, 996000000, 1000000.00, 1, -17.03, -17.03
2026-06-28, 18:07:10, 996000000, 997000000, 1000000.00, 1, -17.16, -17.16
2026-06-28, 18:07:10, 997000000, 998000000, 1000000.00, 1, -16.87, -16.87
2026-06-28, 18:07:10, 998000000, 999000000, 1000000.00, 1, 2.80, 2.80
2026-06-28, 18:07:10, 999000000, 1000000000, 1000000.00, 1, 4.78, 4.78
2026-06-28, 18:07:10, 1000000000, 1001000000, 1000000.00, 1, -17.08, -17.08
2026-06-28, 18:07:10, 1001000000, 1002000000, 1000000.00, 1, -17.12, -17.12
2026-06-28, 18:07:10, 1002000000, 1003000000, 1000000.00, 1, -17.46, -17.46
2026-06-28, 18:07:10, 1003000000, 1004000000, 1000000.00, 1, -17.51, -17.51
2026-06-28, 18:07:10, 1004000000, 1005000000, 1000000.00, 1, -17.54, -17.54
2026-06-28, 18:07:10, 1005000000, 1006000000, 1000000.00, 1, -17.30, -17.30
2026-06-28, 18:07:10, 1006000000, 1007000000, 1000000.00, 1, -17.32, -17.32
2026-06-28, 18:07:10, 1007000000, 1008000000, 1000000.00, 1, -16.78, -16.78
2026-06-28, 18:07:10, 1008000000, 1009000000, 1000000.00, 1, -16.81, -16.81
2026-06-28, 18:07:10, 1009000000, 1010000000, 1000000.00, 1, -17.30, -17.30
2026-06-28, 18:07:10, 1010000000, 1011000000, 1000000.00, 1, -17.47, -17.47
2026-06-28, 18:07:10, 1011000000, 1012000000, 1000000.00, 1, -17.61, -17.61
2026-06-28, 18:07:10, 1012000000, 1013000000, 1000000.00, 1, -17.63, -17.63
2026-06-28, 18:07:10, 1013000000, 1014000000, 1000000.00, 1, -17.49, -17.49
2026-06-28, 18:07:10, 1014000000, 1015000000, 1000000.00, 1, -17.49, -17.49
2026-06-28, 18:07:10, 1015000000, 1016000000, 1000000.00, 1, -17.28, -17.28
2026-06-28, 18:07:10, 1016000000, 1017000000, 1000000.00, 1, -17.17, -17.17
2026-06-28, 18:07:10, 1017000000, 1018000000, 1000000.00, 1, -17.22, -17.22
2026-06-28, 18:07:10, 1018000000, 1019000000, 1000000.00, 1, -17.20, -17.20
2026-06-28, 18:07:10, 1019000000, 1020000000, 1000000.00, 1, -17.20, -17.20
2026-06-28, 18:07:10, 1020000000, 1021000000, 1000000.00, 1, -17.13, -17.13
2026-06-28, 18:07:10, 1021000000, 1022000000, 1000000.00, 1, -17.17, -17.17
2026-06-28, 18:07:10, 1022000000, 1023000000, 1000000.00, 1, -16.23, -16.23
2026-06-28, 18:07:10, 1023000000, 1024000000, 1000000.00, 1, -17.26, -17.26
2026-06-28, 18:07:10, 1024000000, 1025000000, 1000000.00, 1, -17.23, -17.23
2026-06-28, 18:07:10, 1025000000, 1026000000, 1000000.00, 1, -17.29, -17.29
2026-06-28, 18:07:10, 1026000000, 1027000000, 1000000.00, 1, -17.65, -17.65
2026-06-28, 18:07:10, 1027000000, 1028000000, 1000000.00, 1, -17.68, -17.68
2026-06-28, 18:07:10, 1028000000, 1029000000, 1000000.00, 1, -17.77, -17.77
2026-06-28, 18:07:10, 1029000000, 1030000000, 1000000.00, 1, -17.87, -17.87
2026-06-28, 18:07:10, 1030000000, 1031000000, 1000000.00, 1, -18.00, -18.00
2026-06-28, 18:07:10, 1031000000, 1032000000, 1000000.00, 1, -18.20, -18.20
2026-06-28, 18:07:10, 1032000000, 1033000000, 1000000.00, 1, -18.33, -18.33
2026-06-28, 18:07:10, 1033000000, 1034000000, 1000000.00, 1, -18.70, -18.70
2026-06-28, 18:07:10, 1034000000, 1035000000, 1000000.00, 1, -18.86, -18.86
2026-06-28, 18:07:10, 1035000000, 1036000000, 1000000.00, 1, -19.17, -19.17
2026-06-28, 18:07:10, 1036000000, 1037000000, 1000000.00, 1, -18.77, -18.77
2026-06-28, 18:07:10, 1037000000, 1038000000, 1000000.00, 1, -19.46, -19.46
2026-06-28, 18:07:10, 1038000000, 1039000000, 1000000.00, 1, -19.83, -19.83
2026-06-28, 18:07:10, 1039000000, 1040000000, 1000000.00, 1, -20.10, -20.10
2026-06-28, 18:07:10, 1040000000, 1041000000, 1000000.00, 1, -20.47, -20.47
2026-06-28, 18:07:10, 1041000000, 1042000000, 1000000.00, 1, -20.63, -20.63
2026-06-28, 18:07:10, 1042000000, 1043000000, 1000000.00, 1, -20.88, -20.88
2026-06-28, 18:07:10, 1043000000, 1044000000, 1000000.00, 1, -21.25, -21.25
2026-06-28, 18:07:10, 1044000000, 1045000000, 1000000.00, 1, -21.43, -21.43
2026-06-28, 18:07:10, 1045000000, 1046000000, 1000000.00, 1, -21.67, -21.67
2026-06-28, 18:07:10, 1046000000, 1047000000, 1000000.00, 1, -21.74, -21.74
2026-06-28, 18:07:10, 1047000000, 1048000000, 1000000.00, 1, -21.82, -21.82
2026-06-28, 18:07:10, 1048000000, 1049000000, 1000000.00, 1, -19.81, -19.81
2026-06-28, 18:07:10, 1049000000, 1050000000, 1000000.00, 1, -21.19, -21.19
2026-06-28, 18:07:10, 1050000000, 1051000000, 1000000.00, 1, -21.66, -21.66
2026-06-28, 18:07:10, 1051000000, 1052000000, 1000000.00, 1, -21.09, -21.09
2026-06-28, 18:07:10, 1052000000, 1053000000, 1000000.00, 1, -21.60, -21.60
2026-06-28, 18:07:10, 1053000000, 1054000000, 1000000.00, 1, -21.53, -21.53
2026-06-28, 18:07:10, 1054000000, 1055000000, 1000000.00, 1, -21.68, -21.68
2026-06-28, 18:07:10, 1055000000, 1056000000, 1000000.00, 1, -18.20, -18.20
2026-06-28, 18:07:10, 1056000000, 1057000000, 1000000.00, 1, -21.87, -21.87
2026-06-28, 18:07:10, 1057000000, 1058000000, 1000000.00, 1, -21.88, -21.88
2026-06-28, 18:07:10, 1058000000, 1059000000, 1000000.00, 1, -21.76, -21.76
2026-06-28, 18:07:10, 1059000000, 1060000000, 1000000.00, 1, -21.78, -21.78
2026-06-28, 18:07:10, 1060000000, 1061000000, 1000000.00, 1, -21.70, -21.70
2026-06-28, 18:07:10, 1061000000, 1062000000, 1000000.00, 1, -21.64, -21.64
2026-06-28, 18:07:10, 1062000000, 1063000000, 1000000.00, 1, -21.58, -21.58
2026-06-28, 18:07:10, 1063000000, 1064000000, 1000000.00, 1, -21.60, -21.60
2026-06-28, 18:07:10, 1064000000, 1065000000, 1000000.00, 1, -21.56, -21.56
2026-06-28, 18:07:10, 1065000000, 1066000000, 1000000.00, 1, -21.02, -21.02
2026-06-28, 18:07:10, 1066000000, 1067000000, 1000000.00, 1, -21.45, -21.45
2026-06-28, 18:07:10, 1067000000, 1068000000, 1000000.00, 1, -21.50, -21.50
2026-06-28, 18:07:10, 1068000000, 1069000000, 1000000.00, 1, -21.67, -21.67
2026-06-28, 18:07:10, 1069000000, 1070000000, 1000000.00, 1, -21.79, -21.79
2026-06-28, 18:07:10, 1070000000, 1071000000, 1000000.00, 1, -22.00, -22.00
2026-06-28, 18:07:10, 1071000000, 1072000000, 1000000.00, 1, -22.26, -22.26
2026-06-28, 18:07:10, 1072000000, 1073000000, 1000000.00, 1, -22.34, -22.34
2026-06-28, 18:07:10, 1073000000, 1074000000, 1000000.00, 1, -22.38, -22.38
2026-06-28, 18:07:10, 1074000000, 1075000000, 1000000.00, 1, -22.45, -22.45
2026-06-28, 18:07:10, 1075000000, 1076000000, 1000000.00, 1, -22.64, -22.64
2026-06-28, 18:07:10, 1076000000, 1077000000, 1000000.00, 1, -22.68, -22.68
2026-06-28, 18:07:10, 1077000000, 1078000000, 1000000.00, 1, -22.66, -22.66
2026-06-28, 18:07:10, 1078000000, 1079000000, 1000000.00, 1, -22.83, -22.83
2026-06-28, 18:07:10, 1079000000, 1080000000, 1000000.00, 1, -22.71, -22.71
2026-06-28, 18:07:10, 1080000000, 1081000000, 1000000.00, 1, -22.86, -22.86
2026-06-28, 18:07:10, 1081000000, 1082000000, 1000000.00, 1, -22.94, -22.94
2026-06-28, 18:07:10, 1082000000, 1083000000, 1000000.00, 1, -22.83, -22.83
2026-06-28, 18:07:10, 1083000000, 1084000000, 1000000.00, 1, -23.06, -23.06
2026-06-28, 18:07:10, 1084000000, 1085000000, 1000000.00, 1, -23.03, -23.03
2026-06-28, 18:07:10, 1085000000, 1086000000, 1000000.00, 1, -23.11, -23.11
2026-06-28, 18:07:10, 1086000000, 1087000000, 1000000.00, 1, -23.28, -23.28
2026-06-28, 18:07:10, 1087000000, 1088000000, 1000000.00, 1, -23.27, -23.27
2026-06-28, 18:07:10, 1088000000, 1089000000, 1000000.00, 1, -23.42, -23.42
2026-06-28, 18:07:10, 1089000000, 1090000000, 1000000.00, 1, -22.73, -22.73
2026-06-28, 18:07:10, 1090000000, 1091000000, 1000000.00, 1, -22.65, -22.65
2026-06-28, 18:07:10, 1091000000, 1092000000, 1000000.00, 1, -21.89, -21.89
2026-06-28, 18:07:10, 1092000000, 1093000000, 1000000.00, 1, -22.99, -22.99
2026-06-28, 18:07:10, 1093000000, 1094000000, 1000000.00, 1, -23.12, -23.12
2026-06-28, 18:07:10, 1094000000, 1095000000, 1000000.00, 1, -23.28, -23.28
2026-06-28, 18:07:10, 1095000000, 1096000000, 1000000.00, 1, -23.20, -23.20
2026-06-28, 18:07:10, 1096000000, 1097000000, 1000000.00, 1, -23.15, -23.15
2026-06-28, 18:07:10, 1097000000, 1098000000, 1000000.00, 1, -23.15, -23.15
2026-06-28, 18:07:10, 1098000000, 1099000000, 1000000.00, 1, -23.11, -23.11
2026-06-28, 18:07:10, 1099000000, 1100000000, 1000000.00, 1, -23.03, -23.03
2026-06-28, 18:07:10, 1100000000, 1101000000, 1000000.00, 1, -23.06, -23.06
2026-06-28, 18:07:10, 1101000000, 1102000000, 1000000.00, 1, -23.09, -23.09
2026-06-28, 18:07:10, 1102000000, 1103000000, 1000000.00, 1, -23.07, -23.07
2026-06-28, 18:07:10, 1103000000, 1104000000, 1000000.00, 1, -22.99, -22.99
2026-06-28, 18:07:10, 1104000000, 1105000000, 1000000.00, 1, -23.06, -23.06
2026-06-28, 18:07:10, 1105000000, 1106000000, 1000000.00, 1, -23.04, -23.04
2026-06-28, 18:07:10, 1106000000, 1107000000, 1000000.00, 1, -23.05, -23.05
2026-06-28, 18:07:10, 1107000000, 1108000000, 1000000.00, 1, -23.05, -23.05
2026-06-28, 18:07:10, 1108000000, 1109000000, 1000000.00, 1, -23.03, -23.03
2026-06-28, 18:07:10, 1109000000, 1110000000, 1000000.00, 1, -22.97, -22.97
2026-06-28, 18:07:10, 1110000000, 1111000000, 1000000.00, 1, -22.83, -22.83
2026-06-28, 18:07:10, 1111000000, 1112000000, 1000000.00, 1, -22.77, -22.77
2026-06-28, 18:07:10, 1112000000, 1113000000, 1000000.00, 1, -22.71, -22.71
2026-06-28, 18:07:10, 1113000000, 1114000000, 1000000.00, 1, -22.62, -22.62
2026-06-28, 18:07:10, 1114000000, 1115000000, 1000000.00, 1, -22.65, -22.65
2026-06-28, 18:07:10, 1115000000, 1116000000, 1000000.00, 1, -22.66, -22.66
2026-06-28, 18:07:10, 1116000000, 1117000000, 1000000.00, 1, -22.68, -22.68
2026-06-28, 18:07:10, 1117000000, 1118000000, 1000000.00, 1, -22.67, -22.67
2026-06-28, 18:07:10, 1118000000, 1119000000, 1000000.00, 1, -22.52, -22.52
2026-06-28, 18:07:10, 1119000000, 1120000000, 1000000.00, 1, -22.69, -22.69
2026-06-28, 18:07:10, 1120000000, 1121000000, 1000000.00, 1, -22.76, -22.76
2026-06-28, 18:07:10, 1121000000, 1122000000, 1000000.00, 1, -22.69, -22.69
2026-06-28, 18:07:10, 1122000000, 1123000000, 1000000.00, 1, -22.75, -22.75
2026-06-28, 18:07:10, 1123000000, 1124000000, 1000000.00, 1, -22.34, -22.34
2026-06-28, 18:07:10, 1124000000, 1125000000, 1000000.00, 1, -22.72, -22.72
2026-06-28, 18:07:10, 1125000000, 1126000000, 1000000.00, 1, -22.61, -22.61
2026-06-28, 18:07:10, 1126000000, 1127000000, 1000000.00, 1, -22.61, -22.61
2026-06-28, 18:07:10, 1127000000, 1128000000, 1000000.00, 1, -22.53, -22.53
2026-06-28, 18:07:10, 1128000000, 1129000000, 1000000.00, 1, -22.61, -22.61
2026-06-28, 18:07:10, 1129000000, 1130000000, 1000000.00, 1, -22.71, -22.71
2026-06-28, 18:07:10, 1130000000, 1131000000, 1000000.00, 1, -22.87, -22.87
2026-06-28, 18:07:10, 1131000000, 1132000000, 1000000.00, 1, -22.93, -22.93
2026-06-28, 18:07:10, 1132000000, 1133000000, 1000000.00, 1, -23.04, -23.04
2026-06-28, 18:07:10, 1133000000, 1134000000, 1000000.00, 1, -23.01, -23.01
2026-06-28, 18:07:10, 1134000000, 1135000000, 1000000.00, 1, -22.96, -22.96
2026-06-28, 18:07:10, 1135000000, 1136000000, 1000000.00, 1, -22.96, -22.96
2026-06-28, 18:07:10, 1136000000, 1137000000, 1000000.00, 1, -18.96, -18.96
2026-06-28, 18:07:10, 1137000000, 1138000000, 1000000.00, 1, -23.00, -23.00
2026-06-28, 18:07:10, 1138000000, 1139000000, 1000000.00, 1, -18.88, -18.88
2026-06-28, 18:07:10, 1139000000, 1140000000, 1000000.00, 1, -22.99, -22.99
2026-06-28, 18:07:10, 1140000000, 1141000000, 1000000.00, 1, -23.02, -23.02
2026-06-28, 18:07:10, 1141000000, 1142000000, 1000000.00, 1, -22.97, -22.97
2026-06-28, 18:07:10, 1142000000, 1143000000, 1000000.00, 1, -22.92, -22.92
2026-06-28, 18:07:10, 1143000000, 1144000000, 1000000.00, 1, -22.80, -22.80
2026-06-28, 18:07:10, 1144000000, 1145000000, 1000000.00, 1, -22.81, -22.81
2026-06-28, 18:07:10, 1145000000, 1146000000, 1000000.00, 1, -22.90, -22.90
2026-06-28, 18:07:10, 1146000000, 1147000000, 1000000.00, 1, -23.03, -23.03
2026-06-28, 18:07:10, 1147000000, 1148000000, 1000000.00, 1, -23.07, -23.07
2026-06-28, 18:07:10, 1148000000, 1149000000, 1000000.00, 1, -22.83, -22.83
2026-06-28, 18:07:10, 1149000000, 1150000000, 1000000.00, 1, -22.87, -22.87
2026-06-28, 18:07:10, 1150000000, 1151000000, 1000000.00, 1, -22.83, -22.83
2026-06-28, 18:07:10, 1151000000, 1152000000, 1000000.00, 1, -22.64, -22.64
2026-06-28, 18:07:10, 1152000000, 1153000000, 1000000.00, 1, -22.58, -22.58
2026-06-28, 18:07:10, 1153000000, 1154000000, 1000000.00, 1, -22.54, -22.54
2026-06-28, 18:07:10, 1154000000, 1155000000, 1000000.00, 1, -22.36, -22.36
2026-06-28, 18:07:10, 1155000000, 1156000000, 1000000.00, 1, -22.37, -22.37
2026-06-28, 18:07:10, 1156000000, 1157000000, 1000000.00, 1, -22.41, -22.41
2026-06-28, 18:07:10, 1157000000, 1158000000, 1000000.00, 1, -22.44, -22.44
2026-06-28, 18:07:10, 1158000000, 1159000000, 1000000.00, 1, -22.45, -22.45
2026-06-28, 18:07:10, 1159000000, 1160000000, 1000000.00, 1, -22.49, -22.49
2026-06-28, 18:07:10, 1160000000, 1161000000, 1000000.00, 1, -22.63, -22.63
2026-06-28, 18:07:10, 1161000000, 1162000000, 1000000.00, 1, -22.70, -22.70
2026-06-28, 18:07:10, 1162000000, 1163000000, 1000000.00, 1, -22.73, -22.73
2026-06-28, 18:07:10, 1163000000, 1164000000, 1000000.00, 1, -22.76, -22.76
2026-06-28, 18:07:10, 1164000000, 1165000000, 1000000.00, 1, -22.69, -22.69
2026-06-28, 18:07:10, 1165000000, 1166000000, 1000000.00, 1, -22.70, -22.70
2026-06-28, 18:07:10, 1166000000, 1167000000, 1000000.00, 1, -22.77, -22.77
2026-06-28, 18:07:10, 1167000000, 1168000000, 1000000.00, 1, -22.71, -22.71
2026-06-28, 18:07:10, 1168000000, 1169000000, 1000000.00, 1, -22.83, -22.83
2026-06-28, 18:07:10, 1169000000, 1170000000, 1000000.00, 1, -22.76, -22.76
2026-06-28, 18:07:10, 1170000000, 1171000000, 1000000.00, 1, -22.48, -22.48
2026-06-28, 18:07:10, 1171000000, 1172000000, 1000000.00, 1, -21.91, -21.91
2026-06-28, 18:07:10, 1172000000, 1173000000, 1000000.00, 1, -21.91, -21.91
2026-06-28, 18:07:10, 1173000000, 1174000000, 1000000.00, 1, -22.22, -22.22
2026-06-28, 18:07:10, 1174000000, 1175000000, 1000000.00, 1, -22.32, -22.32
2026-06-28, 18:07:10, 1175000000, 1176000000, 1000000.00, 1, -22.33, -22.33
2026-06-28, 18:07:10, 1176000000, 1177000000, 1000000.00, 1, -22.51, -22.51
2026-06-28, 18:07:10, 1177000000, 1178000000, 1000000.00, 1, -22.62, -22.62
2026-06-28, 18:07:10, 1178000000, 1179000000, 1000000.00, 1, -22.49, -22.49
2026-06-28, 18:07:10, 1179000000, 1180000000, 1000000.00, 1, -22.59, -22.59
2026-06-28, 18:07:10, 1180000000, 1181000000, 1000000.00, 1, -22.59, -22.59
2026-06-28, 18:07:10, 1181000000, 1182000000, 1000000.00, 1, -22.69, -22.69
2026-06-28, 18:07:10, 1182000000, 1183000000, 1000000.00, 1, -22.72, -22.72
2026-06-28, 18:07:10, 1183000000, 1184000000, 1000000.00, 1, -22.67, -22.67
2026-06-28, 18:07:10, 1184000000, 1185000000, 1000000.00, 1, -22.65, -22.65
2026-06-28, 18:07:10, 1185000000, 1186000000, 1000000.00, 1, -22.55, -22.55
2026-06-28, 18:07:10, 1186000000, 1187000000, 1000000.00, 1, -22.41, -22.41
2026-06-28, 18:07:10, 1187000000, 1188000000, 1000000.00, 1, -22.10, -22.10
2026-06-28, 18:07:10, 1188000000, 1189000000, 1000000.00, 1, -21.91, -21.91
2026-06-28, 18:07:10, 1189000000, 1190000000, 1000000.00, 1, -21.83, -21.83
2026-06-28, 18:07:10, 1190000000, 1191000000, 1000000.00, 1, -21.52, -21.52
2026-06-28, 18:07:10, 1191000000, 1192000000, 1000000.00, 1, -21.38, -21.38
2026-06-28, 18:07:10, 1192000000, 1193000000, 1000000.00, 1, -21.09, -21.09
2026-06-28, 18:07:10, 1193000000, 1194000000, 1000000.00, 1, -20.87, -20.87
2026-06-28, 18:07:10, 1194000000, 1195000000, 1000000.00, 1, -20.58, -20.58
2026-06-28, 18:07:10, 1195000000, 1196000000, 1000000.00, 1, -20.29, -20.29
2026-06-28, 18:07:10, 1196000000, 1197000000, 1000000.00, 1, -20.11, -20.11
2026-06-28, 18:07:10, 1197000000, 1198000000, 1000000.00, 1, -20.04, -20.04
2026-06-28, 18:07:10, 1198000000, 1199000000, 1000000.00, 1, -16.97, -16.97
2026-06-28, 18:07:10, 1199000000, 1200000000, 1000000.00, 1, -19.94, -19.94
2026-06-28, 18:07:10, 1200000000, 1201000000, 1000000.00, 1, -20.18, -20.18
2026-06-28, 18:07:10, 1201000000, 1202000000, 1000000.00, 1, -20.31, -20.31
2026-06-28, 18:07:10, 1202000000, 1203000000, 1000000.00, 1, -20.21, -20.21
2026-06-28, 18:07:10, 1203000000, 1204000000, 1000000.00, 1, -20.48, -20.48
2026-06-28, 18:07:10, 1204000000, 1205000000, 1000000.00, 1, -20.61, -20.61
2026-06-28, 18:07:10, 1205000000, 1206000000, 1000000.00, 1, -20.72, -20.72
2026-06-28, 18:07:10, 1206000000, 1207000000, 1000000.00, 1, -20.82, -20.82
2026-06-28, 18:07:10, 1207000000, 1208000000, 1000000.00, 1, -20.99, -20.99
2026-06-28, 18:07:10, 1208000000, 1209000000, 1000000.00, 1, -21.14, -21.14
2026-06-28, 18:07:10, 1209000000, 1210000000, 1000000.00, 1, -21.33, -21.33
2026-06-28, 18:07:10, 1210000000, 1211000000, 1000000.00, 1, -21.61, -21.61
2026-06-28, 18:07:10, 1211000000, 1212000000, 1000000.00, 1, -21.82, -21.82
2026-06-28, 18:07:10, 1212000000, 1213000000, 1000000.00, 1, -22.00, -22.00
2026-06-28, 18:07:10, 1213000000, 1214000000, 1000000.00, 1, -22.21, -22.21
2026-06-28, 18:07:10, 1214000000, 1215000000, 1000000.00, 1, -22.26, -22.26
2026-06-28, 18:07:20, 960000000, 961000000, 1000000.00, 1, -14.69, -14.69
2026-06-28, 18:07:20, 961000000, 962000000, 1000000.00, 1, -15.29, -15.29
2026-06-28, 18:07:20, 962000000, 963000000, 1000000.00, 1, -16.50, -16.50
2026-06-28, 18:07:20, 963000000, 964000000, 1000000.00, 1, -16.53, -16.53
2026-06-28, 18:07:20, 964000000, 965000000, 1000000.00, 1, -14.27, -14.27
2026-06-28, 18:07:20, 965000000, 966000000, 1000000.00, 1, -18.39, -18.39
2026-06-28, 18:07:20, 966000000, 967000000, 1000000.00, 1, -19.02, -19.02
2026-06-28, 18:07:20, 967000000, 968000000, 1000000.00, 1, -19.63, -19.63
2026-06-28, 18:07:20, 968000000, 969000000, 1000000.00, 1, -19.84, -19.84
2026-06-28, 18:07:20, 969000000, 970000000, 1000000.00, 1, -19.60, -19.60
2026-06-28, 18:07:20, 970000000, 971000000, 1000000.00, 1, -19.62, -19.62
2026-06-28, 18:07:20, 971000000, 972000000, 1000000.00, 1, -19.15, -19.15
2026-06-28, 18:07:20, 972000000, 973000000, 1000000.00, 1, -19.08, -19.08
2026-06-28, 18:07:20, 973000000, 974000000, 1000000.00, 1, -18.80, -18.80
2026-06-28, 18:07:20, 974000000, 975000000, 1000000.00, 1, -18.89, -18.89
2026-06-28, 18:07:20, 975000000, 976000000, 1000000.00, 1, -18.60, -18.60
2026-06-28, 18:07:20, 976000000, 977000000, 1000000.00, 1, -19.05, -19.05
2026-06-28, 18:07:20, 977000000, 978000000, 1000000.00, 1, -18.73, -18.73
2026-06-28, 18:07:20, 978000000, 979000000, 1000000.00, 1, -18.89, -18.89
2026-06-28, 18:07:20, 979000000, 980000000, 1000000.00, 1, -11.68, -11.68
2026-06-28, 18:07:20, 980000000, 981000000, 1000000.00, 1, -18.50, -18.50
2026-06-28, 18:07:20, 981000000, 982000000, 1000000.00, 1, -18.26, -18.26
2026-06-28, 18:07:20, 982000000, 983000000, 1000000.00, 1, -18.04, -18.04
2026-06-28, 18:07:20, 983000000, 984000000, 1000000.00, 1, -17.58, -17.58
2026-06-28, 18:07:20, 984000000, 985000000, 1000000.00, 1, -17.55, -17.55
2026-06-28, 18:07:20, 985000000, 986000000, 1000000.00, 1, -17.31, -17.31
2026-06-28, 18:07:20, 986000000, 987000000, 1000000.00, 1, -17.33, -17.33
2026-06-28, 18:07:20, 987000000, 988000000, 1000000.00, 1, -17.17, -17.17
2026-06-28, 18:07:20, 988000000, 989000000, 1000000.00, 1, -17.33, -17.33
2026-06-28, 18:07:20, 989000000, 990000000, 1000000.00, 1, -17.22, -17.22
2026-06-28, 18:07:20, 990000000, 991000000, 1000000.00, 1, -17.31, -17.31
2026-06-28, 18:07:20, 991000000, 992000000, 1000000.00, 1, -17.30, -17.30
2026-06-28, 18:07:20, 992000000, 993000000, 1000000.00, 1, -17.32, -17.32
2026-06-28, 18:07:20, 993000000, 994000000, 1000000.00, 1, -12.87, -12.87
2026-06-28, 18:07:20, 994000000, 995000000, 1000000.00, 1, -17.45, -17.45
2026-06-28, 18:07:20, 995000000, 996000000, 1000000.00, 1, -17.42, -17.42
2026-06-28, 18:07:20, 996000000, 997000000, 1000000.00, 1, -17.57, -17.57
2026-06-28, 18:07:20, 997000000, 998000000, 1000000.00, 1, -17.39, -17.39
2026-06-28, 18:07:20, 998000000, 999000000, 1000000.00, 1, 2.70, 2.70
2026-06-28, 18:07:20, 999000000, 1000000000, 1000000.00, 1, 4.55, 4.55
2026-06-28, 18:07:20, 1000000000, 1001000000, 1000000.00, 1, -17.45, -17.45
2026-06-28, 18:07:20, 1001000000, 1002000000, 1000000.00, 1, -17.96, -17.96
2026-06-28, 18:07:20, 1002000000, 1003000000, 1000000.00, 1, -17.86, -17.86
2026-06-28, 18:07:20, 1003000000, 1004000000, 1000000.00, 1, -17.96, -17.96
2026-06-28, 18:07:20, 1004000000, 1005000000, 1000000.00, 1, -17.86, -17.86
2026-06-28, 18:07:20, 1005000000, 1006000000, 1000000.00, 1, -17.76, -17.76
2026-06-28, 18:07:20, 1006000000, 1007000000, 1000000.00, 1, -17.69, -17.69
2026-06-28, 18:07:20, 1007000000, 1008000000, 1000000.00, 1, -16.94, -16.94
2026-06-28, 18:07:20, 1008000000, 1009000000, 1000000.00, 1, -16.98, -16.98
2026-06-28, 18:07:20, 1009000000, 1010000000, 1000000.00, 1, -17.54, -17.54
2026-06-28, 18:07:20, 1010000000, 1011000000, 1000000.00, 1, -17.93, -17.93
2026-06-28, 18:07:20, 1011000000, 1012000000, 1000000.00, 1, -17.82, -17.82
2026-06-28, 18:07:20, 1012000000, 1013000000, 1000000.00, 1, -17.86, -17.86
2026-06-28, 18:07:20, 1013000000, 1014000000, 1000000.00, 1, -17.60, -17.60
2026-06-28, 18:07:20, 1014000000, 1015000000, 1000000.00, 1, -17.62, -17.62
2026-06-28, 18:07:20, 1015000000, 1016000000, 1000000.00, 1, -17.40, -17.40
2026-06-28, 18:07:20, 1016000000, 1017000000, 1000000.00, 1, -17.36, -17.36
2026-06-28, 18:07:20, 1017000000, 1018000000, 1000000.00, 1, -17.33, -17.33
2026-06-28, 18:07:20, 1018000000, 1019000000, 1000000.00, 1, -17.38, -17.38
2026-06-28, 18:07:20, 1019000000, 1020000000, 1000000.00, 1, -17.34, -17.34
2026-06-28, 18:07:20, 1020000000, 1021000000, 1000000.00, 1, -17.20, -17.20
2026-06-28, 18:07:20, 1021000000, 1022000000, 1000000.00, 1, -17.15, -17.15
2026-06-28, 18:07:20, 1022000000, 1023000000, 1000000.00, 1, -16.18, -16.18
2026-06-28, 18:07:20, 1023000000, 1024000000, 1000000.00, 1, -17.08, -17.08
2026-06-28, 18:07:20, 1024000000, 1025000000, 1000000.00, 1, -17.26, -17.26
2026-06-28, 18:07:20, 1025000000, 1026000000, 1000000.00, 1, -17.42, -17.42
2026-06-28, 18:07:20, 1026000000, 1027000000, 1000000.00, 1, -17.50, -17.50
2026-06-28, 18:07:20, 1027000000, 1028000000, 1000000.00, 1, -17.65, -17.65
2026-06-28, 18:07:20, 1028000000, 1029000000, 1000000.00, 1, -17.82, -17.82
2026-06-28, 18:07:20, 1029000000, 1030000000, 1000000.00, 1, -17.99, -17.99
2026-06-28, 18:07:20, 1030000000, 1031000000, 1000000.00, 1, -18.02, -18.02
2026-06-28, 18:07:20, 1031000000, 1032000000, 1000000.00, 1, -18.24, -18.24
2026-06-28, 18:07:20, 1032000000, 1033000000, 1000000.00, 1, -18.43, -18.43
2026-06-28, 18:07:20, 1033000000, 1034000000, 1000000.00, 1, -18.69, -18.69
2026-06-28, 18:07:20, 1034000000, 1035000000, 1000000.00, 1, -18.89, -18.89
2026-06-28, 18:07:20, 1035000000, 1036000000, 1000000.00, 1, -19.33, -19.33
2026-06-28, 18:07:20, 1036000000, 1037000000, 1000000.00, 1, -18.93, -18.93
2026-06-28, 18:07:20, 1037000000, 1038000000, 1000000.00, 1, -19.48, -19.48
2026-06-28, 18:07:20, 1038000000, 1039000000, 1000000.00, 1, -19.84, -19.84
2026-06-28, 18:07:20, 1039000000, 1040000000, 1000000.00, 1, -20.27, -20.27
2026-06-28, 18:07:20, 1040000000, 1041000000, 1000000.00, 1, -20.56, -20.56
2026-06-28, 18:07:20, 1041000000, 1042000000, 1000000.00, 1, -20.79, -20.79
2026-06-28, 18:07:20, 1042000000, 1043000000, 1000000.00, 1, -21.10, -21.10
2026-06-28, 18:07:20, 1043000000, 1044000000, 1000000.00, 1, -21.37, -21.37
2026-06-28, 18:07:20, 1044000000, 1045000000, 1000000.00, 1, -21.50, -21.50
2026-06-28, 18:07:20, 1045000000, 1046000000, 1000000.00, 1, -21.73, -21.73
2026-06-28, 18:07:20, 1046000000, 1047000000, 1000000.00, 1, -21.85, -21.85
2026-06-28, 18:07:20, 1047000000, 1048000000, 1000000.00, 1, -22.03, -22.03
2026-06-28, 18:07:20, 1048000000, 1049000000, 1000000.00, 1, -20.24, -20.24
2026-06-28, 18:07:20, 1049000000, 1050000000, 1000000.00, 1, -21.40, -21.40
2026-06-28, 18:07:20, 1050000000, 1051000000, 1000000.00, 1, -21.81, -21.81
2026-06-28, 18:07:20, 1051000000, 1052000000, 1000000.00, 1, -21.16, -21.16
2026-06-28, 18:07:20, 1052000000, 1053000000, 1000000.00, 1, -21.72, -21.72
2026-06-28, 18:07:20, 1053000000, 1054000000, 1000000.00, 1, -21.77, -21.77
2026-06-28, 18:07:20, 1054000000, 1055000000, 1000000.00, 1, -21.68, -21.68
2026-06-28, 18:07:20, 1055000000, 1056000000, 1000000.00, 1, -21.88, -21.88
2026-06-28, 18:07:20, 1056000000, 1057000000, 1000000.00, 1, -20.57, -20.57
2026-06-28, 18:07:20, 1057000000, 1058000000, 1000000.00, 1, -21.98, -21.98
2026-06-28, 18:07:20, 1058000000, 1059000000, 1000000.00, 1, -21.87, -21.87
2026-06-28, 18:07:20, 1059000000, 1060000000, 1000000.00, 1, -21.77, -21.77
2026-06-28, 18:07:20, 1060000000, 1061000000, 1000000.00, 1, -21.75, -21.75
2026-06-28, 18:07:20, 1061000000, 1062000000, 1000000.00, 1, -21.66, -21.66
2026-06-28, 18:07:20, 1062000000, 1063000000, 1000000.00, 1, -21.62, -21.62
2026-06-28, 18:07:20, 1063000000, 1064000000, 1000000.00, 1, -21.60, -21.60
2026-06-28, 18:07:20, 1064000000, 1065000000, 1000000.00, 1, -21.60, -21.60
2026-06-28, 18:07:20, 1065000000, 1066000000, 1000000.00, 1, -20.91, -20.91
2026-06-28, 18:07:20, 1066000000, 1067000000, 1000000.00, 1, -21.48, -21.48
2026-06-28, 18:07:20, 1067000000, 1068000000, 1000000.00, 1, -21.55, -21.55
2026-06-28, 18:07:20, 1068000000, 1069000000, 1000000.00, 1, -21.51, -21.51
2026-06-28, 18:07:20, 1069000000, 1070000000, 1000000.00, 1, -21.81, -21.81
2026-06-28, 18:07:20, 1070000000, 1071000000, 1000000.00, 1, -21.95, -21.95
2026-06-28, 18:07:20, 1071000000, 1072000000, 1000000.00, 1, -22.01, -22.01
2026-06-28, 18:07:20, 1072000000, 1073000000, 1000000.00, 1, -22.13, -22.13
2026-06-28, 18:07:20, 1073000000, 1074000000, 1000000.00, 1, -22.20, -22.20
2026-06-28, 18:07:20, 1074000000, 1075000000, 1000000.00, 1, -22.30, -22.30
2026-06-28, 18:07:20, 1075000000, 1076000000, 1000000.00, 1, -22.46, -22.46
2026-06-28, 18:07:20, 1076000000, 1077000000, 1000000.00, 1, -22.51, -22.51
2026-06-28, 18:07:20, 1077000000, 1078000000, 1000000.00, 1, -22.57, -22.57
2026-06-28, 18:07:20, 1078000000, 1079000000, 1000000.00, 1, -22.70, -22.70
2026-06-28, 18:07:20, 1079000000, 1080000000, 1000000.00, 1, -22.59, -22.59
2026-06-28, 18:07:20, 1080000000, 1081000000, 1000000.00, 1, -22.61, -22.61
2026-06-28, 18:07:20, 1081000000, 1082000000, 1000000.00, 1, -22.68, -22.68
2026-06-28, 18:07:20, 1082000000, 1083000000, 1000000.00, 1, -22.77, -22.77
2026-06-28, 18:07:20, 1083000000, 1084000000, 1000000.00, 1, -22.85, -22.85
2026-06-28, 18:07:20, 1084000000, 1085000000, 1000000.00, 1, -22.94, -22.94
2026-06-28, 18:07:20, 1085000000, 1086000000, 1000000.00, 1, -23.19, -23.19
2026-06-28, 18:07:20, 1086000000, 1087000000, 1000000.00, 1, -23.18, -23.18
2026-06-28, 18:07:20, 1087000000, 1088000000, 1000000.00, 1, -23.34, -23.34
2026-06-28, 18:07:20, 1088000000, 1089000000, 1000000.00, 1, -21.68, -21.68
2026-06-28, 18:07:20, 1089000000, 1090000000, 1000000.00, 1, -22.64, -22.64
2026-06-28, 18:07:20, 1090000000, 1091000000, 1000000.00, 1, -23.24, -23.24
2026-06-28, 18:07:20, 1091000000, 1092000000, 1000000.00, 1, -23.23, -23.23
2026-06-28, 18:07:20, 1092000000, 1093000000, 1000000.00, 1, -22.99, -22.99
2026-06-28, 18:07:20, 1093000000, 1094000000, 1000000.00, 1, -23.28, -23.28
2026-06-28, 18:07:20, 1094000000, 1095000000, 1000000.00, 1, -23.28, -23.28
2026-06-28, 18:07:20, 1095000000, 1096000000, 1000000.00, 1, -23.34, -23.34
2026-06-28, 18:07:20, 1096000000, 1097000000, 1000000.00, 1, -23.20, -23.20
2026-06-28, 18:07:20, 1097000000, 1098000000, 1000000.00, 1, -23.18, -23.18
2026-06-28, 18:07:20, 1098000000, 1099000000, 1000000.00, 1, -23.16, -23.16
2026-06-28, 18:07:20, 1099000000, 1100000000, 1000000.00, 1, -23.15, -23.15
2026-06-28, 18:07:20, 1100000000, 1101000000, 1000000.00, 1, -23.18, -23.18
2026-06-28, 18:07:20, 1101000000, 1102000000, 1000000.00, 1, -23.20, -23.20
2026-06-28, 18:07:20, 1102000000, 1103000000, 1000000.00, 1, -23.23, -23.23
2026-06-28, 18:07:20, 1103000000, 1104000000, 1000000.00, 1, -23.16, -23.16
2026-06-28, 18:07:20, 1104000000, 1105000000, 1000000.00, 1, -23.15, -23.15
2026-06-28, 18:07:20, 1105000000, 1106000000, 1000000.00, 1, -23.20, -23.20
2026-06-28, 18:07:20, 1106000000, 1107000000, 1000000.00, 1, -23.15, -23.15
2026-06-28, 18:07:20, 1107000000, 1108000000, 1000000.00, 1, -23.08, -23.08
2026-06-28, 18:07:20, 1108000000, 1109000000, 1000000.00, 1, -23.07, -23.07
2026-06-28, 18:07:20, 1109000000, 1110000000, 1000000.00, 1, -22.98, -22.98
2026-06-28, 18:07:20, 1110000000, 1111000000, 1000000.00, 1, -22.92, -22.92
2026-06-28, 18:07:20, 1111000000, 1112000000, 1000000.00, 1, -22.90, -22.90
2026-06-28, 18:07:20, 1112000000, 1113000000, 1000000.00, 1, -22.71, -22.71
2026-06-28, 18:07:20, 1113000000, 1114000000, 1000000.00, 1, -22.67, -22.67
2026-06-28, 18:07:20, 1114000000, 1115000000, 1000000.00, 1, -22.61, -22.61
2026-06-28, 18:07:20, 1115000000, 1116000000, 1000000.00, 1, -22.62, -22.62
2026-06-28, 18:07:20, 1116000000, 1117000000, 1000000.00, 1, -22.68, -22.68
2026-06-28, 18:07:20, 1117000000, 1118000000, 1000000.00, 1, -22.56, -22.56
2026-06-28, 18:07:20, 1118000000, 1119000000, 1000000.00, 1, -22.58, -22.58
2026-06-28, 18:07:20, 1119000000, 1120000000, 1000000.00, 1, -22.64, -22.64
2026-06-28, 18:07:20, 1120000000, 1121000000, 1000000.00, 1, -22.66, -22.66
2026-06-28, 18:07:20, 1121000000, 1122000000, 1000000.00, 1, -22.64, -22.64
2026-06-28, 18:07:20, 1122000000, 1123000000, 1000000.00, 1, -22.68, -22.68
2026-06-28, 18:07:20, 1123000000, 1124000000, 1000000.00, 1, -22.30, -22.30
2026-06-28, 18:07:20, 1124000000, 1125000000, 1000000.00, 1, -22.68, -22.68
2026-06-28, 18:07:20, 1125000000, 1126000000, 1000000.00, 1, -22.77, -22.77
2026-06-28, 18:07:20, 1126000000, 1127000000, 1000000.00, 1, -22.65, -22.65
2026-06-28, 18:07:20, 1127000000, 1128000000, 1000000.00, 1, -22.69, -22.69
2026-06-28, 18:07:20, 1128000000, 1129000000, 1000000.00, 1, -22.71, -22.71
2026-06-28, 18:07:20, 1129000000, 1130000000, 1000000.00, 1, -22.74, -22.74
2026-06-28, 18:07:20, 1130000000, 1131000000, 1000000.00, 1, -22.99, -22.99
2026-06-28, 18:07:20, 1131000000, 1132000000, 1000000.00, 1, -23.04, -23.04
2026-06-28, 18:07:20, 1132000000, 1133000000, 1000000.00, 1, -23.16, -23.16
2026-06-28, 18:07:20, 1133000000, 1134000000, 1000000.00, 1, -23.10, -23.10
2026-06-28, 18:07:20, 1134000000, 1135000000, 1000000.00, 1, -23.10, -23.10
2026-06-28, 18:07:20, 1135000000, 1136000000, 1000000.00, 1, -23.06, -23.06
2026-06-28, 18:07:20, 1136000000, 1137000000, 1000000.00, 1, -19.91, -19.91
2026-06-28, 18:07:20, 1137000000, 1138000000, 1000000.00, 1, -22.97, -22.97
2026-06-28, 18:07:20, 1138000000, 1139000000, 1000000.00, 1, -23.16, -23.16
2026-06-28, 18:07:20, 1139000000, 1140000000, 1000000.00, 1, -23.12, -23.12
2026-06-28, 18:07:20, 1140000000, 1141000000, 1000000.00, 1, -23.10, -23.10
2026-06-28, 18:07:20, 1141000000, 1142000000, 1000000.00, 1, -23.14, -23.14
2026-06-28, 18:07:20, 1142000000, 1143000000, 1000000.00, 1, -21.53, -21.53
2026-06-28, 18:07:20, 1143000000, 1144000000, 1000000.00, 1, -23.06, -23.06
2026-06-28, 18:07:20, 1144000000, 1145000000, 1000000.00, 1, -23.08, -23.08
2026-06-28, 18:07:20, 1145000000, 1146000000, 1000000.00, 1, -23.10, -23.10
2026-06-28, 18:07:20, 1146000000, 1147000000, 1000000.00, 1, -23.12, -23.12
2026-06-28, 18:07:20, 1147000000, 1148000000, 1000000.00, 1, -23.14, -23.14
2026-06-28, 18:07:20, 1148000000, 1149000000, 1000000.00, 1, -22.88, -22.88
2026-06-28, 18:07:20, 1149000000, 1150000000, 1000000.00, 1, -22.05, -22.05
2026-06-28, 18:07:20, 1150000000, 1151000000, 1000000.00, 1, -22.94, -22.94
2026-06-28, 18:07:20, 1151000000, 1152000000, 1000000.00, 1, -22.85, -22.85
2026-06-28, 18:07:20, 1152000000, 1153000000, 1000000.00, 1, -22.61, -22.61
2026-06-28, 18:07:20, 1153000000, 1154000000, 1000000.00, 1, -22.63, -22.63
2026-06-28, 18:07:20, 1154000000, 1155000000, 1000000.00, 1, -22.50, -22.50
2026-06-28, 18:07:20, 1155000000, 1156000000, 1000000.00, 1, -22.48, -22.48
2026-06-28, 18:07:20, 1156000000, 1157000000, 1000000.00, 1, -22.54, -22.54
2026-06-28, 18:07:20, 1157000000, 1158000000, 1000000.00, 1, -22.42, -22.42
2026-06-28, 18:07:20, 1158000000, 1159000000, 1000000.00, 1, -22.56, -22.56
2026-06-28, 18:07:20, 1159000000, 1160000000, 1000000.00, 1, -22.55, -22.55
2026-06-28, 18:07:20, 1160000000, 1161000000, 1000000.00, 1, -22.58, -22.58
2026-06-28, 18:07:20, 1161000000, 1162000000, 1000000.00, 1, -22.66, -22.66
2026-06-28, 18:07:20, 1162000000, 1163000000, 1000000.00, 1, -22.63, -22.63
2026-06-28, 18:07:20, 1163000000, 1164000000, 1000000.00, 1, -22.62, -22.62
2026-06-28, 18:07:20, 1164000000, 1165000000, 1000000.00, 1, -22.60, -22.60
2026-06-28, 18:07:20, 1165000000, 1166000000, 1000000.00, 1, -22.58, -22.58
2026-06-28, 18:07:20, 1166000000, 1167000000, 1000000.00, 1, -22.71, -22.71
2026-06-28, 18:07:20, 1167000000, 1168000000, 1000000.00, 1, -22.62, -22.62
2026-06-28, 18:07:20, 1168000000, 1169000000, 1000000.00, 1, -22.65, -22.65
2026-06-28, 18:07:20, 1169000000, 1170000000, 1000000.00, 1, -22.58, -22.58
2026-06-28, 18:07:20, 1170000000, 1171000000, 1000000.00, 1, -22.25, -22.25
2026-06-28, 18:07:20, 1171000000, 1172000000, 1000000.00, 1, -21.77, -21.77
2026-06-28, 18:07:20, 1172000000, 1173000000, 1000000.00, 1, -21.67, -21.67
2026-06-28, 18:07:20, 1173000000, 1174000000, 1000000.00, 1, -21.92, -21.92
2026-06-28, 18:07:20, 1174000000, 1175000000, 1000000.00, 1, -22.01, -22.01
2026-06-28, 18:07:20, 1175000000, 1176000000, 1000000.00, 1, -22.11, -22.11
2026-06-28, 18:07:20, 1176000000, 1177000000, 1000000.00, 1, -22.17, -22.17
2026-06-28, 18:07:20, 1177000000, 1178000000, 1000000.00, 1, -22.23, -22.23
2026-06-28, 18:07:20, 1178000000, 1179000000, 1000000.00, 1, -22.29, -22.29
2026-06-28, 18:07:20, 1179000000, 1180000000, 1000000.00, 1, -22.34, -22.34
2026-06-28, 18:07:20, 1180000000, 1181000000, 1000000.00, 1, -22.27, -22.27
2026-06-28, 18:07:20, 1181000000, 1182000000, 1000000.00, 1, -22.42, -22.42
2026-06-28, 18:07:20, 1182000000, 1183000000, 1000000.00, 1, -22.43, -22.43
2026-06-28, 18:07:20, 1183000000, 1184000000, 1000000.00, 1, -22.45, -22.45
2026-06-28, 18:07:20, 1184000000, 1185000000, 1000000.00, 1, -22.36, -22.36
2026-06-28, 18:07:20, 1185000000, 1186000000, 1000000.00, 1, -22.22, -22.22
2026-06-28, 18:07:20, 1186000000, 1187000000, 1000000.00, 1, -22.27, -22.27
2026-06-28, 18:07:20, 1187000000, 1188000000, 1000000.00, 1, -21.90, -21.90
2026-06-28, 18:07:20, 1188000000, 1189000000, 1000000.00, 1, -21.76, -21.76
2026-06-28, 18:07:20, 1189000000, 1190000000, 1000000.00, 1, -21.48, -21.48
2026-06-28, 18:07:20, 1190000000, 1191000000, 1000000.00, 1, -21.36, -21.36
2026-06-28, 18:07:20, 1191000000, 1192000000, 1000000.00, 1, -21.14, -21.14
2026-06-28, 18:07:20, 1192000000, 1193000000, 1000000.00, 1, -20.89, -20.89
2026-06-28, 18:07:20, 1193000000, 1194000000, 1000000.00, 1, -20.71, -20.71
2026-06-28, 18:07:20, 1194000000, 1195000000, 1000000.00, 1, -20.51, -20.51
2026-06-28, 18:07:20, 1195000000, 1196000000, 1000000.00, 1, -20.23, -20.23
2026-06-28, 18:07:20, 1196000000, 1197000000, 1000000.00, 1, -20.05, -20.05
2026-06-28, 18:07:20, 1197000000, 1198000000, 1000000.00, 1, -20.00, -20.00
2026-06-28, 18:07:20, 1198000000, 1199000000, 1000000.00, 1, -16.96, -16.96
2026-06-28, 18:07:20, 1199000000, 1200000000, 1000000.00, 1, -19.88, -19.88
2026-06-28, 18:07:20, 1200000000, 1201000000, 1000000.00, 1, -20.12, -20.12
2026-06-28, 18:07:20, 1201000000, 1202000000, 1000000.00, 1, -20.21, -20.21
2026-06-28, 18:07:20, 1202000000, 1203000000, 1000000.00, 1, -20.08, -20.08
2026-06-28, 18:07:20, 1203000000, 1204000000, 1000000.00, 1, -20.31, -20.31
2026-06-28, 18:07:20, 1204000000, 1205000000, 1000000.00, 1, -20.49, -20.49
2026-06-28, 18:07:20, 1205000000, 1206000000, 1000000.00, 1, -20.57, -20.57
2026-06-28, 18:07:20, 1206000000, 1207000000, 1000000.00, 1, -20.75, -20.75
2026-06-28, 18:07:20, 1207000000, 1208000000, 1000000.00, 1, -20.78, -20.78
2026-06-28, 18:07:20, 1208000000, 1209000000, 1000000.00, 1, -21.06, -21.06
2026-06-28, 18:07:20, 1209000000, 1210000000, 1000000.00, 1, -21.17, -21.17
2026-06-28, 18:07:20, 1210000000, 1211000000, 1000000.00, 1, -21.38, -21.38
2026-06-28, 18:07:20, 1211000000, 1212000000, 1000000.00, 1, -21.60, -21.60
2026-06-28, 18:07:20, 1212000000, 1213000000, 1000000.00, 1, -21.82, -21.82
2026-06-28, 18:07:20, 1213000000, 1214000000, 1000000.00, 1, -21.98, -21.98
2026-06-28, 18:07:20, 1214000000, 1215000000, 1000000.00, 1, -22.04, -22.04
2026-06-28, 18:07:31, 960000000, 961000000, 1000000.00, 1, -14.64, -14.64
2026-06-28, 18:07:31, 961000000, 962000000, 1000000.00, 1, -15.10, -15.10
2026-06-28, 18:07:31, 962000000, 963000000, 1000000.00, 1, -16.40, -16.40
2026-06-28, 18:07:31, 963000000, 964000000, 1000000.00, 1, -16.36, -16.36
2026-06-28, 18:07:31, 964000000, 965000000, 1000000.00, 1, -14.31, -14.31
2026-06-28, 18:07:31, 965000000, 966000000, 1000000.00, 1, -18.20, -18.20
2026-06-28, 18:07:31, 966000000, 967000000, 1000000.00, 1, -18.99, -18.99
2026-06-28, 18:07:31, 967000000, 968000000, 1000000.00, 1, -19.54, -19.54
2026-06-28, 18:07:31, 968000000, 969000000, 1000000.00, 1, -19.60, -19.60
2026-06-28, 18:07:31, 969000000, 970000000, 1000000.00, 1, -19.61, -19.61
2026-06-28, 18:07:31, 970000000, 971000000, 1000000.00, 1, -19.45, -19.45
2026-06-28, 18:07:31, 971000000, 972000000, 1000000.00, 1, -19.01, -19.01
2026-06-28, 18:07:31, 972000000, 973000000, 1000000.00, 1, -19.01, -19.01
2026-06-28, 18:07:31, 973000000, 974000000, 1000000.00, 1, -18.61, -18.61
2026-06-28, 18:07:31, 974000000, 975000000, 1000000.00, 1, -18.80, -18.80
2026-06-28, 18:07:31, 975000000, 976000000, 1000000.00, 1, -18.49, -18.49
2026-06-28, 18:07:31, 976000000, 977000000, 1000000.00, 1, -18.61, -18.61
2026-06-28, 18:07:31, 977000000, 978000000, 1000000.00, 1, -18.60, -18.60
2026-06-28, 18:07:31, 978000000, 979000000, 1000000.00, 1, -18.49, -18.49
2026-06-28, 18:07:31, 979000000, 980000000, 1000000.00, 1, -11.70, -11.70
2026-06-28, 18:07:31, 980000000, 981000000, 1000000.00, 1, -18.34, -18.34
2026-06-28, 18:07:31, 981000000, 982000000, 1000000.00, 1, -17.96, -17.96
2026-06-28, 18:07:31, 982000000, 983000000, 1000000.00, 1, -17.89, -17.89
2026-06-28, 18:07:31, 983000000, 984000000, 1000000.00, 1, -17.36, -17.36
2026-06-28, 18:07:31, 984000000, 985000000, 1000000.00, 1, -17.42, -17.42
2026-06-28, 18:07:31, 985000000, 986000000, 1000000.00, 1, -17.34, -17.34
2026-06-28, 18:07:31, 986000000, 987000000, 1000000.00, 1, -17.30, -17.30
2026-06-28, 18:07:31, 987000000, 988000000, 1000000.00, 1, -17.40, -17.40
2026-06-28, 18:07:31, 988000000, 989000000, 1000000.00, 1, -17.41, -17.41
2026-06-28, 18:07:31, 989000000, 990000000, 1000000.00, 1, -17.27, -17.27
2026-06-28, 18:07:31, 990000000, 991000000, 1000000.00, 1, -17.39, -17.39
2026-06-28, 18:07:31, 991000000, 992000000, 1000000.00, 1, -17.14, -17.14
2026-06-28, 18:07:31, 992000000, 993000000, 1000000.00, 1, -17.35, -17.35
2026-06-28, 18:07:31, 993000000, 994000000, 1000000.00, 1, -12.82, -12.82
2026-06-28, 18:07:31, 994000000, 995000000, 1000000.00, 1, -17.30, -17.30
2026-06-28, 18:07:31, 995000000, 996000000, 1000000.00, 1, -17.39, -17.39
2026-06-28, 18:07:31, 996000000, 997000000, 1000000.00, 1, -17.38, -17.38
2026-06-28, 18:07:31, 997000000, 998000000, 1000000.00, 1, -17.27, -17.27
2026-06-28, 18:07:31, 998000000, 999000000, 1000000.00, 1, 2.67, 2.67
2026-06-28, 18:07:31, 999000000, 1000000000, 1000000.00, 1, 4.60, 4.60
2026-06-28, 18:07:31, 1000000000, 1001000000, 1000000.00, 1, -16.96, -16.96
2026-06-28, 18:07:31, 1001000000, 1002000000, 1000000.00, 1, -17.73, -17.73
2026-06-28, 18:07:31, 1002000000, 1003000000, 1000000.00, 1, -17.79, -17.79
2026-06-28, 18:07:31, 1003000000, 1004000000, 1000000.00, 1, -17.83, -17.83
2026-06-28, 18:07:31, 1004000000, 1005000000, 1000000.00, 1, -17.68, -17.68
2026-06-28, 18:07:31, 1005000000, 1006000000, 1000000.00, 1, -17.71, -17.71
2026-06-28, 18:07:31, 1006000000, 1007000000, 1000000.00, 1, -17.61, -17.61
2026-06-28, 18:07:31, 1007000000, 1008000000, 1000000.00, 1, -16.82, -16.82
2026-06-28, 18:07:31, 1008000000, 1009000000, 1000000.00, 1, -16.82, -16.82
2026-06-28, 18:07:31, 1009000000, 1010000000, 1000000.00, 1, -17.30, -17.30
2026-06-28, 18:07:31, 1010000000, 1011000000, 1000000.00, 1, -17.62, -17.62
2026-06-28, 18:07:31, 1011000000, 1012000000, 1000000.00, 1, -17.49, -17.49
2026-06-28, 18:07:31, 1012000000, 1013000000, 1000000.00, 1, -17.73, -17.73
2026-06-28, 18:07:31, 1013000000, 1014000000, 1000000.00, 1, -17.47, -17.47
2026-06-28, 18:07:31, 1014000000, 1015000000, 1000000.00, 1, -17.39, -17.39
2026-06-28, 18:07:31, 1015000000, 1016000000, 1000000.00, 1, -17.20, -17.20
2026-06-28, 18:07:31, 1016000000, 1017000000, 1000000.00, 1, -17.25, -17.25
2026-06-28, 18:07:31, 1017000000, 1018000000, 1000000.00, 1, -17.16, -17.16
2026-06-28, 18:07:31, 1018000000, 1019000000, 1000000.00, 1, -17.15, -17.15
2026-06-28, 18:07:31, 1019000000, 1020000000, 1000000.00, 1, -17.11, -17.11
2026-06-28, 18:07:31, 1020000000, 1021000000, 1000000.00, 1, -17.03, -17.03
2026-06-28, 18:07:31, 1021000000, 1022000000, 1000000.00, 1, -17.05, -17.05
2026-06-28, 18:07:31, 1022000000, 1023000000, 1000000.00, 1, -16.14, -16.14
2026-06-28, 18:07:31, 1023000000, 1024000000, 1000000.00, 1, -17.08, -17.08
2026-06-28, 18:07:31, 1024000000, 1025000000, 1000000.00, 1, -17.11, -17.11
2026-06-28, 18:07:31, 1025000000, 1026000000, 1000000.00, 1, -17.32, -17.32
2026-06-28, 18:07:31, 1026000000, 1027000000, 1000000.00, 1, -17.46, -17.46
2026-06-28, 18:07:31, 1027000000, 1028000000, 1000000.00, 1, -17.55, -17.55
2026-06-28, 18:07:31, 1028000000, 1029000000, 1000000.00, 1, -17.74, -17.74
2026-06-28, 18:07:31, 1029000000, 1030000000, 1000000.00, 1, -17.62, -17.62
2026-06-28, 18:07:31, 1030000000, 1031000000, 1000000.00, 1, -17.97, -17.97
2026-06-28, 18:07:31, 1031000000, 1032000000, 1000000.00, 1, -18.08, -18.08
2026-06-28, 18:07:31, 1032000000, 1033000000, 1000000.00, 1, -18.30, -18.30
2026-06-28, 18:07:31, 1033000000, 1034000000, 1000000.00, 1, -18.46, -18.46
2026-06-28, 18:07:31, 1034000000, 1035000000, 1000000.00, 1, -18.73, -18.73
2026-06-28, 18:07:31, 1035000000, 1036000000, 1000000.00, 1, -18.90, -18.90
2026-06-28, 18:07:31, 1036000000, 1037000000, 1000000.00, 1, -18.72, -18.72
2026-06-28, 18:07:31, 1037000000, 1038000000, 1000000.00, 1, -19.32, -19.32
2026-06-28, 18:07:31, 1038000000, 1039000000, 1000000.00, 1, -19.63, -19.63
2026-06-28, 18:07:31, 1039000000, 1040000000, 1000000.00, 1, -20.03, -20.03
2026-06-28, 18:07:31, 1040000000, 1041000000, 1000000.00, 1, -20.34, -20.34
2026-06-28, 18:07:31, 1041000000, 1042000000, 1000000.00, 1, -20.08, -20.08
2026-06-28, 18:07:31, 1042000000, 1043000000, 1000000.00, 1, -20.87, -20.87
2026-06-28, 18:07:31, 1043000000, 1044000000, 1000000.00, 1, -21.20, -21.20
2026-06-28, 18:07:31, 1044000000, 1045000000, 1000000.00, 1, -21.36, -21.36
2026-06-28, 18:07:31, 1045000000, 1046000000, 1000000.00, 1, -21.51, -21.51
2026-06-28, 18:07:31, 1046000000, 1047000000, 1000000.00, 1, -21.71, -21.71
2026-06-28, 18:07:31, 1047000000, 1048000000, 1000000.00, 1, -21.94, -21.94
2026-06-28, 18:07:31, 1048000000, 1049000000, 1000000.00, 1, -19.67, -19.67
2026-06-28, 18:07:31, 1049000000, 1050000000, 1000000.00, 1, -21.35, -21.35
2026-06-28, 18:07:31, 1050000000, 1051000000, 1000000.00, 1, -21.90, -21.90
2026-06-28, 18:07:31, 1051000000, 1052000000, 1000000.00, 1, -21.27, -21.27
2026-06-28, 18:07:31, 1052000000, 1053000000, 1000000.00, 1, -20.09, -20.09
2026-06-28, 18:07:31, 1053000000, 1054000000, 1000000.00, 1, -21.84, -21.84
2026-06-28, 18:07:31, 1054000000, 1055000000, 1000000.00, 1, -21.89, -21.89
2026-06-28, 18:07:31, 1055000000, 1056000000, 1000000.00, 1, -21.89, -21.89
2026-06-28, 18:07:31, 1056000000, 1057000000, 1000000.00, 1, -22.03, -22.03
2026-06-28, 18:07:31, 1057000000, 1058000000, 1000000.00, 1, -22.01, -22.01
2026-06-28, 18:07:31, 1058000000, 1059000000, 1000000.00, 1, -21.96, -21.96
2026-06-28, 18:07:31, 1059000000, 1060000000, 1000000.00, 1, -21.70, -21.70
2026-06-28, 18:07:31, 1060000000, 1061000000, 1000000.00, 1, -21.77, -21.77
2026-06-28, 18:07:31, 1061000000, 1062000000, 1000000.00, 1, -21.76, -21.76
2026-06-28, 18:07:31, 1062000000, 1063000000, 1000000.00, 1, -21.62, -21.62
2026-06-28, 18:07:31, 1063000000, 1064000000, 1000000.00, 1, -21.67, -21.67
2026-06-28, 18:07:31, 1064000000, 1065000000, 1000000.00, 1, -21.70, -21.70
2026-06-28, 18:07:31, 1065000000, 1066000000, 1000000.00, 1, -20.99, -20.99
2026-06-28, 18:07:31, 1066000000, 1067000000, 1000000.00, 1, -21.49, -21.49
2026-06-28, 18:07:31, 1067000000, 1068000000, 1000000.00, 1, -21.47, -21.47
2026-06-28, 18:07:31, 1068000000, 1069000000, 1000000.00, 1, -21.65, -21.65
2026-06-28, 18:07:31, 1069000000, 1070000000, 1000000.00, 1, -21.69, -21.69
2026-06-28, 18:07:31, 1070000000, 1071000000, 1000000.00, 1, -21.86, -21.86
2026-06-28, 18:07:31, 1071000000, 1072000000, 1000000.00, 1, -22.12, -22.12
2026-06-28, 18:07:31, 1072000000, 1073000000, 1000000.00, 1, -22.30, -22.30
2026-06-28, 18:07:31, 1073000000, 1074000000, 1000000.00, 1, -22.37, -22.37
2026-06-28, 18:07:31, 1074000000, 1075000000, 1000000.00, 1, -22.41, -22.41
2026-06-28, 18:07:31, 1075000000, 1076000000, 1000000.00, 1, -22.51, -22.51
2026-06-28, 18:07:31, 1076000000, 1077000000, 1000000.00, 1, -22.63, -22.63
2026-06-28, 18:07:31, 1077000000, 1078000000, 1000000.00, 1, -22.53, -22.53
2026-06-28, 18:07:31, 1078000000, 1079000000, 1000000.00, 1, -22.71, -22.71
2026-06-28, 18:07:31, 1079000000, 1080000000, 1000000.00, 1, -22.66, -22.66
2026-06-28, 18:07:31, 1080000000, 1081000000, 1000000.00, 1, -22.71, -22.71
2026-06-28, 18:07:31, 1081000000, 1082000000, 1000000.00, 1, -22.85, -22.85
2026-06-28, 18:07:31, 1082000000, 1083000000, 1000000.00, 1, -22.87, -22.87
2026-06-28, 18:07:31, 1083000000, 1084000000, 1000000.00, 1, -22.80, -22.80
2026-06-28, 18:07:31, 1084000000, 1085000000, 1000000.00, 1, -23.02, -23.02
2026-06-28, 18:07:31, 1085000000, 1086000000, 1000000.00, 1, -23.08, -23.08
2026-06-28, 18:07:31, 1086000000, 1087000000, 1000000.00, 1, -23.20, -23.20
2026-06-28, 18:07:31, 1087000000, 1088000000, 1000000.00, 1, -23.31, -23.31
2026-06-28, 18:07:31, 1088000000, 1089000000, 1000000.00, 1, -23.36, -23.36
2026-06-28, 18:07:31, 1089000000, 1090000000, 1000000.00, 1, -21.76, -21.76
2026-06-28, 18:07:31, 1090000000, 1091000000, 1000000.00, 1, -23.02, -23.02
2026-06-28, 18:07:31, 1091000000, 1092000000, 1000000.00, 1, -23.18, -23.18
2026-06-28, 18:07:31, 1092000000, 1093000000, 1000000.00, 1, -23.31, -23.31
2026-06-28, 18:07:31, 1093000000, 1094000000, 1000000.00, 1, -23.19, -23.19
2026-06-28, 18:07:31, 1094000000, 1095000000, 1000000.00, 1, -23.21, -23.21
2026-06-28, 18:07:31, 1095000000, 1096000000, 1000000.00, 1, -23.42, -23.42
2026-06-28, 18:07:31, 1096000000, 1097000000, 1000000.00, 1, -23.24, -23.24
2026-06-28, 18:07:31, 1097000000, 1098000000, 1000000.00, 1, -23.20, -23.20
2026-06-28, 18:07:31, 1098000000, 1099000000, 1000000.00, 1, -23.21, -23.21
2026-06-28, 18:07:31, 1099000000, 1100000000, 1000000.00, 1, -23.12, -23.12
2026-06-28, 18:07:31, 1100000000, 1101000000, 1000000.00, 1, -23.14, -23.14
2026-06-28, 18:07:31, 1101000000, 1102000000, 1000000.00, 1, -23.18, -23.18
2026-06-28, 18:07:31, 1102000000, 1103000000, 1000000.00, 1, -23.18, -23.18
2026-06-28, 18:07:31, 1103000000, 1104000000, 1000000.00, 1, -23.16, -23.16
2026-06-28, 18:07:31, 1104000000, 1105000000, 1000000.00, 1, -23.19, -23.19
2026-06-28, 18:07:31, 1105000000, 1106000000, 1000000.00, 1, -23.21, -23.21
2026-06-28, 18:07:31, 1106000000, 1107000000, 1000000.00, 1, -23.08, -23.08
2026-06-28, 18:07:31, 1107000000, 1108000000, 1000000.00, 1, -23.15, -23.15
2026-06-28, 18:07:31, 1108000000, 1109000000, 1000000.00, 1, -23.07, -23.07
2026-06-28, 18:07:31, 1109000000, 1110000000, 1000000.00, 1, -23.12, -23.12
2026-06-28, 18:07:31, 1110000000, 1111000000, 1000000.00, 1, -22.95, -22.95
2026-06-28, 18:07:31, 1111000000, 1112000000, 1000000.00, 1, -22.85, -22.85
2026-06-28, 18:07:31, 1112000000, 1113000000, 1000000.00, 1, -22.87, -22.87
2026-06-28, 18:07:31, 1113000000, 1114000000, 1000000.00, 1, -22.83, -22.83
2026-06-28, 18:07:31, 1114000000, 1115000000, 1000000.00, 1, -22.70, -22.70
2026-06-28, 18:07:31, 1115000000, 1116000000, 1000000.00, 1, -22.80, -22.80
2026-06-28, 18:07:31, 1116000000, 1117000000, 1000000.00, 1, -22.74, -22.74
2026-06-28, 18:07:31, 1117000000, 1118000000, 1000000.00, 1, -22.71, -22.71
2026-06-28, 18:07:31, 1118000000, 1119000000, 1000000.00, 1, -22.73, -22.73
2026-06-28, 18:07:31, 1119000000, 1120000000, 1000000.00, 1, -22.74, -22.74
2026-06-28, 18:07:31, 1120000000, 1121000000, 1000000.00, 1, -22.64, -22.64
2026-06-28, 18:07:31, 1121000000, 1122000000, 1000000.00, 1, -22.79, -22.79
2026-06-28, 18:07:31, 1122000000, 1123000000, 1000000.00, 1, -22.78, -22.78
2026-06-28, 18:07:31, 1123000000, 1124000000, 1000000.00, 1, -22.40, -22.40
2026-06-28, 18:07:31, 1124000000, 1125000000, 1000000.00, 1, -22.75, -22.75
2026-06-28, 18:07:31, 1125000000, 1126000000, 1000000.00, 1, -22.85, -22.85
2026-06-28, 18:07:31, 1126000000, 1127000000, 1000000.00, 1, -22.75, -22.75
2026-06-28, 18:07:31, 1127000000, 1128000000, 1000000.00, 1, -22.77, -22.77
2026-06-28, 18:07:31, 1128000000, 1129000000, 1000000.00, 1, -22.66, -22.66
2026-06-28, 18:07:31, 1129000000, 1130000000, 1000000.00, 1, -22.94, -22.94
2026-06-28, 18:07:31, 1130000000, 1131000000, 1000000.00, 1, -23.03, -23.03
2026-06-28, 18:07:31, 1131000000, 1132000000, 1000000.00, 1, -23.20, -23.20
2026-06-28, 18:07:31, 1132000000, 1133000000, 1000000.00, 1, -23.19, -23.19
2026-06-28, 18:07:31, 1133000000, 1134000000, 1000000.00, 1, -23.25, -23.25
2026-06-28, 18:07:31, 1134000000, 1135000000, 1000000.00, 1, -23.22, -23.22
2026-06-28, 18:07:31, 1135000000, 1136000000, 1000000.00, 1, -23.15, -23.15
2026-06-28, 18:07:31, 1136000000, 1137000000, 1000000.00, 1, -23.16, -23.16
2026-06-28, 18:07:31, 1137000000, 1138000000, 1000000.00, 1, -23.12, -23.12
2026-06-28, 18:07:31, 1138000000, 1139000000, 1000000.00, 1, -23.18, -23.18
2026-06-28, 18:07:31, 1139000000, 1140000000, 1000000.00, 1, -23.16, -23.16
2026-06-28, 18:07:31, 1140000000, 1141000000, 1000000.00, 1, -23.14, -23.14
2026-06-28, 18:07:31, 1141000000, 1142000000, 1000000.00, 1, -23.05, -23.05
2026-06-28, 18:07:31, 1142000000, 1143000000, 1000000.00, 1, -23.02, -23.02
2026-06-28, 18:07:31, 1143000000, 1144000000, 1000000.00, 1, -22.95, -22.95
2026-06-28, 18:07:31, 1144000000, 1145000000, 1000000.00, 1, -23.06, -23.06
2026-06-28, 18:07:31, 1145000000, 1146000000, 1000000.00, 1, -23.17, -23.17
2026-06-28, 18:07:31, 1146000000, 1147000000, 1000000.00, 1, -23.14, -23.14
2026-06-28, 18:07:31, 1147000000, 1148000000, 1000000.00, 1, -22.58, -22.58
2026-06-28, 18:07:31, 1148000000, 1149000000, 1000000.00, 1, -22.93, -22.93
2026-06-28, 18:07:31, 1149000000, 1150000000, 1000000.00, 1, -22.94, -22.94
2026-06-28, 18:07:31, 1150000000, 1151000000, 1000000.00, 1, -22.92, -22.92
2026-06-28, 18:07:31, 1151000000, 1152000000, 1000000.00, 1, -22.71, -22.71
2026-06-28, 18:07:31, 1152000000, 1153000000, 1000000.00, 1, -22.61, -22.61
2026-06-28, 18:07:31, 1153000000, 1154000000, 1000000.00, 1, -22.59, -22.59
2026-06-28, 18:07:31, 1154000000, 1155000000, 1000000.00, 1, -22.48, -22.48
2026-06-28, 18:07:31, 1155000000, 1156000000, 1000000.00, 1, -22.52, -22.52
2026-06-28, 18:07:31, 1156000000, 1157000000, 1000000.00, 1, -22.40, -22.40
2026-06-28, 18:07:31, 1157000000, 1158000000, 1000000.00, 1, -22.47, -22.47
2026-06-28, 18:07:31, 1158000000, 1159000000, 1000000.00, 1, -22.56, -22.56
2026-06-28, 18:07:31, 1159000000, 1160000000, 1000000.00, 1, -22.62, -22.62
2026-06-28, 18:07:31, 1160000000, 1161000000, 1000000.00, 1, -22.67, -22.67
2026-06-28, 18:07:31, 1161000000, 1162000000, 1000000.00, 1, -22.74, -22.74
2026-06-28, 18:07:31, 1162000000, 1163000000, 1000000.00, 1, -22.61, -22.61
2026-06-28, 18:07:31, 1163000000, 1164000000, 1000000.00, 1, -22.60, -22.60
2026-06-28, 18:07:31, 1164000000, 1165000000, 1000000.00, 1, -22.65, -22.65
2026-06-28, 18:07:31, 1165000000, 1166000000, 1000000.00, 1, -22.61, -22.61
2026-06-28, 18:07:31, 1166000000, 1167000000, 1000000.00, 1, -22.59, -22.59
2026-06-28, 18:07:31, 1167000000, 1168000000, 1000000.00, 1, -22.65, -22.65
2026-06-28, 18:07:31, 1168000000, 1169000000, 1000000.00, 1, -22.66, -22.66
2026-06-28, 18:07:31, 1169000000, 1170000000, 1000000.00, 1, -22.48, -22.48
2026-06-28, 18:07:31, 1170000000, 1171000000, 1000000.00, 1, -22.32, -22.32
2026-06-28, 18:07:31, 1171000000, 1172000000, 1000000.00, 1, -21.69, -21.69
2026-06-28, 18:07:31, 1172000000, 1173000000, 1000000.00, 1, -21.65, -21.65
2026-06-28, 18:07:31, 1173000000, 1174000000, 1000000.00, 1, -21.97, -21.97
2026-06-28, 18:07:31, 1174000000, 1175000000, 1000000.00, 1, -22.11, -22.11
2026-06-28, 18:07:31, 1175000000, 1176000000, 1000000.00, 1, -22.23, -22.23
2026-06-28, 18:07:31, 1176000000, 1177000000, 1000000.00, 1, -22.30, -22.30
2026-06-28, 18:07:31, 1177000000, 1178000000, 1000000.00, 1, -22.36, -22.36
2026-06-28, 18:07:31, 1178000000, 1179000000, 1000000.00, 1, -22.42, -22.42
2026-06-28, 18:07:31, 1179000000, 1180000000, 1000000.00, 1, -22.49, -22.49
2026-06-28, 18:07:31, 1180000000, 1181000000, 1000000.00, 1, -22.45, -22.45
2026-06-28, 18:07:31, 1181000000, 1182000000, 1000000.00, 1, -22.60, -22.60
2026-06-28, 18:07:31, 1182000000, 1183000000, 1000000.00, 1, -22.64, -22.64
2026-06-28, 18:07:31, 1183000000, 1184000000, 1000000.00, 1, -22.74, -22.74
2026-06-28, 18:07:31, 1184000000, 1185000000, 1000000.00, 1, -22.75, -22.75
2026-06-28, 18:07:31, 1185000000, 1186000000, 1000000.00, 1, -22.42, -22.42
2026-06-28, 18:07:31, 1186000000, 1187000000, 1000000.00, 1, -22.42, -22.42
2026-06-28, 18:07:31, 1187000000, 1188000000, 1000000.00, 1, -22.26, -22.26
2026-06-28, 18:07:31, 1188000000, 1189000000, 1000000.00, 1, -21.97, -21.97
2026-06-28, 18:07:31, 1189000000, 1190000000, 1000000.00, 1, -21.61, -21.61
2026-06-28, 18:07:31, 1190000000, 1191000000, 1000000.00, 1, -21.53, -21.53
2026-06-28, 18:07:31, 1191000000, 1192000000, 1000000.00, 1, -21.18, -21.18
2026-06-28, 18:07:31, 1192000000, 1193000000, 1000000.00, 1, -21.13, -21.13
2026-06-28, 18:07:31, 1193000000, 1194000000, 1000000.00, 1, -20.86, -20.86
2026-06-28, 18:07:31, 1194000000, 1195000000, 1000000.00, 1, -20.51, -20.51
2026-06-28, 18:07:31, 1195000000, 1196000000, 1000000.00, 1, -20.22, -20.22
2026-06-28, 18:07:31, 1196000000, 1197000000, 1000000.00, 1, -20.07, -20.07
2026-06-28, 18:07:31, 1197000000, 1198000000, 1000000.00, 1, -19.98, -19.98
2026-06-28, 18:07:31, 1198000000, 1199000000, 1000000.00, 1, -17.01, -17.01
2026-06-28, 18:07:31, 1199000000, 1200000000, 1000000.00, 1, -19.84, -19.84
2026-06-28, 18:07:31, 1200000000, 1201000000, 1000000.00, 1, -20.08, -20.08
2026-06-28, 18:07:31, 1201000000, 1202000000, 1000000.00, 1, -20.18, -20.18
2026-06-28, 18:07:31, 1202000000, 1203000000, 1000000.00, 1, -20.04, -20.04
2026-06-28, 18:07:31, 1203000000, 1204000000, 1000000.00, 1, -20.28, -20.28
2026-06-28, 18:07:31, 1204000000, 1205000000, 1000000.00, 1, -20.41, -20.41
2026-06-28, 18:07:31, 1205000000, 1206000000, 1000000.00, 1, -20.67, -20.67
2026-06-28, 18:07:31, 1206000000, 1207000000, 1000000.00, 1, -20.71, -20.71
2026-06-28, 18:07:31, 1207000000, 1208000000, 1000000.00, 1, -20.90, -20.90
2026-06-28, 18:07:31, 1208000000, 1209000000, 1000000.00, 1, -21.10, -21.10
2026-06-28, 18:07:31, 1209000000, 1210000000, 1000000.00, 1, -21.26, -21.26
2026-06-28, 18:07:31, 1210000000, 1211000000, 1000000.00, 1, -21.47, -21.47
2026-06-28, 18:07:31, 1211000000, 1212000000, 1000000.00, 1, -21.62, -21.62
2026-06-28, 18:07:31, 1212000000, 1213000000, 1000000.00, 1, -21.86, -21.86
2026-06-28, 18:07:31, 1213000000, 1214000000, 1000000.00, 1, -21.95, -21.95
2026-06-28, 18:07:31, 1214000000, 1215000000, 1000000.00, 1, -22.03, -22.03
2026-06-28, 18:07:41, 960000000, 961000000, 1000000.00, 1, -14.75, -14.75
2026-06-28, 18:07:41, 961000000, 962000000, 1000000.00, 1, -15.37, -15.37
2026-06-28, 18:07:41, 962000000, 963000000, 1000000.00, 1, -16.51, -16.51
2026-06-28, 18:07:41, 963000000, 964000000, 1000000.00, 1, -16.54, -16.54
2026-06-28, 18:07:41, 964000000, 965000000, 1000000.00, 1, -14.35, -14.35
2026-06-28, 18:07:41, 965000000, 966000000, 1000000.00, 1, -18.51, -18.51
2026-06-28, 18:07:41, 966000000, 967000000, 1000000.00, 1, -19.14, -19.14
2026-06-28, 18:07:41, 967000000, 968000000, 1000000.00, 1, -19.65, -19.65
2026-06-28, 18:07:41, 968000000, 969000000, 1000000.00, 1, -19.92, -19.92
2026-06-28, 18:07:41, 969000000, 970000000, 1000000.00, 1, -19.71, -19.71
2026-06-28, 18:07:41, 970000000, 971000000, 1000000.00, 1, -19.62, -19.62
2026-06-28, 18:07:41, 971000000, 972000000, 1000000.00, 1, -19.15, -19.15
2026-06-28, 18:07:41, 972000000, 973000000, 1000000.00, 1, -19.14, -19.14
2026-06-28, 18:07:41, 973000000, 974000000, 1000000.00, 1, -18.84, -18.84
2026-06-28, 18:07:41, 974000000, 975000000, 1000000.00, 1, -19.05, -19.05
2026-06-28, 18:07:41, 975000000, 976000000, 1000000.00, 1, -18.65, -18.65
2026-06-28, 18:07:41, 976000000, 977000000, 1000000.00, 1, -18.83, -18.83
2026-06-28, 18:07:41, 977000000, 978000000, 1000000.00, 1, -18.77, -18.77
2026-06-28, 18:07:41, 978000000, 979000000, 1000000.00, 1, -18.75, -18.75
2026-06-28, 18:07:41, 979000000, 980000000, 1000000.00, 1, -11.83, -11.83
2026-06-28, 18:07:41, 980000000, 981000000, 1000000.00, 1, -18.54, -18.54
2026-06-28, 18:07:41, 981000000, 982000000, 1000000.00, 1, -18.21, -18.21
2026-06-28, 18:07:41, 982000000, 983000000, 1000000.00, 1, -17.93, -17.93
2026-06-28, 18:07:41, 983000000, 984000000, 1000000.00, 1, -17.66, -17.66
2026-06-28, 18:07:41, 984000000, 985000000, 1000000.00, 1, -17.47, -17.47
2026-06-28, 18:07:41, 985000000, 986000000, 1000000.00, 1, -17.42, -17.42
2026-06-28, 18:07:41, 986000000, 987000000, 1000000.00, 1, -17.54, -17.54
2026-06-28, 18:07:41, 987000000, 988000000, 1000000.00, 1, -17.39, -17.39
2026-06-28, 18:07:41, 988000000, 989000000, 1000000.00, 1, -17.36, -17.36
2026-06-28, 18:07:41, 989000000, 990000000, 1000000.00, 1, -17.30, -17.30
2026-06-28, 18:07:41, 990000000, 991000000, 1000000.00, 1, -17.47, -17.47
2026-06-28, 18:07:41, 991000000, 992000000, 1000000.00, 1, -17.34, -17.34
2026-06-28, 18:07:41, 992000000, 993000000, 1000000.00, 1, -17.41, -17.41
2026-06-28, 18:07:41, 993000000, 994000000, 1000000.00, 1, -12.89, -12.89
2026-06-28, 18:07:41, 994000000, 995000000, 1000000.00, 1, -17.46, -17.46
2026-06-28, 18:07:41, 995000000, 996000000, 1000000.00, 1, -17.56, -17.56
2026-06-28, 18:07:41, 996000000, 997000000, 1000000.00, 1, -17.59, -17.59
2026-06-28, 18:07:41, 997000000, 998000000, 1000000.00, 1, -17.23, -17.23
2026-06-28, 18:07:41, 998000000, 999000000, 1000000.00, 1, 2.62, 2.62
2026-06-28, 18:07:41, 999000000, 1000000000, 1000000.00, 1, 4.50, 4.50
2026-06-28, 18:07:41, 1000000000, 1001000000, 1000000.00, 1, -17.32, -17.32
2026-06-28, 18:07:41, 1001000000, 1002000000, 1000000.00, 1, -17.66, -17.66
2026-06-28, 18:07:41, 1002000000, 1003000000, 1000000.00, 1, -17.82, -17.82
2026-06-28, 18:07:41, 1003000000, 1004000000, 1000000.00, 1, -17.83, -17.83
2026-06-28, 18:07:41, 1004000000, 1005000000, 1000000.00, 1, -17.86, -17.86
2026-06-28, 18:07:41, 1005000000, 1006000000, 1000000.00, 1, -17.72, -17.72
2026-06-28, 18:07:41, 1006000000, 1007000000, 1000000.00, 1, -17.56, -17.56
2026-06-28, 18:07:41, 1007000000, 1008000000, 1000000.00, 1, -16.87, -16.87
2026-06-28, 18:07:41, 1008000000, 1009000000, 1000000.00, 1, -16.99, -16.99
2026-06-28, 18:07:41, 1009000000, 1010000000, 1000000.00, 1, -17.74, -17.74
2026-06-28, 18:07:41, 1010000000, 1011000000, 1000000.00, 1, -17.71, -17.71
2026-06-28, 18:07:41, 1011000000, 1012000000, 1000000.00, 1, -17.86, -17.86
2026-06-28, 18:07:41, 1012000000, 1013000000, 1000000.00, 1, -17.98, -17.98
2026-06-28, 18:07:41, 1013000000, 1014000000, 1000000.00, 1, -17.85, -17.85
2026-06-28, 18:07:41, 1014000000, 1015000000, 1000000.00, 1, -17.61, -17.61
2026-06-28, 18:07:41, 1015000000, 1016000000, 1000000.00, 1, -17.59, -17.59
2026-06-28, 18:07:41, 1016000000, 1017000000, 1000000.00, 1, -17.59, -17.59
2026-06-28, 18:07:41, 1017000000, 1018000000, 1000000.00, 1, -17.62, -17.62
2026-06-28, 18:07:41, 1018000000, 1019000000, 1000000.00, 1, -17.42, -17.42
2026-06-28, 18:07:41, 1019000000, 1020000000, 1000000.00, 1, -17.63, -17.63
2026-06-28, 18:07:41, 1020000000, 1021000000, 1000000.00, 1, -17.52, -17.52
2026-06-28, 18:07:41, 1021000000, 1022000000, 1000000.00, 1, -17.38, -17.38
2026-06-28, 18:07:41, 1022000000, 1023000000, 1000000.00, 1, -16.48, -16.48
2026-06-28, 18:07:41, 1023000000, 1024000000, 1000000.00, 1, -17.40, -17.40
2026-06-28, 18:07:41, 1024000000, 1025000000, 1000000.00, 1, -17.55, -17.55
2026-06-28, 18:07:41, 1025000000, 1026000000, 1000000.00, 1, -17.77, -17.77
2026-06-28, 18:07:41, 1026000000, 1027000000, 1000000.00, 1, -17.80, -17.80
2026-06-28, 18:07:41, 1027000000, 1028000000, 1000000.00, 1, -17.92, -17.92
2026-06-28, 18:07:41, 1028000000, 1029000000, 1000000.00, 1, -17.99, -17.99
2026-06-28, 18:07:41, 1029000000, 1030000000, 1000000.00, 1, -18.06, -18.06
2026-06-28, 18:07:41, 1030000000, 1031000000, 1000000.00, 1, -18.08, -18.08
2026-06-28, 18:07:41, 1031000000, 1032000000, 1000000.00, 1, -18.28, -18.28
2026-06-28, 18:07:41, 1032000000, 1033000000, 1000000.00, 1, -18.43, -18.43
2026-06-28, 18:07:41, 1033000000, 1034000000, 1000000.00, 1, -18.75, -18.75
2026-06-28, 18:07:41, 1034000000, 1035000000, 1000000.00, 1, -19.05, -19.05
2026-06-28, 18:07:41, 1035000000, 1036000000, 1000000.00, 1, -19.21, -19.21
2026-06-28, 18:07:41, 1036000000, 1037000000, 1000000.00, 1, -18.97, -18.97
2026-06-28, 18:07:41, 1037000000, 1038000000, 1000000.00, 1, -19.58, -19.58
2026-06-28, 18:07:41, 1038000000, 1039000000, 1000000.00, 1, -19.92, -19.92
2026-06-28, 18:07:41, 1039000000, 1040000000, 1000000.00, 1, -20.17, -20.17
2026-06-28, 18:07:41, 1040000000, 1041000000, 1000000.00, 1, -20.41, -20.41
2026-06-28, 18:07:41, 1041000000, 1042000000, 1000000.00, 1, -20.95, -20.95
2026-06-28, 18:07:41, 1042000000, 1043000000, 1000000.00, 1, -21.10, -21.10
2026-06-28, 18:07:41, 1043000000, 1044000000, 1000000.00, 1, -21.26, -21.26
2026-06-28, 18:07:41, 1044000000, 1045000000, 1000000.00, 1, -21.42, -21.42
2026-06-28, 18:07:41, 1045000000, 1046000000, 1000000.00, 1, -21.64, -21.64
2026-06-28, 18:07:41, 1046000000, 1047000000, 1000000.00, 1, -21.80, -21.80
2026-06-28, 18:07:41, 1047000000, 1048000000, 1000000.00, 1, -21.89, -21.89
2026-06-28, 18:07:41, 1048000000, 1049000000, 1000000.00, 1, -19.67, -19.67
2026-06-28, 18:07:41, 1049000000, 1050000000, 1000000.00, 1, -21.19, -21.19
2026-06-28, 18:07:41, 1050000000, 1051000000, 1000000.00, 1, -21.73, -21.73
2026-06-28, 18:07:41, 1051000000, 1052000000, 1000000.00, 1, -21.09, -21.09
2026-06-28, 18:07:41, 1052000000, 1053000000, 1000000.00, 1, -21.58, -21.58
2026-06-28, 18:07:41, 1053000000, 1054000000, 1000000.00, 1, -21.62, -21.62
2026-06-28, 18:07:41, 1054000000, 1055000000, 1000000.00, 1, -21.68, -21.68
2026-06-28, 18:07:41, 1055000000, 1056000000, 1000000.00, 1, -21.86, -21.86
2026-06-28, 18:07:41, 1056000000, 1057000000, 1000000.00, 1, -21.89, -21.89
2026-06-28, 18:07:41, 1057000000, 1058000000, 1000000.00, 1, -21.91, -21.91
2026-06-28, 18:07:41, 1058000000, 1059000000, 1000000.00, 1, -21.90, -21.90
2026-06-28, 18:07:41, 1059000000, 1060000000, 1000000.00, 1, -21.78, -21.78
2026-06-28, 18:07:41, 1060000000, 1061000000, 1000000.00, 1, -21.65, -21.65
2026-06-28, 18:07:41, 1061000000, 1062000000, 1000000.00, 1, -21.64, -21.64
2026-06-28, 18:07:41, 1062000000, 1063000000, 1000000.00, 1, -21.66, -21.66
2026-06-28, 18:07:41, 1063000000, 1064000000, 1000000.00, 1, -21.65, -21.65
2026-06-28, 18:07:41, 1064000000, 1065000000, 1000000.00, 1, -21.61, -21.61
2026-06-28, 18:07:41, 1065000000, 1066000000, 1000000.00, 1, -21.00, -21.00
2026-06-28, 18:07:41, 1066000000, 1067000000, 1000000.00, 1, -21.54, -21.54
2026-06-28, 18:07:41, 1067000000, 1068000000, 1000000.00, 1, -21.59, -21.59
2026-06-28, 18:07:41, 1068000000, 1069000000, 1000000.00, 1, -21.79, -21.79
2026-06-28, 18:07:41, 1069000000, 1070000000, 1000000.00, 1, -21.89, -21.89
2026-06-28, 18:07:41, 1070000000, 1071000000, 1000000.00, 1, -21.97, -21.97
2026-06-28, 18:07:41, 1071000000, 1072000000, 1000000.00, 1, -22.23, -22.23
2026-06-28, 18:07:41, 1072000000, 1073000000, 1000000.00, 1, -22.33, -22.33
2026-06-28, 18:07:41, 1073000000, 1074000000, 1000000.00, 1, -22.46, -22.46
2026-06-28, 18:07:41, 1074000000, 1075000000, 1000000.00, 1, -22.46, -22.46
2026-06-28, 18:07:41, 1075000000, 1076000000, 1000000.00, 1, -22.61, -22.61
2026-06-28, 18:07:41, 1076000000, 1077000000, 1000000.00, 1, -22.61, -22.61
2026-06-28, 18:07:41, 1077000000, 1078000000, 1000000.00, 1, -22.78, -22.78
2026-06-28, 18:07:41, 1078000000, 1079000000, 1000000.00, 1, -22.92, -22.92
2026-06-28, 18:07:41, 1079000000, 1080000000, 1000000.00, 1, -22.80, -22.80
2026-06-28, 18:07:41, 1080000000, 1081000000, 1000000.00, 1, -22.86, -22.86
2026-06-28, 18:07:41, 1081000000, 1082000000, 1000000.00, 1, -22.92, -22.92
2026-06-28, 18:07:41, 1082000000, 1083000000, 1000000.00, 1, -22.95, -22.95
2026-06-28, 18:07:41, 1083000000, 1084000000, 1000000.00, 1, -23.02, -23.02
2026-06-28, 18:07:41, 1084000000, 1085000000, 1000000.00, 1, -23.11, -23.11
2026-06-28, 18:07:41, 1085000000, 1086000000, 1000000.00, 1, -23.17, -23.17
2026-06-28, 18:07:41, 1086000000, 1087000000, 1000000.00, 1, -23.25, -23.25
2026-06-28, 18:07:41, 1087000000, 1088000000, 1000000.00, 1, -23.30, -23.30
2026-06-28, 18:07:41, 1088000000, 1089000000, 1000000.00, 1, -23.27, -23.27
2026-06-28, 18:07:41, 1089000000, 1090000000, 1000000.00, 1, -23.01, -23.01
2026-06-28, 18:07:41, 1090000000, 1091000000, 1000000.00, 1, -22.63, -22.63
2026-06-28, 18:07:41, 1091000000, 1092000000, 1000000.00, 1, -21.76, -21.76
2026-06-28, 18:07:41, 1092000000, 1093000000, 1000000.00, 1, -23.40, -23.40
2026-06-28, 18:07:41, 1093000000, 1094000000, 1000000.00, 1, -23.37, -23.37
2026-06-28, 18:07:41, 1094000000, 1095000000, 1000000.00, 1, -23.26, -23.26
2026-06-28, 18:07:41, 1095000000, 1096000000, 1000000.00, 1, -23.34, -23.34
2026-06-28, 18:07:41, 1096000000, 1097000000, 1000000.00, 1, -23.26, -23.26
2026-06-28, 18:07:41, 1097000000, 1098000000, 1000000.00, 1, -23.23, -23.23
2026-06-28, 18:07:41, 1098000000, 1099000000, 1000000.00, 1, -23.23, -23.23
2026-06-28, 18:07:41, 1099000000, 1100000000, 1000000.00, 1, -23.07, -23.07
2026-06-28, 18:07:41, 1100000000, 1101000000, 1000000.00, 1, -23.19, -23.19
2026-06-28, 18:07:41, 1101000000, 1102000000, 1000000.00, 1, -23.21, -23.21
2026-06-28, 18:07:41, 1102000000, 1103000000, 1000000.00, 1, -23.27, -23.27
2026-06-28, 18:07:41, 1103000000, 1104000000, 1000000.00, 1, -23.15, -23.15
2026-06-28, 18:07:41, 1104000000, 1105000000, 1000000.00, 1, -23.21, -23.21
2026-06-28, 18:07:41, 1105000000, 1106000000, 1000000.00, 1, -23.26, -23.26
2026-06-28, 18:07:41, 1106000000, 1107000000, 1000000.00, 1, -23.16, -23.16
2026-06-28, 18:07:41, 1107000000, 1108000000, 1000000.00, 1, -23.30, -23.30
2026-06-28, 18:07:41, 1108000000, 1109000000, 1000000.00, 1, -23.18, -23.18
2026-06-28, 18:07:41, 1109000000, 1110000000, 1000000.00, 1, -23.16, -23.16
2026-06-28, 18:07:41, 1110000000, 1111000000, 1000000.00, 1, -23.09, -23.09
2026-06-28, 18:07:41, 1111000000, 1112000000, 1000000.00, 1, -23.01, -23.01
2026-06-28, 18:07:41, 1112000000, 1113000000, 1000000.00, 1, -22.93, -22.93
2026-06-28, 18:07:41, 1113000000, 1114000000, 1000000.00, 1, -22.92, -22.92
2026-06-28, 18:07:41, 1114000000, 1115000000, 1000000.00, 1, -22.89, -22.89
2026-06-28, 18:07:41, 1115000000, 1116000000, 1000000.00, 1, -22.81, -22.81
2026-06-28, 18:07:41, 1116000000, 1117000000, 1000000.00, 1, -22.87, -22.87
2026-06-28, 18:07:41, 1117000000, 1118000000, 1000000.00, 1, -22.76, -22.76
2026-06-28, 18:07:41, 1118000000, 1119000000, 1000000.00, 1, -22.66, -22.66
2026-06-28, 18:07:41, 1119000000, 1120000000, 1000000.00, 1, -22.61, -22.61
2026-06-28, 18:07:41, 1120000000, 1121000000, 1000000.00, 1, -22.71, -22.71
2026-06-28, 18:07:41, 1121000000, 1122000000, 1000000.00, 1, -22.73, -22.73
2026-06-28, 18:07:41, 1122000000, 1123000000, 1000000.00, 1, -22.83, -22.83
2026-06-28, 18:07:41, 1123000000, 1124000000, 1000000.00, 1, -22.38, -22.38
2026-06-28, 18:07:41, 1124000000, 1125000000, 1000000.00, 1, -22.74, -22.74
2026-06-28, 18:07:41, 1125000000, 1126000000, 1000000.00, 1, -22.84, -22.84
2026-06-28, 18:07:41, 1126000000, 1127000000, 1000000.00, 1, -22.64, -22.64
2026-06-28, 18:07:41, 1127000000, 1128000000, 1000000.00, 1, -22.68, -22.68
2026-06-28, 18:07:41, 1128000000, 1129000000, 1000000.00, 1, -22.62, -22.62
2026-06-28, 18:07:41, 1129000000, 1130000000, 1000000.00, 1, -22.89, -22.89
2026-06-28, 18:07:41, 1130000000, 1131000000, 1000000.00, 1, -22.70, -22.70
2026-06-28, 18:07:41, 1131000000, 1132000000, 1000000.00, 1, -23.00, -23.00
2026-06-28, 18:07:41, 1132000000, 1133000000, 1000000.00, 1, -23.11, -23.11
2026-06-28, 18:07:41, 1133000000, 1134000000, 1000000.00, 1, -23.10, -23.10
2026-06-28, 18:07:41, 1134000000, 1135000000, 1000000.00, 1, -23.08, -23.08
2026-06-28, 18:07:41, 1135000000, 1136000000, 1000000.00, 1, -23.06, -23.06
2026-06-28, 18:07:41, 1136000000, 1137000000, 1000000.00, 1, -23.03, -23.03
2026-06-28, 18:07:41, 1137000000, 1138000000, 1000000.00, 1, -23.05, -23.05
2026-06-28, 18:07:41, 1138000000, 1139000000, 1000000.00, 1, -23.11, -23.11
2026-06-28, 18:07:41, 1139000000, 1140000000, 1000000.00, 1, -23.02, -23.02
2026-06-28, 18:07:41, 1140000000, 1141000000, 1000000.00, 1, -23.11, -23.11
2026-06-28, 18:07:41, 1141000000, 1142000000, 1000000.00, 1, -23.10, -23.10
2026-06-28, 18:07:41, 1142000000, 1143000000, 1000000.00, 1, -23.07, -23.07
2026-06-28, 18:07:41, 1143000000, 1144000000, 1000000.00, 1, -23.03, -23.03
2026-06-28, 18:07:41, 1144000000, 1145000000, 1000000.00, 1, -23.04, -23.04
2026-06-28, 18:07:41, 1145000000, 1146000000, 1000000.00, 1, -23.13, -23.13
2026-06-28, 18:07:41, 1146000000, 1147000000, 1000000.00, 1, -23.15, -23.15
2026-06-28, 18:07:41, 1147000000, 1148000000, 1000000.00, 1, -23.09, -23.09
2026-06-28, 18:07:41, 1148000000, 1149000000, 1000000.00, 1, -23.00, -23.00
2026-06-28, 18:07:41, 1149000000, 1150000000, 1000000.00, 1, -22.94, -22.94
2026-06-28, 18:07:41, 1150000000, 1151000000, 1000000.00, 1, -22.90, -22.90
2026-06-28, 18:07:41, 1151000000, 1152000000, 1000000.00, 1, -22.74, -22.74
2026-06-28, 18:07:41, 1152000000, 1153000000, 1000000.00, 1, -22.58, -22.58
2026-06-28, 18:07:41, 1153000000, 1154000000, 1000000.00, 1, -22.58, -22.58
2026-06-28, 18:07:41, 1154000000, 1155000000, 1000000.00, 1, -22.49, -22.49
2026-06-28, 18:07:41, 1155000000, 1156000000, 1000000.00, 1, -22.45, -22.45
2026-06-28, 18:07:41, 1156000000, 1157000000, 1000000.00, 1, -22.42, -22.42
2026-06-28, 18:07:41, 1157000000, 1158000000, 1000000.00, 1, -22.49, -22.49
2026-06-28, 18:07:41, 1158000000, 1159000000, 1000000.00, 1, -22.60, -22.60
2026-06-28, 18:07:41, 1159000000, 1160000000, 1000000.00, 1, -22.50, -22.50
2026-06-28, 18:07:41, 1160000000, 1161000000, 1000000.00, 1, -22.68, -22.68
2026-06-28, 18:07:41, 1161000000, 1162000000, 1000000.00, 1, -22.65, -22.65
2026-06-28, 18:07:41, 1162000000, 1163000000, 1000000.00, 1, -22.61, -22.61
2026-06-28, 18:07:41, 1163000000, 1164000000, 1000000.00, 1, -22.58, -22.58
2026-06-28, 18:07:41, 1164000000, 1165000000, 1000000.00, 1, -22.56, -22.56
2026-06-28, 18:07:41, 1165000000, 1166000000, 1000000.00, 1, -22.71, -22.71
2026-06-28, 18:07:41, 1166000000, 1167000000, 1000000.00, 1, -22.65, -22.65
2026-06-28, 18:07:41, 1167000000, 1168000000, 1000000.00, 1, -22.70, -22.70
2026-06-28, 18:07:41, 1168000000, 1169000000, 1000000.00, 1, -22.74, -22.74
2026-06-28, 18:07:41, 1169000000, 1170000000, 1000000.00, 1, -22.61, -22.61
2026-06-28, 18:07:41, 1170000000, 1171000000, 1000000.00, 1, -22.39, -22.39
2026-06-28, 18:07:41, 1171000000, 1172000000, 1000000.00, 1, -21.91, -21.91
2026-06-28, 18:07:41, 1172000000, 1173000000, 1000000.00, 1, -21.77, -21.77
2026-06-28, 18:07:41, 1173000000, 1174000000, 1000000.00, 1, -22.13, -22.13
2026-06-28, 18:07:41, 1174000000, 1175000000, 1000000.00, 1, -22.35, -22.35
2026-06-28, 18:07:41, 1175000000, 1176000000, 1000000.00, 1, -22.36, -22.36
2026-06-28, 18:07:41, 1176000000, 1177000000, 1000000.00, 1, -22.57, -22.57
2026-06-28, 18:07:41, 1177000000, 1178000000, 1000000.00, 1, -22.50, -22.50
2026-06-28, 18:07:41, 1178000000, 1179000000, 1000000.00, 1, -22.52, -22.52
2026-06-28, 18:07:41, 1179000000, 1180000000, 1000000.00, 1, -22.61, -22.61
2026-06-28, 18:07:41, 1180000000, 1181000000, 1000000.00, 1, -22.60, -22.60
2026-06-28, 18:07:41, 1181000000, 1182000000, 1000000.00, 1, -22.77, -22.77
2026-06-28, 18:07:41, 1182000000, 1183000000, 1000000.00, 1, -22.69, -22.69
2026-06-28, 18:07:41, 1183000000, 1184000000, 1000000.00, 1, -22.72, -22.72
2026-06-28, 18:07:41, 1184000000, 1185000000, 1000000.00, 1, -22.79, -22.79
2026-06-28, 18:07:41, 1185000000, 1186000000, 1000000.00, 1, -22.63, -22.63
2026-06-28, 18:07:41, 1186000000, 1187000000, 1000000.00, 1, -22.47, -22.47
2026-06-28, 18:07:41, 1187000000, 1188000000, 1000000.00, 1, -22.21, -22.21
2026-06-28, 18:07:41, 1188000000, 1189000000, 1000000.00, 1, -22.00, -22.00
2026-06-28, 18:07:41, 1189000000, 1190000000, 1000000.00, 1, -21.75, -21.75
2026-06-28, 18:07:41, 1190000000, 1191000000, 1000000.00, 1, -21.57, -21.57
2026-06-28, 18:07:41, 1191000000, 1192000000, 1000000.00, 1, -21.35, -21.35
2026-06-28, 18:07:41, 1192000000, 1193000000, 1000000.00, 1, -21.12, -21.12
2026-06-28, 18:07:41, 1193000000, 1194000000, 1000000.00, 1, -20.84, -20.84
2026-06-28, 18:07:41, 1194000000, 1195000000, 1000000.00, 1, -20.63, -20.63
2026-06-28, 18:07:41, 1195000000, 1196000000, 1000000.00, 1, -20.35, -20.35
2026-06-28, 18:07:41, 1196000000, 1197000000, 1000000.00, 1, -20.13, -20.13
2026-06-28, 18:07:41, 1197000000, 1198000000, 1000000.00, 1, -20.02, -20.02
2026-06-28, 18:07:41, 1198000000, 1199000000, 1000000.00, 1, -17.03, -17.03
2026-06-28, 18:07:41, 1199000000, 1200000000, 1000000.00, 1, -19.86, -19.86
2026-06-28, 18:07:41, 1200000000, 1201000000, 1000000.00, 1, -20.11, -20.11
2026-06-28, 18:07:41, 1201000000, 1202000000, 1000000.00, 1, -20.28, -20.28
2026-06-28, 18:07:41, 1202000000, 1203000000, 1000000.00, 1, -20.20, -20.20
2026-06-28, 18:07:41, 1203000000, 1204000000, 1000000.00, 1, -20.35, -20.35
2026-06-28, 18:07:41, 1204000000, 1205000000, 1000000.00, 1, -20.58, -20.58
2026-06-28, 18:07:41, 1205000000, 1206000000, 1000000.00, 1, -20.64, -20.64
2026-06-28, 18:07:41, 1206000000, 1207000000, 1000000.00, 1, -20.75, -20.75
2026-06-28, 18:07:41, 1207000000, 1208000000, 1000000.00, 1, -20.89, -20.89
2026-06-28, 18:07:41, 1208000000, 1209000000, 1000000.00, 1, -21.06, -21.06
2026-06-28, 18:07:41, 1209000000, 1210000000, 1000000.00, 1, -21.28, -21.28
2026-06-28, 18:07:41, 1210000000, 1211000000, 1000000.00, 1, -21.48, -21.48
2026-06-28, 18:07:41, 1211000000, 1212000000, 1000000.00, 1, -21.72, -21.72
2026-06-28, 18:07:41, 1212000000, 1213000000, 1000000.00, 1, -21.85, -21.85
2026-06-28, 18:07:41, 1213000000, 1214000000, 1000000.00, 1, -22.07, -22.07
2026-06-28, 18:07:41, 1214000000, 1215000000, 1000000.00, 1, -22.16, -22.16
2026-06-28, 18:07:52, 960000000, 961000000, 1000000.00, 1, -14.80, -14.80
2026-06-28, 18:07:52, 961000000, 962000000, 1000000.00, 1, -15.21, -15.21
2026-06-28, 18:07:52, 962000000, 963000000, 1000000.00, 1, -16.53, -16.53
2026-06-28, 18:07:52, 963000000, 964000000, 1000000.00, 1, -16.52, -16.52
2026-06-28, 18:07:52, 964000000, 965000000, 1000000.00, 1, -14.34, -14.34
2026-06-28, 18:07:52, 965000000, 966000000, 1000000.00, 1, -18.62, -18.62
2026-06-28, 18:07:52, 966000000, 967000000, 1000000.00, 1, -19.15, -19.15
2026-06-28, 18:07:52, 967000000, 968000000, 1000000.00, 1, -19.59, -19.59
2026-06-28, 18:07:52, 968000000, 969000000, 1000000.00, 1, -19.88, -19.88
2026-06-28, 18:07:52, 969000000, 970000000, 1000000.00, 1, -19.87, -19.87
2026-06-28, 18:07:52, 970000000, 971000000, 1000000.00, 1, -19.69, -19.69
2026-06-28, 18:07:52, 971000000, 972000000, 1000000.00, 1, -19.21, -19.21
2026-06-28, 18:07:52, 972000000, 973000000, 1000000.00, 1, -19.09, -19.09
2026-06-28, 18:07:52, 973000000, 974000000, 1000000.00, 1, -18.86, -18.86
2026-06-28, 18:07:52, 974000000, 975000000, 1000000.00, 1, -19.08, -19.08
2026-06-28, 18:07:52, 975000000, 976000000, 1000000.00, 1, -18.82, -18.82
2026-06-28, 18:07:52, 976000000, 977000000, 1000000.00, 1, -18.84, -18.84
2026-06-28, 18:07:52, 977000000, 978000000, 1000000.00, 1, -18.80, -18.80
2026-06-28, 18:07:52, 978000000, 979000000, 1000000.00, 1, -18.67, -18.67
2026-06-28, 18:07:52, 979000000, 980000000, 1000000.00, 1, -11.87, -11.87
2026-06-28, 18:07:52, 980000000, 981000000, 1000000.00, 1, -18.56, -18.56
2026-06-28, 18:07:52, 981000000, 982000000, 1000000.00, 1, -18.06, -18.06
2026-06-28, 18:07:52, 982000000, 983000000, 1000000.00, 1, -17.85, -17.85
2026-06-28, 18:07:52, 983000000, 984000000, 1000000.00, 1, -17.60, -17.60
2026-06-28, 18:07:52, 984000000, 985000000, 1000000.00, 1, -17.51, -17.51
2026-06-28, 18:07:52, 985000000, 986000000, 1000000.00, 1, -17.47, -17.47
2026-06-28, 18:07:52, 986000000, 987000000, 1000000.00, 1, -17.50, -17.50
2026-06-28, 18:07:52, 987000000, 988000000, 1000000.00, 1, -17.59, -17.59
2026-06-28, 18:07:52, 988000000, 989000000, 1000000.00, 1, -17.59, -17.59
2026-06-28, 18:07:52, 989000000, 990000000, 1000000.00, 1, -17.46, -17.46
2026-06-28, 18:07:52, 990000000, 991000000, 1000000.00, 1, -17.60, -17.60
2026-06-28, 18:07:52, 991000000, 992000000, 1000000.00, 1, -17.38, -17.38
2026-06-28, 18:07:52, 992000000, 993000000, 1000000.00, 1, -17.53, -17.53
2026-06-28, 18:07:52, 993000000, 994000000, 1000000.00, 1, -12.87, -12.87
2026-06-28, 18:07:52, 994000000, 995000000, 1000000.00, 1, -17.52, -17.52
2026-06-28, 18:07:52, 995000000, 996000000, 1000000.00, 1, -17.54, -17.54
2026-06-28, 18:07:52, 996000000, 997000000, 1000000.00, 1, -17.51, -17.51
2026-06-28, 18:07:52, 997000000, 998000000, 1000000.00, 1, -17.37, -17.37
2026-06-28, 18:07:52, 998000000, 999000000, 1000000.00, 1, 2.62, 2.62
2026-06-28, 18:07:52, 999000000, 1000000000, 1000000.00, 1, 4.38, 4.38
2026-06-28, 18:07:52, 1000000000, 1001000000, 1000000.00, 1, -17.36, -17.36
2026-06-28, 18:07:52, 1001000000, 1002000000, 1000000.00, 1, -17.61, -17.61
2026-06-28, 18:07:52, 1002000000, 1003000000, 1000000.00, 1, -17.76, -17.76
2026-06-28, 18:07:52, 1003000000, 1004000000, 1000000.00, 1, -17.85, -17.85
2026-06-28, 18:07:52, 1004000000, 1005000000, 1000000.00, 1, -17.73, -17.73
2026-06-28, 18:07:52, 1005000000, 1006000000, 1000000.00, 1, -17.83, -17.83
2026-06-28, 18:07:52, 1006000000, 1007000000, 1000000.00, 1, -17.56, -17.56
2026-06-28, 18:07:52, 1007000000, 1008000000, 1000000.00, 1, -16.88, -16.88
2026-06-28, 18:07:52, 1008000000, 1009000000, 1000000.00, 1, -17.02, -17.02
2026-06-28, 18:07:52, 1009000000, 1010000000, 1000000.00, 1, -17.69, -17.69
2026-06-28, 18:07:52, 1010000000, 1011000000, 1000000.00, 1, -17.79, -17.79
2026-06-28, 18:07:52, 1011000000, 1012000000, 1000000.00, 1, -17.90, -17.90
2026-06-28, 18:07:52, 1012000000, 1013000000, 1000000.00, 1, -17.90, -17.90
2026-06-28, 18:07:52, 1013000000, 1014000000, 1000000.00, 1, -17.79, -17.79
2026-06-28, 18:07:52, 1014000000, 1015000000, 1000000.00, 1, -17.74, -17.74
2026-06-28, 18:07:52, 1015000000, 1016000000, 1000000.00, 1, -17.58, -17.58
2026-06-28, 18:07:52, 1016000000, 1017000000, 1000000.00, 1, -17.48, -17.48
2026-06-28, 18:07:52, 1017000000, 1018000000, 1000000.00, 1, -17.63, -17.63
2026-06-28, 18:07:52, 1018000000, 1019000000, 1000000.00, 1, -17.66, -17.66
2026-06-28, 18:07:52, 1019000000, 1020000000, 1000000.00, 1, -17.58, -17.58
2026-06-28, 18:07:52, 1020000000, 1021000000, 1000000.00, 1, -17.55, -17.55
2026-06-28, 18:07:52, 1021000000, 1022000000, 1000000.00, 1, -17.30, -17.30
2026-06-28, 18:07:52, 1022000000, 1023000000, 1000000.00, 1, -16.48, -16.48
2026-06-28, 18:07:52, 1023000000, 1024000000, 1000000.00, 1, -17.48, -17.48
2026-06-28, 18:07:52, 1024000000, 1025000000, 1000000.00, 1, -17.55, -17.55
2026-06-28, 18:07:52, 1025000000, 1026000000, 1000000.00, 1, -17.66, -17.66
2026-06-28, 18:07:52, 1026000000, 1027000000, 1000000.00, 1, -17.88, -17.88
2026-06-28, 18:07:52, 1027000000, 1028000000, 1000000.00, 1, -17.90, -17.90
2026-06-28, 18:07:52, 1028000000, 1029000000, 1000000.00, 1, -18.09, -18.09
2026-06-28, 18:07:52, 1029000000, 1030000000, 1000000.00, 1, -18.06, -18.06
2026-06-28, 18:07:52, 1030000000, 1031000000, 1000000.00, 1, -18.19, -18.19
2026-06-28, 18:07:52, 1031000000, 1032000000, 1000000.00, 1, -18.33, -18.33
2026-06-28, 18:07:52, 1032000000, 1033000000, 1000000.00, 1, -18.43, -18.43
2026-06-28, 18:07:52, 1033000000, 1034000000, 1000000.00, 1, -18.65, -18.65
2026-06-28, 18:07:52, 1034000000, 1035000000, 1000000.00, 1, -18.87, -18.87
2026-06-28, 18:07:52, 1035000000, 1036000000, 1000000.00, 1, -19.09, -19.09
2026-06-28, 18:07:52, 1036000000, 1037000000, 1000000.00, 1, -18.86, -18.86
2026-06-28, 18:07:52, 1037000000, 1038000000, 1000000.00, 1, -19.62, -19.62
2026-06-28, 18:07:52, 1038000000, 1039000000, 1000000.00, 1, -20.00, -20.00
2026-06-28, 18:07:52, 1039000000, 1040000000, 1000000.00, 1, -20.25, -20.25
2026-06-28, 18:07:52, 1040000000, 1041000000, 1000000.00, 1, -20.49, -20.49
2026-06-28, 18:07:52, 1041000000, 1042000000, 1000000.00, 1, -20.86, -20.86
2026-06-28, 18:07:52, 1042000000, 1043000000, 1000000.00, 1, -21.08, -21.08
2026-06-28, 18:07:52, 1043000000, 1044000000, 1000000.00, 1, -21.29, -21.29
2026-06-28, 18:07:52, 1044000000, 1045000000, 1000000.00, 1, -21.45, -21.45
2026-06-28, 18:07:52, 1045000000, 1046000000, 1000000.00, 1, -21.55, -21.55
2026-06-28, 18:07:52, 1046000000, 1047000000, 1000000.00, 1, -21.79, -21.79
2026-06-28, 18:07:52, 1047000000, 1048000000, 1000000.00, 1, -21.85, -21.85
2026-06-28, 18:07:52, 1048000000, 1049000000, 1000000.00, 1, -19.72, -19.72
2026-06-28, 18:07:52, 1049000000, 1050000000, 1000000.00, 1, -21.21, -21.21
2026-06-28, 18:07:52, 1050000000, 1051000000, 1000000.00, 1, -21.78, -21.78
2026-06-28, 18:07:52, 1051000000, 1052000000, 1000000.00, 1, -21.12, -21.12
2026-06-28, 18:07:52, 1052000000, 1053000000, 1000000.00, 1, -21.63, -21.63
2026-06-28, 18:07:52, 1053000000, 1054000000, 1000000.00, 1, -21.63, -21.63
2026-06-28, 18:07:52, 1054000000, 1055000000, 1000000.00, 1, -21.75, -21.75
2026-06-28, 18:07:52, 1055000000, 1056000000, 1000000.00, 1, -21.77, -21.77
2026-06-28, 18:07:52, 1056000000, 1057000000, 1000000.00, 1, -21.89, -21.89
2026-06-28, 18:07:52, 1057000000, 1058000000, 1000000.00, 1, -21.92, -21.92
2026-06-28, 18:07:52, 1058000000, 1059000000, 1000000.00, 1, -21.83, -21.83
2026-06-28, 18:07:52, 1059000000, 1060000000, 1000000.00, 1, -21.81, -21.81
2026-06-28, 18:07:52, 1060000000, 1061000000, 1000000.00, 1, -21.70, -21.70
2026-06-28, 18:07:52, 1061000000, 1062000000, 1000000.00, 1, -21.57, -21.57
2026-06-28, 18:07:52, 1062000000, 1063000000, 1000000.00, 1, -21.70, -21.70
2026-06-28, 18:07:52, 1063000000, 1064000000, 1000000.00, 1, -21.66, -21.66
2026-06-28, 18:07:52, 1064000000, 1065000000, 1000000.00, 1, -21.65, -21.65
2026-06-28, 18:07:52, 1065000000, 1066000000, 1000000.00, 1, -20.93, -20.93
2026-06-28, 18:07:52, 1066000000, 1067000000, 1000000.00, 1, -21.53, -21.53
2026-06-28, 18:07:52, 1067000000, 1068000000, 1000000.00, 1, -21.60, -21.60
2026-06-28, 18:07:52, 1068000000, 1069000000, 1000000.00, 1, -21.67, -21.67
2026-06-28, 18:07:52, 1069000000, 1070000000, 1000000.00, 1, -21.97, -21.97
2026-06-28, 18:07:52, 1070000000, 1071000000, 1000000.00, 1, -22.03, -22.03
2026-06-28, 18:07:52, 1071000000, 1072000000, 1000000.00, 1, -22.21, -22.21
2026-06-28, 18:07:52, 1072000000, 1073000000, 1000000.00, 1, -22.36, -22.36
2026-06-28, 18:07:52, 1073000000, 1074000000, 1000000.00, 1, -22.53, -22.53
2026-06-28, 18:07:52, 1074000000, 1075000000, 1000000.00, 1, -22.54, -22.54
2026-06-28, 18:07:52, 1075000000, 1076000000, 1000000.00, 1, -22.53, -22.53
2026-06-28, 18:07:52, 1076000000, 1077000000, 1000000.00, 1, -22.73, -22.73
2026-06-28, 18:07:52, 1077000000, 1078000000, 1000000.00, 1, -22.81, -22.81
2026-06-28, 18:07:52, 1078000000, 1079000000, 1000000.00, 1, -22.94, -22.94
2026-06-28, 18:07:52, 1079000000, 1080000000, 1000000.00, 1, -22.77, -22.77
2026-06-28, 18:07:52, 1080000000, 1081000000, 1000000.00, 1, -22.93, -22.93
2026-06-28, 18:07:52, 1081000000, 1082000000, 1000000.00, 1, -22.91, -22.91
2026-06-28, 18:07:52, 1082000000, 1083000000, 1000000.00, 1, -22.96, -22.96
2026-06-28, 18:07:52, 1083000000, 1084000000, 1000000.00, 1, -22.99, -22.99
2026-06-28, 18:07:52, 1084000000, 1085000000, 1000000.00, 1, -23.12, -23.12
2026-06-28, 18:07:52, 1085000000, 1086000000, 1000000.00, 1, -23.18, -23.18
2026-06-28, 18:07:52, 1086000000, 1087000000, 1000000.00, 1, -23.33, -23.33
2026-06-28, 18:07:52, 1087000000, 1088000000, 1000000.00, 1, -23.32, -23.32
2026-06-28, 18:07:52, 1088000000, 1089000000, 1000000.00, 1, -23.31, -23.31
2026-06-28, 18:07:52, 1089000000, 1090000000, 1000000.00, 1, -21.40, -21.40
2026-06-28, 18:07:52, 1090000000, 1091000000, 1000000.00, 1, -22.98, -22.98
2026-06-28, 18:07:52, 1091000000, 1092000000, 1000000.00, 1, -23.11, -23.11
2026-06-28, 18:07:52, 1092000000, 1093000000, 1000000.00, 1, -23.29, -23.29
2026-06-28, 18:07:52, 1093000000, 1094000000, 1000000.00, 1, -23.37, -23.37
2026-06-28, 18:07:52, 1094000000, 1095000000, 1000000.00, 1, -23.30, -23.30
2026-06-28, 18:07:52, 1095000000, 1096000000, 1000000.00, 1, -23.40, -23.40
2026-06-28, 18:07:52, 1096000000, 1097000000, 1000000.00, 1, -23.27, -23.27
2026-06-28, 18:07:52, 1097000000, 1098000000, 1000000.00, 1, -23.30, -23.30
2026-06-28, 18:07:52, 1098000000, 1099000000, 1000000.00, 1, -23.21, -23.21
2026-06-28, 18:07:52, 1099000000, 1100000000, 1000000.00, 1, -23.15, -23.15
2026-06-28, 18:07:52, 1100000000, 1101000000, 1000000.00, 1, -23.19, -23.19
2026-06-28, 18:07:52, 1101000000, 1102000000, 1000000.00, 1, -23.16, -23.16
2026-06-28, 18:07:52, 1102000000, 1103000000, 1000000.00, 1, -23.24, -23.24
2026-06-28, 18:07:52, 1103000000, 1104000000, 1000000.00, 1, -23.25, -23.25
2026-06-28, 18:07:52, 1104000000, 1105000000, 1000000.00, 1, -23.28, -23.28
2026-06-28, 18:07:52, 1105000000, 1106000000, 1000000.00, 1, -23.21, -23.21
2026-06-28, 18:07:52, 1106000000, 1107000000, 1000000.00, 1, -23.20, -23.20
2026-06-28, 18:07:52, 1107000000, 1108000000, 1000000.00, 1, -23.28, -23.28
2026-06-28, 18:07:52, 1108000000, 1109000000, 1000000.00, 1, -23.19, -23.19
2026-06-28, 18:07:52, 1109000000, 1110000000, 1000000.00, 1, -23.18, -23.18
2026-06-28, 18:07:52, 1110000000, 1111000000, 1000000.00, 1, -23.10, -23.10
2026-06-28, 18:07:52, 1111000000, 1112000000, 1000000.00, 1, -23.03, -23.03
2026-06-28, 18:07:52, 1112000000, 1113000000, 1000000.00, 1, -22.93, -22.93
2026-06-28, 18:07:52, 1113000000, 1114000000, 1000000.00, 1, -22.89, -22.89
2026-06-28, 18:07:52, 1114000000, 1115000000, 1000000.00, 1, -22.82, -22.82
2026-06-28, 18:07:52, 1115000000, 1116000000, 1000000.00, 1, -22.72, -22.72
2026-06-28, 18:07:52, 1116000000, 1117000000, 1000000.00, 1, -22.79, -22.79
2026-06-28, 18:07:52, 1117000000, 1118000000, 1000000.00, 1, -22.73, -22.73
2026-06-28, 18:07:52, 1118000000, 1119000000, 1000000.00, 1, -22.71, -22.71
2026-06-28, 18:07:52, 1119000000, 1120000000, 1000000.00, 1, -22.60, -22.60
2026-06-28, 18:07:52, 1120000000, 1121000000, 1000000.00, 1, -22.77, -22.77
2026-06-28, 18:07:52, 1121000000, 1122000000, 1000000.00, 1, -22.78, -22.78
2026-06-28, 18:07:52, 1122000000, 1123000000, 1000000.00, 1, -22.73, -22.73
2026-06-28, 18:07:52, 1123000000, 1124000000, 1000000.00, 1, -22.49, -22.49
2026-06-28, 18:07:52, 1124000000, 1125000000, 1000000.00, 1, -22.75, -22.75
2026-06-28, 18:07:52, 1125000000, 1126000000, 1000000.00, 1, -22.75, -22.75
2026-06-28, 18:07:52, 1126000000, 1127000000, 1000000.00, 1, -22.62, -22.62
2026-06-28, 18:07:52, 1127000000, 1128000000, 1000000.00, 1, -22.70, -22.70
2026-06-28, 18:07:52, 1128000000, 1129000000, 1000000.00, 1, -22.69, -22.69
2026-06-28, 18:07:52, 1129000000, 1130000000, 1000000.00, 1, -22.82, -22.82
2026-06-28, 18:07:52, 1130000000, 1131000000, 1000000.00, 1, -22.90, -22.90
2026-06-28, 18:07:52, 1131000000, 1132000000, 1000000.00, 1, -23.05, -23.05
2026-06-28, 18:07:52, 1132000000, 1133000000, 1000000.00, 1, -23.08, -23.08
2026-06-28, 18:07:52, 1133000000, 1134000000, 1000000.00, 1, -23.12, -23.12
2026-06-28, 18:07:52, 1134000000, 1135000000, 1000000.00, 1, -23.11, -23.11
2026-06-28, 18:07:52, 1135000000, 1136000000, 1000000.00, 1, -23.01, -23.01
2026-06-28, 18:07:52, 1136000000, 1137000000, 1000000.00, 1, -23.01, -23.01
2026-06-28, 18:07:52, 1137000000, 1138000000, 1000000.00, 1, -23.02, -23.02
2026-06-28, 18:07:52, 1138000000, 1139000000, 1000000.00, 1, -23.09, -23.09
2026-06-28, 18:07:52, 1139000000, 1140000000, 1000000.00, 1, -23.06, -23.06
2026-06-28, 18:07:52, 1140000000, 1141000000, 1000000.00, 1, -23.14, -23.14
2026-06-28, 18:07:52, 1141000000, 1142000000, 1000000.00, 1, -23.11, -23.11
2026-06-28, 18:07:52, 1142000000, 1143000000, 1000000.00, 1, -22.93, -22.93
2026-06-28, 18:07:52, 1143000000, 1144000000, 1000000.00, 1, -23.04, -23.04
2026-06-28, 18:07:52, 1144000000, 1145000000, 1000000.00, 1, -22.92, -22.92
2026-06-28, 18:07:52, 1145000000, 1146000000, 1000000.00, 1, -23.06, -23.06
2026-06-28, 18:07:52, 1146000000, 1147000000, 1000000.00, 1, -23.13, -23.13
2026-06-28, 18:07:52, 1147000000, 1148000000, 1000000.00, 1, -23.13, -23.13
2026-06-28, 18:07:52, 1148000000, 1149000000, 1000000.00, 1, -22.98, -22.98
2026-06-28, 18:07:52, 1149000000, 1150000000, 1000000.00, 1, -23.00, -23.00
2026-06-28, 18:07:52, 1150000000, 1151000000, 1000000.00, 1, -22.95, -22.95
2026-06-28, 18:07:52, 1151000000, 1152000000, 1000000.00, 1, -22.79, -22.79
2026-06-28, 18:07:52, 1152000000, 1153000000, 1000000.00, 1, -22.66, -22.66
2026-06-28, 18:07:52, 1153000000, 1154000000, 1000000.00, 1, -22.62, -22.62
2026-06-28, 18:07:52, 1154000000, 1155000000, 1000000.00, 1, -22.52, -22.52
2026-06-28, 18:07:52, 1155000000, 1156000000, 1000000.00, 1, -22.42, -22.42
2026-06-28, 18:07:52, 1156000000, 1157000000, 1000000.00, 1, -22.44, -22.44
2026-06-28, 18:07:52, 1157000000, 1158000000, 1000000.00, 1, -22.43, -22.43
2026-06-28, 18:07:52, 1158000000, 1159000000, 1000000.00, 1, -22.54, -22.54
2026-06-28, 18:07:52, 1159000000, 1160000000, 1000000.00, 1, -22.47, -22.47
2026-06-28, 18:07:52, 1160000000, 1161000000, 1000000.00, 1, -22.61, -22.61
2026-06-28, 18:07:52, 1161000000, 1162000000, 1000000.00, 1, -22.56, -22.56
2026-06-28, 18:07:52, 1162000000, 1163000000, 1000000.00, 1, -22.65, -22.65
2026-06-28, 18:07:52, 1163000000, 1164000000, 1000000.00, 1, -22.68, -22.68
2026-06-28, 18:07:52, 1164000000, 1165000000, 1000000.00, 1, -22.68, -22.68
2026-06-28, 18:07:52, 1165000000, 1166000000, 1000000.00, 1, -22.57, -22.57
2026-06-28, 18:07:52, 1166000000, 1167000000, 1000000.00, 1, -22.72, -22.72
2026-06-28, 18:07:52, 1167000000, 1168000000, 1000000.00, 1, -22.77, -22.77
2026-06-28, 18:07:52, 1168000000, 1169000000, 1000000.00, 1, -22.76, -22.76
2026-06-28, 18:07:52, 1169000000, 1170000000, 1000000.00, 1, -22.73, -22.73
2026-06-28, 18:07:52, 1170000000, 1171000000, 1000000.00, 1, -22.29, -22.29
2026-06-28, 18:07:52, 1171000000, 1172000000, 1000000.00, 1, -21.87, -21.87
2026-06-28, 18:07:52, 1172000000, 1173000000, 1000000.00, 1, -21.85, -21.85
2026-06-28, 18:07:52, 1173000000, 1174000000, 1000000.00, 1, -22.11, -22.11
2026-06-28, 18:07:52, 1174000000, 1175000000, 1000000.00, 1, -22.32, -22.32
2026-06-28, 18:07:52, 1175000000, 1176000000, 1000000.00, 1, -22.44, -22.44
2026-06-28, 18:07:52, 1176000000, 1177000000, 1000000.00, 1, -22.48, -22.48
2026-06-28, 18:07:52, 1177000000, 1178000000, 1000000.00, 1, -22.58, -22.58
2026-06-28, 18:07:52, 1178000000, 1179000000, 1000000.00, 1, -22.65, -22.65
2026-06-28, 18:07:52, 1179000000, 1180000000, 1000000.00, 1, -22.63, -22.63
2026-06-28, 18:07:52, 1180000000, 1181000000, 1000000.00, 1, -22.57, -22.57
2026-06-28, 18:07:52, 1181000000, 1182000000, 1000000.00, 1, -22.77, -22.77
2026-06-28, 18:07:52, 1182000000, 1183000000, 1000000.00, 1, -22.81, -22.81
2026-06-28, 18:07:52, 1183000000, 1184000000, 1000000.00, 1, -22.81, -22.81
2026-06-28, 18:07:52, 1184000000, 1185000000, 1000000.00, 1, -22.73, -22.73
2026-06-28, 18:07:52, 1185000000, 1186000000, 1000000.00, 1, -22.66, -22.66
2026-06-28, 18:07:52, 1186000000, 1187000000, 1000000.00, 1, -22.46, -22.46
2026-06-28, 18:07:52, 1187000000, 1188000000, 1000000.00, 1, -22.24, -22.24
2026-06-28, 18:07:52, 1188000000, 1189000000, 1000000.00, 1, -22.05, -22.05
2026-06-28, 18:07:52, 1189000000, 1190000000, 1000000.00, 1, -21.84, -21.84
2026-06-28, 18:07:52, 1190000000, 1191000000, 1000000.00, 1, -21.56, -21.56
2026-06-28, 18:07:52, 1191000000, 1192000000, 1000000.00, 1, -21.24, -21.24
2026-06-28, 18:07:52, 1192000000, 1193000000, 1000000.00, 1, -21.19, -21.19
2026-06-28, 18:07:52, 1193000000, 1194000000, 1000000.00, 1, -20.89, -20.89
2026-06-28, 18:07:52, 1194000000, 1195000000, 1000000.00, 1, -20.65, -20.65
2026-06-28, 18:07:52, 1195000000, 1196000000, 1000000.00, 1, -20.34, -20.34
2026-06-28, 18:07:52, 1196000000, 1197000000, 1000000.00, 1, -20.10, -20.10
2026-06-28, 18:07:52, 1197000000, 1198000000, 1000000.00, 1, -19.98, -19.98
2026-06-28, 18:07:52, 1198000000, 1199000000, 1000000.00, 1, -16.99, -16.99
2026-06-28, 18:07:52, 1199000000, 1200000000, 1000000.00, 1, -19.86, -19.86
2026-06-28, 18:07:52, 1200000000, 1201000000, 1000000.00, 1, -20.14, -20.14
2026-06-28, 18:07:52, 1201000000, 1202000000, 1000000.00, 1, -20.28, -20.28
2026-06-28, 18:07:52, 1202000000, 1203000000, 1000000.00, 1, -20.12, -20.12
2026-06-28, 18:07:52, 1203000000, 1204000000, 1000000.00, 1, -20.32, -20.32
2026-06-28, 18:07:52, 1204000000, 1205000000, 1000000.00, 1, -20.52, -20.52
2026-06-28, 18:07:52, 1205000000, 1206000000, 1000000.00, 1, -20.66, -20.66
2026-06-28, 18:07:52, 1206000000, 1207000000, 1000000.00, 1, -20.81, -20.81
2026-06-28, 18:07:52, 1207000000, 1208000000, 1000000.00, 1, -20.94, -20.94
2026-06-28, 18:07:52, 1208000000, 1209000000, 1000000.00, 1, -21.26, -21.26
2026-06-28, 18:07:52, 1209000000, 1210000000, 1000000.00, 1, -21.33, -21.33
2026-06-28, 18:07:52, 1210000000, 1211000000, 1000000.00, 1, -21.50, -21.50
2026-06-28, 18:07:52, 1211000000, 1212000000, 1000000.00, 1, -21.73, -21.73
2026-06-28, 18:07:52, 1212000000, 1213000000, 1000000.00, 1, -21.89, -21.89
2026-06-28, 18:07:52, 1213000000, 1214000000, 1000000.00, 1, -22.12, -22.12
2026-06-28, 18:07:52, 1214000000, 1215000000, 1000000.00, 1, -22.17, -22.17
2026-06-28, 18:08:02, 960000000, 961000000, 1000000.00, 1, -14.68, -14.68
2026-06-28, 18:08:02, 961000000, 962000000, 1000000.00, 1, -15.39, -15.39
2026-06-28, 18:08:02, 962000000, 963000000, 1000000.00, 1, -16.56, -16.56
2026-06-28, 18:08:02, 963000000, 964000000, 1000000.00, 1, -16.59, -16.59
2026-06-28, 18:08:02, 964000000, 965000000, 1000000.00, 1, -14.42, -14.42
2026-06-28, 18:08:02, 965000000, 966000000, 1000000.00, 1, -18.56, -18.56
2026-06-28, 18:08:02, 966000000, 967000000, 1000000.00, 1, -19.22, -19.22
2026-06-28, 18:08:02, 967000000, 968000000, 1000000.00, 1, -19.67, -19.67
2026-06-28, 18:08:02, 968000000, 969000000, 1000000.00, 1, -19.91, -19.91
2026-06-28, 18:08:02, 969000000, 970000000, 1000000.00, 1, -19.80, -19.80
2026-06-28, 18:08:02, 970000000, 971000000, 1000000.00, 1, -19.69, -19.69
2026-06-28, 18:08:02, 971000000, 972000000, 1000000.00, 1, -19.36, -19.36
2026-06-28, 18:08:02, 972000000, 973000000, 1000000.00, 1, -19.04, -19.04
2026-06-28, 18:08:02, 973000000, 974000000, 1000000.00, 1, -18.77, -18.77
2026-06-28, 18:08:02, 974000000, 975000000, 1000000.00, 1, -18.86, -18.86
2026-06-28, 18:08:02, 975000000, 976000000, 1000000.00, 1, -18.73, -18.73
2026-06-28, 18:08:02, 976000000, 977000000, 1000000.00, 1, -18.89, -18.89
2026-06-28, 18:08:02, 977000000, 978000000, 1000000.00, 1, -18.76, -18.76
2026-06-28, 18:08:02, 978000000, 979000000, 1000000.00, 1, -18.77, -18.77
2026-06-28, 18:08:02, 979000000, 980000000, 1000000.00, 1, -11.82, -11.82
2026-06-28, 18:08:02, 980000000, 981000000, 1000000.00, 1, -18.43, -18.43
2026-06-28, 18:08:02, 981000000, 982000000, 1000000.00, 1, -18.19, -18.19
2026-06-28, 18:08:02, 982000000, 983000000, 1000000.00, 1, -17.83, -17.83
2026-06-28, 18:08:02, 983000000, 984000000, 1000000.00, 1, -17.52, -17.52
2026-06-28, 18:08:02, 984000000, 985000000, 1000000.00, 1, -17.53, -17.53
2026-06-28, 18:08:02, 985000000, 986000000, 1000000.00, 1, -17.39, -17.39
2026-06-28, 18:08:02, 986000000, 987000000, 1000000.00, 1, -17.56, -17.56
2026-06-28, 18:08:02, 987000000, 988000000, 1000000.00, 1, -17.36, -17.36
2026-06-28, 18:08:02, 988000000, 989000000, 1000000.00, 1, -17.61, -17.61
2026-06-28, 18:08:02, 989000000, 990000000, 1000000.00, 1, -17.49, -17.49
2026-06-28, 18:08:02, 990000000, 991000000, 1000000.00, 1, -17.58, -17.58
2026-06-28, 18:08:02, 991000000, 992000000, 1000000.00, 1, -17.29, -17.29
2026-06-28, 18:08:02, 992000000, 993000000, 1000000.00, 1, -17.41, -17.41
2026-06-28, 18:08:02, 993000000, 994000000, 1000000.00, 1, -12.94, -12.94
2026-06-28, 18:08:02, 994000000, 995000000, 1000000.00, 1, -17.49, -17.49
2026-06-28, 18:08:02, 995000000, 996000000, 1000000.00, 1, -17.33, -17.33
2026-06-28, 18:08:02, 996000000, 997000000, 1000000.00, 1, -17.43, -17.43
2026-06-28, 18:08:02, 997000000, 998000000, 1000000.00, 1, -17.19, -17.19
2026-06-28, 18:08:02, 998000000, 999000000, 1000000.00, 1, 2.60, 2.60
2026-06-28, 18:08:02, 999000000, 1000000000, 1000000.00, 1, 4.38, 4.38
2026-06-28, 18:08:02, 1000000000, 1001000000, 1000000.00, 1, -17.33, -17.33
2026-06-28, 18:08:02, 1001000000, 1002000000, 1000000.00, 1, -17.61, -17.61
2026-06-28, 18:08:02, 1002000000, 1003000000, 1000000.00, 1, -17.85, -17.85
2026-06-28, 18:08:02, 1003000000, 1004000000, 1000000.00, 1, -17.79, -17.79
2026-06-28, 18:08:02, 1004000000, 1005000000, 1000000.00, 1, -17.76, -17.76
2026-06-28, 18:08:02, 1005000000, 1006000000, 1000000.00, 1, -17.80, -17.80
2026-06-28, 18:08:02, 1006000000, 1007000000, 1000000.00, 1, -17.64, -17.64
2026-06-28, 18:08:02, 1007000000, 1008000000, 1000000.00, 1, -16.94, -16.94
2026-06-28, 18:08:02, 1008000000, 1009000000, 1000000.00, 1, -16.93, -16.93
2026-06-28, 18:08:02, 1009000000, 1010000000, 1000000.00, 1, -17.66, -17.66
2026-06-28, 18:08:02, 1010000000, 1011000000, 1000000.00, 1, -17.89, -17.89
2026-06-28, 18:08:02, 1011000000, 1012000000, 1000000.00, 1, -15.95, -15.95
2026-06-28, 18:08:02, 1012000000, 1013000000, 1000000.00, 1, -17.84, -17.84
2026-06-28, 18:08:02, 1013000000, 1014000000, 1000000.00, 1, -17.81, -17.81
2026-06-28, 18:08:02, 1014000000, 1015000000, 1000000.00, 1, -17.61, -17.61
2026-06-28, 18:08:02, 1015000000, 1016000000, 1000000.00, 1, -17.64, -17.64
2026-06-28, 18:08:02, 1016000000, 1017000000, 1000000.00, 1, -17.61, -17.61
2026-06-28, 18:08:02, 1017000000, 1018000000, 1000000.00, 1, -17.52, -17.52
2026-06-28, 18:08:02, 1018000000, 1019000000, 1000000.00, 1, -17.48, -17.48
2026-06-28, 18:08:02, 1019000000, 1020000000, 1000000.00, 1, -17.52, -17.52
2026-06-28, 18:08:02, 1020000000, 1021000000, 1000000.00, 1, -17.39, -17.39
2026-06-28, 18:08:02, 1021000000, 1022000000, 1000000.00, 1, -17.49, -17.49
2026-06-28, 18:08:02, 1022000000, 1023000000, 1000000.00, 1, -16.50, -16.50
2026-06-28, 18:08:02, 1023000000, 1024000000, 1000000.00, 1, -17.39, -17.39
2026-06-28, 18:08:02, 1024000000, 1025000000, 1000000.00, 1, -17.44, -17.44
2026-06-28, 18:08:02, 1025000000, 1026000000, 1000000.00, 1, -17.77, -17.77
2026-06-28, 18:08:02, 1026000000, 1027000000, 1000000.00, 1, -17.83, -17.83
2026-06-28, 18:08:02, 1027000000, 1028000000, 1000000.00, 1, -17.98, -17.98
2026-06-28, 18:08:02, 1028000000, 1029000000, 1000000.00, 1, -18.12, -18.12
2026-06-28, 18:08:02, 1029000000, 1030000000, 1000000.00, 1, -18.12, -18.12
2026-06-28, 18:08:02, 1030000000, 1031000000, 1000000.00, 1, -18.12, -18.12
2026-06-28, 18:08:02, 1031000000, 1032000000, 1000000.00, 1, -18.16, -18.16
2026-06-28, 18:08:02, 1032000000, 1033000000, 1000000.00, 1, -18.59, -18.59
2026-06-28, 18:08:02, 1033000000, 1034000000, 1000000.00, 1, -18.79, -18.79
2026-06-28, 18:08:02, 1034000000, 1035000000, 1000000.00, 1, -18.93, -18.93
2026-06-28, 18:08:02, 1035000000, 1036000000, 1000000.00, 1, -19.13, -19.13
2026-06-28, 18:08:02, 1036000000, 1037000000, 1000000.00, 1, -18.95, -18.95
2026-06-28, 18:08:02, 1037000000, 1038000000, 1000000.00, 1, -19.69, -19.69
2026-06-28, 18:08:02, 1038000000, 1039000000, 1000000.00, 1, -19.94, -19.94
2026-06-28, 18:08:02, 1039000000, 1040000000, 1000000.00, 1, -20.18, -20.18
2026-06-28, 18:08:02, 1040000000, 1041000000, 1000000.00, 1, -20.47, -20.47
2026-06-28, 18:08:02, 1041000000, 1042000000, 1000000.00, 1, -20.82, -20.82
2026-06-28, 18:08:02, 1042000000, 1043000000, 1000000.00, 1, -21.14, -21.14
2026-06-28, 18:08:02, 1043000000, 1044000000, 1000000.00, 1, -21.41, -21.41
2026-06-28, 18:08:02, 1044000000, 1045000000, 1000000.00, 1, -21.50, -21.50
2026-06-28, 18:08:02, 1045000000, 1046000000, 1000000.00, 1, -21.64, -21.64
2026-06-28, 18:08:02, 1046000000, 1047000000, 1000000.00, 1, -21.76, -21.76
2026-06-28, 18:08:02, 1047000000, 1048000000, 1000000.00, 1, -21.93, -21.93
2026-06-28, 18:08:02, 1048000000, 1049000000, 1000000.00, 1, -19.73, -19.73
2026-06-28, 18:08:02, 1049000000, 1050000000, 1000000.00, 1, -21.39, -21.39
2026-06-28, 18:08:02, 1050000000, 1051000000, 1000000.00, 1, -21.72, -21.72
2026-06-28, 18:08:02, 1051000000, 1052000000, 1000000.00, 1, -21.07, -21.07
2026-06-28, 18:08:02, 1052000000, 1053000000, 1000000.00, 1, -21.69, -21.69
2026-06-28, 18:08:02, 1053000000, 1054000000, 1000000.00, 1, -21.66, -21.66
2026-06-28, 18:08:02, 1054000000, 1055000000, 1000000.00, 1, -21.65, -21.65
2026-06-28, 18:08:02, 1055000000, 1056000000, 1000000.00, 1, -21.87, -21.87
2026-06-28, 18:08:02, 1056000000, 1057000000, 1000000.00, 1, -21.86, -21.86
2026-06-28, 18:08:02, 1057000000, 1058000000, 1000000.00, 1, -21.98, -21.98
2026-06-28, 18:08:02, 1058000000, 1059000000, 1000000.00, 1, -21.78, -21.78
2026-06-28, 18:08:02, 1059000000, 1060000000, 1000000.00, 1, -21.87, -21.87
2026-06-28, 18:08:02, 1060000000, 1061000000, 1000000.00, 1, -21.85, -21.85
2026-06-28, 18:08:02, 1061000000, 1062000000, 1000000.00, 1, -21.65, -21.65
2026-06-28, 18:08:02, 1062000000, 1063000000, 1000000.00, 1, -21.63, -21.63
2026-06-28, 18:08:02, 1063000000, 1064000000, 1000000.00, 1, -21.75, -21.75
2026-06-28, 18:08:02, 1064000000, 1065000000, 1000000.00, 1, -21.63, -21.63
2026-06-28, 18:08:02, 1065000000, 1066000000, 1000000.00, 1, -21.05, -21.05
2026-06-28, 18:08:02, 1066000000, 1067000000, 1000000.00, 1, -21.56, -21.56
2026-06-28, 18:08:02, 1067000000, 1068000000, 1000000.00, 1, -21.58, -21.58
2026-06-28, 18:08:02, 1068000000, 1069000000, 1000000.00, 1, -21.79, -21.79
2026-06-28, 18:08:02, 1069000000, 1070000000, 1000000.00, 1, -21.90, -21.90
2026-06-28, 18:08:02, 1070000000, 1071000000, 1000000.00, 1, -22.07, -22.07
2026-06-28, 18:08:02, 1071000000, 1072000000, 1000000.00, 1, -22.12, -22.12
2026-06-28, 18:08:02, 1072000000, 1073000000, 1000000.00, 1, -22.36, -22.36
2026-06-28, 18:08:02, 1073000000, 1074000000, 1000000.00, 1, -22.39, -22.39
2026-06-28, 18:08:02, 1074000000, 1075000000, 1000000.00, 1, -22.48, -22.48
2026-06-28, 18:08:02, 1075000000, 1076000000, 1000000.00, 1, -22.56, -22.56
2026-06-28, 18:08:02, 1076000000, 1077000000, 1000000.00, 1, -22.76, -22.76
2026-06-28, 18:08:02, 1077000000, 1078000000, 1000000.00, 1, -22.81, -22.81
2026-06-28, 18:08:02, 1078000000, 1079000000, 1000000.00, 1, -22.99, -22.99
2026-06-28, 18:08:02, 1079000000, 1080000000, 1000000.00, 1, -22.77, -22.77
2026-06-28, 18:08:02, 1080000000, 1081000000, 1000000.00, 1, -22.79, -22.79
2026-06-28, 18:08:02, 1081000000, 1082000000, 1000000.00, 1, -22.94, -22.94
2026-06-28, 18:08:02, 1082000000, 1083000000, 1000000.00, 1, -22.90, -22.90
2026-06-28, 18:08:02, 1083000000, 1084000000, 1000000.00, 1, -22.99, -22.99
2026-06-28, 18:08:02, 1084000000, 1085000000, 1000000.00, 1, -23.16, -23.16
2026-06-28, 18:08:02, 1085000000, 1086000000, 1000000.00, 1, -23.24, -23.24
2026-06-28, 18:08:02, 1086000000, 1087000000, 1000000.00, 1, -23.29, -23.29
2026-06-28, 18:08:02, 1087000000, 1088000000, 1000000.00, 1, -23.40, -23.40
2026-06-28, 18:08:02, 1088000000, 1089000000, 1000000.00, 1, -23.27, -23.27
2026-06-28, 18:08:02, 1089000000, 1090000000, 1000000.00, 1, -23.26, -23.26
2026-06-28, 18:08:02, 1090000000, 1091000000, 1000000.00, 1, -23.22, -23.22
2026-06-28, 18:08:02, 1091000000, 1092000000, 1000000.00, 1, -23.09, -23.09
2026-06-28, 18:08:02, 1092000000, 1093000000, 1000000.00, 1, -23.35, -23.35
2026-06-28, 18:08:02, 1093000000, 1094000000, 1000000.00, 1, -23.34, -23.34
2026-06-28, 18:08:02, 1094000000, 1095000000, 1000000.00, 1, -23.19, -23.19
2026-06-28, 18:08:02, 1095000000, 1096000000, 1000000.00, 1, -23.26, -23.26
2026-06-28, 18:08:02, 1096000000, 1097000000, 1000000.00, 1, -23.28, -23.28
2026-06-28, 18:08:02, 1097000000, 1098000000, 1000000.00, 1, -23.24, -23.24
2026-06-28, 18:08:02, 1098000000, 1099000000, 1000000.00, 1, -23.26, -23.26
2026-06-28, 18:08:02, 1099000000, 1100000000, 1000000.00, 1, -23.12, -23.12
2026-06-28, 18:08:02, 1100000000, 1101000000, 1000000.00, 1, -23.28, -23.28
2026-06-28, 18:08:02, 1101000000, 1102000000, 1000000.00, 1, -23.18, -23.18
2026-06-28, 18:08:02, 1102000000, 1103000000, 1000000.00, 1, -23.26, -23.26
2026-06-28, 18:08:02, 1103000000, 1104000000, 1000000.00, 1, -23.21, -23.21
2026-06-28, 18:08:02, 1104000000, 1105000000, 1000000.00, 1, -23.20, -23.20
2026-06-28, 18:08:02, 1105000000, 1106000000, 1000000.00, 1, -23.27, -23.27
2026-06-28, 18:08:02, 1106000000, 1107000000, 1000000.00, 1, -23.24, -23.24
2026-06-28, 18:08:02, 1107000000, 1108000000, 1000000.00, 1, -23.31, -23.31
2026-06-28, 18:08:02, 1108000000, 1109000000, 1000000.00, 1, -23.17, -23.17
2026-06-28, 18:08:02, 1109000000, 1110000000, 1000000.00, 1, -23.18, -23.18
2026-06-28, 18:08:02, 1110000000, 1111000000, 1000000.00, 1, -23.03, -23.03
2026-06-28, 18:08:02, 1111000000, 1112000000, 1000000.00, 1, -22.94, -22.94
2026-06-28, 18:08:02, 1112000000, 1113000000, 1000000.00, 1, -22.89, -22.89
2026-06-28, 18:08:02, 1113000000, 1114000000, 1000000.00, 1, -22.83, -22.83
2026-06-28, 18:08:02, 1114000000, 1115000000, 1000000.00, 1, -22.81, -22.81
2026-06-28, 18:08:02, 1115000000, 1116000000, 1000000.00, 1, -22.77, -22.77
2026-06-28, 18:08:02, 1116000000, 1117000000, 1000000.00, 1, -22.83, -22.83
2026-06-28, 18:08:02, 1117000000, 1118000000, 1000000.00, 1, -22.80, -22.80
2026-06-28, 18:08:02, 1118000000, 1119000000, 1000000.00, 1, -22.59, -22.59
2026-06-28, 18:08:02, 1119000000, 1120000000, 1000000.00, 1, -22.72, -22.72
2026-06-28, 18:08:02, 1120000000, 1121000000, 1000000.00, 1, -22.73, -22.73
2026-06-28, 18:08:02, 1121000000, 1122000000, 1000000.00, 1, -22.79, -22.79
2026-06-28, 18:08:02, 1122000000, 1123000000, 1000000.00, 1, -22.77, -22.77
2026-06-28, 18:08:02, 1123000000, 1124000000, 1000000.00, 1, -22.41, -22.41
2026-06-28, 18:08:02, 1124000000, 1125000000, 1000000.00, 1, -22.80, -22.80
2026-06-28, 18:08:02, 1125000000, 1126000000, 1000000.00, 1, -22.85, -22.85
2026-06-28, 18:08:02, 1126000000, 1127000000, 1000000.00, 1, -22.75, -22.75
2026-06-28, 18:08:02, 1127000000, 1128000000, 1000000.00, 1, -22.62, -22.62
2026-06-28, 18:08:02, 1128000000, 1129000000, 1000000.00, 1, -22.80, -22.80
2026-06-28, 18:08:02, 1129000000, 1130000000, 1000000.00, 1, -22.89, -22.89
2026-06-28, 18:08:02, 1130000000, 1131000000, 1000000.00, 1, -22.94, -22.94
2026-06-28, 18:08:02, 1131000000, 1132000000, 1000000.00, 1, -23.07, -23.07
2026-06-28, 18:08:02, 1132000000, 1133000000, 1000000.00, 1, -23.25, -23.25
2026-06-28, 18:08:02, 1133000000, 1134000000, 1000000.00, 1, -23.18, -23.18
2026-06-28, 18:08:02, 1134000000, 1135000000, 1000000.00, 1, -23.07, -23.07
2026-06-28, 18:08:02, 1135000000, 1136000000, 1000000.00, 1, -23.08, -23.08
2026-06-28, 18:08:02, 1136000000, 1137000000, 1000000.00, 1, -22.90, -22.90
2026-06-28, 18:08:02, 1137000000, 1138000000, 1000000.00, 1, -23.04, -23.04
2026-06-28, 18:08:02, 1138000000, 1139000000, 1000000.00, 1, -22.99, -22.99
2026-06-28, 18:08:02, 1139000000, 1140000000, 1000000.00, 1, -23.06, -23.06
2026-06-28, 18:08:02, 1140000000, 1141000000, 1000000.00, 1, -23.09, -23.09
2026-06-28, 18:08:02, 1141000000, 1142000000, 1000000.00, 1, -23.10, -23.10
2026-06-28, 18:08:02, 1142000000, 1143000000, 1000000.00, 1, -23.05, -23.05
2026-06-28, 18:08:02, 1143000000, 1144000000, 1000000.00, 1, -22.99, -22.99
2026-06-28, 18:08:02, 1144000000, 1145000000, 1000000.00, 1, -22.92, -22.92
2026-06-28, 18:08:02, 1145000000, 1146000000, 1000000.00, 1, -23.00, -23.00
2026-06-28, 18:08:02, 1146000000, 1147000000, 1000000.00, 1, -23.15, -23.15
2026-06-28, 18:08:02, 1147000000, 1148000000, 1000000.00, 1, -23.14, -23.14
2026-06-28, 18:08:02, 1148000000, 1149000000, 1000000.00, 1, -22.90, -22.90
2026-06-28, 18:08:02, 1149000000, 1150000000, 1000000.00, 1, -22.97, -22.97
2026-06-28, 18:08:02, 1150000000, 1151000000, 1000000.00, 1, -22.89, -22.89
2026-06-28, 18:08:02, 1151000000, 1152000000, 1000000.00, 1, -22.76, -22.76
2026-06-28, 18:08:02, 1152000000, 1153000000, 1000000.00, 1, -22.54, -22.54
2026-06-28, 18:08:02, 1153000000, 1154000000, 1000000.00, 1, -22.61, -22.61
2026-06-28, 18:08:02, 1154000000, 1155000000, 1000000.00, 1, -22.49, -22.49
2026-06-28, 18:08:02, 1155000000, 1156000000, 1000000.00, 1, -22.49, -22.49
2026-06-28, 18:08:02, 1156000000, 1157000000, 1000000.00, 1, -22.47, -22.47
2026-06-28, 18:08:02, 1157000000, 1158000000, 1000000.00, 1, -22.45, -22.45
2026-06-28, 18:08:02, 1158000000, 1159000000, 1000000.00, 1, -22.55, -22.55
2026-06-28, 18:08:02, 1159000000, 1160000000, 1000000.00, 1, -22.55, -22.55
2026-06-28, 18:08:02, 1160000000, 1161000000, 1000000.00, 1, -22.58, -22.58
2026-06-28, 18:08:02, 1161000000, 1162000000, 1000000.00, 1, -22.68, -22.68
2026-06-28, 18:08:02, 1162000000, 1163000000, 1000000.00, 1, -22.65, -22.65
2026-06-28, 18:08:02, 1163000000, 1164000000, 1000000.00, 1, -22.70, -22.70
2026-06-28, 18:08:02, 1164000000, 1165000000, 1000000.00, 1, -22.75, -22.75
2026-06-28, 18:08:02, 1165000000, 1166000000, 1000000.00, 1, -22.70, -22.70
2026-06-28, 18:08:02, 1166000000, 1167000000, 1000000.00, 1, -22.75, -22.75
2026-06-28, 18:08:02, 1167000000, 1168000000, 1000000.00, 1, -22.78, -22.78
2026-06-28, 18:08:02, 1168000000, 1169000000, 1000000.00, 1, -22.67, -22.67
2026-06-28, 18:08:02, 1169000000, 1170000000, 1000000.00, 1, -22.69, -22.69
2026-06-28, 18:08:02, 1170000000, 1171000000, 1000000.00, 1, -22.43, -22.43
2026-06-28, 18:08:02, 1171000000, 1172000000, 1000000.00, 1, -21.89, -21.89
2026-06-28, 18:08:02, 1172000000, 1173000000, 1000000.00, 1, -21.77, -21.77
2026-06-28, 18:08:02, 1173000000, 1174000000, 1000000.00, 1, -22.18, -22.18
2026-06-28, 18:08:02, 1174000000, 1175000000, 1000000.00, 1, -22.33, -22.33
2026-06-28, 18:08:02, 1175000000, 1176000000, 1000000.00, 1, -22.40, -22.40
2026-06-28, 18:08:02, 1176000000, 1177000000, 1000000.00, 1, -22.49, -22.49
2026-06-28, 18:08:02, 1177000000, 1178000000, 1000000.00, 1, -22.62, -22.62
2026-06-28, 18:08:02, 1178000000, 1179000000, 1000000.00, 1, -22.67, -22.67
2026-06-28, 18:08:02, 1179000000, 1180000000, 1000000.00, 1, -22.68, -22.68
2026-06-28, 18:08:02, 1180000000, 1181000000, 1000000.00, 1, -22.64, -22.64
2026-06-28, 18:08:02, 1181000000, 1182000000, 1000000.00, 1, -22.86, -22.86
2026-06-28, 18:08:02, 1182000000, 1183000000, 1000000.00, 1, -22.78, -22.78
2026-06-28, 18:08:02, 1183000000, 1184000000, 1000000.00, 1, -22.78, -22.78
2026-06-28, 18:08:02, 1184000000, 1185000000, 1000000.00, 1, -22.87, -22.87
2026-06-28, 18:08:02, 1185000000, 1186000000, 1000000.00, 1, -22.66, -22.66
2026-06-28, 18:08:02, 1186000000, 1187000000, 1000000.00, 1, -22.49, -22.49
2026-06-28, 18:08:02, 1187000000, 1188000000, 1000000.00, 1, -22.24, -22.24
2026-06-28, 18:08:02, 1188000000, 1189000000, 1000000.00, 1, -21.99, -21.99
2026-06-28, 18:08:02, 1189000000, 1190000000, 1000000.00, 1, -21.72, -21.72
2026-06-28, 18:08:02, 1190000000, 1191000000, 1000000.00, 1, -21.64, -21.64
2026-06-28, 18:08:02, 1191000000, 1192000000, 1000000.00, 1, -21.37, -21.37
2026-06-28, 18:08:02, 1192000000, 1193000000, 1000000.00, 1, -21.25, -21.25
2026-06-28, 18:08:02, 1193000000, 1194000000, 1000000.00, 1, -20.83, -20.83
2026-06-28, 18:08:02, 1194000000, 1195000000, 1000000.00, 1, -20.65, -20.65
2026-06-28, 18:08:02, 1195000000, 1196000000, 1000000.00, 1, -20.35, -20.35
2026-06-28, 18:08:02, 1196000000, 1197000000, 1000000.00, 1, -20.07, -20.07
2026-06-28, 18:08:02, 1197000000, 1198000000, 1000000.00, 1, -20.03, -20.03
2026-06-28, 18:08:02, 1198000000, 1199000000, 1000000.00, 1, -17.06, -17.06
2026-06-28, 18:08:02, 1199000000, 1200000000, 1000000.00, 1, -19.88, -19.88
2026-06-28, 18:08:02, 1200000000, 1201000000, 1000000.00, 1, -20.18, -20.18
2026-06-28, 18:08:02, 1201000000, 1202000000, 1000000.00, 1, -20.28, -20.28
2026-06-28, 18:08:02, 1202000000, 1203000000, 1000000.00, 1, -20.26, -20.26
2026-06-28, 18:08:02, 1203000000, 1204000000, 1000000.00, 1, -20.38, -20.38
2026-06-28, 18:08:02, 1204000000, 1205000000, 1000000.00, 1, -20.47, -20.47
2026-06-28, 18:08:02, 1205000000, 1206000000, 1000000.00, 1, -20.72, -20.72
2026-06-28, 18:08:02, 1206000000, 1207000000, 1000000.00, 1, -20.83, -20.83
2026-06-28, 18:08:02, 1207000000, 1208000000, 1000000.00, 1, -20.97, -20.97
2026-06-28, 18:08:02, 1208000000, 1209000000, 1000000.00, 1, -21.20, -21.20
2026-06-28, 18:08:02, 1209000000, 1210000000, 1000000.00, 1, -21.32, -21.32
2026-06-28, 18:08:02, 1210000000, 1211000000, 1000000.00, 1, -21.53, -21.53
2026-06-28, 18:08:02, 1211000000, 1212000000, 1000000.00, 1, -21.82, -21.82
2026-06-28, 18:08:02, 1212000000, 1213000000, 1000000.00, 1, -21.98, -21.98
2026-06-28, 18:08:02, 1213000000, 1214000000, 1000000.00, 1, -22.11, -22.11
2026-06-28, 18:08:02, 1214000000, 1215000000, 1000000.00, 1, -22.19, -22.19
2026-06-28, 18:08:13, 960000000, 961000000, 1000000.00, 1, -14.88, -14.88
2026-06-28, 18:08:13, 961000000, 962000000, 1000000.00, 1, -15.41, -15.41
2026-06-28, 18:08:13, 962000000, 963000000, 1000000.00, 1, -16.63, -16.63
2026-06-28, 18:08:13, 963000000, 964000000, 1000000.00, 1, -16.70, -16.70
2026-06-28, 18:08:13, 964000000, 965000000, 1000000.00, 1, -14.47, -14.47
2026-06-28, 18:08:13, 965000000, 966000000, 1000000.00, 1, -18.52, -18.52
2026-06-28, 18:08:13, 966000000, 967000000, 1000000.00, 1, -19.19, -19.19
2026-06-28, 18:08:13, 967000000, 968000000, 1000000.00, 1, -19.66, -19.66
2026-06-28, 18:08:13, 968000000, 969000000, 1000000.00, 1, -20.03, -20.03
2026-06-28, 18:08:13, 969000000, 970000000, 1000000.00, 1, -19.83, -19.83
2026-06-28, 18:08:13, 970000000, 971000000, 1000000.00, 1, -19.62, -19.62
2026-06-28, 18:08:13, 971000000, 972000000, 1000000.00, 1, -19.29, -19.29
2026-06-28, 18:08:13, 972000000, 973000000, 1000000.00, 1, -19.05, -19.05
2026-06-28, 18:08:13, 973000000, 974000000, 1000000.00, 1, -18.93, -18.93
2026-06-28, 18:08:13, 974000000, 975000000, 1000000.00, 1, -19.10, -19.10
2026-06-28, 18:08:13, 975000000, 976000000, 1000000.00, 1, -18.76, -18.76
2026-06-28, 18:08:13, 976000000, 977000000, 1000000.00, 1, -18.98, -18.98
2026-06-28, 18:08:13, 977000000, 978000000, 1000000.00, 1, -18.87, -18.87
2026-06-28, 18:08:13, 978000000, 979000000, 1000000.00, 1, -18.92, -18.92
2026-06-28, 18:08:13, 979000000, 980000000, 1000000.00, 1, -11.83, -11.83
2026-06-28, 18:08:13, 980000000, 981000000, 1000000.00, 1, -18.44, -18.44
2026-06-28, 18:08:13, 981000000, 982000000, 1000000.00, 1, -18.15, -18.15
2026-06-28, 18:08:13, 982000000, 983000000, 1000000.00, 1, -17.96, -17.96
2026-06-28, 18:08:13, 983000000, 984000000, 1000000.00, 1, -17.60, -17.60
2026-06-28, 18:08:13, 984000000, 985000000, 1000000.00, 1, -17.52, -17.52
2026-06-28, 18:08:13, 985000000, 986000000, 1000000.00, 1, -17.32, -17.32
2026-06-28, 18:08:13, 986000000, 987000000, 1000000.00, 1, -17.56, -17.56
2026-06-28, 18:08:13, 987000000, 988000000, 1000000.00, 1, -17.53, -17.53
2026-06-28, 18:08:13, 988000000, 989000000, 1000000.00, 1, -17.54, -17.54
2026-06-28, 18:08:13, 989000000, 990000000, 1000000.00, 1, -17.55, -17.55
2026-06-28, 18:08:13, 990000000, 991000000, 1000000.00, 1, -17.60, -17.60
2026-06-28, 18:08:13, 991000000, 992000000, 1000000.00, 1, -17.38, -17.38
2026-06-28, 18:08:13, 992000000, 993000000, 1000000.00, 1, -17.59, -17.59
2026-06-28, 18:08:13, 993000000, 994000000, 1000000.00, 1, -12.85, -12.85
2026-06-28, 18:08:13, 994000000, 995000000, 1000000.00, 1, -17.27, -17.27
2026-06-28, 18:08:13, 995000000, 996000000, 1000000.00, 1, -17.44, -17.44
2026-06-28, 18:08:13, 996000000, 997000000, 1000000.00, 1, -17.51, -17.51
2026-06-28, 18:08:13, 997000000, 998000000, 1000000.00, 1, -17.43, -17.43
2026-06-28, 18:08:13, 998000000, 999000000, 1000000.00, 1, 2.59, 2.59
2026-06-28, 18:08:13, 999000000, 1000000000, 1000000.00, 1, 4.47, 4.47
2026-06-28, 18:08:13, 1000000000, 1001000000, 1000000.00, 1, -17.46, -17.46
2026-06-28, 18:08:13, 1001000000, 1002000000, 1000000.00, 1, -17.66, -17.66
2026-06-28, 18:08:13, 1002000000, 1003000000, 1000000.00, 1, -18.00, -18.00
2026-06-28, 18:08:13, 1003000000, 1004000000, 1000000.00, 1, -17.75, -17.75
2026-06-28, 18:08:13, 1004000000, 1005000000, 1000000.00, 1, -17.95, -17.95
2026-06-28, 18:08:13, 1005000000, 1006000000, 1000000.00, 1, -17.79, -17.79
2026-06-28, 18:08:13, 1006000000, 1007000000, 1000000.00, 1, -17.57, -17.57
2026-06-28, 18:08:13, 1007000000, 1008000000, 1000000.00, 1, -16.88, -16.88
2026-06-28, 18:08:13, 1008000000, 1009000000, 1000000.00, 1, -16.96, -16.96
2026-06-28, 18:08:13, 1009000000, 1010000000, 1000000.00, 1, -17.81, -17.81
2026-06-28, 18:08:13, 1010000000, 1011000000, 1000000.00, 1, -17.81, -17.81
2026-06-28, 18:08:13, 1011000000, 1012000000, 1000000.00, 1, -17.81, -17.81
2026-06-28, 18:08:13, 1012000000, 1013000000, 1000000.00, 1, -17.95, -17.95
2026-06-28, 18:08:13, 1013000000, 1014000000, 1000000.00, 1, -17.84, -17.84
2026-06-28, 18:08:13, 1014000000, 1015000000, 1000000.00, 1, -17.68, -17.68
2026-06-28, 18:08:13, 1015000000, 1016000000, 1000000.00, 1, -17.45, -17.45
2026-06-28, 18:08:13, 1016000000, 1017000000, 1000000.00, 1, -17.59, -17.59
2026-06-28, 18:08:13, 1017000000, 1018000000, 1000000.00, 1, -17.59, -17.59
2026-06-28, 18:08:13, 1018000000, 1019000000, 1000000.00, 1, -17.60, -17.60
2026-06-28, 18:08:13, 1019000000, 1020000000, 1000000.00, 1, -17.51, -17.51
2026-06-28, 18:08:13, 1020000000, 1021000000, 1000000.00, 1, -17.40, -17.40
2026-06-28, 18:08:13, 1021000000, 1022000000, 1000000.00, 1, -17.46, -17.46
2026-06-28, 18:08:13, 1022000000, 1023000000, 1000000.00, 1, -16.46, -16.46
2026-06-28, 18:08:13, 1023000000, 1024000000, 1000000.00, 1, -17.41, -17.41
2026-06-28, 18:08:13, 1024000000, 1025000000, 1000000.00, 1, -17.48, -17.48
2026-06-28, 18:08:13, 1025000000, 1026000000, 1000000.00, 1, -17.66, -17.66
2026-06-28, 18:08:13, 1026000000, 1027000000, 1000000.00, 1, -17.92, -17.92
2026-06-28, 18:08:13, 1027000000, 1028000000, 1000000.00, 1, -17.90, -17.90
2026-06-28, 18:08:13, 1028000000, 1029000000, 1000000.00, 1, -18.00, -18.00
2026-06-28, 18:08:13, 1029000000, 1030000000, 1000000.00, 1, -18.08, -18.08
2026-06-28, 18:08:13, 1030000000, 1031000000, 1000000.00, 1, -18.21, -18.21
2026-06-28, 18:08:13, 1031000000, 1032000000, 1000000.00, 1, -18.31, -18.31
2026-06-28, 18:08:13, 1032000000, 1033000000, 1000000.00, 1, -18.60, -18.60
2026-06-28, 18:08:13, 1033000000, 1034000000, 1000000.00, 1, -18.77, -18.77
2026-06-28, 18:08:13, 1034000000, 1035000000, 1000000.00, 1, -18.92, -18.92
2026-06-28, 18:08:13, 1035000000, 1036000000, 1000000.00, 1, -19.16, -19.16
2026-06-28, 18:08:13, 1036000000, 1037000000, 1000000.00, 1, -18.96, -18.96
2026-06-28, 18:08:13, 1037000000, 1038000000, 1000000.00, 1, -19.73, -19.73
2026-06-28, 18:08:13, 1038000000, 1039000000, 1000000.00, 1, -19.90, -19.90
2026-06-28, 18:08:13, 1039000000, 1040000000, 1000000.00, 1, -20.28, -20.28
2026-06-28, 18:08:13, 1040000000, 1041000000, 1000000.00, 1, -20.57, -20.57
2026-06-28, 18:08:13, 1041000000, 1042000000, 1000000.00, 1, -20.86, -20.86
2026-06-28, 18:08:13, 1042000000, 1043000000, 1000000.00, 1, -20.99, -20.99
2026-06-28, 18:08:13, 1043000000, 1044000000, 1000000.00, 1, -21.31, -21.31
2026-06-28, 18:08:13, 1044000000, 1045000000, 1000000.00, 1, -21.50, -21.50
2026-06-28, 18:08:13, 1045000000, 1046000000, 1000000.00, 1, -21.74, -21.74
2026-06-28, 18:08:13, 1046000000, 1047000000, 1000000.00, 1, -21.93, -21.93
2026-06-28, 18:08:13, 1047000000, 1048000000, 1000000.00, 1, -22.06, -22.06
2026-06-28, 18:08:13, 1048000000, 1049000000, 1000000.00, 1, -19.76, -19.76
2026-06-28, 18:08:13, 1049000000, 1050000000, 1000000.00, 1, -21.35, -21.35
2026-06-28, 18:08:13, 1050000000, 1051000000, 1000000.00, 1, -21.81, -21.81
2026-06-28, 18:08:13, 1051000000, 1052000000, 1000000.00, 1, -21.14, -21.14
2026-06-28, 18:08:13, 1052000000, 1053000000, 1000000.00, 1, -21.75, -21.75
2026-06-28, 18:08:13, 1053000000, 1054000000, 1000000.00, 1, -21.78, -21.78
2026-06-28, 18:08:13, 1054000000, 1055000000, 1000000.00, 1, -21.95, -21.95
2026-06-28, 18:08:13, 1055000000, 1056000000, 1000000.00, 1, -21.54, -21.54
2026-06-28, 18:08:13, 1056000000, 1057000000, 1000000.00, 1, -21.97, -21.97
2026-06-28, 18:08:13, 1057000000, 1058000000, 1000000.00, 1, -21.92, -21.92
2026-06-28, 18:08:13, 1058000000, 1059000000, 1000000.00, 1, -21.89, -21.89
2026-06-28, 18:08:13, 1059000000, 1060000000, 1000000.00, 1, -21.84, -21.84
2026-06-28, 18:08:13, 1060000000, 1061000000, 1000000.00, 1, -21.81, -21.81
2026-06-28, 18:08:13, 1061000000, 1062000000, 1000000.00, 1, -21.71, -21.71
2026-06-28, 18:08:13, 1062000000, 1063000000, 1000000.00, 1, -21.74, -21.74
2026-06-28, 18:08:13, 1063000000, 1064000000, 1000000.00, 1, -21.78, -21.78
2026-06-28, 18:08:13, 1064000000, 1065000000, 1000000.00, 1, -21.70, -21.70
2026-06-28, 18:08:13, 1065000000, 1066000000, 1000000.00, 1, -21.11, -21.11
2026-06-28, 18:08:13, 1066000000, 1067000000, 1000000.00, 1, -21.57, -21.57
2026-06-28, 18:08:13, 1067000000, 1068000000, 1000000.00, 1, -21.67, -21.67
2026-06-28, 18:08:13, 1068000000, 1069000000, 1000000.00, 1, -21.63, -21.63
2026-06-28, 18:08:13, 1069000000, 1070000000, 1000000.00, 1, -21.91, -21.91
2026-06-28, 18:08:13, 1070000000, 1071000000, 1000000.00, 1, -22.12, -22.12
2026-06-28, 18:08:13, 1071000000, 1072000000, 1000000.00, 1, -22.25, -22.25
2026-06-28, 18:08:13, 1072000000, 1073000000, 1000000.00, 1, -22.38, -22.38
2026-06-28, 18:08:13, 1073000000, 1074000000, 1000000.00, 1, -22.47, -22.47
2026-06-28, 18:08:13, 1074000000, 1075000000, 1000000.00, 1, -22.59, -22.59
2026-06-28, 18:08:13, 1075000000, 1076000000, 1000000.00, 1, -22.58, -22.58
2026-06-28, 18:08:13, 1076000000, 1077000000, 1000000.00, 1, -22.76, -22.76
2026-06-28, 18:08:13, 1077000000, 1078000000, 1000000.00, 1, -22.86, -22.86
2026-06-28, 18:08:13, 1078000000, 1079000000, 1000000.00, 1, -22.84, -22.84
2026-06-28, 18:08:13, 1079000000, 1080000000, 1000000.00, 1, -22.64, -22.64
2026-06-28, 18:08:13, 1080000000, 1081000000, 1000000.00, 1, -22.88, -22.88
2026-06-28, 18:08:13, 1081000000, 1082000000, 1000000.00, 1, -22.95, -22.95
2026-06-28, 18:08:13, 1082000000, 1083000000, 1000000.00, 1, -22.97, -22.97
2026-06-28, 18:08:13, 1083000000, 1084000000, 1000000.00, 1, -23.04, -23.04
2026-06-28, 18:08:13, 1084000000, 1085000000, 1000000.00, 1, -23.11, -23.11
2026-06-28, 18:08:13, 1085000000, 1086000000, 1000000.00, 1, -23.26, -23.26
2026-06-28, 18:08:13, 1086000000, 1087000000, 1000000.00, 1, -23.07, -23.07
2026-06-28, 18:08:13, 1087000000, 1088000000, 1000000.00, 1, -23.35, -23.35
2026-06-28, 18:08:13, 1088000000, 1089000000, 1000000.00, 1, -23.36, -23.36
2026-06-28, 18:08:13, 1089000000, 1090000000, 1000000.00, 1, -23.35, -23.35
2026-06-28, 18:08:13, 1090000000, 1091000000, 1000000.00, 1, -22.50, -22.50
2026-06-28, 18:08:13, 1091000000, 1092000000, 1000000.00, 1, -23.29, -23.29
2026-06-28, 18:08:13, 1092000000, 1093000000, 1000000.00, 1, -23.32, -23.32
2026-06-28, 18:08:13, 1093000000, 1094000000, 1000000.00, 1, -23.33, -23.33
2026-06-28, 18:08:13, 1094000000, 1095000000, 1000000.00, 1, -23.27, -23.27
2026-06-28, 18:08:13, 1095000000, 1096000000, 1000000.00, 1, -23.35, -23.35
2026-06-28, 18:08:13, 1096000000, 1097000000, 1000000.00, 1, -23.21, -23.21
2026-06-28, 18:08:13, 1097000000, 1098000000, 1000000.00, 1, -23.22, -23.22
2026-06-28, 18:08:13, 1098000000, 1099000000, 1000000.00, 1, -23.21, -23.21
2026-06-28, 18:08:13, 1099000000, 1100000000, 1000000.00, 1, -23.09, -23.09
2026-06-28, 18:08:13, 1100000000, 1101000000, 1000000.00, 1, -23.09, -23.09
2026-06-28, 18:08:13, 1101000000, 1102000000, 1000000.00, 1, -23.19, -23.19
2026-06-28, 18:08:13, 1102000000, 1103000000, 1000000.00, 1, -23.29, -23.29
2026-06-28, 18:08:13, 1103000000, 1104000000, 1000000.00, 1, -23.25, -23.25
2026-06-28, 18:08:13, 1104000000, 1105000000, 1000000.00, 1, -23.28, -23.28
2026-06-28, 18:08:13, 1105000000, 1106000000, 1000000.00, 1, -23.23, -23.23
2026-06-28, 18:08:13, 1106000000, 1107000000, 1000000.00, 1, -23.28, -23.28
2026-06-28, 18:08:13, 1107000000, 1108000000, 1000000.00, 1, -23.29, -23.29
2026-06-28, 18:08:13, 1108000000, 1109000000, 1000000.00, 1, -23.03, -23.03
2026-06-28, 18:08:13, 1109000000, 1110000000, 1000000.00, 1, -23.18, -23.18
2026-06-28, 18:08:13, 1110000000, 1111000000, 1000000.00, 1, -23.12, -23.12
2026-06-28, 18:08:13, 1111000000, 1112000000, 1000000.00, 1, -23.09, -23.09
2026-06-28, 18:08:13, 1112000000, 1113000000, 1000000.00, 1, -22.90, -22.90
2026-06-28, 18:08:13, 1113000000, 1114000000, 1000000.00, 1, -22.92, -22.92
2026-06-28, 18:08:13, 1114000000, 1115000000, 1000000.00, 1, -22.80, -22.80
2026-06-28, 18:08:13, 1115000000, 1116000000, 1000000.00, 1, -22.82, -22.82
2026-06-28, 18:08:13, 1116000000, 1117000000, 1000000.00, 1, -22.80, -22.80
2026-06-28, 18:08:13, 1117000000, 1118000000, 1000000.00, 1, -22.76, -22.76
2026-06-28, 18:08:13, 1118000000, 1119000000, 1000000.00, 1, -22.84, -22.84
2026-06-28, 18:08:13, 1119000000, 1120000000, 1000000.00, 1, -22.75, -22.75
2026-06-28, 18:08:13, 1120000000, 1121000000, 1000000.00, 1, -22.74, -22.74
2026-06-28, 18:08:13, 1121000000, 1122000000, 1000000.00, 1, -22.82, -22.82
2026-06-28, 18:08:13, 1122000000, 1123000000, 1000000.00, 1, -22.84, -22.84
2026-06-28, 18:08:13, 1123000000, 1124000000, 1000000.00, 1, -22.40, -22.40
2026-06-28, 18:08:13, 1124000000, 1125000000, 1000000.00, 1, -22.84, -22.84
2026-06-28, 18:08:13, 1125000000, 1126000000, 1000000.00, 1, -22.86, -22.86
2026-06-28, 18:08:13, 1126000000, 1127000000, 1000000.00, 1, -22.63, -22.63
2026-06-28, 18:08:13, 1127000000, 1128000000, 1000000.00, 1, -22.64, -22.64
2026-06-28, 18:08:13, 1128000000, 1129000000, 1000000.00, 1, -22.72, -22.72
2026-06-28, 18:08:13, 1129000000, 1130000000, 1000000.00, 1, -22.83, -22.83
2026-06-28, 18:08:13, 1130000000, 1131000000, 1000000.00, 1, -22.90, -22.90
2026-06-28, 18:08:13, 1131000000, 1132000000, 1000000.00, 1, -23.13, -23.13
2026-06-28, 18:08:13, 1132000000, 1133000000, 1000000.00, 1, -23.09, -23.09
2026-06-28, 18:08:13, 1133000000, 1134000000, 1000000.00, 1, -23.16, -23.16
2026-06-28, 18:08:13, 1134000000, 1135000000, 1000000.00, 1, -23.14, -23.14
2026-06-28, 18:08:13, 1135000000, 1136000000, 1000000.00, 1, -23.12, -23.12
2026-06-28, 18:08:13, 1136000000, 1137000000, 1000000.00, 1, -23.12, -23.12
2026-06-28, 18:08:13, 1137000000, 1138000000, 1000000.00, 1, -23.02, -23.02
2026-06-28, 18:08:13, 1138000000, 1139000000, 1000000.00, 1, -23.12, -23.12
2026-06-28, 18:08:13, 1139000000, 1140000000, 1000000.00, 1, -23.11, -23.11
2026-06-28, 18:08:13, 1140000000, 1141000000, 1000000.00, 1, -23.13, -23.13
2026-06-28, 18:08:13, 1141000000, 1142000000, 1000000.00, 1, -23.05, -23.05
2026-06-28, 18:08:13, 1142000000, 1143000000, 1000000.00, 1, -23.02, -23.02
2026-06-28, 18:08:13, 1143000000, 1144000000, 1000000.00, 1, -23.06, -23.06
2026-06-28, 18:08:13, 1144000000, 1145000000, 1000000.00, 1, -23.11, -23.11
2026-06-28, 18:08:13, 1145000000, 1146000000, 1000000.00, 1, -23.08, -23.08
2026-06-28, 18:08:13, 1146000000, 1147000000, 1000000.00, 1, -23.20, -23.20
2026-06-28, 18:08:13, 1147000000, 1148000000, 1000000.00, 1, -23.21, -23.21
2026-06-28, 18:08:13, 1148000000, 1149000000, 1000000.00, 1, -22.98, -22.98
2026-06-28, 18:08:13, 1149000000, 1150000000, 1000000.00, 1, -23.11, -23.11
2026-06-28, 18:08:13, 1150000000, 1151000000, 1000000.00, 1, -23.08, -23.08
2026-06-28, 18:08:13, 1151000000, 1152000000, 1000000.00, 1, -22.90, -22.90
2026-06-28, 18:08:13, 1152000000, 1153000000, 1000000.00, 1, -22.84, -22.84
2026-06-28, 18:08:13, 1153000000, 1154000000, 1000000.00, 1, -22.71, -22.71
2026-06-28, 18:08:13, 1154000000, 1155000000, 1000000.00, 1, -22.64, -22.64
2026-06-28, 18:08:13, 1155000000, 1156000000, 1000000.00, 1, -22.50, -22.50
2026-06-28, 18:08:13, 1156000000, 1157000000, 1000000.00, 1, -22.63, -22.63
2026-06-28, 18:08:13, 1157000000, 1158000000, 1000000.00, 1, -22.59, -22.59
2026-06-28, 18:08:13, 1158000000, 1159000000, 1000000.00, 1, -22.55, -22.55
2026-06-28, 18:08:13, 1159000000, 1160000000, 1000000.00, 1, -22.62, -22.62
2026-06-28, 18:08:13, 1160000000, 1161000000, 1000000.00, 1, -22.69, -22.69
2026-06-28, 18:08:13, 1161000000, 1162000000, 1000000.00, 1, -22.76, -22.76
2026-06-28, 18:08:13, 1162000000, 1163000000, 1000000.00, 1, -22.76, -22.76
2026-06-28, 18:08:13, 1163000000, 1164000000, 1000000.00, 1, -22.68, -22.68
2026-06-28, 18:08:13, 1164000000, 1165000000, 1000000.00, 1, -22.70, -22.70
2026-06-28, 18:08:13, 1165000000, 1166000000, 1000000.00, 1, -22.83, -22.83
2026-06-28, 18:08:13, 1166000000, 1167000000, 1000000.00, 1, -22.72, -22.72
2026-06-28, 18:08:13, 1167000000, 1168000000, 1000000.00, 1, -22.82, -22.82
2026-06-28, 18:08:13, 1168000000, 1169000000, 1000000.00, 1, -22.81, -22.81
2026-06-28, 18:08:13, 1169000000, 1170000000, 1000000.00, 1, -22.76, -22.76
2026-06-28, 18:08:13, 1170000000, 1171000000, 1000000.00, 1, -22.54, -22.54
2026-06-28, 18:08:13, 1171000000, 1172000000, 1000000.00, 1, -21.98, -21.98
2026-06-28, 18:08:13, 1172000000, 1173000000, 1000000.00, 1, -21.92, -21.92
2026-06-28, 18:08:13, 1173000000, 1174000000, 1000000.00, 1, -22.28, -22.28
2026-06-28, 18:08:13, 1174000000, 1175000000, 1000000.00, 1, -22.36, -22.36
2026-06-28, 18:08:13, 1175000000, 1176000000, 1000000.00, 1, -22.52, -22.52
2026-06-28, 18:08:13, 1176000000, 1177000000, 1000000.00, 1, -22.56, -22.56
2026-06-28, 18:08:13, 1177000000, 1178000000, 1000000.00, 1, -22.61, -22.61
2026-06-28, 18:08:13, 1178000000, 1179000000, 1000000.00, 1, -22.67, -22.67
2026-06-28, 18:08:13, 1179000000, 1180000000, 1000000.00, 1, -22.60, -22.60
2026-06-28, 18:08:13, 1180000000, 1181000000, 1000000.00, 1, -22.61, -22.61
2026-06-28, 18:08:13, 1181000000, 1182000000, 1000000.00, 1, -22.77, -22.77
2026-06-28, 18:08:13, 1182000000, 1183000000, 1000000.00, 1, -22.73, -22.73
2026-06-28, 18:08:13, 1183000000, 1184000000, 1000000.00, 1, -22.82, -22.82
2026-06-28, 18:08:13, 1184000000, 1185000000, 1000000.00, 1, -22.75, -22.75
2026-06-28, 18:08:13, 1185000000, 1186000000, 1000000.00, 1, -22.71, -22.71
2026-06-28, 18:08:13, 1186000000, 1187000000, 1000000.00, 1, -22.55, -22.55
2026-06-28, 18:08:13, 1187000000, 1188000000, 1000000.00, 1, -22.32, -22.32
2026-06-28, 18:08:13, 1188000000, 1189000000, 1000000.00, 1, -22.08, -22.08
2026-06-28, 18:08:13, 1189000000, 1190000000, 1000000.00, 1, -21.83, -21.83
2026-06-28, 18:08:13, 1190000000, 1191000000, 1000000.00, 1, -21.74, -21.74
2026-06-28, 18:08:13, 1191000000, 1192000000, 1000000.00, 1, -21.44, -21.44
2026-06-28, 18:08:13, 1192000000, 1193000000, 1000000.00, 1, -21.20, -21.20
2026-06-28, 18:08:13, 1193000000, 1194000000, 1000000.00, 1, -20.98, -20.98
2026-06-28, 18:08:13, 1194000000, 1195000000, 1000000.00, 1, -20.63, -20.63
2026-06-28, 18:08:13, 1195000000, 1196000000, 1000000.00, 1, -20.36, -20.36
2026-06-28, 18:08:13, 1196000000, 1197000000, 1000000.00, 1, -20.17, -20.17
2026-06-28, 18:08:13, 1197000000, 1198000000, 1000000.00, 1, -20.11, -20.11
2026-06-28, 18:08:13, 1198000000, 1199000000, 1000000.00, 1, -17.05, -17.05
2026-06-28, 18:08:13, 1199000000, 1200000000, 1000000.00, 1, -20.00, -20.00
2026-06-28, 18:08:13, 1200000000, 1201000000, 1000000.00, 1, -20.20, -20.20
2026-06-28, 18:08:13, 1201000000, 1202000000, 1000000.00, 1, -20.28, -20.28
2026-06-28, 18:08:13, 1202000000, 1203000000, 1000000.00, 1, -20.23, -20.23
2026-06-28, 18:08:13, 1203000000, 1204000000, 1000000.00, 1, -20.35, -20.35
2026-06-28, 18:08:13, 1204000000, 1205000000, 1000000.00, 1, -20.57, -20.57
2026-06-28, 18:08:13, 1205000000, 1206000000, 1000000.00, 1, -20.79, -20.79
2026-06-28, 18:08:13, 1206000000, 1207000000, 1000000.00, 1, -20.82, -20.82
2026-06-28, 18:08:13, 1207000000, 1208000000, 1000000.00, 1, -20.95, -20.95
2026-06-28, 18:08:13, 1208000000, 1209000000, 1000000.00, 1, -21.25, -21.25
2026-06-28, 18:08:13, 1209000000, 1210000000, 1000000.00, 1, -21.30, -21.30
2026-06-28, 18:08:13, 1210000000, 1211000000, 1000000.00, 1, -21.49, -21.49
2026-06-28, 18:08:13, 1211000000, 1212000000, 1000000.00, 1, -21.78, -21.78
2026-06-28, 18:08:13, 1212000000, 1213000000, 1000000.00, 1, -21.85, -21.85
2026-06-28, 18:08:13, 1213000000, 1214000000, 1000000.00, 1, -22.09, -22.09
2026-06-28, 18:08:13, 1214000000, 1215000000, 1000000.00, 1, -22.15, -22.15
2026-06-28, 18:08:23, 960000000, 961000000, 1000000.00, 1, -14.85, -14.85
2026-06-28, 18:08:23, 961000000, 962000000, 1000000.00, 1, -15.32, -15.32
2026-06-28, 18:08:23, 962000000, 963000000, 1000000.00, 1, -16.63, -16.63
2026-06-28, 18:08:23, 963000000, 964000000, 1000000.00, 1, -16.62, -16.62
2026-06-28, 18:08:23, 964000000, 965000000, 1000000.00, 1, -14.49, -14.49
2026-06-28, 18:08:23, 965000000, 966000000, 1000000.00, 1, -18.43, -18.43
2026-06-28, 18:08:23, 966000000, 967000000, 1000000.00, 1, -19.13, -19.13
2026-06-28, 18:08:23, 967000000, 968000000, 1000000.00, 1, -19.62, -19.62
2026-06-28, 18:08:23, 968000000, 969000000, 1000000.00, 1, -19.96, -19.96
2026-06-28, 18:08:23, 969000000, 970000000, 1000000.00, 1, -19.63, -19.63
2026-06-28, 18:08:23, 970000000, 971000000, 1000000.00, 1, -19.66, -19.66
2026-06-28, 18:08:23, 971000000, 972000000, 1000000.00, 1, -19.14, -19.14
2026-06-28, 18:08:23, 972000000, 973000000, 1000000.00, 1, -19.06, -19.06
2026-06-28, 18:08:23, 973000000, 974000000, 1000000.00, 1, -18.96, -18.96
2026-06-28, 18:08:23, 974000000, 975000000, 1000000.00, 1, -19.06, -19.06
2026-06-28, 18:08:23, 975000000, 976000000, 1000000.00, 1, -18.72, -18.72
2026-06-28, 18:08:23, 976000000, 977000000, 1000000.00, 1, -18.81, -18.81
2026-06-28, 18:08:23, 977000000, 978000000, 1000000.00, 1, -18.95, -18.95
2026-06-28, 18:08:23, 978000000, 979000000, 1000000.00, 1, -18.83, -18.83
2026-06-28, 18:08:23, 979000000, 980000000, 1000000.00, 1, -11.84, -11.84
2026-06-28, 18:08:23, 980000000, 981000000, 1000000.00, 1, -18.57, -18.57
2026-06-28, 18:08:23, 981000000, 982000000, 1000000.00, 1, -18.09, -18.09
2026-06-28, 18:08:23, 982000000, 983000000, 1000000.00, 1, -17.97, -17.97
2026-06-28, 18:08:23, 983000000, 984000000, 1000000.00, 1, -17.60, -17.60
2026-06-28, 18:08:23, 984000000, 985000000, 1000000.00, 1, -17.60, -17.60
2026-06-28, 18:08:23, 985000000, 986000000, 1000000.00, 1, -17.51, -17.51
2026-06-28, 18:08:23, 986000000, 987000000, 1000000.00, 1, -17.54, -17.54
2026-06-28, 18:08:23, 987000000, 988000000, 1000000.00, 1, -17.38, -17.38
2026-06-28, 18:08:23, 988000000, 989000000, 1000000.00, 1, -17.61, -17.61
2026-06-28, 18:08:23, 989000000, 990000000, 1000000.00, 1, -17.64, -17.64
2026-06-28, 18:08:23, 990000000, 991000000, 1000000.00, 1, -17.69, -17.69
2026-06-28, 18:08:23, 991000000, 992000000, 1000000.00, 1, -17.46, -17.46
2026-06-28, 18:08:23, 992000000, 993000000, 1000000.00, 1, -17.57, -17.57
2026-06-28, 18:08:23, 993000000, 994000000, 1000000.00, 1, -12.88, -12.88
2026-06-28, 18:08:23, 994000000, 995000000, 1000000.00, 1, -17.71, -17.71
2026-06-28, 18:08:23, 995000000, 996000000, 1000000.00, 1, -17.41, -17.41
2026-06-28, 18:08:23, 996000000, 997000000, 1000000.00, 1, -17.72, -17.72
2026-06-28, 18:08:23, 997000000, 998000000, 1000000.00, 1, -17.57, -17.57
2026-06-28, 18:08:23, 998000000, 999000000, 1000000.00, 1, 2.57, 2.57
2026-06-28, 18:08:23, 999000000, 1000000000, 1000000.00, 1, 4.45, 4.45
2026-06-28, 18:08:23, 1000000000, 1001000000, 1000000.00, 1, -17.19, -17.19
2026-06-28, 18:08:23, 1001000000, 1002000000, 1000000.00, 1, -17.95, -17.95
2026-06-28, 18:08:23, 1002000000, 1003000000, 1000000.00, 1, -17.93, -17.93
2026-06-28, 18:08:23, 1003000000, 1004000000, 1000000.00, 1, -17.89, -17.89
2026-06-28, 18:08:23, 1004000000, 1005000000, 1000000.00, 1, -17.88, -17.88
2026-06-28, 18:08:23, 1005000000, 1006000000, 1000000.00, 1, -17.98, -17.98
2026-06-28, 18:08:23, 1006000000, 1007000000, 1000000.00, 1, -17.56, -17.56
2026-06-28, 18:08:23, 1007000000, 1008000000, 1000000.00, 1, -16.66, -16.66
2026-06-28, 18:08:23, 1008000000, 1009000000, 1000000.00, 1, -16.84, -16.84
2026-06-28, 18:08:23, 1009000000, 1010000000, 1000000.00, 1, -17.57, -17.57
2026-06-28, 18:08:23, 1010000000, 1011000000, 1000000.00, 1, -17.64, -17.64
2026-06-28, 18:08:23, 1011000000, 1012000000, 1000000.00, 1, -17.74, -17.74
2026-06-28, 18:08:23, 1012000000, 1013000000, 1000000.00, 1, -17.88, -17.88
2026-06-28, 18:08:23, 1013000000, 1014000000, 1000000.00, 1, -17.56, -17.56
2026-06-28, 18:08:23, 1014000000, 1015000000, 1000000.00, 1, -17.55, -17.55
2026-06-28, 18:08:23, 1015000000, 1016000000, 1000000.00, 1, -17.40, -17.40
2026-06-28, 18:08:23, 1016000000, 1017000000, 1000000.00, 1, -17.51, -17.51
2026-06-28, 18:08:23, 1017000000, 1018000000, 1000000.00, 1, -17.41, -17.41
2026-06-28, 18:08:23, 1018000000, 1019000000, 1000000.00, 1, -17.39, -17.39
2026-06-28, 18:08:23, 1019000000, 1020000000, 1000000.00, 1, -17.36, -17.36
2026-06-28, 18:08:23, 1020000000, 1021000000, 1000000.00, 1, -17.31, -17.31
2026-06-28, 18:08:23, 1021000000, 1022000000, 1000000.00, 1, -17.18, -17.18
2026-06-28, 18:08:23, 1022000000, 1023000000, 1000000.00, 1, -16.33, -16.33
2026-06-28, 18:08:23, 1023000000, 1024000000, 1000000.00, 1, -17.32, -17.32
2026-06-28, 18:08:23, 1024000000, 1025000000, 1000000.00, 1, -17.42, -17.42
2026-06-28, 18:08:23, 1025000000, 1026000000, 1000000.00, 1, -17.63, -17.63
2026-06-28, 18:08:23, 1026000000, 1027000000, 1000000.00, 1, -17.88, -17.88
2026-06-28, 18:08:23, 1027000000, 1028000000, 1000000.00, 1, -17.85, -17.85
2026-06-28, 18:08:23, 1028000000, 1029000000, 1000000.00, 1, -18.03, -18.03
2026-06-28, 18:08:23, 1029000000, 1030000000, 1000000.00, 1, -18.06, -18.06
2026-06-28, 18:08:23, 1030000000, 1031000000, 1000000.00, 1, -18.16, -18.16
2026-06-28, 18:08:23, 1031000000, 1032000000, 1000000.00, 1, -18.32, -18.32
2026-06-28, 18:08:23, 1032000000, 1033000000, 1000000.00, 1, -18.61, -18.61
2026-06-28, 18:08:23, 1033000000, 1034000000, 1000000.00, 1, -18.82, -18.82
2026-06-28, 18:08:23, 1034000000, 1035000000, 1000000.00, 1, -18.94, -18.94
2026-06-28, 18:08:23, 1035000000, 1036000000, 1000000.00, 1, -19.23, -19.23
2026-06-28, 18:08:23, 1036000000, 1037000000, 1000000.00, 1, -19.06, -19.06
2026-06-28, 18:08:23, 1037000000, 1038000000, 1000000.00, 1, -19.79, -19.79
2026-06-28, 18:08:23, 1038000000, 1039000000, 1000000.00, 1, -19.91, -19.91
2026-06-28, 18:08:23, 1039000000, 1040000000, 1000000.00, 1, -20.25, -20.25
2026-06-28, 18:08:23, 1040000000, 1041000000, 1000000.00, 1, -20.55, -20.55
2026-06-28, 18:08:23, 1041000000, 1042000000, 1000000.00, 1, -20.73, -20.73
2026-06-28, 18:08:23, 1042000000, 1043000000, 1000000.00, 1, -21.04, -21.04
2026-06-28, 18:08:23, 1043000000, 1044000000, 1000000.00, 1, -21.31, -21.31
2026-06-28, 18:08:23, 1044000000, 1045000000, 1000000.00, 1, -21.48, -21.48
2026-06-28, 18:08:23, 1045000000, 1046000000, 1000000.00, 1, -21.67, -21.67
2026-06-28, 18:08:23, 1046000000, 1047000000, 1000000.00, 1, -21.82, -21.82
2026-06-28, 18:08:23, 1047000000, 1048000000, 1000000.00, 1, -21.98, -21.98
2026-06-28, 18:08:23, 1048000000, 1049000000, 1000000.00, 1, -20.21, -20.21
2026-06-28, 18:08:23, 1049000000, 1050000000, 1000000.00, 1, -21.46, -21.46
2026-06-28, 18:08:23, 1050000000, 1051000000, 1000000.00, 1, -21.75, -21.75
2026-06-28, 18:08:23, 1051000000, 1052000000, 1000000.00, 1, -21.06, -21.06
2026-06-28, 18:08:23, 1052000000, 1053000000, 1000000.00, 1, -21.41, -21.41
2026-06-28, 18:08:23, 1053000000, 1054000000, 1000000.00, 1, -21.69, -21.69
2026-06-28, 18:08:23, 1054000000, 1055000000, 1000000.00, 1, -21.71, -21.71
2026-06-28, 18:08:23, 1055000000, 1056000000, 1000000.00, 1, -21.84, -21.84
2026-06-28, 18:08:23, 1056000000, 1057000000, 1000000.00, 1, -21.93, -21.93
2026-06-28, 18:08:23, 1057000000, 1058000000, 1000000.00, 1, -21.94, -21.94
2026-06-28, 18:08:23, 1058000000, 1059000000, 1000000.00, 1, -21.90, -21.90
2026-06-28, 18:08:23, 1059000000, 1060000000, 1000000.00, 1, -21.75, -21.75
2026-06-28, 18:08:23, 1060000000, 1061000000, 1000000.00, 1, -21.62, -21.62
2026-06-28, 18:08:23, 1061000000, 1062000000, 1000000.00, 1, -21.68, -21.68
2026-06-28, 18:08:23, 1062000000, 1063000000, 1000000.00, 1, -21.61, -21.61
2026-06-28, 18:08:23, 1063000000, 1064000000, 1000000.00, 1, -21.75, -21.75
2026-06-28, 18:08:23, 1064000000, 1065000000, 1000000.00, 1, -21.62, -21.62
2026-06-28, 18:08:23, 1065000000, 1066000000, 1000000.00, 1, -20.95, -20.95
2026-06-28, 18:08:23, 1066000000, 1067000000, 1000000.00, 1, -21.56, -21.56
2026-06-28, 18:08:23, 1067000000, 1068000000, 1000000.00, 1, -21.60, -21.60
2026-06-28, 18:08:23, 1068000000, 1069000000, 1000000.00, 1, -21.75, -21.75
2026-06-28, 18:08:23, 1069000000, 1070000000, 1000000.00, 1, -21.93, -21.93
2026-06-28, 18:08:23, 1070000000, 1071000000, 1000000.00, 1, -22.15, -22.15
2026-06-28, 18:08:23, 1071000000, 1072000000, 1000000.00, 1, -22.20, -22.20
2026-06-28, 18:08:23, 1072000000, 1073000000, 1000000.00, 1, -22.38, -22.38
2026-06-28, 18:08:23, 1073000000, 1074000000, 1000000.00, 1, -22.45, -22.45
2026-06-28, 18:08:23, 1074000000, 1075000000, 1000000.00, 1, -22.47, -22.47
2026-06-28, 18:08:23, 1075000000, 1076000000, 1000000.00, 1, -22.65, -22.65
2026-06-28, 18:08:23, 1076000000, 1077000000, 1000000.00, 1, -22.73, -22.73
2026-06-28, 18:08:23, 1077000000, 1078000000, 1000000.00, 1, -22.85, -22.85
2026-06-28, 18:08:23, 1078000000, 1079000000, 1000000.00, 1, -22.78, -22.78
2026-06-28, 18:08:23, 1079000000, 1080000000, 1000000.00, 1, -22.64, -22.64
2026-06-28, 18:08:23, 1080000000, 1081000000, 1000000.00, 1, -22.90, -22.90
2026-06-28, 18:08:23, 1081000000, 1082000000, 1000000.00, 1, -22.97, -22.97
2026-06-28, 18:08:23, 1082000000, 1083000000, 1000000.00, 1, -22.90, -22.90
2026-06-28, 18:08:23, 1083000000, 1084000000, 1000000.00, 1, -22.94, -22.94
2026-06-28, 18:08:23, 1084000000, 1085000000, 1000000.00, 1, -23.06, -23.06
2026-06-28, 18:08:23, 1085000000, 1086000000, 1000000.00, 1, -23.17, -23.17
2026-06-28, 18:08:23, 1086000000, 1087000000, 1000000.00, 1, -23.25, -23.25
2026-06-28, 18:08:23, 1087000000, 1088000000, 1000000.00, 1, -23.37, -23.37
2026-06-28, 18:08:23, 1088000000, 1089000000, 1000000.00, 1, -23.30, -23.30
2026-06-28, 18:08:23, 1089000000, 1090000000, 1000000.00, 1, -22.99, -22.99
2026-06-28, 18:08:23, 1090000000, 1091000000, 1000000.00, 1, -23.13, -23.13
2026-06-28, 18:08:23, 1091000000, 1092000000, 1000000.00, 1, -23.28, -23.28
2026-06-28, 18:08:23, 1092000000, 1093000000, 1000000.00, 1, -23.30, -23.30
2026-06-28, 18:08:23, 1093000000, 1094000000, 1000000.00, 1, -23.33, -23.33
2026-06-28, 18:08:23, 1094000000, 1095000000, 1000000.00, 1, -23.19, -23.19
2026-06-28, 18:08:23, 1095000000, 1096000000, 1000000.00, 1, -23.32, -23.32
2026-06-28, 18:08:23, 1096000000, 1097000000, 1000000.00, 1, -23.24, -23.24
2026-06-28, 18:08:23, 1097000000, 1098000000, 1000000.00, 1, -23.29, -23.29
2026-06-28, 18:08:23, 1098000000, 1099000000, 1000000.00, 1, -23.21, -23.21
2026-06-28, 18:08:23, 1099000000, 1100000000, 1000000.00, 1, -23.12, -23.12
2026-06-28, 18:08:23, 1100000000, 1101000000, 1000000.00, 1, -23.19, -23.19
2026-06-28, 18:08:23, 1101000000, 1102000000, 1000000.00, 1, -23.25, -23.25
2026-06-28, 18:08:23, 1102000000, 1103000000, 1000000.00, 1, -23.21, -23.21
2026-06-28, 18:08:23, 1103000000, 1104000000, 1000000.00, 1, -23.18, -23.18
2026-06-28, 18:08:23, 1104000000, 1105000000, 1000000.00, 1, -23.24, -23.24
2026-06-28, 18:08:23, 1105000000, 1106000000, 1000000.00, 1, -23.30, -23.30
2026-06-28, 18:08:23, 1106000000, 1107000000, 1000000.00, 1, -23.26, -23.26
2026-06-28, 18:08:23, 1107000000, 1108000000, 1000000.00, 1, -23.27, -23.27
2026-06-28, 18:08:23, 1108000000, 1109000000, 1000000.00, 1, -23.19, -23.19
2026-06-28, 18:08:23, 1109000000, 1110000000, 1000000.00, 1, -23.13, -23.13
2026-06-28, 18:08:23, 1110000000, 1111000000, 1000000.00, 1, -23.13, -23.13
2026-06-28, 18:08:23, 1111000000, 1112000000, 1000000.00, 1, -23.05, -23.05
2026-06-28, 18:08:23, 1112000000, 1113000000, 1000000.00, 1, -22.93, -22.93
2026-06-28, 18:08:23, 1113000000, 1114000000, 1000000.00, 1, -22.98, -22.98
2026-06-28, 18:08:23, 1114000000, 1115000000, 1000000.00, 1, -22.90, -22.90
2026-06-28, 18:08:23, 1115000000, 1116000000, 1000000.00, 1, -22.78, -22.78
2026-06-28, 18:08:23, 1116000000, 1117000000, 1000000.00, 1, -22.77, -22.77
2026-06-28, 18:08:23, 1117000000, 1118000000, 1000000.00, 1, -22.64, -22.64
2026-06-28, 18:08:23, 1118000000, 1119000000, 1000000.00, 1, -22.80, -22.80
2026-06-28, 18:08:23, 1119000000, 1120000000, 1000000.00, 1, -22.80, -22.80
2026-06-28, 18:08:23, 1120000000, 1121000000, 1000000.00, 1, -22.81, -22.81
2026-06-28, 18:08:23, 1121000000, 1122000000, 1000000.00, 1, -22.75, -22.75
2026-06-28, 18:08:23, 1122000000, 1123000000, 1000000.00, 1, -22.70, -22.70
2026-06-28, 18:08:23, 1123000000, 1124000000, 1000000.00, 1, -22.31, -22.31
2026-06-28, 18:08:23, 1124000000, 1125000000, 1000000.00, 1, -22.76, -22.76
2026-06-28, 18:08:23, 1125000000, 1126000000, 1000000.00, 1, -22.76, -22.76
2026-06-28, 18:08:23, 1126000000, 1127000000, 1000000.00, 1, -22.68, -22.68
2026-06-28, 18:08:23, 1127000000, 1128000000, 1000000.00, 1, -22.58, -22.58
2026-06-28, 18:08:23, 1128000000, 1129000000, 1000000.00, 1, -22.75, -22.75
2026-06-28, 18:08:23, 1129000000, 1130000000, 1000000.00, 1, -22.69, -22.69
2026-06-28, 18:08:23, 1130000000, 1131000000, 1000000.00, 1, -22.86, -22.86
2026-06-28, 18:08:23, 1131000000, 1132000000, 1000000.00, 1, -23.01, -23.01
2026-06-28, 18:08:23, 1132000000, 1133000000, 1000000.00, 1, -23.06, -23.06
2026-06-28, 18:08:23, 1133000000, 1134000000, 1000000.00, 1, -23.09, -23.09
2026-06-28, 18:08:23, 1134000000, 1135000000, 1000000.00, 1, -23.06, -23.06
2026-06-28, 18:08:23, 1135000000, 1136000000, 1000000.00, 1, -23.01, -23.01
2026-06-28, 18:08:23, 1136000000, 1137000000, 1000000.00, 1, -23.04, -23.04
2026-06-28, 18:08:23, 1137000000, 1138000000, 1000000.00, 1, -23.07, -23.07
2026-06-28, 18:08:23, 1138000000, 1139000000, 1000000.00, 1, -23.24, -23.24
2026-06-28, 18:08:23, 1139000000, 1140000000, 1000000.00, 1, -22.97, -22.97
2026-06-28, 18:08:23, 1140000000, 1141000000, 1000000.00, 1, -23.19, -23.19
2026-06-28, 18:08:23, 1141000000, 1142000000, 1000000.00, 1, -23.01, -23.01
2026-06-28, 18:08:23, 1142000000, 1143000000, 1000000.00, 1, -23.03, -23.03
2026-06-28, 18:08:23, 1143000000, 1144000000, 1000000.00, 1, -22.95, -22.95
2026-06-28, 18:08:23, 1144000000, 1145000000, 1000000.00, 1, -23.08, -23.08
2026-06-28, 18:08:23, 1145000000, 1146000000, 1000000.00, 1, -23.07, -23.07
2026-06-28, 18:08:23, 1146000000, 1147000000, 1000000.00, 1, -23.22, -23.22
2026-06-28, 18:08:23, 1147000000, 1148000000, 1000000.00, 1, -23.14, -23.14
2026-06-28, 18:08:23, 1148000000, 1149000000, 1000000.00, 1, -23.00, -23.00
2026-06-28, 18:08:23, 1149000000, 1150000000, 1000000.00, 1, -23.11, -23.11
2026-06-28, 18:08:23, 1150000000, 1151000000, 1000000.00, 1, -22.92, -22.92
2026-06-28, 18:08:23, 1151000000, 1152000000, 1000000.00, 1, -22.81, -22.81
2026-06-28, 18:08:23, 1152000000, 1153000000, 1000000.00, 1, -22.64, -22.64
2026-06-28, 18:08:23, 1153000000, 1154000000, 1000000.00, 1, -22.65, -22.65
2026-06-28, 18:08:23, 1154000000, 1155000000, 1000000.00, 1, -22.56, -22.56
2026-06-28, 18:08:23, 1155000000, 1156000000, 1000000.00, 1, -22.51, -22.51
2026-06-28, 18:08:23, 1156000000, 1157000000, 1000000.00, 1, -22.44, -22.44
2026-06-28, 18:08:23, 1157000000, 1158000000, 1000000.00, 1, -22.56, -22.56
2026-06-28, 18:08:23, 1158000000, 1159000000, 1000000.00, 1, -22.55, -22.55
2026-06-28, 18:08:23, 1159000000, 1160000000, 1000000.00, 1, -22.63, -22.63
2026-06-28, 18:08:23, 1160000000, 1161000000, 1000000.00, 1, -22.63, -22.63
2026-06-28, 18:08:23, 1161000000, 1162000000, 1000000.00, 1, -22.73, -22.73
2026-06-28, 18:08:23, 1162000000, 1163000000, 1000000.00, 1, -22.66, -22.66
2026-06-28, 18:08:23, 1163000000, 1164000000, 1000000.00, 1, -22.65, -22.65
2026-06-28, 18:08:23, 1164000000, 1165000000, 1000000.00, 1, -22.75, -22.75
2026-06-28, 18:08:23, 1165000000, 1166000000, 1000000.00, 1, -22.75, -22.75
2026-06-28, 18:08:23, 1166000000, 1167000000, 1000000.00, 1, -22.72, -22.72
2026-06-28, 18:08:23, 1167000000, 1168000000, 1000000.00, 1, -22.69, -22.69
2026-06-28, 18:08:23, 1168000000, 1169000000, 1000000.00, 1, -22.82, -22.82
2026-06-28, 18:08:23, 1169000000, 1170000000, 1000000.00, 1, -22.73, -22.73
2026-06-28, 18:08:23, 1170000000, 1171000000, 1000000.00, 1, -22.50, -22.50
2026-06-28, 18:08:23, 1171000000, 1172000000, 1000000.00, 1, -22.04, -22.04
2026-06-28, 18:08:23, 1172000000, 1173000000, 1000000.00, 1, -21.82, -21.82
2026-06-28, 18:08:23, 1173000000, 1174000000, 1000000.00, 1, -22.34, -22.34
2026-06-28, 18:08:23, 1174000000, 1175000000, 1000000.00, 1, -22.31, -22.31
2026-06-28, 18:08:23, 1175000000, 1176000000, 1000000.00, 1, -22.48, -22.48
2026-06-28, 18:08:23, 1176000000, 1177000000, 1000000.00, 1, -22.55, -22.55
2026-06-28, 18:08:23, 1177000000, 1178000000, 1000000.00, 1, -22.70, -22.70
2026-06-28, 18:08:23, 1178000000, 1179000000, 1000000.00, 1, -22.66, -22.66
2026-06-28, 18:08:23, 1179000000, 1180000000, 1000000.00, 1, -22.58, -22.58
2026-06-28, 18:08:23, 1180000000, 1181000000, 1000000.00, 1, -22.55, -22.55
2026-06-28, 18:08:23, 1181000000, 1182000000, 1000000.00, 1, -22.70, -22.70
2026-06-28, 18:08:23, 1182000000, 1183000000, 1000000.00, 1, -22.74, -22.74
2026-06-28, 18:08:23, 1183000000, 1184000000, 1000000.00, 1, -22.76, -22.76
2026-06-28, 18:08:23, 1184000000, 1185000000, 1000000.00, 1, -22.72, -22.72
2026-06-28, 18:08:23, 1185000000, 1186000000, 1000000.00, 1, -22.63, -22.63
2026-06-28, 18:08:23, 1186000000, 1187000000, 1000000.00, 1, -22.46, -22.46
2026-06-28, 18:08:23, 1187000000, 1188000000, 1000000.00, 1, -22.22, -22.22
2026-06-28, 18:08:23, 1188000000, 1189000000, 1000000.00, 1, -22.03, -22.03
2026-06-28, 18:08:23, 1189000000, 1190000000, 1000000.00, 1, -21.90, -21.90
2026-06-28, 18:08:23, 1190000000, 1191000000, 1000000.00, 1, -21.63, -21.63
2026-06-28, 18:08:23, 1191000000, 1192000000, 1000000.00, 1, -21.43, -21.43
2026-06-28, 18:08:23, 1192000000, 1193000000, 1000000.00, 1, -21.20, -21.20
2026-06-28, 18:08:23, 1193000000, 1194000000, 1000000.00, 1, -20.98, -20.98
2026-06-28, 18:08:23, 1194000000, 1195000000, 1000000.00, 1, -20.72, -20.72
2026-06-28, 18:08:23, 1195000000, 1196000000, 1000000.00, 1, -20.30, -20.30
2026-06-28, 18:08:23, 1196000000, 1197000000, 1000000.00, 1, -20.14, -20.14
2026-06-28, 18:08:23, 1197000000, 1198000000, 1000000.00, 1, -20.11, -20.11
2026-06-28, 18:08:23, 1198000000, 1199000000, 1000000.00, 1, -17.07, -17.07
2026-06-28, 18:08:23, 1199000000, 1200000000, 1000000.00, 1, -20.04, -20.04
2026-06-28, 18:08:23, 1200000000, 1201000000, 1000000.00, 1, -20.22, -20.22
2026-06-28, 18:08:23, 1201000000, 1202000000, 1000000.00, 1, -20.29, -20.29
2026-06-28, 18:08:23, 1202000000, 1203000000, 1000000.00, 1, -20.23, -20.23
2026-06-28, 18:08:23, 1203000000, 1204000000, 1000000.00, 1, -20.47, -20.47
2026-06-28, 18:08:23, 1204000000, 1205000000, 1000000.00, 1, -20.57, -20.57
2026-06-28, 18:08:23, 1205000000, 1206000000, 1000000.00, 1, -20.76, -20.76
2026-06-28, 18:08:23, 1206000000, 1207000000, 1000000.00, 1, -20.88, -20.88
2026-06-28, 18:08:23, 1207000000, 1208000000, 1000000.00, 1, -21.00, -21.00
2026-06-28, 18:08:23, 1208000000, 1209000000, 1000000.00, 1, -21.20, -21.20
2026-06-28, 18:08:23, 1209000000, 1210000000, 1000000.00, 1, -21.38, -21.38
2026-06-28, 18:08:23, 1210000000, 1211000000, 1000000.00, 1, -21.54, -21.54
2026-06-28, 18:08:23, 1211000000, 1212000000, 1000000.00, 1, -21.70, -21.70
2026-06-28, 18:08:23, 1212000000, 1213000000, 1000000.00, 1, -22.02, -22.02
2026-06-28, 18:08:23, 1213000000, 1214000000, 1000000.00, 1, -22.16, -22.16
2026-06-28, 18:08:23, 1214000000, 1215000000, 1000000.00, 1, -22.26, -22.26
2026-06-28, 18:08:34, 960000000, 961000000, 1000000.00, 1, -14.80, -14.80
2026-06-28, 18:08:34, 961000000, 962000000, 1000000.00, 1, -15.44, -15.44
2026-06-28, 18:08:34, 962000000, 963000000, 1000000.00, 1, -16.68, -16.68
2026-06-28, 18:08:34, 963000000, 964000000, 1000000.00, 1, -16.68, -16.68
2026-06-28, 18:08:34, 964000000, 965000000, 1000000.00, 1, -14.55, -14.55
2026-06-28, 18:08:34, 965000000, 966000000, 1000000.00, 1, -18.60, -18.60
2026-06-28, 18:08:34, 966000000, 967000000, 1000000.00, 1, -19.22, -19.22
2026-06-28, 18:08:34, 967000000, 968000000, 1000000.00, 1, -19.67, -19.67
2026-06-28, 18:08:34, 968000000, 969000000, 1000000.00, 1, -19.83, -19.83
2026-06-28, 18:08:34, 969000000, 970000000, 1000000.00, 1, -19.73, -19.73
2026-06-28, 18:08:34, 970000000, 971000000, 1000000.00, 1, -19.68, -19.68
2026-06-28, 18:08:34, 971000000, 972000000, 1000000.00, 1, -19.11, -19.11
2026-06-28, 18:08:34, 972000000, 973000000, 1000000.00, 1, -19.09, -19.09
2026-06-28, 18:08:34, 973000000, 974000000, 1000000.00, 1, -18.82, -18.82
2026-06-28, 18:08:34, 974000000, 975000000, 1000000.00, 1, -19.08, -19.08
2026-06-28, 18:08:34, 975000000, 976000000, 1000000.00, 1, -18.77, -18.77
2026-06-28, 18:08:34, 976000000, 977000000, 1000000.00, 1, -18.74, -18.74
2026-06-28, 18:08:34, 977000000, 978000000, 1000000.00, 1, -18.84, -18.84
2026-06-28, 18:08:34, 978000000, 979000000, 1000000.00, 1, -18.68, -18.68
2026-06-28, 18:08:34, 979000000, 980000000, 1000000.00, 1, -11.96, -11.96
2026-06-28, 18:08:34, 980000000, 981000000, 1000000.00, 1, -18.57, -18.57
2026-06-28, 18:08:34, 981000000, 982000000, 1000000.00, 1, -18.03, -18.03
2026-06-28, 18:08:34, 982000000, 983000000, 1000000.00, 1, -17.93, -17.93
2026-06-28, 18:08:34, 983000000, 984000000, 1000000.00, 1, -17.55, -17.55
2026-06-28, 18:08:34, 984000000, 985000000, 1000000.00, 1, -17.62, -17.62
2026-06-28, 18:08:34, 985000000, 986000000, 1000000.00, 1, -17.40, -17.40
2026-06-28, 18:08:34, 986000000, 987000000, 1000000.00, 1, -17.58, -17.58
2026-06-28, 18:08:34, 987000000, 988000000, 1000000.00, 1, -17.46, -17.46
2026-06-28, 18:08:34, 988000000, 989000000, 1000000.00, 1, -17.62, -17.62
2026-06-28, 18:08:34, 989000000, 990000000, 1000000.00, 1, -17.43, -17.43
2026-06-28, 18:08:34, 990000000, 991000000, 1000000.00, 1, -17.53, -17.53
2026-06-28, 18:08:34, 991000000, 992000000, 1000000.00, 1, -17.45, -17.45
2026-06-28, 18:08:34, 992000000, 993000000, 1000000.00, 1, -17.49, -17.49
2026-06-28, 18:08:34, 993000000, 994000000, 1000000.00, 1, -12.85, -12.85
2026-06-28, 18:08:34, 994000000, 995000000, 1000000.00, 1, -17.49, -17.49
2026-06-28, 18:08:34, 995000000, 996000000, 1000000.00, 1, -17.52, -17.52
2026-06-28, 18:08:34, 996000000, 997000000, 1000000.00, 1, -17.43, -17.43
2026-06-28, 18:08:34, 997000000, 998000000, 1000000.00, 1, -17.43, -17.43
2026-06-28, 18:08:34, 998000000, 999000000, 1000000.00, 1, 2.56, 2.56
2026-06-28, 18:08:34, 999000000, 1000000000, 1000000.00, 1, 4.45, 4.45
2026-06-28, 18:08:34, 1000000000, 1001000000, 1000000.00, 1, -17.54, -17.54
2026-06-28, 18:08:34, 1001000000, 1002000000, 1000000.00, 1, -17.80, -17.80
2026-06-28, 18:08:34, 1002000000, 1003000000, 1000000.00, 1, -17.90, -17.90
2026-06-28, 18:08:34, 1003000000, 1004000000, 1000000.00, 1, -17.80, -17.80
2026-06-28, 18:08:34, 1004000000, 1005000000, 1000000.00, 1, -17.62, -17.62
2026-06-28, 18:08:34, 1005000000, 1006000000, 1000000.00, 1, -17.74, -17.74
2026-06-28, 18:08:34, 1006000000, 1007000000, 1000000.00, 1, -17.67, -17.67
2026-06-28, 18:08:34, 1007000000, 1008000000, 1000000.00, 1, -16.93, -16.93
2026-06-28, 18:08:34, 1008000000, 1009000000, 1000000.00, 1, -16.91, -16.91
2026-06-28, 18:08:34, 1009000000, 1010000000, 1000000.00, 1, -17.62, -17.62
2026-06-28, 18:08:34, 1010000000, 1011000000, 1000000.00, 1, -17.89, -17.89
2026-06-28, 18:08:34, 1011000000, 1012000000, 1000000.00, 1, -17.93, -17.93
2026-06-28, 18:08:34, 1012000000, 1013000000, 1000000.00, 1, -17.94, -17.94
2026-06-28, 18:08:34, 1013000000, 1014000000, 1000000.00, 1, -17.76, -17.76
2026-06-28, 18:08:34, 1014000000, 1015000000, 1000000.00, 1, -17.74, -17.74
2026-06-28, 18:08:34, 1015000000, 1016000000, 1000000.00, 1, -17.66, -17.66
2026-06-28, 18:08:34, 1016000000, 1017000000, 1000000.00, 1, -17.66, -17.66
2026-06-28, 18:08:34, 1017000000, 1018000000, 1000000.00, 1, -17.58, -17.58
2026-06-28, 18:08:34, 1018000000, 1019000000, 1000000.00, 1, -17.61, -17.61
2026-06-28, 18:08:34, 1019000000, 1020000000, 1000000.00, 1, -17.42, -17.42
2026-06-28, 18:08:34, 1020000000, 1021000000, 1000000.00, 1, -17.49, -17.49
2026-06-28, 18:08:34, 1021000000, 1022000000, 1000000.00, 1, -17.39, -17.39
2026-06-28, 18:08:34, 1022000000, 1023000000, 1000000.00, 1, -16.59, -16.59
2026-06-28, 18:08:34, 1023000000, 1024000000, 1000000.00, 1, -17.42, -17.42
2026-06-28, 18:08:34, 1024000000, 1025000000, 1000000.00, 1, -17.61, -17.61
2026-06-28, 18:08:34, 1025000000, 1026000000, 1000000.00, 1, -17.77, -17.77
2026-06-28, 18:08:34, 1026000000, 1027000000, 1000000.00, 1, -17.92, -17.92
2026-06-28, 18:08:34, 1027000000, 1028000000, 1000000.00, 1, -18.08, -18.08
2026-06-28, 18:08:34, 1028000000, 1029000000, 1000000.00, 1, -18.15, -18.15
2026-06-28, 18:08:34, 1029000000, 1030000000, 1000000.00, 1, -18.20, -18.20
2026-06-28, 18:08:34, 1030000000, 1031000000, 1000000.00, 1, -18.23, -18.23
2026-06-28, 18:08:34, 1031000000, 1032000000, 1000000.00, 1, -18.40, -18.40
2026-06-28, 18:08:34, 1032000000, 1033000000, 1000000.00, 1, -18.59, -18.59
2026-06-28, 18:08:34, 1033000000, 1034000000, 1000000.00, 1, -18.85, -18.85
2026-06-28, 18:08:34, 1034000000, 1035000000, 1000000.00, 1, -19.10, -19.10
2026-06-28, 18:08:34, 1035000000, 1036000000, 1000000.00, 1, -19.19, -19.19
2026-06-28, 18:08:34, 1036000000, 1037000000, 1000000.00, 1, -19.14, -19.14
2026-06-28, 18:08:34, 1037000000, 1038000000, 1000000.00, 1, -19.85, -19.85
2026-06-28, 18:08:34, 1038000000, 1039000000, 1000000.00, 1, -20.04, -20.04
2026-06-28, 18:08:34, 1039000000, 1040000000, 1000000.00, 1, -20.36, -20.36
2026-06-28, 18:08:34, 1040000000, 1041000000, 1000000.00, 1, -20.35, -20.35
2026-06-28, 18:08:34, 1041000000, 1042000000, 1000000.00, 1, -20.91, -20.91
2026-06-28, 18:08:34, 1042000000, 1043000000, 1000000.00, 1, -21.18, -21.18
2026-06-28, 18:08:34, 1043000000, 1044000000, 1000000.00, 1, -21.44, -21.44
2026-06-28, 18:08:34, 1044000000, 1045000000, 1000000.00, 1, -21.63, -21.63
2026-06-28, 18:08:34, 1045000000, 1046000000, 1000000.00, 1, -21.81, -21.81
2026-06-28, 18:08:34, 1046000000, 1047000000, 1000000.00, 1, -21.80, -21.80
2026-06-28, 18:08:34, 1047000000, 1048000000, 1000000.00, 1, -22.01, -22.01
2026-06-28, 18:08:34, 1048000000, 1049000000, 1000000.00, 1, -19.73, -19.73
2026-06-28, 18:08:34, 1049000000, 1050000000, 1000000.00, 1, -21.27, -21.27
2026-06-28, 18:08:34, 1050000000, 1051000000, 1000000.00, 1, -21.80, -21.80
2026-06-28, 18:08:34, 1051000000, 1052000000, 1000000.00, 1, -21.14, -21.14
2026-06-28, 18:08:34, 1052000000, 1053000000, 1000000.00, 1, -21.68, -21.68
2026-06-28, 18:08:34, 1053000000, 1054000000, 1000000.00, 1, -21.63, -21.63
2026-06-28, 18:08:34, 1054000000, 1055000000, 1000000.00, 1, -21.84, -21.84
2026-06-28, 18:08:34, 1055000000, 1056000000, 1000000.00, 1, -21.82, -21.82
2026-06-28, 18:08:34, 1056000000, 1057000000, 1000000.00, 1, -21.95, -21.95
2026-06-28, 18:08:34, 1057000000, 1058000000, 1000000.00, 1, -22.02, -22.02
2026-06-28, 18:08:34, 1058000000, 1059000000, 1000000.00, 1, -21.86, -21.86
2026-06-28, 18:08:34, 1059000000, 1060000000, 1000000.00, 1, -21.82, -21.82
2026-06-28, 18:08:34, 1060000000, 1061000000, 1000000.00, 1, -21.73, -21.73
2026-06-28, 18:08:34, 1061000000, 1062000000, 1000000.00, 1, -21.78, -21.78
2026-06-28, 18:08:34, 1062000000, 1063000000, 1000000.00, 1, -21.71, -21.71
2026-06-28, 18:08:34, 1063000000, 1064000000, 1000000.00, 1, -21.64, -21.64
2026-06-28, 18:08:34, 1064000000, 1065000000, 1000000.00, 1, -21.73, -21.73
2026-06-28, 18:08:34, 1065000000, 1066000000, 1000000.00, 1, -21.07, -21.07
2026-06-28, 18:08:34, 1066000000, 1067000000, 1000000.00, 1, -21.64, -21.64
2026-06-28, 18:08:34, 1067000000, 1068000000, 1000000.00, 1, -21.70, -21.70
2026-06-28, 18:08:34, 1068000000, 1069000000, 1000000.00, 1, -21.82, -21.82
2026-06-28, 18:08:34, 1069000000, 1070000000, 1000000.00, 1, -21.99, -21.99
2026-06-28, 18:08:34, 1070000000, 1071000000, 1000000.00, 1, -22.17, -22.17
2026-06-28, 18:08:34, 1071000000, 1072000000, 1000000.00, 1, -22.31, -22.31
2026-06-28, 18:08:34, 1072000000, 1073000000, 1000000.00, 1, -22.45, -22.45
2026-06-28, 18:08:34, 1073000000, 1074000000, 1000000.00, 1, -22.44, -22.44
2026-06-28, 18:08:34, 1074000000, 1075000000, 1000000.00, 1, -22.58, -22.58
2026-06-28, 18:08:34, 1075000000, 1076000000, 1000000.00, 1, -22.72, -22.72
2026-06-28, 18:08:34, 1076000000, 1077000000, 1000000.00, 1, -22.73, -22.73
2026-06-28, 18:08:34, 1077000000, 1078000000, 1000000.00, 1, -22.82, -22.82
2026-06-28, 18:08:34, 1078000000, 1079000000, 1000000.00, 1, -22.92, -22.92
2026-06-28, 18:08:34, 1079000000, 1080000000, 1000000.00, 1, -22.75, -22.75
2026-06-28, 18:08:34, 1080000000, 1081000000, 1000000.00, 1, -22.85, -22.85
2026-06-28, 18:08:34, 1081000000, 1082000000, 1000000.00, 1, -22.92, -22.92
2026-06-28, 18:08:34, 1082000000, 1083000000, 1000000.00, 1, -22.93, -22.93
2026-06-28, 18:08:34, 1083000000, 1084000000, 1000000.00, 1, -23.11, -23.11
2026-06-28, 18:08:34, 1084000000, 1085000000, 1000000.00, 1, -23.13, -23.13
2026-06-28, 18:08:34, 1085000000, 1086000000, 1000000.00, 1, -23.24, -23.24
2026-06-28, 18:08:34, 1086000000, 1087000000, 1000000.00, 1, -23.20, -23.20
2026-06-28, 18:08:34, 1087000000, 1088000000, 1000000.00, 1, -23.35, -23.35
2026-06-28, 18:08:34, 1088000000, 1089000000, 1000000.00, 1, -23.36, -23.36
2026-06-28, 18:08:34, 1089000000, 1090000000, 1000000.00, 1, -22.78, -22.78
2026-06-28, 18:08:34, 1090000000, 1091000000, 1000000.00, 1, -23.04, -23.04
2026-06-28, 18:08:34, 1091000000, 1092000000, 1000000.00, 1, -23.26, -23.26
2026-06-28, 18:08:34, 1092000000, 1093000000, 1000000.00, 1, -23.36, -23.36
2026-06-28, 18:08:34, 1093000000, 1094000000, 1000000.00, 1, -23.43, -23.43
2026-06-28, 18:08:34, 1094000000, 1095000000, 1000000.00, 1, -23.23, -23.23
2026-06-28, 18:08:34, 1095000000, 1096000000, 1000000.00, 1, -23.35, -23.35
2026-06-28, 18:08:34, 1096000000, 1097000000, 1000000.00, 1, -23.21, -23.21
2026-06-28, 18:08:34, 1097000000, 1098000000, 1000000.00, 1, -23.30, -23.30
2026-06-28, 18:08:34, 1098000000, 1099000000, 1000000.00, 1, -23.16, -23.16
2026-06-28, 18:08:34, 1099000000, 1100000000, 1000000.00, 1, -23.10, -23.10
2026-06-28, 18:08:34, 1100000000, 1101000000, 1000000.00, 1, -23.20, -23.20
2026-06-28, 18:08:34, 1101000000, 1102000000, 1000000.00, 1, -23.15, -23.15
2026-06-28, 18:08:34, 1102000000, 1103000000, 1000000.00, 1, -23.28, -23.28
2026-06-28, 18:08:34, 1103000000, 1104000000, 1000000.00, 1, -23.26, -23.26
2026-06-28, 18:08:34, 1104000000, 1105000000, 1000000.00, 1, -23.19, -23.19
2026-06-28, 18:08:34, 1105000000, 1106000000, 1000000.00, 1, -23.30, -23.30
2026-06-28, 18:08:34, 1106000000, 1107000000, 1000000.00, 1, -23.23, -23.23
2026-06-28, 18:08:34, 1107000000, 1108000000, 1000000.00, 1, -23.28, -23.28
2026-06-28, 18:08:34, 1108000000, 1109000000, 1000000.00, 1, -23.14, -23.14
2026-06-28, 18:08:34, 1109000000, 1110000000, 1000000.00, 1, -23.09, -23.09
2026-06-28, 18:08:34, 1110000000, 1111000000, 1000000.00, 1, -23.10, -23.10
2026-06-28, 18:08:34, 1111000000, 1112000000, 1000000.00, 1, -22.99, -22.99
2026-06-28, 18:08:34, 1112000000, 1113000000, 1000000.00, 1, -22.96, -22.96
2026-06-28, 18:08:34, 1113000000, 1114000000, 1000000.00, 1, -22.82, -22.82
2026-06-28, 18:08:34, 1114000000, 1115000000, 1000000.00, 1, -22.79, -22.79
2026-06-28, 18:08:34, 1115000000, 1116000000, 1000000.00, 1, -22.82, -22.82
2026-06-28, 18:08:34, 1116000000, 1117000000, 1000000.00, 1, -22.82, -22.82
2026-06-28, 18:08:34, 1117000000, 1118000000, 1000000.00, 1, -22.64, -22.64
2026-06-28, 18:08:34, 1118000000, 1119000000, 1000000.00, 1, -22.74, -22.74
2026-06-28, 18:08:34, 1119000000, 1120000000, 1000000.00, 1, -22.75, -22.75
2026-06-28, 18:08:34, 1120000000, 1121000000, 1000000.00, 1, -22.77, -22.77
2026-06-28, 18:08:34, 1121000000, 1122000000, 1000000.00, 1, -22.82, -22.82
2026-06-28, 18:08:34, 1122000000, 1123000000, 1000000.00, 1, -22.70, -22.70
2026-06-28, 18:08:34, 1123000000, 1124000000, 1000000.00, 1, -22.44, -22.44
2026-06-28, 18:08:34, 1124000000, 1125000000, 1000000.00, 1, -22.83, -22.83
2026-06-28, 18:08:34, 1125000000, 1126000000, 1000000.00, 1, -22.76, -22.76
2026-06-28, 18:08:34, 1126000000, 1127000000, 1000000.00, 1, -22.75, -22.75
2026-06-28, 18:08:34, 1127000000, 1128000000, 1000000.00, 1, -22.69, -22.69
2026-06-28, 18:08:34, 1128000000, 1129000000, 1000000.00, 1, -22.66, -22.66
2026-06-28, 18:08:34, 1129000000, 1130000000, 1000000.00, 1, -22.85, -22.85
2026-06-28, 18:08:34, 1130000000, 1131000000, 1000000.00, 1, -22.72, -22.72
2026-06-28, 18:08:34, 1131000000, 1132000000, 1000000.00, 1, -23.00, -23.00
2026-06-28, 18:08:34, 1132000000, 1133000000, 1000000.00, 1, -23.09, -23.09
2026-06-28, 18:08:34, 1133000000, 1134000000, 1000000.00, 1, -23.20, -23.20
2026-06-28, 18:08:34, 1134000000, 1135000000, 1000000.00, 1, -23.05, -23.05
2026-06-28, 18:08:34, 1135000000, 1136000000, 1000000.00, 1, -23.05, -23.05
2026-06-28, 18:08:34, 1136000000, 1137000000, 1000000.00, 1, -23.04, -23.04
2026-06-28, 18:08:34, 1137000000, 1138000000, 1000000.00, 1, -23.08, -23.08
2026-06-28, 18:08:34, 1138000000, 1139000000, 1000000.00, 1, -23.14, -23.14
2026-06-28, 18:08:34, 1139000000, 1140000000, 1000000.00, 1, -23.16, -23.16
2026-06-28, 18:08:34, 1140000000, 1141000000, 1000000.00, 1, -23.12, -23.12
2026-06-28, 18:08:34, 1141000000, 1142000000, 1000000.00, 1, -23.08, -23.08
2026-06-28, 18:08:34, 1142000000, 1143000000, 1000000.00, 1, -23.03, -23.03
2026-06-28, 18:08:34, 1143000000, 1144000000, 1000000.00, 1, -23.00, -23.00
2026-06-28, 18:08:34, 1144000000, 1145000000, 1000000.00, 1, -23.08, -23.08
2026-06-28, 18:08:34, 1145000000, 1146000000, 1000000.00, 1, -23.10, -23.10
2026-06-28, 18:08:34, 1146000000, 1147000000, 1000000.00, 1, -23.11, -23.11
2026-06-28, 18:08:34, 1147000000, 1148000000, 1000000.00, 1, -23.16, -23.16
2026-06-28, 18:08:34, 1148000000, 1149000000, 1000000.00, 1, -22.99, -22.99
2026-06-28, 18:08:34, 1149000000, 1150000000, 1000000.00, 1, -23.02, -23.02
2026-06-28, 18:08:34, 1150000000, 1151000000, 1000000.00, 1, -22.98, -22.98
2026-06-28, 18:08:34, 1151000000, 1152000000, 1000000.00, 1, -22.81, -22.81
2026-06-28, 18:08:34, 1152000000, 1153000000, 1000000.00, 1, -22.74, -22.74
2026-06-28, 18:08:34, 1153000000, 1154000000, 1000000.00, 1, -22.63, -22.63
2026-06-28, 18:08:34, 1154000000, 1155000000, 1000000.00, 1, -22.53, -22.53
2026-06-28, 18:08:34, 1155000000, 1156000000, 1000000.00, 1, -22.50, -22.50
2026-06-28, 18:08:34, 1156000000, 1157000000, 1000000.00, 1, -22.51, -22.51
2026-06-28, 18:08:34, 1157000000, 1158000000, 1000000.00, 1, -22.44, -22.44
2026-06-28, 18:08:34, 1158000000, 1159000000, 1000000.00, 1, -22.51, -22.51
2026-06-28, 18:08:34, 1159000000, 1160000000, 1000000.00, 1, -22.56, -22.56
2026-06-28, 18:08:34, 1160000000, 1161000000, 1000000.00, 1, -22.65, -22.65
2026-06-28, 18:08:34, 1161000000, 1162000000, 1000000.00, 1, -22.72, -22.72
2026-06-28, 18:08:34, 1162000000, 1163000000, 1000000.00, 1, -22.64, -22.64
2026-06-28, 18:08:34, 1163000000, 1164000000, 1000000.00, 1, -22.71, -22.71
2026-06-28, 18:08:34, 1164000000, 1165000000, 1000000.00, 1, -22.66, -22.66
2026-06-28, 18:08:34, 1165000000, 1166000000, 1000000.00, 1, -22.68, -22.68
2026-06-28, 18:08:34, 1166000000, 1167000000, 1000000.00, 1, -22.71, -22.71
2026-06-28, 18:08:34, 1167000000, 1168000000, 1000000.00, 1, -22.79, -22.79
2026-06-28, 18:08:34, 1168000000, 1169000000, 1000000.00, 1, -22.83, -22.83
2026-06-28, 18:08:34, 1169000000, 1170000000, 1000000.00, 1, -22.81, -22.81
2026-06-28, 18:08:34, 1170000000, 1171000000, 1000000.00, 1, -22.48, -22.48
2026-06-28, 18:08:34, 1171000000, 1172000000, 1000000.00, 1, -21.92, -21.92
2026-06-28, 18:08:34, 1172000000, 1173000000, 1000000.00, 1, -21.89, -21.89
2026-06-28, 18:08:34, 1173000000, 1174000000, 1000000.00, 1, -22.23, -22.23
2026-06-28, 18:08:34, 1174000000, 1175000000, 1000000.00, 1, -22.39, -22.39
2026-06-28, 18:08:34, 1175000000, 1176000000, 1000000.00, 1, -22.49, -22.49
2026-06-28, 18:08:34, 1176000000, 1177000000, 1000000.00, 1, -22.62, -22.62
2026-06-28, 18:08:34, 1177000000, 1178000000, 1000000.00, 1, -22.71, -22.71
2026-06-28, 18:08:34, 1178000000, 1179000000, 1000000.00, 1, -22.78, -22.78
2026-06-28, 18:08:34, 1179000000, 1180000000, 1000000.00, 1, -22.79, -22.79
2026-06-28, 18:08:34, 1180000000, 1181000000, 1000000.00, 1, -22.72, -22.72
2026-06-28, 18:08:34, 1181000000, 1182000000, 1000000.00, 1, -22.74, -22.74
2026-06-28, 18:08:34, 1182000000, 1183000000, 1000000.00, 1, -22.85, -22.85
2026-06-28, 18:08:34, 1183000000, 1184000000, 1000000.00, 1, -22.84, -22.84
2026-06-28, 18:08:34, 1184000000, 1185000000, 1000000.00, 1, -22.80, -22.80
2026-06-28, 18:08:34, 1185000000, 1186000000, 1000000.00, 1, -22.69, -22.69
2026-06-28, 18:08:34, 1186000000, 1187000000, 1000000.00, 1, -22.51, -22.51
2026-06-28, 18:08:34, 1187000000, 1188000000, 1000000.00, 1, -22.24, -22.24
2026-06-28, 18:08:34, 1188000000, 1189000000, 1000000.00, 1, -22.11, -22.11
2026-06-28, 18:08:34, 1189000000, 1190000000, 1000000.00, 1, -21.79, -21.79
2026-06-28, 18:08:34, 1190000000, 1191000000, 1000000.00, 1, -21.61, -21.61
2026-06-28, 18:08:34, 1191000000, 1192000000, 1000000.00, 1, -21.43, -21.43
2026-06-28, 18:08:34, 1192000000, 1193000000, 1000000.00, 1, -21.14, -21.14
2026-06-28, 18:08:34, 1193000000, 1194000000, 1000000.00, 1, -20.99, -20.99
2026-06-28, 18:08:34, 1194000000, 1195000000, 1000000.00, 1, -20.67, -20.67
2026-06-28, 18:08:34, 1195000000, 1196000000, 1000000.00, 1, -20.36, -20.36
2026-06-28, 18:08:34, 1196000000, 1197000000, 1000000.00, 1, -20.14, -20.14
2026-06-28, 18:08:34, 1197000000, 1198000000, 1000000.00, 1, -20.09, -20.09
2026-06-28, 18:08:34, 1198000000, 1199000000, 1000000.00, 1, -17.08, -17.08
2026-06-28, 18:08:34, 1199000000, 1200000000, 1000000.00, 1, -19.97, -19.97
2026-06-28, 18:08:34, 1200000000, 1201000000, 1000000.00, 1, -20.21, -20.21
2026-06-28, 18:08:34, 1201000000, 1202000000, 1000000.00, 1, -20.31, -20.31
2026-06-28, 18:08:34, 1202000000, 1203000000, 1000000.00, 1, -20.32, -20.32
2026-06-28, 18:08:34, 1203000000, 1204000000, 1000000.00, 1, -20.49, -20.49
2026-06-28, 18:08:34, 1204000000, 1205000000, 1000000.00, 1, -20.59, -20.59
2026-06-28, 18:08:34, 1205000000, 1206000000, 1000000.00, 1, -20.69, -20.69
2026-06-28, 18:08:34, 1206000000, 1207000000, 1000000.00, 1, -20.92, -20.92
2026-06-28, 18:08:34, 1207000000, 1208000000, 1000000.00, 1, -20.98, -20.98
2026-06-28, 18:08:34, 1208000000, 1209000000, 1000000.00, 1, -21.21, -21.21
2026-06-28, 18:08:34, 1209000000, 1210000000, 1000000.00, 1, -21.39, -21.39
2026-06-28, 18:08:34, 1210000000, 1211000000, 1000000.00, 1, -21.58, -21.58
2026-06-28, 18:08:34, 1211000000, 1212000000, 1000000.00, 1, -21.74, -21.74
2026-06-28, 18:08:34, 1212000000, 1213000000, 1000000.00, 1, -22.01, -22.01
2026-06-28, 18:08:34, 1213000000, 1214000000, 1000000.00, 1, -22.10, -22.10
2026-06-28, 18:08:34, 1214000000, 1215000000, 1000000.00, 1, -22.14, -22.14
2026-06-28, 18:08:44, 960000000, 961000000, 1000000.00, 1, -14.77, -14.77
2026-06-28, 18:08:44, 961000000, 962000000, 1000000.00, 1, -15.45, -15.45
2026-06-28, 18:08:44, 962000000, 963000000, 1000000.00, 1, -16.62, -16.62
2026-06-28, 18:08:44, 963000000, 964000000, 1000000.00, 1, -16.67, -16.67
2026-06-28, 18:08:44, 964000000, 965000000, 1000000.00, 1, -14.45, -14.45
2026-06-28, 18:08:44, 965000000, 966000000, 1000000.00, 1, -18.45, -18.45
2026-06-28, 18:08:44, 966000000, 967000000, 1000000.00, 1, -19.17, -19.17
2026-06-28, 18:08:44, 967000000, 968000000, 1000000.00, 1, -19.61, -19.61
2026-06-28, 18:08:44, 968000000, 969000000, 1000000.00, 1, -19.93, -19.93
2026-06-28, 18:08:44, 969000000, 970000000, 1000000.00, 1, -19.88, -19.88
2026-06-28, 18:08:44, 970000000, 971000000, 1000000.00, 1, -19.58, -19.58
2026-06-28, 18:08:44, 971000000, 972000000, 1000000.00, 1, -19.10, -19.10
2026-06-28, 18:08:44, 972000000, 973000000, 1000000.00, 1, -19.19, -19.19
2026-06-28, 18:08:44, 973000000, 974000000, 1000000.00, 1, -18.92, -18.92
2026-06-28, 18:08:44, 974000000, 975000000, 1000000.00, 1, -18.96, -18.96
2026-06-28, 18:08:44, 975000000, 976000000, 1000000.00, 1, -18.85, -18.85
2026-06-28, 18:08:44, 976000000, 977000000, 1000000.00, 1, -19.02, -19.02
2026-06-28, 18:08:44, 977000000, 978000000, 1000000.00, 1, -18.93, -18.93
2026-06-28, 18:08:44, 978000000, 979000000, 1000000.00, 1, -18.76, -18.76
2026-06-28, 18:08:44, 979000000, 980000000, 1000000.00, 1, -12.01, -12.01
2026-06-28, 18:08:44, 980000000, 981000000, 1000000.00, 1, -18.52, -18.52
2026-06-28, 18:08:44, 981000000, 982000000, 1000000.00, 1, -18.19, -18.19
2026-06-28, 18:08:44, 982000000, 983000000, 1000000.00, 1, -17.89, -17.89
2026-06-28, 18:08:44, 983000000, 984000000, 1000000.00, 1, -17.66, -17.66
2026-06-28, 18:08:44, 984000000, 985000000, 1000000.00, 1, -17.54, -17.54
2026-06-28, 18:08:44, 985000000, 986000000, 1000000.00, 1, -17.35, -17.35
2026-06-28, 18:08:44, 986000000, 987000000, 1000000.00, 1, -17.59, -17.59
2026-06-28, 18:08:44, 987000000, 988000000, 1000000.00, 1, -17.54, -17.54
2026-06-28, 18:08:44, 988000000, 989000000, 1000000.00, 1, -17.54, -17.54
2026-06-28, 18:08:44, 989000000, 990000000, 1000000.00, 1, -17.57, -17.57
2026-06-28, 18:08:44, 990000000, 991000000, 1000000.00, 1, -17.55, -17.55
2026-06-28, 18:08:44, 991000000, 992000000, 1000000.00, 1, -17.28, -17.28
2026-06-28, 18:08:44, 992000000, 993000000, 1000000.00, 1, -17.49, -17.49
2026-06-28, 18:08:44, 993000000, 994000000, 1000000.00, 1, -12.95, -12.95
2026-06-28, 18:08:44, 994000000, 995000000, 1000000.00, 1, -17.51, -17.51
2026-06-28, 18:08:44, 995000000, 996000000, 1000000.00, 1, -17.45, -17.45
2026-06-28, 18:08:44, 996000000, 997000000, 1000000.00, 1, -17.55, -17.55
2026-06-28, 18:08:44, 997000000, 998000000, 1000000.00, 1, -17.37, -17.37
2026-06-28, 18:08:44, 998000000, 999000000, 1000000.00, 1, 2.54, 2.54
2026-06-28, 18:08:44, 999000000, 1000000000, 1000000.00, 1, 4.44, 4.44
2026-06-28, 18:08:44, 1000000000, 1001000000, 1000000.00, 1, -17.57, -17.57
2026-06-28, 18:08:44, 1001000000, 1002000000, 1000000.00, 1, -17.78, -17.78
2026-06-28, 18:08:44, 1002000000, 1003000000, 1000000.00, 1, -18.03, -18.03
2026-06-28, 18:08:44, 1003000000, 1004000000, 1000000.00, 1, -17.95, -17.95
2026-06-28, 18:08:44, 1004000000, 1005000000, 1000000.00, 1, -17.89, -17.89
2026-06-28, 18:08:44, 1005000000, 1006000000, 1000000.00, 1, -17.93, -17.93
2026-06-28, 18:08:44, 1006000000, 1007000000, 1000000.00, 1, -17.85, -17.85
2026-06-28, 18:08:44, 1007000000, 1008000000, 1000000.00, 1, -16.95, -16.95
2026-06-28, 18:08:44, 1008000000, 1009000000, 1000000.00, 1, -17.01, -17.01
2026-06-28, 18:08:44, 1009000000, 1010000000, 1000000.00, 1, -17.60, -17.60
2026-06-28, 18:08:44, 1010000000, 1011000000, 1000000.00, 1, -17.86, -17.86
2026-06-28, 18:08:44, 1011000000, 1012000000, 1000000.00, 1, -17.93, -17.93
2026-06-28, 18:08:44, 1012000000, 1013000000, 1000000.00, 1, -17.99, -17.99
2026-06-28, 18:08:44, 1013000000, 1014000000, 1000000.00, 1, -18.04, -18.04
2026-06-28, 18:08:44, 1014000000, 1015000000, 1000000.00, 1, -17.76, -17.76
2026-06-28, 18:08:44, 1015000000, 1016000000, 1000000.00, 1, -17.68, -17.68
2026-06-28, 18:08:44, 1016000000, 1017000000, 1000000.00, 1, -17.63, -17.63
2026-06-28, 18:08:44, 1017000000, 1018000000, 1000000.00, 1, -17.55, -17.55
2026-06-28, 18:08:44, 1018000000, 1019000000, 1000000.00, 1, -17.54, -17.54
2026-06-28, 18:08:44, 1019000000, 1020000000, 1000000.00, 1, -17.43, -17.43
2026-06-28, 18:08:44, 1020000000, 1021000000, 1000000.00, 1, -17.44, -17.44
2026-06-28, 18:08:44, 1021000000, 1022000000, 1000000.00, 1, -17.38, -17.38
2026-06-28, 18:08:44, 1022000000, 1023000000, 1000000.00, 1, -16.48, -16.48
2026-06-28, 18:08:44, 1023000000, 1024000000, 1000000.00, 1, -17.43, -17.43
2026-06-28, 18:08:44, 1024000000, 1025000000, 1000000.00, 1, -17.52, -17.52
2026-06-28, 18:08:44, 1025000000, 1026000000, 1000000.00, 1, -17.65, -17.65
2026-06-28, 18:08:44, 1026000000, 1027000000, 1000000.00, 1, -17.85, -17.85
2026-06-28, 18:08:44, 1027000000, 1028000000, 1000000.00, 1, -17.91, -17.91
2026-06-28, 18:08:44, 1028000000, 1029000000, 1000000.00, 1, -18.03, -18.03
2026-06-28, 18:08:44, 1029000000, 1030000000, 1000000.00, 1, -18.12, -18.12
2026-06-28, 18:08:44, 1030000000, 1031000000, 1000000.00, 1, -18.27, -18.27
2026-06-28, 18:08:44, 1031000000, 1032000000, 1000000.00, 1, -18.45, -18.45
2026-06-28, 18:08:44, 1032000000, 1033000000, 1000000.00, 1, -18.59, -18.59
2026-06-28, 18:08:44, 1033000000, 1034000000, 1000000.00, 1, -18.87, -18.87
2026-06-28, 18:08:44, 1034000000, 1035000000, 1000000.00, 1, -19.13, -19.13
2026-06-28, 18:08:44, 1035000000, 1036000000, 1000000.00, 1, -19.28, -19.28
2026-06-28, 18:08:44, 1036000000, 1037000000, 1000000.00, 1, -19.07, -19.07
2026-06-28, 18:08:44, 1037000000, 1038000000, 1000000.00, 1, -19.70, -19.70
2026-06-28, 18:08:44, 1038000000, 1039000000, 1000000.00, 1, -20.01, -20.01
2026-06-28, 18:08:44, 1039000000, 1040000000, 1000000.00, 1, -20.36, -20.36
2026-06-28, 18:08:44, 1040000000, 1041000000, 1000000.00, 1, -20.66, -20.66
2026-06-28, 18:08:44, 1041000000, 1042000000, 1000000.00, 1, -20.84, -20.84
2026-06-28, 18:08:44, 1042000000, 1043000000, 1000000.00, 1, -21.18, -21.18
2026-06-28, 18:08:44, 1043000000, 1044000000, 1000000.00, 1, -21.44, -21.44
2026-06-28, 18:08:44, 1044000000, 1045000000, 1000000.00, 1, -21.55, -21.55
2026-06-28, 18:08:44, 1045000000, 1046000000, 1000000.00, 1, -21.83, -21.83
2026-06-28, 18:08:44, 1046000000, 1047000000, 1000000.00, 1, -21.90, -21.90
2026-06-28, 18:08:44, 1047000000, 1048000000, 1000000.00, 1, -21.99, -21.99
2026-06-28, 18:08:44, 1048000000, 1049000000, 1000000.00, 1, -19.79, -19.79
2026-06-28, 18:08:44, 1049000000, 1050000000, 1000000.00, 1, -21.38, -21.38
2026-06-28, 18:08:44, 1050000000, 1051000000, 1000000.00, 1, -21.92, -21.92
2026-06-28, 18:08:44, 1051000000, 1052000000, 1000000.00, 1, -21.14, -21.14
2026-06-28, 18:08:44, 1052000000, 1053000000, 1000000.00, 1, -21.79, -21.79
2026-06-28, 18:08:44, 1053000000, 1054000000, 1000000.00, 1, -21.75, -21.75
2026-06-28, 18:08:44, 1054000000, 1055000000, 1000000.00, 1, -21.73, -21.73
2026-06-28, 18:08:44, 1055000000, 1056000000, 1000000.00, 1, -21.80, -21.80
2026-06-28, 18:08:44, 1056000000, 1057000000, 1000000.00, 1, -22.05, -22.05
2026-06-28, 18:08:44, 1057000000, 1058000000, 1000000.00, 1, -21.90, -21.90
2026-06-28, 18:08:44, 1058000000, 1059000000, 1000000.00, 1, -21.88, -21.88
2026-06-28, 18:08:44, 1059000000, 1060000000, 1000000.00, 1, -21.82, -21.82
2026-06-28, 18:08:44, 1060000000, 1061000000, 1000000.00, 1, -21.81, -21.81
2026-06-28, 18:08:44, 1061000000, 1062000000, 1000000.00, 1, -21.77, -21.77
2026-06-28, 18:08:44, 1062000000, 1063000000, 1000000.00, 1, -21.63, -21.63
2026-06-28, 18:08:44, 1063000000, 1064000000, 1000000.00, 1, -21.60, -21.60
2026-06-28, 18:08:44, 1064000000, 1065000000, 1000000.00, 1, -21.71, -21.71
2026-06-28, 18:08:44, 1065000000, 1066000000, 1000000.00, 1, -20.92, -20.92
2026-06-28, 18:08:44, 1066000000, 1067000000, 1000000.00, 1, -21.61, -21.61
2026-06-28, 18:08:44, 1067000000, 1068000000, 1000000.00, 1, -21.16, -21.16
2026-06-28, 18:08:44, 1068000000, 1069000000, 1000000.00, 1, -21.61, -21.61
2026-06-28, 18:08:44, 1069000000, 1070000000, 1000000.00, 1, -21.92, -21.92
2026-06-28, 18:08:44, 1070000000, 1071000000, 1000000.00, 1, -22.20, -22.20
2026-06-28, 18:08:44, 1071000000, 1072000000, 1000000.00, 1, -22.29, -22.29
2026-06-28, 18:08:44, 1072000000, 1073000000, 1000000.00, 1, -22.38, -22.38
2026-06-28, 18:08:44, 1073000000, 1074000000, 1000000.00, 1, -22.50, -22.50
2026-06-28, 18:08:44, 1074000000, 1075000000, 1000000.00, 1, -22.54, -22.54
2026-06-28, 18:08:44, 1075000000, 1076000000, 1000000.00, 1, -22.63, -22.63
2026-06-28, 18:08:44, 1076000000, 1077000000, 1000000.00, 1, -22.69, -22.69
2026-06-28, 18:08:44, 1077000000, 1078000000, 1000000.00, 1, -22.78, -22.78
2026-06-28, 18:08:44, 1078000000, 1079000000, 1000000.00, 1, -22.83, -22.83
2026-06-28, 18:08:44, 1079000000, 1080000000, 1000000.00, 1, -22.87, -22.87
2026-06-28, 18:08:44, 1080000000, 1081000000, 1000000.00, 1, -22.81, -22.81
2026-06-28, 18:08:44, 1081000000, 1082000000, 1000000.00, 1, -22.93, -22.93
2026-06-28, 18:08:44, 1082000000, 1083000000, 1000000.00, 1, -22.88, -22.88
2026-06-28, 18:08:44, 1083000000, 1084000000, 1000000.00, 1, -22.97, -22.97
2026-06-28, 18:08:44, 1084000000, 1085000000, 1000000.00, 1, -23.02, -23.02
2026-06-28, 18:08:44, 1085000000, 1086000000, 1000000.00, 1, -23.11, -23.11
2026-06-28, 18:08:44, 1086000000, 1087000000, 1000000.00, 1, -23.29, -23.29
2026-06-28, 18:08:44, 1087000000, 1088000000, 1000000.00, 1, -23.42, -23.42
2026-06-28, 18:08:44, 1088000000, 1089000000, 1000000.00, 1, -23.24, -23.24
2026-06-28, 18:08:44, 1089000000, 1090000000, 1000000.00, 1, -21.52, -21.52
2026-06-28, 18:08:44, 1090000000, 1091000000, 1000000.00, 1, -23.28, -23.28
2026-06-28, 18:08:44, 1091000000, 1092000000, 1000000.00, 1, -23.21, -23.21
2026-06-28, 18:08:44, 1092000000, 1093000000, 1000000.00, 1, -23.30, -23.30
2026-06-28, 18:08:44, 1093000000, 1094000000, 1000000.00, 1, -23.33, -23.33
2026-06-28, 18:08:44, 1094000000, 1095000000, 1000000.00, 1, -23.21, -23.21
2026-06-28, 18:08:44, 1095000000, 1096000000, 1000000.00, 1, -23.39, -23.39
2026-06-28, 18:08:44, 1096000000, 1097000000, 1000000.00, 1, -23.25, -23.25
2026-06-28, 18:08:44, 1097000000, 1098000000, 1000000.00, 1, -23.30, -23.30
2026-06-28, 18:08:44, 1098000000, 1099000000, 1000000.00, 1, -23.17, -23.17
2026-06-28, 18:08:44, 1099000000, 1100000000, 1000000.00, 1, -23.15, -23.15
2026-06-28, 18:08:44, 1100000000, 1101000000, 1000000.00, 1, -23.15, -23.15
2026-06-28, 18:08:44, 1101000000, 1102000000, 1000000.00, 1, -23.16, -23.16
2026-06-28, 18:08:44, 1102000000, 1103000000, 1000000.00, 1, -23.22, -23.22
2026-06-28, 18:08:44, 1103000000, 1104000000, 1000000.00, 1, -23.16, -23.16
2026-06-28, 18:08:44, 1104000000, 1105000000, 1000000.00, 1, -23.13, -23.13
2026-06-28, 18:08:44, 1105000000, 1106000000, 1000000.00, 1, -23.24, -23.24
2026-06-28, 18:08:44, 1106000000, 1107000000, 1000000.00, 1, -23.30, -23.30
2026-06-28, 18:08:44, 1107000000, 1108000000, 1000000.00, 1, -23.28, -23.28
2026-06-28, 18:08:44, 1108000000, 1109000000, 1000000.00, 1, -23.19, -23.19
2026-06-28, 18:08:44, 1109000000, 1110000000, 1000000.00, 1, -23.07, -23.07
2026-06-28, 18:08:44, 1110000000, 1111000000, 1000000.00, 1, -23.10, -23.10
2026-06-28, 18:08:44, 1111000000, 1112000000, 1000000.00, 1, -23.10, -23.10
2026-06-28, 18:08:44, 1112000000, 1113000000, 1000000.00, 1, -23.08, -23.08
2026-06-28, 18:08:44, 1113000000, 1114000000, 1000000.00, 1, -23.02, -23.02
2026-06-28, 18:08:44, 1114000000, 1115000000, 1000000.00, 1, -22.82, -22.82
2026-06-28, 18:08:44, 1115000000, 1116000000, 1000000.00, 1, -22.84, -22.84
2026-06-28, 18:08:44, 1116000000, 1117000000, 1000000.00, 1, -22.85, -22.85
2026-06-28, 18:08:44, 1117000000, 1118000000, 1000000.00, 1, -22.85, -22.85
2026-06-28, 18:08:44, 1118000000, 1119000000, 1000000.00, 1, -22.81, -22.81
2026-06-28, 18:08:44, 1119000000, 1120000000, 1000000.00, 1, -22.76, -22.76
2026-06-28, 18:08:44, 1120000000, 1121000000, 1000000.00, 1, -22.81, -22.81
2026-06-28, 18:08:44, 1121000000, 1122000000, 1000000.00, 1, -22.79, -22.79
2026-06-28, 18:08:44, 1122000000, 1123000000, 1000000.00, 1, -22.78, -22.78
2026-06-28, 18:08:44, 1123000000, 1124000000, 1000000.00, 1, -22.36, -22.36
2026-06-28, 18:08:44, 1124000000, 1125000000, 1000000.00, 1, -22.80, -22.80
2026-06-28, 18:08:44, 1125000000, 1126000000, 1000000.00, 1, -22.86, -22.86
2026-06-28, 18:08:44, 1126000000, 1127000000, 1000000.00, 1, -22.64, -22.64
2026-06-28, 18:08:44, 1127000000, 1128000000, 1000000.00, 1, -22.71, -22.71
2026-06-28, 18:08:44, 1128000000, 1129000000, 1000000.00, 1, -22.78, -22.78
2026-06-28, 18:08:44, 1129000000, 1130000000, 1000000.00, 1, -22.85, -22.85
2026-06-28, 18:08:44, 1130000000, 1131000000, 1000000.00, 1, -22.97, -22.97
2026-06-28, 18:08:44, 1131000000, 1132000000, 1000000.00, 1, -23.16, -23.16
2026-06-28, 18:08:44, 1132000000, 1133000000, 1000000.00, 1, -23.15, -23.15
2026-06-28, 18:08:44, 1133000000, 1134000000, 1000000.00, 1, -23.15, -23.15
2026-06-28, 18:08:44, 1134000000, 1135000000, 1000000.00, 1, -23.12, -23.12
2026-06-28, 18:08:44, 1135000000, 1136000000, 1000000.00, 1, -23.07, -23.07
2026-06-28, 18:08:44, 1136000000, 1137000000, 1000000.00, 1, -23.11, -23.11
2026-06-28, 18:08:44, 1137000000, 1138000000, 1000000.00, 1, -23.15, -23.15
2026-06-28, 18:08:44, 1138000000, 1139000000, 1000000.00, 1, -23.19, -23.19
2026-06-28, 18:08:44, 1139000000, 1140000000, 1000000.00, 1, -22.77, -22.77
2026-06-28, 18:08:44, 1140000000, 1141000000, 1000000.00, 1, -23.17, -23.17
2026-06-28, 18:08:44, 1141000000, 1142000000, 1000000.00, 1, -23.03, -23.03
2026-06-28, 18:08:44, 1142000000, 1143000000, 1000000.00, 1, -23.02, -23.02
2026-06-28, 18:08:44, 1143000000, 1144000000, 1000000.00, 1, -23.05, -23.05
2026-06-28, 18:08:44, 1144000000, 1145000000, 1000000.00, 1, -23.14, -23.14
2026-06-28, 18:08:44, 1145000000, 1146000000, 1000000.00, 1, -23.14, -23.14
2026-06-28, 18:08:44, 1146000000, 1147000000, 1000000.00, 1, -23.20, -23.20
2026-06-28, 18:08:44, 1147000000, 1148000000, 1000000.00, 1, -23.27, -23.27
2026-06-28, 18:08:44, 1148000000, 1149000000, 1000000.00, 1, -23.04, -23.04
2026-06-28, 18:08:44, 1149000000, 1150000000, 1000000.00, 1, -23.18, -23.18
2026-06-28, 18:08:44, 1150000000, 1151000000, 1000000.00, 1, -23.12, -23.12
2026-06-28, 18:08:44, 1151000000, 1152000000, 1000000.00, 1, -22.87, -22.87
2026-06-28, 18:08:44, 1152000000, 1153000000, 1000000.00, 1, -22.74, -22.74
2026-06-28, 18:08:44, 1153000000, 1154000000, 1000000.00, 1, -22.71, -22.71
2026-06-28, 18:08:44, 1154000000, 1155000000, 1000000.00, 1, -22.72, -22.72
2026-06-28, 18:08:44, 1155000000, 1156000000, 1000000.00, 1, -22.56, -22.56
2026-06-28, 18:08:44, 1156000000, 1157000000, 1000000.00, 1, -22.61, -22.61
2026-06-28, 18:08:44, 1157000000, 1158000000, 1000000.00, 1, -22.53, -22.53
2026-06-28, 18:08:44, 1158000000, 1159000000, 1000000.00, 1, -22.54, -22.54
2026-06-28, 18:08:44, 1159000000, 1160000000, 1000000.00, 1, -22.64, -22.64
2026-06-28, 18:08:44, 1160000000, 1161000000, 1000000.00, 1, -22.80, -22.80
2026-06-28, 18:08:44, 1161000000, 1162000000, 1000000.00, 1, -22.84, -22.84
2026-06-28, 18:08:44, 1162000000, 1163000000, 1000000.00, 1, -22.72, -22.72
2026-06-28, 18:08:44, 1163000000, 1164000000, 1000000.00, 1, -22.79, -22.79
2026-06-28, 18:08:44, 1164000000, 1165000000, 1000000.00, 1, -22.87, -22.87
2026-06-28, 18:08:44, 1165000000, 1166000000, 1000000.00, 1, -22.79, -22.79
2026-06-28, 18:08:44, 1166000000, 1167000000, 1000000.00, 1, -22.81, -22.81
2026-06-28, 18:08:44, 1167000000, 1168000000, 1000000.00, 1, -22.78, -22.78
2026-06-28, 18:08:44, 1168000000, 1169000000, 1000000.00, 1, -22.81, -22.81
2026-06-28, 18:08:44, 1169000000, 1170000000, 1000000.00, 1, -22.72, -22.72
2026-06-28, 18:08:44, 1170000000, 1171000000, 1000000.00, 1, -22.55, -22.55
2026-06-28, 18:08:44, 1171000000, 1172000000, 1000000.00, 1, -21.91, -21.91
2026-06-28, 18:08:44, 1172000000, 1173000000, 1000000.00, 1, -21.91, -21.91
2026-06-28, 18:08:44, 1173000000, 1174000000, 1000000.00, 1, -22.25, -22.25
2026-06-28, 18:08:44, 1174000000, 1175000000, 1000000.00, 1, -22.48, -22.48
2026-06-28, 18:08:44, 1175000000, 1176000000, 1000000.00, 1, -22.61, -22.61
2026-06-28, 18:08:44, 1176000000, 1177000000, 1000000.00, 1, -22.57, -22.57
2026-06-28, 18:08:44, 1177000000, 1178000000, 1000000.00, 1, -22.59, -22.59
2026-06-28, 18:08:44, 1178000000, 1179000000, 1000000.00, 1, -22.70, -22.70
2026-06-28, 18:08:44, 1179000000, 1180000000, 1000000.00, 1, -22.62, -22.62
2026-06-28, 18:08:44, 1180000000, 1181000000, 1000000.00, 1, -22.63, -22.63
2026-06-28, 18:08:44, 1181000000, 1182000000, 1000000.00, 1, -22.75, -22.75
2026-06-28, 18:08:44, 1182000000, 1183000000, 1000000.00, 1, -22.74, -22.74
2026-06-28, 18:08:44, 1183000000, 1184000000, 1000000.00, 1, -22.79, -22.79
2026-06-28, 18:08:44, 1184000000, 1185000000, 1000000.00, 1, -22.74, -22.74
2026-06-28, 18:08:44, 1185000000, 1186000000, 1000000.00, 1, -22.67, -22.67
2026-06-28, 18:08:44, 1186000000, 1187000000, 1000000.00, 1, -22.51, -22.51
2026-06-28, 18:08:44, 1187000000, 1188000000, 1000000.00, 1, -22.30, -22.30
2026-06-28, 18:08:44, 1188000000, 1189000000, 1000000.00, 1, -22.09, -22.09
2026-06-28, 18:08:44, 1189000000, 1190000000, 1000000.00, 1, -21.90, -21.90
2026-06-28, 18:08:44, 1190000000, 1191000000, 1000000.00, 1, -21.69, -21.69
2026-06-28, 18:08:44, 1191000000, 1192000000, 1000000.00, 1, -21.42, -21.42
2026-06-28, 18:08:44, 1192000000, 1193000000, 1000000.00, 1, -21.30, -21.30
2026-06-28, 18:08:44, 1193000000, 1194000000, 1000000.00, 1, -21.00, -21.00
2026-06-28, 18:08:44, 1194000000, 1195000000, 1000000.00, 1, -20.76, -20.76
2026-06-28, 18:08:44, 1195000000, 1196000000, 1000000.00, 1, -20.51, -20.51
2026-06-28, 18:08:44, 1196000000, 1197000000, 1000000.00, 1, -20.19, -20.19
2026-06-28, 18:08:44, 1197000000, 1198000000, 1000000.00, 1, -20.11, -20.11
2026-06-28, 18:08:44, 1198000000, 1199000000, 1000000.00, 1, -17.10, -17.10
2026-06-28, 18:08:44, 1199000000, 1200000000, 1000000.00, 1, -20.12, -20.12
2026-06-28, 18:08:44, 1200000000, 1201000000, 1000000.00, 1, -20.20, -20.20
2026-06-28, 18:08:44, 1201000000, 1202000000, 1000000.00, 1, -20.35, -20.35
2026-06-28, 18:08:44, 1202000000, 1203000000, 1000000.00, 1, -20.34, -20.34
2026-06-28, 18:08:44, 1203000000, 1204000000, 1000000.00, 1, -20.48, -20.48
2026-06-28, 18:08:44, 1204000000, 1205000000, 1000000.00, 1, -20.66, -20.66
2026-06-28, 18:08:44, 1205000000, 1206000000, 1000000.00, 1, -20.68, -20.68
2026-06-28, 18:08:44, 1206000000, 1207000000, 1000000.00, 1, -20.81, -20.81
2026-06-28, 18:08:44, 1207000000, 1208000000, 1000000.00, 1, -21.03, -21.03
2026-06-28, 18:08:44, 1208000000, 1209000000, 1000000.00, 1, -21.20, -21.20
2026-06-28, 18:08:44, 1209000000, 1210000000, 1000000.00, 1, -21.35, -21.35
2026-06-28, 18:08:44, 1210000000, 1211000000, 1000000.00, 1, -21.55, -21.55
2026-06-28, 18:08:44, 1211000000, 1212000000, 1000000.00, 1, -21.77, -21.77
2026-06-28, 18:08:44, 1212000000, 1213000000, 1000000.00, 1, -22.01, -22.01
2026-06-28, 18:08:44, 1213000000, 1214000000, 1000000.00, 1, -22.08, -22.08
2026-06-28, 18:08:44, 1214000000, 1215000000, 1000000.00, 1, -22.26, -22.26
2026-06-28, 18:08:55, 960000000, 961000000, 1000000.00, 1, -14.90, -14.90
2026-06-28, 18:08:55, 961000000, 962000000, 1000000.00, 1, -15.40, -15.40
2026-06-28, 18:08:55, 962000000, 963000000, 1000000.00, 1, -16.61, -16.61
2026-06-28, 18:08:55, 963000000, 964000000, 1000000.00, 1, -16.66, -16.66
2026-06-28, 18:08:55, 964000000, 965000000, 1000000.00, 1, -14.53, -14.53
2026-06-28, 18:08:55, 965000000, 966000000, 1000000.00, 1, -18.62, -18.62
2026-06-28, 18:08:55, 966000000, 967000000, 1000000.00, 1, -19.16, -19.16
2026-06-28, 18:08:55, 967000000, 968000000, 1000000.00, 1, -19.71, -19.71
2026-06-28, 18:08:55, 968000000, 969000000, 1000000.00, 1, -20.00, -20.00
2026-06-28, 18:08:55, 969000000, 970000000, 1000000.00, 1, -19.79, -19.79
2026-06-28, 18:08:55, 970000000, 971000000, 1000000.00, 1, -19.77, -19.77
2026-06-28, 18:08:55, 971000000, 972000000, 1000000.00, 1, -19.12, -19.12
2026-06-28, 18:08:55, 972000000, 973000000, 1000000.00, 1, -19.15, -19.15
2026-06-28, 18:08:55, 973000000, 974000000, 1000000.00, 1, -18.89, -18.89
2026-06-28, 18:08:55, 974000000, 975000000, 1000000.00, 1, -18.89, -18.89
2026-06-28, 18:08:55, 975000000, 976000000, 1000000.00, 1, -18.76, -18.76
2026-06-28, 18:08:55, 976000000, 977000000, 1000000.00, 1, -18.99, -18.99
2026-06-28, 18:08:55, 977000000, 978000000, 1000000.00, 1, -18.91, -18.91
2026-06-28, 18:08:55, 978000000, 979000000, 1000000.00, 1, -18.78, -18.78
2026-06-28, 18:08:55, 979000000, 980000000, 1000000.00, 1, -12.01, -12.01
2026-06-28, 18:08:55, 980000000, 981000000, 1000000.00, 1, -18.67, -18.67
2026-06-28, 18:08:55, 981000000, 982000000, 1000000.00, 1, -18.23, -18.23
2026-06-28, 18:08:55, 982000000, 983000000, 1000000.00, 1, -17.93, -17.93
2026-06-28, 18:08:55, 983000000, 984000000, 1000000.00, 1, -17.62, -17.62
2026-06-28, 18:08:55, 984000000, 985000000, 1000000.00, 1, -17.56, -17.56
2026-06-28, 18:08:55, 985000000, 986000000, 1000000.00, 1, -17.47, -17.47
2026-06-28, 18:08:55, 986000000, 987000000, 1000000.00, 1, -17.52, -17.52
2026-06-28, 18:08:55, 987000000, 988000000, 1000000.00, 1, -17.48, -17.48
2026-06-28, 18:08:55, 988000000, 989000000, 1000000.00, 1, -17.63, -17.63
2026-06-28, 18:08:55, 989000000, 990000000, 1000000.00, 1, -17.53, -17.53
2026-06-28, 18:08:55, 990000000, 991000000, 1000000.00, 1, -17.56, -17.56
2026-06-28, 18:08:55, 991000000, 992000000, 1000000.00, 1, -17.27, -17.27
2026-06-28, 18:08:55, 992000000, 993000000, 1000000.00, 1, -17.46, -17.46
2026-06-28, 18:08:55, 993000000, 994000000, 1000000.00, 1, -12.93, -12.93
2026-06-28, 18:08:55, 994000000, 995000000, 1000000.00, 1, -17.48, -17.48
2026-06-28, 18:08:55, 995000000, 996000000, 1000000.00, 1, -17.55, -17.55
2026-06-28, 18:08:55, 996000000, 997000000, 1000000.00, 1, -17.51, -17.51
2026-06-28, 18:08:55, 997000000, 998000000, 1000000.00, 1, -17.50, -17.50
2026-06-28, 18:08:55, 998000000, 999000000, 1000000.00, 1, 2.54, 2.54
2026-06-28, 18:08:55, 999000000, 1000000000, 1000000.00, 1, 4.40, 4.40
2026-06-28, 18:08:55, 1000000000, 1001000000, 1000000.00, 1, -17.55, -17.55
2026-06-28, 18:08:55, 1001000000, 1002000000, 1000000.00, 1, -17.88, -17.88
2026-06-28, 18:08:55, 1002000000, 1003000000, 1000000.00, 1, -18.03, -18.03
2026-06-28, 18:08:55, 1003000000, 1004000000, 1000000.00, 1, -17.80, -17.80
2026-06-28, 18:08:55, 1004000000, 1005000000, 1000000.00, 1, -17.97, -17.97
2026-06-28, 18:08:55, 1005000000, 1006000000, 1000000.00, 1, -17.88, -17.88
2026-06-28, 18:08:55, 1006000000, 1007000000, 1000000.00, 1, -17.75, -17.75
2026-06-28, 18:08:55, 1007000000, 1008000000, 1000000.00, 1, -16.97, -16.97
2026-06-28, 18:08:55, 1008000000, 1009000000, 1000000.00, 1, -17.18, -17.18
2026-06-28, 18:08:55, 1009000000, 1010000000, 1000000.00, 1, -17.84, -17.84
2026-06-28, 18:08:55, 1010000000, 1011000000, 1000000.00, 1, -17.96, -17.96
2026-06-28, 18:08:55, 1011000000, 1012000000, 1000000.00, 1, -17.98, -17.98
2026-06-28, 18:08:55, 1012000000, 1013000000, 1000000.00, 1, -17.98, -17.98
2026-06-28, 18:08:55, 1013000000, 1014000000, 1000000.00, 1, -17.95, -17.95
2026-06-28, 18:08:55, 1014000000, 1015000000, 1000000.00, 1, -17.93, -17.93
2026-06-28, 18:08:55, 1015000000, 1016000000, 1000000.00, 1, -17.69, -17.69
2026-06-28, 18:08:55, 1016000000, 1017000000, 1000000.00, 1, -17.57, -17.57
2026-06-28, 18:08:55, 1017000000, 1018000000, 1000000.00, 1, -17.69, -17.69
2026-06-28, 18:08:55, 1018000000, 1019000000, 1000000.00, 1, -17.61, -17.61
2026-06-28, 18:08:55, 1019000000, 1020000000, 1000000.00, 1, -17.55, -17.55
2026-06-28, 18:08:55, 1020000000, 1021000000, 1000000.00, 1, -17.56, -17.56
2026-06-28, 18:08:55, 1021000000, 1022000000, 1000000.00, 1, -17.43, -17.43
2026-06-28, 18:08:55, 1022000000, 1023000000, 1000000.00, 1, -16.53, -16.53
2026-06-28, 18:08:55, 1023000000, 1024000000, 1000000.00, 1, -17.44, -17.44
2026-06-28, 18:08:55, 1024000000, 1025000000, 1000000.00, 1, -17.61, -17.61
2026-06-28, 18:08:55, 1025000000, 1026000000, 1000000.00, 1, -17.74, -17.74
2026-06-28, 18:08:55, 1026000000, 1027000000, 1000000.00, 1, -17.81, -17.81
2026-06-28, 18:08:55, 1027000000, 1028000000, 1000000.00, 1, -17.98, -17.98
2026-06-28, 18:08:55, 1028000000, 1029000000, 1000000.00, 1, -18.07, -18.07
2026-06-28, 18:08:55, 1029000000, 1030000000, 1000000.00, 1, -18.24, -18.24
2026-06-28, 18:08:55, 1030000000, 1031000000, 1000000.00, 1, -18.34, -18.34
2026-06-28, 18:08:55, 1031000000, 1032000000, 1000000.00, 1, -18.45, -18.45
2026-06-28, 18:08:55, 1032000000, 1033000000, 1000000.00, 1, -18.62, -18.62
2026-06-28, 18:08:55, 1033000000, 1034000000, 1000000.00, 1, -18.79, -18.79
2026-06-28, 18:08:55, 1034000000, 1035000000, 1000000.00, 1, -19.09, -19.09
2026-06-28, 18:08:55, 1035000000, 1036000000, 1000000.00, 1, -19.44, -19.44
2026-06-28, 18:08:55, 1036000000, 1037000000, 1000000.00, 1, -19.12, -19.12
2026-06-28, 18:08:55, 1037000000, 1038000000, 1000000.00, 1, -19.72, -19.72
2026-06-28, 18:08:55, 1038000000, 1039000000, 1000000.00, 1, -20.07, -20.07
2026-06-28, 18:08:55, 1039000000, 1040000000, 1000000.00, 1, -20.41, -20.41
2026-06-28, 18:08:55, 1040000000, 1041000000, 1000000.00, 1, -20.57, -20.57
2026-06-28, 18:08:55, 1041000000, 1042000000, 1000000.00, 1, -20.94, -20.94
2026-06-28, 18:08:55, 1042000000, 1043000000, 1000000.00, 1, -21.16, -21.16
2026-06-28, 18:08:55, 1043000000, 1044000000, 1000000.00, 1, -21.43, -21.43
2026-06-28, 18:08:55, 1044000000, 1045000000, 1000000.00, 1, -21.60, -21.60
2026-06-28, 18:08:55, 1045000000, 1046000000, 1000000.00, 1, -21.82, -21.82
2026-06-28, 18:08:55, 1046000000, 1047000000, 1000000.00, 1, -21.91, -21.91
2026-06-28, 18:08:55, 1047000000, 1048000000, 1000000.00, 1, -22.06, -22.06
2026-06-28, 18:08:55, 1048000000, 1049000000, 1000000.00, 1, -19.85, -19.85
2026-06-28, 18:08:55, 1049000000, 1050000000, 1000000.00, 1, -21.34, -21.34
2026-06-28, 18:08:55, 1050000000, 1051000000, 1000000.00, 1, -21.91, -21.91
2026-06-28, 18:08:55, 1051000000, 1052000000, 1000000.00, 1, -21.21, -21.21
2026-06-28, 18:08:55, 1052000000, 1053000000, 1000000.00, 1, -21.75, -21.75
2026-06-28, 18:08:55, 1053000000, 1054000000, 1000000.00, 1, -21.74, -21.74
2026-06-28, 18:08:55, 1054000000, 1055000000, 1000000.00, 1, -21.84, -21.84
2026-06-28, 18:08:55, 1055000000, 1056000000, 1000000.00, 1, -21.92, -21.92
2026-06-28, 18:08:55, 1056000000, 1057000000, 1000000.00, 1, -21.97, -21.97
2026-06-28, 18:08:55, 1057000000, 1058000000, 1000000.00, 1, -22.00, -22.00
2026-06-28, 18:08:55, 1058000000, 1059000000, 1000000.00, 1, -21.95, -21.95
2026-06-28, 18:08:55, 1059000000, 1060000000, 1000000.00, 1, -21.78, -21.78
2026-06-28, 18:08:55, 1060000000, 1061000000, 1000000.00, 1, -21.75, -21.75
2026-06-28, 18:08:55, 1061000000, 1062000000, 1000000.00, 1, -21.70, -21.70
2026-06-28, 18:08:55, 1062000000, 1063000000, 1000000.00, 1, -21.71, -21.71
2026-06-28, 18:08:55, 1063000000, 1064000000, 1000000.00, 1, -21.74, -21.74
2026-06-28, 18:08:55, 1064000000, 1065000000, 1000000.00, 1, -21.73, -21.73
2026-06-28, 18:08:55, 1065000000, 1066000000, 1000000.00, 1, -21.01, -21.01
2026-06-28, 18:08:55, 1066000000, 1067000000, 1000000.00, 1, -21.66, -21.66
2026-06-28, 18:08:55, 1067000000, 1068000000, 1000000.00, 1, -21.55, -21.55
2026-06-28, 18:08:55, 1068000000, 1069000000, 1000000.00, 1, -21.71, -21.71
2026-06-28, 18:08:55, 1069000000, 1070000000, 1000000.00, 1, -21.99, -21.99
2026-06-28, 18:08:55, 1070000000, 1071000000, 1000000.00, 1, -22.12, -22.12
2026-06-28, 18:08:55, 1071000000, 1072000000, 1000000.00, 1, -22.30, -22.30
2026-06-28, 18:08:55, 1072000000, 1073000000, 1000000.00, 1, -22.39, -22.39
2026-06-28, 18:08:55, 1073000000, 1074000000, 1000000.00, 1, -22.48, -22.48
2026-06-28, 18:08:55, 1074000000, 1075000000, 1000000.00, 1, -22.53, -22.53
2026-06-28, 18:08:55, 1075000000, 1076000000, 1000000.00, 1, -22.64, -22.64
2026-06-28, 18:08:55, 1076000000, 1077000000, 1000000.00, 1, -22.76, -22.76
2026-06-28, 18:08:55, 1077000000, 1078000000, 1000000.00, 1, -22.85, -22.85
2026-06-28, 18:08:55, 1078000000, 1079000000, 1000000.00, 1, -22.87, -22.87
2026-06-28, 18:08:55, 1079000000, 1080000000, 1000000.00, 1, -22.68, -22.68
2026-06-28, 18:08:55, 1080000000, 1081000000, 1000000.00, 1, -22.88, -22.88
2026-06-28, 18:08:55, 1081000000, 1082000000, 1000000.00, 1, -22.84, -22.84
2026-06-28, 18:08:55, 1082000000, 1083000000, 1000000.00, 1, -22.91, -22.91
2026-06-28, 18:08:55, 1083000000, 1084000000, 1000000.00, 1, -22.96, -22.96
2026-06-28, 18:08:55, 1084000000, 1085000000, 1000000.00, 1, -23.07, -23.07
2026-06-28, 18:08:55, 1085000000, 1086000000, 1000000.00, 1, -23.18, -23.18
2026-06-28, 18:08:55, 1086000000, 1087000000, 1000000.00, 1, -23.32, -23.32
2026-06-28, 18:08:55, 1087000000, 1088000000, 1000000.00, 1, -23.41, -23.41
2026-06-28, 18:08:55, 1088000000, 1089000000, 1000000.00, 1, -23.39, -23.39
2026-06-28, 18:08:55, 1089000000, 1090000000, 1000000.00, 1, -22.08, -22.08
2026-06-28, 18:08:55, 1090000000, 1091000000, 1000000.00, 1, -22.46, -22.46
2026-06-28, 18:08:55, 1091000000, 1092000000, 1000000.00, 1, -23.26, -23.26
2026-06-28, 18:08:55, 1092000000, 1093000000, 1000000.00, 1, -23.36, -23.36
2026-06-28, 18:08:55, 1093000000, 1094000000, 1000000.00, 1, -23.36, -23.36
2026-06-28, 18:08:55, 1094000000, 1095000000, 1000000.00, 1, -23.18, -23.18
2026-06-28, 18:08:55, 1095000000, 1096000000, 1000000.00, 1, -23.36, -23.36
2026-06-28, 18:08:55, 1096000000, 1097000000, 1000000.00, 1, -23.30, -23.30
2026-06-28, 18:08:55, 1097000000, 1098000000, 1000000.00, 1, -23.29, -23.29
2026-06-28, 18:08:55, 1098000000, 1099000000, 1000000.00, 1, -23.19, -23.19
2026-06-28, 18:08:55, 1099000000, 1100000000, 1000000.00, 1, -23.14, -23.14
2026-06-28, 18:08:55, 1100000000, 1101000000, 1000000.00, 1, -23.08, -23.08
2026-06-28, 18:08:55, 1101000000, 1102000000, 1000000.00, 1, -23.20, -23.20
2026-06-28, 18:08:55, 1102000000, 1103000000, 1000000.00, 1, -23.25, -23.25
2026-06-28, 18:08:55, 1103000000, 1104000000, 1000000.00, 1, -23.21, -23.21
2026-06-28, 18:08:55, 1104000000, 1105000000, 1000000.00, 1, -23.20, -23.20
2026-06-28, 18:08:55, 1105000000, 1106000000, 1000000.00, 1, -23.29, -23.29
2026-06-28, 18:08:55, 1106000000, 1107000000, 1000000.00, 1, -23.25, -23.25
2026-06-28, 18:08:55, 1107000000, 1108000000, 1000000.00, 1, -23.19, -23.19
2026-06-28, 18:08:55, 1108000000, 1109000000, 1000000.00, 1, -23.14, -23.14
2026-06-28, 18:08:55, 1109000000, 1110000000, 1000000.00, 1, -23.21, -23.21
2026-06-28, 18:08:55, 1110000000, 1111000000, 1000000.00, 1, -23.11, -23.11
2026-06-28, 18:08:55, 1111000000, 1112000000, 1000000.00, 1, -22.94, -22.94
2026-06-28, 18:08:55, 1112000000, 1113000000, 1000000.00, 1, -23.00, -23.00
2026-06-28, 18:08:55, 1113000000, 1114000000, 1000000.00, 1, -22.97, -22.97
2026-06-28, 18:08:55, 1114000000, 1115000000, 1000000.00, 1, -22.84, -22.84
2026-06-28, 18:08:55, 1115000000, 1116000000, 1000000.00, 1, -22.92, -22.92
2026-06-28, 18:08:55, 1116000000, 1117000000, 1000000.00, 1, -22.81, -22.81
2026-06-28, 18:08:55, 1117000000, 1118000000, 1000000.00, 1, -22.81, -22.81
2026-06-28, 18:08:55, 1118000000, 1119000000, 1000000.00, 1, -22.79, -22.79
2026-06-28, 18:08:55, 1119000000, 1120000000, 1000000.00, 1, -22.83, -22.83
2026-06-28, 18:08:55, 1120000000, 1121000000, 1000000.00, 1, -22.81, -22.81
2026-06-28, 18:08:55, 1121000000, 1122000000, 1000000.00, 1, -22.83, -22.83
2026-06-28, 18:08:55, 1122000000, 1123000000, 1000000.00, 1, -22.83, -22.83
2026-06-28, 18:08:55, 1123000000, 1124000000, 1000000.00, 1, -22.39, -22.39
2026-06-28, 18:08:55, 1124000000, 1125000000, 1000000.00, 1, -22.91, -22.91
2026-06-28, 18:08:55, 1125000000, 1126000000, 1000000.00, 1, -22.87, -22.87
2026-06-28, 18:08:55, 1126000000, 1127000000, 1000000.00, 1, -22.74, -22.74
2026-06-28, 18:08:55, 1127000000, 1128000000, 1000000.00, 1, -22.65, -22.65
2026-06-28, 18:08:55, 1128000000, 1129000000, 1000000.00, 1, -22.78, -22.78
2026-06-28, 18:08:55, 1129000000, 1130000000, 1000000.00, 1, -22.89, -22.89
2026-06-28, 18:08:55, 1130000000, 1131000000, 1000000.00, 1, -22.99, -22.99
2026-06-28, 18:08:55, 1131000000, 1132000000, 1000000.00, 1, -23.07, -23.07
2026-06-28, 18:08:55, 1132000000, 1133000000, 1000000.00, 1, -23.13, -23.13
2026-06-28, 18:08:55, 1133000000, 1134000000, 1000000.00, 1, -23.11, -23.11
2026-06-28, 18:08:55, 1134000000, 1135000000, 1000000.00, 1, -23.14, -23.14
2026-06-28, 18:08:55, 1135000000, 1136000000, 1000000.00, 1, -23.11, -23.11
2026-06-28, 18:08:55, 1136000000, 1137000000, 1000000.00, 1, -23.08, -23.08
2026-06-28, 18:08:55, 1137000000, 1138000000, 1000000.00, 1, -22.29, -22.29
2026-06-28, 18:08:55, 1138000000, 1139000000, 1000000.00, 1, -23.22, -23.22
2026-06-28, 18:08:55, 1139000000, 1140000000, 1000000.00, 1, -23.13, -23.13
2026-06-28, 18:08:55, 1140000000, 1141000000, 1000000.00, 1, -23.10, -23.10
2026-06-28, 18:08:55, 1141000000, 1142000000, 1000000.00, 1, -23.10, -23.10
2026-06-28, 18:08:55, 1142000000, 1143000000, 1000000.00, 1, -23.06, -23.06
2026-06-28, 18:08:55, 1143000000, 1144000000, 1000000.00, 1, -23.05, -23.05
2026-06-28, 18:08:55, 1144000000, 1145000000, 1000000.00, 1, -22.73, -22.73
2026-06-28, 18:08:55, 1145000000, 1146000000, 1000000.00, 1, -23.01, -23.01
2026-06-28, 18:08:55, 1146000000, 1147000000, 1000000.00, 1, -23.17, -23.17
2026-06-28, 18:08:55, 1147000000, 1148000000, 1000000.00, 1, -23.22, -23.22
2026-06-28, 18:08:55, 1148000000, 1149000000, 1000000.00, 1, -23.03, -23.03
2026-06-28, 18:08:55, 1149000000, 1150000000, 1000000.00, 1, -23.12, -23.12
2026-06-28, 18:08:55, 1150000000, 1151000000, 1000000.00, 1, -23.09, -23.09
2026-06-28, 18:08:55, 1151000000, 1152000000, 1000000.00, 1, -22.92, -22.92
2026-06-28, 18:08:55, 1152000000, 1153000000, 1000000.00, 1, -22.69, -22.69
2026-06-28, 18:08:55, 1153000000, 1154000000, 1000000.00, 1, -22.79, -22.79
2026-06-28, 18:08:55, 1154000000, 1155000000, 1000000.00, 1, -22.70, -22.70
2026-06-28, 18:08:55, 1155000000, 1156000000, 1000000.00, 1, -22.61, -22.61
2026-06-28, 18:08:55, 1156000000, 1157000000, 1000000.00, 1, -22.65, -22.65
2026-06-28, 18:08:55, 1157000000, 1158000000, 1000000.00, 1, -22.60, -22.60
2026-06-28, 18:08:55, 1158000000, 1159000000, 1000000.00, 1, -22.55, -22.55
2026-06-28, 18:08:55, 1159000000, 1160000000, 1000000.00, 1, -22.79, -22.79
2026-06-28, 18:08:55, 1160000000, 1161000000, 1000000.00, 1, -22.72, -22.72
2026-06-28, 18:08:55, 1161000000, 1162000000, 1000000.00, 1, -22.75, -22.75
2026-06-28, 18:08:55, 1162000000, 1163000000, 1000000.00, 1, -22.80, -22.80
2026-06-28, 18:08:55, 1163000000, 1164000000, 1000000.00, 1, -22.85, -22.85
2026-06-28, 18:08:55, 1164000000, 1165000000, 1000000.00, 1, -22.81, -22.81
2026-06-28, 18:08:55, 1165000000, 1166000000, 1000000.00, 1, -22.79, -22.79
2026-06-28, 18:08:55, 1166000000, 1167000000, 1000000.00, 1, -22.78, -22.78
2026-06-28, 18:08:55, 1167000000, 1168000000, 1000000.00, 1, -22.88, -22.88
2026-06-28, 18:08:55, 1168000000, 1169000000, 1000000.00, 1, -22.85, -22.85
2026-06-28, 18:08:55, 1169000000, 1170000000, 1000000.00, 1, -22.84, -22.84
2026-06-28, 18:08:55, 1170000000, 1171000000, 1000000.00, 1, -22.50, -22.50
2026-06-28, 18:08:55, 1171000000, 1172000000, 1000000.00, 1, -22.01, -22.01
2026-06-28, 18:08:55, 1172000000, 1173000000, 1000000.00, 1, -21.95, -21.95
2026-06-28, 18:08:55, 1173000000, 1174000000, 1000000.00, 1, -22.26, -22.26
2026-06-28, 18:08:55, 1174000000, 1175000000, 1000000.00, 1, -22.30, -22.30
2026-06-28, 18:08:55, 1175000000, 1176000000, 1000000.00, 1, -22.54, -22.54
2026-06-28, 18:08:55, 1176000000, 1177000000, 1000000.00, 1, -22.53, -22.53
2026-06-28, 18:08:55, 1177000000, 1178000000, 1000000.00, 1, -22.66, -22.66
2026-06-28, 18:08:55, 1178000000, 1179000000, 1000000.00, 1, -22.63, -22.63
2026-06-28, 18:08:55, 1179000000, 1180000000, 1000000.00, 1, -22.65, -22.65
2026-06-28, 18:08:55, 1180000000, 1181000000, 1000000.00, 1, -22.66, -22.66
2026-06-28, 18:08:55, 1181000000, 1182000000, 1000000.00, 1, -22.72, -22.72
2026-06-28, 18:08:55, 1182000000, 1183000000, 1000000.00, 1, -22.75, -22.75
2026-06-28, 18:08:55, 1183000000, 1184000000, 1000000.00, 1, -22.72, -22.72
2026-06-28, 18:08:55, 1184000000, 1185000000, 1000000.00, 1, -22.73, -22.73
2026-06-28, 18:08:55, 1185000000, 1186000000, 1000000.00, 1, -22.58, -22.58
2026-06-28, 18:08:55, 1186000000, 1187000000, 1000000.00, 1, -22.54, -22.54
2026-06-28, 18:08:55, 1187000000, 1188000000, 1000000.00, 1, -22.30, -22.30
2026-06-28, 18:08:55, 1188000000, 1189000000, 1000000.00, 1, -22.12, -22.12
2026-06-28, 18:08:55, 1189000000, 1190000000, 1000000.00, 1, -21.73, -21.73
2026-06-28, 18:08:55, 1190000000, 1191000000, 1000000.00, 1, -21.68, -21.68
2026-06-28, 18:08:55, 1191000000, 1192000000, 1000000.00, 1, -21.42, -21.42
2026-06-28, 18:08:55, 1192000000, 1193000000, 1000000.00, 1, -21.24, -21.24
2026-06-28, 18:08:55, 1193000000, 1194000000, 1000000.00, 1, -21.03, -21.03
2026-06-28, 18:08:55, 1194000000, 1195000000, 1000000.00, 1, -20.68, -20.68
2026-06-28, 18:08:55, 1195000000, 1196000000, 1000000.00, 1, -20.42, -20.42
2026-06-28, 18:08:55, 1196000000, 1197000000, 1000000.00, 1, -20.24, -20.24
2026-06-28, 18:08:55, 1197000000, 1198000000, 1000000.00, 1, -20.14, -20.14
2026-06-28, 18:08:55, 1198000000, 1199000000, 1000000.00, 1, -17.01, -17.01
2026-06-28, 18:08:55, 1199000000, 1200000000, 1000000.00, 1, -20.03, -20.03
2026-06-28, 18:08:55, 1200000000, 1201000000, 1000000.00, 1, -20.22, -20.22
2026-06-28, 18:08:55, 1201000000, 1202000000, 1000000.00, 1, -20.32, -20.32
2026-06-28, 18:08:55, 1202000000, 1203000000, 1000000.00, 1, -20.26, -20.26
2026-06-28, 18:08:55, 1203000000, 1204000000, 1000000.00, 1, -20.46, -20.46
2026-06-28, 18:08:55, 1204000000, 1205000000, 1000000.00, 1, -20.52, -20.52
2026-06-28, 18:08:55, 1205000000, 1206000000, 1000000.00, 1, -20.81, -20.81
2026-06-28, 18:08:55, 1206000000, 1207000000, 1000000.00, 1, -20.96, -20.96
2026-06-28, 18:08:55, 1207000000, 1208000000, 1000000.00, 1, -21.03, -21.03
2026-06-28, 18:08:55, 1208000000, 1209000000, 1000000.00, 1, -21.20, -21.20
2026-06-28, 18:08:55, 1209000000, 1210000000, 1000000.00, 1, -21.34, -21.34
2026-06-28, 18:08:55, 1210000000, 1211000000, 1000000.00, 1, -21.49, -21.49
2026-06-28, 18:08:55, 1211000000, 1212000000, 1000000.00, 1, -21.80, -21.80
2026-06-28, 18:08:55, 1212000000, 1213000000, 1000000.00, 1, -21.96, -21.96
2026-06-28, 18:08:55, 1213000000, 1214000000, 1000000.00, 1, -22.24, -22.24
2026-06-28, 18:08:55, 1214000000, 1215000000, 1000000.00, 1, -22.17, -22.17
2026-06-28, 18:09:05, 960000000, 961000000, 1000000.00, 1, -14.88, -14.88
2026-06-28, 18:09:05, 961000000, 962000000, 1000000.00, 1, -15.38, -15.38
2026-06-28, 18:09:05, 962000000, 963000000, 1000000.00, 1, -16.65, -16.65
2026-06-28, 18:09:05, 963000000, 964000000, 1000000.00, 1, -16.72, -16.72
2026-06-28, 18:09:05, 964000000, 965000000, 1000000.00, 1, -14.51, -14.51
2026-06-28, 18:09:05, 965000000, 966000000, 1000000.00, 1, -18.62, -18.62
2026-06-28, 18:09:05, 966000000, 967000000, 1000000.00, 1, -19.28, -19.28
2026-06-28, 18:09:05, 967000000, 968000000, 1000000.00, 1, -19.67, -19.67
2026-06-28, 18:09:05, 968000000, 969000000, 1000000.00, 1, -19.91, -19.91
2026-06-28, 18:09:05, 969000000, 970000000, 1000000.00, 1, -19.74, -19.74
2026-06-28, 18:09:05, 970000000, 971000000, 1000000.00, 1, -19.58, -19.58
2026-06-28, 18:09:05, 971000000, 972000000, 1000000.00, 1, -19.26, -19.26
2026-06-28, 18:09:05, 972000000, 973000000, 1000000.00, 1, -19.19, -19.19
2026-06-28, 18:09:05, 973000000, 974000000, 1000000.00, 1, -18.94, -18.94
2026-06-28, 18:09:05, 974000000, 975000000, 1000000.00, 1, -19.07, -19.07
2026-06-28, 18:09:05, 975000000, 976000000, 1000000.00, 1, -18.83, -18.83
2026-06-28, 18:09:05, 976000000, 977000000, 1000000.00, 1, -19.07, -19.07
2026-06-28, 18:09:05, 977000000, 978000000, 1000000.00, 1, -18.96, -18.96
2026-06-28, 18:09:05, 978000000, 979000000, 1000000.00, 1, -18.85, -18.85
2026-06-28, 18:09:05, 979000000, 980000000, 1000000.00, 1, -11.93, -11.93
2026-06-28, 18:09:05, 980000000, 981000000, 1000000.00, 1, -18.62, -18.62
2026-06-28, 18:09:05, 981000000, 982000000, 1000000.00, 1, -18.31, -18.31
2026-06-28, 18:09:05, 982000000, 983000000, 1000000.00, 1, -17.99, -17.99
2026-06-28, 18:09:05, 983000000, 984000000, 1000000.00, 1, -17.50, -17.50
2026-06-28, 18:09:05, 984000000, 985000000, 1000000.00, 1, -17.66, -17.66
2026-06-28, 18:09:05, 985000000, 986000000, 1000000.00, 1, -17.31, -17.31
2026-06-28, 18:09:05, 986000000, 987000000, 1000000.00, 1, -17.58, -17.58
2026-06-28, 18:09:05, 987000000, 988000000, 1000000.00, 1, -17.44, -17.44
2026-06-28, 18:09:05, 988000000, 989000000, 1000000.00, 1, -17.65, -17.65
2026-06-28, 18:09:05, 989000000, 990000000, 1000000.00, 1, -17.27, -17.27
2026-06-28, 18:09:05, 990000000, 991000000, 1000000.00, 1, -17.48, -17.48
2026-06-28, 18:09:05, 991000000, 992000000, 1000000.00, 1, -17.18, -17.18
2026-06-28, 18:09:05, 992000000, 993000000, 1000000.00, 1, -17.47, -17.47
2026-06-28, 18:09:05, 993000000, 994000000, 1000000.00, 1, -12.95, -12.95
2026-06-28, 18:09:05, 994000000, 995000000, 1000000.00, 1, -17.50, -17.50
2026-06-28, 18:09:05, 995000000, 996000000, 1000000.00, 1, -17.47, -17.47
2026-06-28, 18:09:05, 996000000, 997000000, 1000000.00, 1, -17.66, -17.66
2026-06-28, 18:09:05, 997000000, 998000000, 1000000.00, 1, -17.41, -17.41
2026-06-28, 18:09:05, 998000000, 999000000, 1000000.00, 1, 2.52, 2.52
2026-06-28, 18:09:05, 999000000, 1000000000, 1000000.00, 1, 4.41, 4.41
2026-06-28, 18:09:05, 1000000000, 1001000000, 1000000.00, 1, -17.54, -17.54
2026-06-28, 18:09:05, 1001000000, 1002000000, 1000000.00, 1, -17.79, -17.79
2026-06-28, 18:09:05, 1002000000, 1003000000, 1000000.00, 1, -17.98, -17.98
2026-06-28, 18:09:05, 1003000000, 1004000000, 1000000.00, 1, -17.90, -17.90
2026-06-28, 18:09:05, 1004000000, 1005000000, 1000000.00, 1, -17.85, -17.85
2026-06-28, 18:09:05, 1005000000, 1006000000, 1000000.00, 1, -17.88, -17.88
2026-06-28, 18:09:05, 1006000000, 1007000000, 1000000.00, 1, -17.74, -17.74
2026-06-28, 18:09:05, 1007000000, 1008000000, 1000000.00, 1, -16.96, -16.96
2026-06-28, 18:09:05, 1008000000, 1009000000, 1000000.00, 1, -17.04, -17.04
2026-06-28, 18:09:05, 1009000000, 1010000000, 1000000.00, 1, -17.86, -17.86
2026-06-28, 18:09:05, 1010000000, 1011000000, 1000000.00, 1, -17.82, -17.82
2026-06-28, 18:09:05, 1011000000, 1012000000, 1000000.00, 1, -18.02, -18.02
2026-06-28, 18:09:05, 1012000000, 1013000000, 1000000.00, 1, -18.10, -18.10
2026-06-28, 18:09:05, 1013000000, 1014000000, 1000000.00, 1, -17.93, -17.93
2026-06-28, 18:09:05, 1014000000, 1015000000, 1000000.00, 1, -17.83, -17.83
2026-06-28, 18:09:05, 1015000000, 1016000000, 1000000.00, 1, -17.67, -17.67
2026-06-28, 18:09:05, 1016000000, 1017000000, 1000000.00, 1, -17.60, -17.60
2026-06-28, 18:09:05, 1017000000, 1018000000, 1000000.00, 1, -17.62, -17.62
2026-06-28, 18:09:05, 1018000000, 1019000000, 1000000.00, 1, -17.55, -17.55
2026-06-28, 18:09:05, 1019000000, 1020000000, 1000000.00, 1, -17.53, -17.53
2026-06-28, 18:09:05, 1020000000, 1021000000, 1000000.00, 1, -17.53, -17.53
2026-06-28, 18:09:05, 1021000000, 1022000000, 1000000.00, 1, -17.47, -17.47
2026-06-28, 18:09:05, 1022000000, 1023000000, 1000000.00, 1, -16.55, -16.55
2026-06-28, 18:09:05, 1023000000, 1024000000, 1000000.00, 1, -17.45, -17.45
2026-06-28, 18:09:05, 1024000000, 1025000000, 1000000.00, 1, -17.59, -17.59
2026-06-28, 18:09:05, 1025000000, 1026000000, 1000000.00, 1, -17.78, -17.78
2026-06-28, 18:09:05, 1026000000, 1027000000, 1000000.00, 1, -17.80, -17.80
2026-06-28, 18:09:05, 1027000000, 1028000000, 1000000.00, 1, -17.91, -17.91
2026-06-28, 18:09:05, 1028000000, 1029000000, 1000000.00, 1, -17.99, -17.99
2026-06-28, 18:09:05, 1029000000, 1030000000, 1000000.00, 1, -18.17, -18.17
2026-06-28, 18:09:05, 1030000000, 1031000000, 1000000.00, 1, -18.25, -18.25
2026-06-28, 18:09:05, 1031000000, 1032000000, 1000000.00, 1, -18.42, -18.42
2026-06-28, 18:09:05, 1032000000, 1033000000, 1000000.00, 1, -18.53, -18.53
2026-06-28, 18:09:05, 1033000000, 1034000000, 1000000.00, 1, -18.84, -18.84
2026-06-28, 18:09:05, 1034000000, 1035000000, 1000000.00, 1, -19.06, -19.06
2026-06-28, 18:09:05, 1035000000, 1036000000, 1000000.00, 1, -19.32, -19.32
2026-06-28, 18:09:05, 1036000000, 1037000000, 1000000.00, 1, -19.04, -19.04
2026-06-28, 18:09:05, 1037000000, 1038000000, 1000000.00, 1, -19.76, -19.76
2026-06-28, 18:09:05, 1038000000, 1039000000, 1000000.00, 1, -20.03, -20.03
2026-06-28, 18:09:05, 1039000000, 1040000000, 1000000.00, 1, -20.36, -20.36
2026-06-28, 18:09:05, 1040000000, 1041000000, 1000000.00, 1, -20.68, -20.68
2026-06-28, 18:09:05, 1041000000, 1042000000, 1000000.00, 1, -21.02, -21.02
2026-06-28, 18:09:05, 1042000000, 1043000000, 1000000.00, 1, -21.19, -21.19
2026-06-28, 18:09:05, 1043000000, 1044000000, 1000000.00, 1, -21.35, -21.35
2026-06-28, 18:09:05, 1044000000, 1045000000, 1000000.00, 1, -21.63, -21.63
2026-06-28, 18:09:05, 1045000000, 1046000000, 1000000.00, 1, -21.83, -21.83
2026-06-28, 18:09:05, 1046000000, 1047000000, 1000000.00, 1, -21.95, -21.95
2026-06-28, 18:09:05, 1047000000, 1048000000, 1000000.00, 1, -22.02, -22.02
2026-06-28, 18:09:05, 1048000000, 1049000000, 1000000.00, 1, -19.82, -19.82
2026-06-28, 18:09:05, 1049000000, 1050000000, 1000000.00, 1, -21.31, -21.31
2026-06-28, 18:09:05, 1050000000, 1051000000, 1000000.00, 1, -21.89, -21.89
2026-06-28, 18:09:05, 1051000000, 1052000000, 1000000.00, 1, -21.29, -21.29
2026-06-28, 18:09:05, 1052000000, 1053000000, 1000000.00, 1, -21.68, -21.68
2026-06-28, 18:09:05, 1053000000, 1054000000, 1000000.00, 1, -21.68, -21.68
2026-06-28, 18:09:05, 1054000000, 1055000000, 1000000.00, 1, -21.85, -21.85
2026-06-28, 18:09:05, 1055000000, 1056000000, 1000000.00, 1, -22.04, -22.04
2026-06-28, 18:09:05, 1056000000, 1057000000, 1000000.00, 1, -22.00, -22.00
2026-06-28, 18:09:05, 1057000000, 1058000000, 1000000.00, 1, -22.06, -22.06
2026-06-28, 18:09:05, 1058000000, 1059000000, 1000000.00, 1, -21.96, -21.96
2026-06-28, 18:09:05, 1059000000, 1060000000, 1000000.00, 1, -21.84, -21.84
2026-06-28, 18:09:05, 1060000000, 1061000000, 1000000.00, 1, -21.75, -21.75
2026-06-28, 18:09:05, 1061000000, 1062000000, 1000000.00, 1, -21.72, -21.72
2026-06-28, 18:09:05, 1062000000, 1063000000, 1000000.00, 1, -21.74, -21.74
2026-06-28, 18:09:05, 1063000000, 1064000000, 1000000.00, 1, -21.73, -21.73
2026-06-28, 18:09:05, 1064000000, 1065000000, 1000000.00, 1, -21.71, -21.71
2026-06-28, 18:09:05, 1065000000, 1066000000, 1000000.00, 1, -21.01, -21.01
2026-06-28, 18:09:05, 1066000000, 1067000000, 1000000.00, 1, -21.55, -21.55
2026-06-28, 18:09:05, 1067000000, 1068000000, 1000000.00, 1, -21.72, -21.72
2026-06-28, 18:09:05, 1068000000, 1069000000, 1000000.00, 1, -21.68, -21.68
2026-06-28, 18:09:05, 1069000000, 1070000000, 1000000.00, 1, -21.91, -21.91
2026-06-28, 18:09:05, 1070000000, 1071000000, 1000000.00, 1, -22.13, -22.13
2026-06-28, 18:09:05, 1071000000, 1072000000, 1000000.00, 1, -22.22, -22.22
2026-06-28, 18:09:05, 1072000000, 1073000000, 1000000.00, 1, -22.39, -22.39
2026-06-28, 18:09:05, 1073000000, 1074000000, 1000000.00, 1, -22.51, -22.51
2026-06-28, 18:09:05, 1074000000, 1075000000, 1000000.00, 1, -22.51, -22.51
2026-06-28, 18:09:05, 1075000000, 1076000000, 1000000.00, 1, -22.61, -22.61
2026-06-28, 18:09:05, 1076000000, 1077000000, 1000000.00, 1, -22.72, -22.72
2026-06-28, 18:09:05, 1077000000, 1078000000, 1000000.00, 1, -22.74, -22.74
2026-06-28, 18:09:05, 1078000000, 1079000000, 1000000.00, 1, -22.86, -22.86
2026-06-28, 18:09:05, 1079000000, 1080000000, 1000000.00, 1, -22.79, -22.79
2026-06-28, 18:09:05, 1080000000, 1081000000, 1000000.00, 1, -22.79, -22.79
2026-06-28, 18:09:05, 1081000000, 1082000000, 1000000.00, 1, -22.79, -22.79
2026-06-28, 18:09:05, 1082000000, 1083000000, 1000000.00, 1, -22.91, -22.91
2026-06-28, 18:09:05, 1083000000, 1084000000, 1000000.00, 1, -23.01, -23.01
2026-06-28, 18:09:05, 1084000000, 1085000000, 1000000.00, 1, -23.13, -23.13
2026-06-28, 18:09:05, 1085000000, 1086000000, 1000000.00, 1, -23.25, -23.25
2026-06-28, 18:09:05, 1086000000, 1087000000, 1000000.00, 1, -23.31, -23.31
2026-06-28, 18:09:05, 1087000000, 1088000000, 1000000.00, 1, -23.33, -23.33
2026-06-28, 18:09:05, 1088000000, 1089000000, 1000000.00, 1, -23.43, -23.43
2026-06-28, 18:09:05, 1089000000, 1090000000, 1000000.00, 1, -23.13, -23.13
2026-06-28, 18:09:05, 1090000000, 1091000000, 1000000.00, 1, -21.45, -21.45
2026-06-28, 18:09:05, 1091000000, 1092000000, 1000000.00, 1, -23.27, -23.27
2026-06-28, 18:09:05, 1092000000, 1093000000, 1000000.00, 1, -23.29, -23.29
2026-06-28, 18:09:05, 1093000000, 1094000000, 1000000.00, 1, -23.35, -23.35
2026-06-28, 18:09:05, 1094000000, 1095000000, 1000000.00, 1, -23.30, -23.30
2026-06-28, 18:09:05, 1095000000, 1096000000, 1000000.00, 1, -23.35, -23.35
2026-06-28, 18:09:05, 1096000000, 1097000000, 1000000.00, 1, -23.32, -23.32
2026-06-28, 18:09:05, 1097000000, 1098000000, 1000000.00, 1, -23.28, -23.28
2026-06-28, 18:09:05, 1098000000, 1099000000, 1000000.00, 1, -23.24, -23.24
2026-06-28, 18:09:05, 1099000000, 1100000000, 1000000.00, 1, -23.21, -23.21
2026-06-28, 18:09:05, 1100000000, 1101000000, 1000000.00, 1, -23.23, -23.23
2026-06-28, 18:09:05, 1101000000, 1102000000, 1000000.00, 1, -23.28, -23.28
2026-06-28, 18:09:05, 1102000000, 1103000000, 1000000.00, 1, -23.22, -23.22
2026-06-28, 18:09:05, 1103000000, 1104000000, 1000000.00, 1, -23.25, -23.25
2026-06-28, 18:09:05, 1104000000, 1105000000, 1000000.00, 1, -22.84, -22.84
2026-06-28, 18:09:05, 1105000000, 1106000000, 1000000.00, 1, -23.27, -23.27
2026-06-28, 18:09:05, 1106000000, 1107000000, 1000000.00, 1, -23.24, -23.24
2026-06-28, 18:09:05, 1107000000, 1108000000, 1000000.00, 1, -23.36, -23.36
2026-06-28, 18:09:05, 1108000000, 1109000000, 1000000.00, 1, -23.24, -23.24
2026-06-28, 18:09:05, 1109000000, 1110000000, 1000000.00, 1, -23.18, -23.18
2026-06-28, 18:09:05, 1110000000, 1111000000, 1000000.00, 1, -23.01, -23.01
2026-06-28, 18:09:05, 1111000000, 1112000000, 1000000.00, 1, -23.06, -23.06
2026-06-28, 18:09:05, 1112000000, 1113000000, 1000000.00, 1, -23.05, -23.05
2026-06-28, 18:09:05, 1113000000, 1114000000, 1000000.00, 1, -22.88, -22.88
2026-06-28, 18:09:05, 1114000000, 1115000000, 1000000.00, 1, -22.77, -22.77
2026-06-28, 18:09:05, 1115000000, 1116000000, 1000000.00, 1, -22.74, -22.74
2026-06-28, 18:09:05, 1116000000, 1117000000, 1000000.00, 1, -22.82, -22.82
2026-06-28, 18:09:05, 1117000000, 1118000000, 1000000.00, 1, -22.80, -22.80
2026-06-28, 18:09:05, 1118000000, 1119000000, 1000000.00, 1, -22.85, -22.85
2026-06-28, 18:09:05, 1119000000, 1120000000, 1000000.00, 1, -22.84, -22.84
2026-06-28, 18:09:05, 1120000000, 1121000000, 1000000.00, 1, -22.87, -22.87
2026-06-28, 18:09:05, 1121000000, 1122000000, 1000000.00, 1, -22.82, -22.82
2026-06-28, 18:09:05, 1122000000, 1123000000, 1000000.00, 1, -22.84, -22.84
2026-06-28, 18:09:05, 1123000000, 1124000000, 1000000.00, 1, -22.36, -22.36
2026-06-28, 18:09:05, 1124000000, 1125000000, 1000000.00, 1, -22.80, -22.80
2026-06-28, 18:09:05, 1125000000, 1126000000, 1000000.00, 1, -22.79, -22.79
2026-06-28, 18:09:05, 1126000000, 1127000000, 1000000.00, 1, -22.68, -22.68
2026-06-28, 18:09:05, 1127000000, 1128000000, 1000000.00, 1, -22.68, -22.68
2026-06-28, 18:09:05, 1128000000, 1129000000, 1000000.00, 1, -22.73, -22.73
2026-06-28, 18:09:05, 1129000000, 1130000000, 1000000.00, 1, -22.77, -22.77
2026-06-28, 18:09:05, 1130000000, 1131000000, 1000000.00, 1, -22.89, -22.89
2026-06-28, 18:09:05, 1131000000, 1132000000, 1000000.00, 1, -23.13, -23.13
2026-06-28, 18:09:05, 1132000000, 1133000000, 1000000.00, 1, -23.15, -23.15
2026-06-28, 18:09:05, 1133000000, 1134000000, 1000000.00, 1, -23.10, -23.10
2026-06-28, 18:09:05, 1134000000, 1135000000, 1000000.00, 1, -23.08, -23.08
2026-06-28, 18:09:05, 1135000000, 1136000000, 1000000.00, 1, -23.13, -23.13
2026-06-28, 18:09:05, 1136000000, 1137000000, 1000000.00, 1, -23.00, -23.00
2026-06-28, 18:09:05, 1137000000, 1138000000, 1000000.00, 1, -23.09, -23.09
2026-06-28, 18:09:05, 1138000000, 1139000000, 1000000.00, 1, -23.17, -23.17
2026-06-28, 18:09:05, 1139000000, 1140000000, 1000000.00, 1, -23.12, -23.12
2026-06-28, 18:09:05, 1140000000, 1141000000, 1000000.00, 1, -23.10, -23.10
2026-06-28, 18:09:05, 1141000000, 1142000000, 1000000.00, 1, -23.01, -23.01
2026-06-28, 18:09:05, 1142000000, 1143000000, 1000000.00, 1, -23.08, -23.08
2026-06-28, 18:09:05, 1143000000, 1144000000, 1000000.00, 1, -23.12, -23.12
2026-06-28, 18:09:05, 1144000000, 1145000000, 1000000.00, 1, -22.94, -22.94
2026-06-28, 18:09:05, 1145000000, 1146000000, 1000000.00, 1, -23.11, -23.11
2026-06-28, 18:09:05, 1146000000, 1147000000, 1000000.00, 1, -23.21, -23.21
2026-06-28, 18:09:05, 1147000000, 1148000000, 1000000.00, 1, -23.20, -23.20
2026-06-28, 18:09:05, 1148000000, 1149000000, 1000000.00, 1, -23.04, -23.04
2026-06-28, 18:09:05, 1149000000, 1150000000, 1000000.00, 1, -23.11, -23.11
2026-06-28, 18:09:05, 1150000000, 1151000000, 1000000.00, 1, -22.97, -22.97
2026-06-28, 18:09:05, 1151000000, 1152000000, 1000000.00, 1, -22.89, -22.89
2026-06-28, 18:09:05, 1152000000, 1153000000, 1000000.00, 1, -22.78, -22.78
2026-06-28, 18:09:05, 1153000000, 1154000000, 1000000.00, 1, -22.78, -22.78
2026-06-28, 18:09:05, 1154000000, 1155000000, 1000000.00, 1, -22.66, -22.66
2026-06-28, 18:09:05, 1155000000, 1156000000, 1000000.00, 1, -22.61, -22.61
2026-06-28, 18:09:05, 1156000000, 1157000000, 1000000.00, 1, -22.65, -22.65
2026-06-28, 18:09:05, 1157000000, 1158000000, 1000000.00, 1, -22.61, -22.61
2026-06-28, 18:09:05, 1158000000, 1159000000, 1000000.00, 1, -22.57, -22.57
2026-06-28, 18:09:05, 1159000000, 1160000000, 1000000.00, 1, -22.67, -22.67
2026-06-28, 18:09:05, 1160000000, 1161000000, 1000000.00, 1, -22.73, -22.73
2026-06-28, 18:09:05, 1161000000, 1162000000, 1000000.00, 1, -22.77, -22.77
2026-06-28, 18:09:05, 1162000000, 1163000000, 1000000.00, 1, -22.84, -22.84
2026-06-28, 18:09:05, 1163000000, 1164000000, 1000000.00, 1, -22.76, -22.76
2026-06-28, 18:09:05, 1164000000, 1165000000, 1000000.00, 1, -22.79, -22.79
2026-06-28, 18:09:05, 1165000000, 1166000000, 1000000.00, 1, -22.82, -22.82
2026-06-28, 18:09:05, 1166000000, 1167000000, 1000000.00, 1, -22.82, -22.82
2026-06-28, 18:09:05, 1167000000, 1168000000, 1000000.00, 1, -22.81, -22.81
2026-06-28, 18:09:05, 1168000000, 1169000000, 1000000.00, 1, -22.86, -22.86
2026-06-28, 18:09:05, 1169000000, 1170000000, 1000000.00, 1, -22.83, -22.83
2026-06-28, 18:09:05, 1170000000, 1171000000, 1000000.00, 1, -22.54, -22.54
2026-06-28, 18:09:05, 1171000000, 1172000000, 1000000.00, 1, -22.03, -22.03
2026-06-28, 18:09:05, 1172000000, 1173000000, 1000000.00, 1, -21.96, -21.96
2026-06-28, 18:09:05, 1173000000, 1174000000, 1000000.00, 1, -22.23, -22.23
2026-06-28, 18:09:05, 1174000000, 1175000000, 1000000.00, 1, -22.37, -22.37
2026-06-28, 18:09:05, 1175000000, 1176000000, 1000000.00, 1, -22.54, -22.54
2026-06-28, 18:09:05, 1176000000, 1177000000, 1000000.00, 1, -22.64, -22.64
2026-06-28, 18:09:05, 1177000000, 1178000000, 1000000.00, 1, -22.61, -22.61
2026-06-28, 18:09:05, 1178000000, 1179000000, 1000000.00, 1, -22.64, -22.64
2026-06-28, 18:09:05, 1179000000, 1180000000, 1000000.00, 1, -22.72, -22.72
2026-06-28, 18:09:05, 1180000000, 1181000000, 1000000.00, 1, -22.66, -22.66
2026-06-28, 18:09:05, 1181000000, 1182000000, 1000000.00, 1, -22.73, -22.73
2026-06-28, 18:09:05, 1182000000, 1183000000, 1000000.00, 1, -22.85, -22.85
2026-06-28, 18:09:05, 1183000000, 1184000000, 1000000.00, 1, -22.78, -22.78
2026-06-28, 18:09:05, 1184000000, 1185000000, 1000000.00, 1, -22.86, -22.86
2026-06-28, 18:09:05, 1185000000, 1186000000, 1000000.00, 1, -22.62, -22.62
2026-06-28, 18:09:05, 1186000000, 1187000000, 1000000.00, 1, -22.49, -22.49
2026-06-28, 18:09:05, 1187000000, 1188000000, 1000000.00, 1, -22.31, -22.31
2026-06-28, 18:09:05, 1188000000, 1189000000, 1000000.00, 1, -21.89, -21.89
2026-06-28, 18:09:05, 1189000000, 1190000000, 1000000.00, 1, -21.93, -21.93
2026-06-28, 18:09:05, 1190000000, 1191000000, 1000000.00, 1, -21.71, -21.71
2026-06-28, 18:09:05, 1191000000, 1192000000, 1000000.00, 1, -21.44, -21.44
2026-06-28, 18:09:05, 1192000000, 1193000000, 1000000.00, 1, -21.26, -21.26
2026-06-28, 18:09:05, 1193000000, 1194000000, 1000000.00, 1, -20.98, -20.98
2026-06-28, 18:09:05, 1194000000, 1195000000, 1000000.00, 1, -20.77, -20.77
2026-06-28, 18:09:05, 1195000000, 1196000000, 1000000.00, 1, -20.50, -20.50
2026-06-28, 18:09:05, 1196000000, 1197000000, 1000000.00, 1, -20.25, -20.25
2026-06-28, 18:09:05, 1197000000, 1198000000, 1000000.00, 1, -20.12, -20.12
2026-06-28, 18:09:05, 1198000000, 1199000000, 1000000.00, 1, -17.15, -17.15
2026-06-28, 18:09:05, 1199000000, 1200000000, 1000000.00, 1, -20.12, -20.12
2026-06-28, 18:09:05, 1200000000, 1201000000, 1000000.00, 1, -20.37, -20.37
2026-06-28, 18:09:05, 1201000000, 1202000000, 1000000.00, 1, -20.39, -20.39
2026-06-28, 18:09:05, 1202000000, 1203000000, 1000000.00, 1, -20.34, -20.34
2026-06-28, 18:09:05, 1203000000, 1204000000, 1000000.00, 1, -20.51, -20.51
2026-06-28, 18:09:05, 1204000000, 1205000000, 1000000.00, 1, -20.61, -20.61
2026-06-28, 18:09:05, 1205000000, 1206000000, 1000000.00, 1, -20.76, -20.76
2026-06-28, 18:09:05, 1206000000, 1207000000, 1000000.00, 1, -20.96, -20.96
2026-06-28, 18:09:05, 1207000000, 1208000000, 1000000.00, 1, -21.05, -21.05
2026-06-28, 18:09:05, 1208000000, 1209000000, 1000000.00, 1, -21.29, -21.29
2026-06-28, 18:09:05, 1209000000, 1210000000, 1000000.00, 1, -21.46, -21.46
2026-06-28, 18:09:05, 1210000000, 1211000000, 1000000.00, 1, -21.61, -21.61
2026-06-28, 18:09:05, 1211000000, 1212000000, 1000000.00, 1, -21.82, -21.82
2026-06-28, 18:09:05, 1212000000, 1213000000, 1000000.00, 1, -21.96, -21.96
2026-06-28, 18:09:05, 1213000000, 1214000000, 1000000.00, 1, -22.25, -22.25
2026-06-28, 18:09:05, 1214000000, 1215000000, 1000000.00, 1, -22.23, -22.23
