2026-06-28, 17:30:51, 960000000, 961000000, 1000000.00, 1, -24.63, -24.63
2026-06-28, 17:30:51, 961000000, 962000000, 1000000.00, 1, -24.62, -24.62
2026-06-28, 17:30:51, 962000000, 963000000, 1000000.00, 1, -24.60, -24.60
2026-06-28, 17:30:51, 963000000, 964000000, 1000000.00, 1, -24.58, -24.58
2026-06-28, 17:30:51, 964000000, 965000000, 1000000.00, 1, -24.55, -24.55
2026-06-28, 17:30:51, 965000000, 966000000, 1000000.00, 1, -24.54, -24.54
2026-06-28, 17:30:51, 966000000, 967000000, 1000000.00, 1, -24.68, -24.68
2026-06-28, 17:30:51, 967000000, 968000000, 1000000.00, 1, -24.59, -24.59
2026-06-28, 17:30:51, 968000000, 969000000, 1000000.00, 1, -24.62, -24.62
2026-06-28, 17:30:51, 969000000, 970000000, 1000000.00, 1, -24.61, -24.61
2026-06-28, 17:30:51, 970000000, 971000000, 1000000.00, 1, -24.61, -24.61
2026-06-28, 17:30:51, 971000000, 972000000, 1000000.00, 1, -24.56, -24.56
2026-06-28, 17:30:51, 972000000, 973000000, 1000000.00, 1, -24.71, -24.71
2026-06-28, 17:30:51, 973000000, 974000000, 1000000.00, 1, -24.67, -24.67
2026-06-28, 17:30:51, 974000000, 975000000, 1000000.00, 1, -24.61, -24.61
2026-06-28, 17:30:51, 975000000, 976000000, 1000000.00, 1, -24.56, -24.56
2026-06-28, 17:30:51, 976000000, 977000000, 1000000.00, 1, -24.58, -24.58
2026-06-28, 17:30:51, 977000000, 978000000, 1000000.00, 1, -24.56, -24.56
2026-06-28, 17:30:51, 978000000, 979000000, 1000000.00, 1, -24.57, -24.57
2026-06-28, 17:30:51, 979000000, 980000000, 1000000.00, 1, -24.66, -24.66
2026-06-28, 17:30:51, 980000000, 981000000, 1000000.00, 1, -24.60, -24.60
2026-06-28, 17:30:51, 981000000, 982000000, 1000000.00, 1, -24.66, -24.66
2026-06-28, 17:30:51, 982000000, 983000000, 1000000.00, 1, -24.63, -24.63
2026-06-28, 17:30:51, 983000000, 984000000, 1000000.00, 1, -24.52, -24.52
2026-06-28, 17:30:51, 984000000, 985000000, 1000000.00, 1, -24.56, -24.56
2026-06-28, 17:30:51, 985000000, 986000000, 1000000.00, 1, -24.69, -24.69
2026-06-28, 17:30:51, 986000000, 987000000, 1000000.00, 1, -24.66, -24.66
2026-06-28, 17:30:51, 987000000, 988000000, 1000000.00, 1, -24.64, -24.64
2026-06-28, 17:30:51, 988000000, 989000000, 1000000.00, 1, -24.60, -24.60
2026-06-28, 17:30:51, 989000000, 990000000, 1000000.00, 1, -24.57, -24.57
2026-06-28, 17:30:51, 990000000, 991000000, 1000000.00, 1, -24.49, -24.49
2026-06-28, 17:30:51, 991000000, 992000000, 1000000.00, 1, -24.64, -24.64
2026-06-28, 17:30:51, 992000000, 993000000, 1000000.00, 1, -24.70, -24.70
2026-06-28, 17:30:51, 993000000, 994000000, 1000000.00, 1, -24.62, -24.62
2026-06-28, 17:30:51, 994000000, 995000000, 1000000.00, 1, -24.61, -24.61
2026-06-28, 17:30:51, 995000000, 996000000, 1000000.00, 1, -24.51, -24.51
2026-06-28, 17:30:51, 996000000, 997000000, 1000000.00, 1, -24.57, -24.57
2026-06-28, 17:30:51, 997000000, 998000000, 1000000.00, 1, -24.50, -24.50
2026-06-28, 17:30:51, 998000000, 999000000, 1000000.00, 1, -24.73, -24.73
2026-06-28, 17:30:51, 999000000, 1000000000, 1000000.00, 1, -24.66, -24.66
2026-06-28, 17:30:51, 1000000000, 1001000000, 1000000.00, 1, -24.63, -24.63
2026-06-28, 17:30:51, 1001000000, 1002000000, 1000000.00, 1, -24.60, -24.60
2026-06-28, 17:30:51, 1002000000, 1003000000, 1000000.00, 1, -24.60, -24.60
2026-06-28, 17:30:51, 1003000000, 1004000000, 1000000.00, 1, -24.53, -24.53
2026-06-28, 17:30:51, 1004000000, 1005000000, 1000000.00, 1, -24.71, -24.71
2026-06-28, 17:30:51, 1005000000, 1006000000, 1000000.00, 1, -24.65, -24.65
2026-06-28, 17:30:51, 1006000000, 1007000000, 1000000.00, 1, -24.60, -24.60
2026-06-28, 17:30:51, 1007000000, 1008000000, 1000000.00, 1, -24.58, -24.58
2026-06-28, 17:30:51, 1008000000, 1009000000, 1000000.00, 1, -24.53, -24.53
2026-06-28, 17:30:51, 1009000000, 1010000000, 1000000.00, 1, -24.52, -24.52
2026-06-28, 17:30:51, 1010000000, 1011000000, 1000000.00, 1, -24.66, -24.66
2026-06-28, 17:30:51, 1011000000, 1012000000, 1000000.00, 1, -24.64, -24.64
2026-06-28, 17:30:51, 1012000000, 1013000000, 1000000.00, 1, -24.62, -24.62
2026-06-28, 17:30:51, 1013000000, 1014000000, 1000000.00, 1, -24.59, -24.59
2026-06-28, 17:30:51, 1014000000, 1015000000, 1000000.00, 1, -24.57, -24.57
2026-06-28, 17:30:51, 1015000000, 1016000000, 1000000.00, 1, -24.55, -24.55
2026-06-28, 17:30:51, 1016000000, 1017000000, 1000000.00, 1, -24.51, -24.51
2026-06-28, 17:30:51, 1017000000, 1018000000, 1000000.00, 1, -24.72, -24.72
2026-06-28, 17:30:51, 1018000000, 1019000000, 1000000.00, 1, -24.63, -24.63
2026-06-28, 17:30:51, 1019000000, 1020000000, 1000000.00, 1, -24.61, -24.61
2026-06-28, 17:30:51, 1020000000, 1021000000, 1000000.00, 1, -24.60, -24.60
2026-06-28, 17:30:51, 1021000000, 1022000000, 1000000.00, 1, -24.56, -24.56
2026-06-28, 17:30:51, 1022000000, 1023000000, 1000000.00, 1, -24.48, -24.48
2026-06-28, 17:30:51, 1023000000, 1024000000, 1000000.00, 1, -24.67, -24.67
2026-06-28, 17:30:51, 1024000000, 1025000000, 1000000.00, 1, -24.69, -24.69
2026-06-28, 17:30:51, 1025000000, 1026000000, 1000000.00, 1, -24.59, -24.59
2026-06-28, 17:30:51, 1026000000, 1027000000, 1000000.00, 1, -24.58, -24.58
2026-06-28, 17:30:51, 1027000000, 1028000000, 1000000.00, 1, -24.55, -24.55
2026-06-28, 17:30:51, 1028000000, 1029000000, 1000000.00, 1, -24.57, -24.57
2026-06-28, 17:30:51, 1029000000, 1030000000, 1000000.00, 1, -24.67, -24.67
2026-06-28, 17:30:51, 1030000000, 1031000000, 1000000.00, 1, -24.69, -24.69
2026-06-28, 17:30:51, 1031000000, 1032000000, 1000000.00, 1, -24.66, -24.66
2026-06-28, 17:30:51, 1032000000, 1033000000, 1000000.00, 1, -24.61, -24.61
2026-06-28, 17:30:51, 1033000000, 1034000000, 1000000.00, 1, -24.57, -24.57
2026-06-28, 17:30:51, 1034000000, 1035000000, 1000000.00, 1, -24.56, -24.56
2026-06-28, 17:30:51, 1035000000, 1036000000, 1000000.00, 1, -24.52, -24.52
2026-06-28, 17:30:51, 1036000000, 1037000000, 1000000.00, 1, -24.69, -24.69
2026-06-28, 17:30:51, 1037000000, 1038000000, 1000000.00, 1, -24.63, -24.63
2026-06-28, 17:30:51, 1038000000, 1039000000, 1000000.00, 1, -24.60, -24.60
2026-06-28, 17:30:51, 1039000000, 1040000000, 1000000.00, 1, -24.62, -24.62
2026-06-28, 17:30:51, 1040000000, 1041000000, 1000000.00, 1, -24.49, -24.49
2026-06-28, 17:30:51, 1041000000, 1042000000, 1000000.00, 1, -24.56, -24.56
2026-06-28, 17:30:51, 1042000000, 1043000000, 1000000.00, 1, -24.74, -24.74
2026-06-28, 17:30:51, 1043000000, 1044000000, 1000000.00, 1, -24.62, -24.62
2026-06-28, 17:30:51, 1044000000, 1045000000, 1000000.00, 1, -24.61, -24.61
2026-06-28, 17:30:51, 1045000000, 1046000000, 1000000.00, 1, -24.55, -24.55
2026-06-28, 17:30:51, 1046000000, 1047000000, 1000000.00, 1, -24.50, -24.50
2026-06-28, 17:30:51, 1047000000, 1048000000, 1000000.00, 1, -24.52, -24.52
2026-06-28, 17:30:51, 1048000000, 1049000000, 1000000.00, 1, -24.74, -24.74
2026-06-28, 17:30:51, 1049000000, 1050000000, 1000000.00, 1, -24.69, -24.69
2026-06-28, 17:30:51, 1050000000, 1051000000, 1000000.00, 1, -24.67, -24.67
2026-06-28, 17:30:51, 1051000000, 1052000000, 1000000.00, 1, -24.58, -24.58
2026-06-28, 17:30:51, 1052000000, 1053000000, 1000000.00, 1, -24.61, -24.61
2026-06-28, 17:30:51, 1053000000, 1054000000, 1000000.00, 1, -24.53, -24.53
2026-06-28, 17:30:51, 1054000000, 1055000000, 1000000.00, 1, -24.51, -24.51
2026-06-28, 17:30:51, 1055000000, 1056000000, 1000000.00, 1, -24.68, -24.68
2026-06-28, 17:30:51, 1056000000, 1057000000, 1000000.00, 1, -24.59, -24.59
2026-06-28, 17:30:51, 1057000000, 1058000000, 1000000.00, 1, -24.66, -24.66
2026-06-28, 17:30:51, 1058000000, 1059000000, 1000000.00, 1, -24.58, -24.58
2026-06-28, 17:30:51, 1059000000, 1060000000, 1000000.00, 1, -24.54, -24.54
2026-06-28, 17:30:51, 1060000000, 1061000000, 1000000.00, 1, -24.49, -24.49
2026-06-28, 17:30:51, 1061000000, 1062000000, 1000000.00, 1, -24.63, -24.63
2026-06-28, 17:30:51, 1062000000, 1063000000, 1000000.00, 1, -24.69, -24.69
2026-06-28, 17:30:51, 1063000000, 1064000000, 1000000.00, 1, -24.60, -24.60
2026-06-28, 17:30:51, 1064000000, 1065000000, 1000000.00, 1, -24.58, -24.58
2026-06-28, 17:30:51, 1065000000, 1066000000, 1000000.00, 1, -24.56, -24.56
2026-06-28, 17:30:51, 1066000000, 1067000000, 1000000.00, 1, -24.50, -24.50
2026-06-28, 17:30:51, 1067000000, 1068000000, 1000000.00, 1, -24.71, -24.71
2026-06-28, 17:30:51, 1068000000, 1069000000, 1000000.00, 1, -24.71, -24.71
2026-06-28, 17:30:51, 1069000000, 1070000000, 1000000.00, 1, -24.62, -24.62
2026-06-28, 17:30:51, 1070000000, 1071000000, 1000000.00, 1, -24.62, -24.62
2026-06-28, 17:30:51, 1071000000, 1072000000, 1000000.00, 1, -24.54, -24.54
2026-06-28, 17:30:51, 1072000000, 1073000000, 1000000.00, 1, -24.56, -24.56
2026-06-28, 17:30:51, 1073000000, 1074000000, 1000000.00, 1, -24.48, -24.48
2026-06-28, 17:30:51, 1074000000, 1075000000, 1000000.00, 1, -24.68, -24.68
2026-06-28, 17:30:51, 1075000000, 1076000000, 1000000.00, 1, -24.58, -24.58
2026-06-28, 17:30:51, 1076000000, 1077000000, 1000000.00, 1, -24.68, -24.68
2026-06-28, 17:30:51, 1077000000, 1078000000, 1000000.00, 1, -24.56, -24.56
2026-06-28, 17:30:51, 1078000000, 1079000000, 1000000.00, 1, -24.53, -24.53
2026-06-28, 17:30:51, 1079000000, 1080000000, 1000000.00, 1, -24.56, -24.56
2026-06-28, 17:30:51, 1080000000, 1081000000, 1000000.00, 1, -24.64, -24.64
2026-06-28, 17:30:51, 1081000000, 1082000000, 1000000.00, 1, -24.69, -24.69
2026-06-28, 17:30:51, 1082000000, 1083000000, 1000000.00, 1, -24.61, -24.61
2026-06-28, 17:30:51, 1083000000, 1084000000, 1000000.00, 1, -24.55, -24.55
2026-06-28, 17:30:51, 1084000000, 1085000000, 1000000.00, 1, -24.56, -24.56
2026-06-28, 17:30:51, 1085000000, 1086000000, 1000000.00, 1, -24.57, -24.57
2026-06-28, 17:30:51, 1086000000, 1087000000, 1000000.00, 1, -24.61, -24.61
2026-06-28, 17:30:51, 1087000000, 1088000000, 1000000.00, 1, -24.68, -24.68
2026-06-28, 17:30:51, 1088000000, 1089000000, 1000000.00, 1, -24.60, -24.60
2026-06-28, 17:30:51, 1089000000, 1090000000, 1000000.00, 1, -24.58, -24.58
2026-06-28, 17:30:51, 1090000000, 1091000000, 1000000.00, 1, -24.51, -24.51
2026-06-28, 17:30:51, 1091000000, 1092000000, 1000000.00, 1, -24.52, -24.52
2026-06-28, 17:30:51, 1092000000, 1093000000, 1000000.00, 1, -24.54, -24.54
2026-06-28, 17:30:51, 1093000000, 1094000000, 1000000.00, 1, -24.61, -24.61
2026-06-28, 17:30:51, 1094000000, 1095000000, 1000000.00, 1, -24.59, -24.59
2026-06-28, 17:30:51, 1095000000, 1096000000, 1000000.00, 1, -24.68, -24.68
2026-06-28, 17:30:51, 1096000000, 1097000000, 1000000.00, 1, -24.55, -24.55
2026-06-28, 17:30:51, 1097000000, 1098000000, 1000000.00, 1, -24.56, -24.56
2026-06-28, 17:30:51, 1098000000, 1099000000, 1000000.00, 1, -24.53, -24.53
2026-06-28, 17:30:51, 1099000000, 1100000000, 1000000.00, 1, -24.76, -24.76
2026-06-28, 17:30:51, 1100000000, 1101000000, 1000000.00, 1, -24.63, -24.63
2026-06-28, 17:30:51, 1101000000, 1102000000, 1000000.00, 1, -24.61, -24.61
2026-06-28, 17:30:51, 1102000000, 1103000000, 1000000.00, 1, -24.53, -24.53
2026-06-28, 17:30:51, 1103000000, 1104000000, 1000000.00, 1, -24.51, -24.51
2026-06-28, 17:30:51, 1104000000, 1105000000, 1000000.00, 1, -24.57, -24.57
2026-06-28, 17:30:51, 1105000000, 1106000000, 1000000.00, 1, -24.57, -24.57
2026-06-28, 17:30:51, 1106000000, 1107000000, 1000000.00, 1, -24.65, -24.65
2026-06-28, 17:30:51, 1107000000, 1108000000, 1000000.00, 1, -24.61, -24.61
2026-06-28, 17:30:51, 1108000000, 1109000000, 1000000.00, 1, -24.70, -24.70
2026-06-28, 17:30:51, 1109000000, 1110000000, 1000000.00, 1, -24.57, -24.57
2026-06-28, 17:30:51, 1110000000, 1111000000, 1000000.00, 1, -24.58, -24.58
2026-06-28, 17:30:51, 1111000000, 1112000000, 1000000.00, 1, -24.52, -24.52
2026-06-28, 17:30:51, 1112000000, 1113000000, 1000000.00, 1, -24.67, -24.67
2026-06-28, 17:30:51, 1113000000, 1114000000, 1000000.00, 1, -24.66, -24.66
2026-06-28, 17:30:51, 1114000000, 1115000000, 1000000.00, 1, -24.62, -24.62
2026-06-28, 17:30:51, 1115000000, 1116000000, 1000000.00, 1, -24.58, -24.58
2026-06-28, 17:30:51, 1116000000, 1117000000, 1000000.00, 1, -24.55, -24.55
2026-06-28, 17:30:51, 1117000000, 1118000000, 1000000.00, 1, -24.52, -24.52
2026-06-28, 17:30:51, 1118000000, 1119000000, 1000000.00, 1, -24.70, -24.70
2026-06-28, 17:30:51, 1119000000, 1120000000, 1000000.00, 1, -24.66, -24.66
2026-06-28, 17:30:51, 1120000000, 1121000000, 1000000.00, 1, -24.68, -24.68
2026-06-28, 17:30:51, 1121000000, 1122000000, 1000000.00, 1, -24.61, -24.61
2026-06-28, 17:30:51, 1122000000, 1123000000, 1000000.00, 1, -24.58, -24.58
2026-06-28, 17:30:51, 1123000000, 1124000000, 1000000.00, 1, -24.53, -24.53
2026-06-28, 17:30:51, 1124000000, 1125000000, 1000000.00, 1, -24.55, -24.55
2026-06-28, 17:30:51, 1125000000, 1126000000, 1000000.00, 1, -24.63, -24.63
2026-06-28, 17:30:51, 1126000000, 1127000000, 1000000.00, 1, -24.67, -24.67
2026-06-28, 17:30:51, 1127000000, 1128000000, 1000000.00, 1, -24.62, -24.62
2026-06-28, 17:30:51, 1128000000, 1129000000, 1000000.00, 1, -24.57, -24.57
2026-06-28, 17:30:51, 1129000000, 1130000000, 1000000.00, 1, -24.54, -24.54
2026-06-28, 17:30:51, 1130000000, 1131000000, 1000000.00, 1, -24.52, -24.52
2026-06-28, 17:30:51, 1131000000, 1132000000, 1000000.00, 1, -24.65, -24.65
2026-06-28, 17:30:51, 1132000000, 1133000000, 1000000.00, 1, -24.65, -24.65
2026-06-28, 17:30:51, 1133000000, 1134000000, 1000000.00, 1, -24.64, -24.64
2026-06-28, 17:30:51, 1134000000, 1135000000, 1000000.00, 1, -24.62, -24.62
2026-06-28, 17:30:51, 1135000000, 1136000000, 1000000.00, 1, -24.59, -24.59
2026-06-28, 17:30:51, 1136000000, 1137000000, 1000000.00, 1, -24.56, -24.56
2026-06-28, 17:30:51, 1137000000, 1138000000, 1000000.00, 1, -24.66, -24.66
2026-06-28, 17:30:51, 1138000000, 1139000000, 1000000.00, 1, -24.65, -24.65
2026-06-28, 17:30:51, 1139000000, 1140000000, 1000000.00, 1, -24.65, -24.65
2026-06-28, 17:30:51, 1140000000, 1141000000, 1000000.00, 1, -24.62, -24.62
2026-06-28, 17:30:51, 1141000000, 1142000000, 1000000.00, 1, -24.54, -24.54
2026-06-28, 17:30:51, 1142000000, 1143000000, 1000000.00, 1, -24.55, -24.55
2026-06-28, 17:30:51, 1143000000, 1144000000, 1000000.00, 1, -24.51, -24.51
2026-06-28, 17:30:51, 1144000000, 1145000000, 1000000.00, 1, -24.68, -24.68
2026-06-28, 17:30:51, 1145000000, 1146000000, 1000000.00, 1, -24.65, -24.65
2026-06-28, 17:30:51, 1146000000, 1147000000, 1000000.00, 1, -24.60, -24.60
2026-06-28, 17:30:51, 1147000000, 1148000000, 1000000.00, 1, -24.63, -24.63
2026-06-28, 17:30:51, 1148000000, 1149000000, 1000000.00, 1, -24.54, -24.54
2026-06-28, 17:30:51, 1149000000, 1150000000, 1000000.00, 1, -24.52, -24.52
2026-06-28, 17:30:51, 1150000000, 1151000000, 1000000.00, 1, -24.69, -24.69
2026-06-28, 17:30:51, 1151000000, 1152000000, 1000000.00, 1, -24.68, -24.68
2026-06-28, 17:30:51, 1152000000, 1153000000, 1000000.00, 1, -24.57, -24.57
2026-06-28, 17:30:51, 1153000000, 1154000000, 1000000.00, 1, -24.58, -24.58
2026-06-28, 17:30:51, 1154000000, 1155000000, 1000000.00, 1, -24.57, -24.57
2026-06-28, 17:30:51, 1155000000, 1156000000, 1000000.00, 1, -24.54, -24.54
2026-06-28, 17:30:51, 1156000000, 1157000000, 1000000.00, 1, -24.71, -24.71
2026-06-28, 17:30:51, 1157000000, 1158000000, 1000000.00, 1, -24.61, -24.61
2026-06-28, 17:30:51, 1158000000, 1159000000, 1000000.00, 1, -24.67, -24.67
2026-06-28, 17:30:51, 1159000000, 1160000000, 1000000.00, 1, -24.63, -24.63
2026-06-28, 17:30:51, 1160000000, 1161000000, 1000000.00, 1, -24.55, -24.55
2026-06-28, 17:30:51, 1161000000, 1162000000, 1000000.00, 1, -24.57, -24.57
2026-06-28, 17:30:51, 1162000000, 1163000000, 1000000.00, 1, -24.49, -24.49
2026-06-28, 17:30:51, 1163000000, 1164000000, 1000000.00, 1, -24.67, -24.67
2026-06-28, 17:30:51, 1164000000, 1165000000, 1000000.00, 1, -24.65, -24.65
2026-06-28, 17:30:51, 1165000000, 1166000000, 1000000.00, 1, -24.64, -24.64
2026-06-28, 17:30:51, 1166000000, 1167000000, 1000000.00, 1, -24.61, -24.61
2026-06-28, 17:30:51, 1167000000, 1168000000, 1000000.00, 1, -24.51, -24.51
2026-06-28, 17:30:51, 1168000000, 1169000000, 1000000.00, 1, -24.56, -24.56
2026-06-28, 17:30:51, 1169000000, 1170000000, 1000000.00, 1, -24.66, -24.66
2026-06-28, 17:30:51, 1170000000, 1171000000, 1000000.00, 1, -24.66, -24.66
2026-06-28, 17:30:51, 1171000000, 1172000000, 1000000.00, 1, -24.63, -24.63
2026-06-28, 17:30:51, 1172000000, 1173000000, 1000000.00, 1, -24.55, -24.55
2026-06-28, 17:30:51, 1173000000, 1174000000, 1000000.00, 1, -24.54, -24.54
2026-06-28, 17:30:51, 1174000000, 1175000000, 1000000.00, 1, -24.52, -24.52
2026-06-28, 17:30:51, 1175000000, 1176000000, 1000000.00, 1, -24.58, -24.58
2026-06-28, 17:30:51, 1176000000, 1177000000, 1000000.00, 1, -24.66, -24.66
2026-06-28, 17:30:51, 1177000000, 1178000000, 1000000.00, 1, -24.68, -24.68
2026-06-28, 17:30:51, 1178000000, 1179000000, 1000000.00, 1, -24.55, -24.55
2026-06-28, 17:30:51, 1179000000, 1180000000, 1000000.00, 1, -24.59, -24.59
2026-06-28, 17:30:51, 1180000000, 1181000000, 1000000.00, 1, -24.59, -24.59
2026-06-28, 17:30:51, 1181000000, 1182000000, 1000000.00, 1, -24.47, -24.47
2026-06-28, 17:30:51, 1182000000, 1183000000, 1000000.00, 1, -24.67, -24.67
2026-06-28, 17:30:51, 1183000000, 1184000000, 1000000.00, 1, -24.61, -24.61
2026-06-28, 17:30:51, 1184000000, 1185000000, 1000000.00, 1, -24.59, -24.59
2026-06-28, 17:30:51, 1185000000, 1186000000, 1000000.00, 1, -24.62, -24.62
2026-06-28, 17:30:51, 1186000000, 1187000000, 1000000.00, 1, -24.55, -24.55
2026-06-28, 17:30:51, 1187000000, 1188000000, 1000000.00, 1, -24.49, -24.49
2026-06-28, 17:30:51, 1188000000, 1189000000, 1000000.00, 1, -24.68, -24.68
2026-06-28, 17:30:51, 1189000000, 1190000000, 1000000.00, 1, -24.66, -24.66
2026-06-28, 17:30:51, 1190000000, 1191000000, 1000000.00, 1, -24.64, -24.64
2026-06-28, 17:30:51, 1191000000, 1192000000, 1000000.00, 1, -24.56, -24.56
2026-06-28, 17:30:51, 1192000000, 1193000000, 1000000.00, 1, -24.55, -24.55
2026-06-28, 17:30:51, 1193000000, 1194000000, 1000000.00, 1, -24.57, -24.57
2026-06-28, 17:30:51, 1194000000, 1195000000, 1000000.00, 1, -24.52, -24.52
2026-06-28, 17:30:51, 1195000000, 1196000000, 1000000.00, 1, -24.67, -24.67
2026-06-28, 17:30:51, 1196000000, 1197000000, 1000000.00, 1, -24.63, -24.63
2026-06-28, 17:30:51, 1197000000, 1198000000, 1000000.00, 1, -24.64, -24.64
2026-06-28, 17:30:51, 1198000000, 1199000000, 1000000.00, 1, -24.53, -24.53
2026-06-28, 17:30:51, 1199000000, 1200000000, 1000000.00, 1, -24.56, -24.56
2026-06-28, 17:30:51, 1200000000, 1201000000, 1000000.00, 1, -24.52, -24.52
2026-06-28, 17:30:51, 1201000000, 1202000000, 1000000.00, 1, -24.66, -24.66
2026-06-28, 17:30:51, 1202000000, 1203000000, 1000000.00, 1, -24.66, -24.66
2026-06-28, 17:30:51, 1203000000, 1204000000, 1000000.00, 1, -24.68, -24.68
2026-06-28, 17:30:51, 1204000000, 1205000000, 1000000.00, 1, -24.55, -24.55
2026-06-28, 17:30:51, 1205000000, 1206000000, 1000000.00, 1, -24.54, -24.54
2026-06-28, 17:30:51, 1206000000, 1207000000, 1000000.00, 1, -24.50, -24.50
2026-06-28, 17:30:51, 1207000000, 1208000000, 1000000.00, 1, -24.65, -24.65
2026-06-28, 17:30:51, 1208000000, 1209000000, 1000000.00, 1, -24.65, -24.65
2026-06-28, 17:30:51, 1209000000, 1210000000, 1000000.00, 1, -24.67, -24.67
2026-06-28, 17:30:51, 1210000000, 1211000000, 1000000.00, 1, -24.58, -24.58
2026-06-28, 17:30:51, 1211000000, 1212000000, 1000000.00, 1, -24.59, -24.59
2026-06-28, 17:30:51, 1212000000, 1213000000, 1000000.00, 1, -24.54, -24.54
2026-06-28, 17:30:51, 1213000000, 1214000000, 1000000.00, 1, -24.51, -24.51
2026-06-28, 17:30:51, 1214000000, 1215000000, 1000000.00, 1, -24.69, -24.69
2026-06-28, 17:31:02, 960000000, 961000000, 1000000.00, 1, -24.62, -24.62
2026-06-28, 17:31:02, 961000000, 962000000, 1000000.00, 1, -24.61, -24.61
2026-06-28, 17:31:02, 962000000, 963000000, 1000000.00, 1, -24.58, -24.58
2026-06-28, 17:31:02, 963000000, 964000000, 1000000.00, 1, -24.58, -24.58
2026-06-28, 17:31:02, 964000000, 965000000, 1000000.00, 1, -24.61, -24.61
2026-06-28, 17:31:02, 965000000, 966000000, 1000000.00, 1, -24.69, -24.69
2026-06-28, 17:31:02, 966000000, 967000000, 1000000.00, 1, -24.67, -24.67
2026-06-28, 17:31:02, 967000000, 968000000, 1000000.00, 1, -24.67, -24.67
2026-06-28, 17:31:02, 968000000, 969000000, 1000000.00, 1, -24.59, -24.59
2026-06-28, 17:31:02, 969000000, 970000000, 1000000.00, 1, -24.52, -24.52
2026-06-28, 17:31:02, 970000000, 971000000, 1000000.00, 1, -24.52, -24.52
2026-06-28, 17:31:02, 971000000, 972000000, 1000000.00, 1, -24.69, -24.69
2026-06-28, 17:31:02, 972000000, 973000000, 1000000.00, 1, -24.66, -24.66
2026-06-28, 17:31:02, 973000000, 974000000, 1000000.00, 1, -24.60, -24.60
2026-06-28, 17:31:02, 974000000, 975000000, 1000000.00, 1, -24.63, -24.63
2026-06-28, 17:31:02, 975000000, 976000000, 1000000.00, 1, -24.57, -24.57
2026-06-28, 17:31:02, 976000000, 977000000, 1000000.00, 1, -24.55, -24.55
2026-06-28, 17:31:02, 977000000, 978000000, 1000000.00, 1, -24.49, -24.49
2026-06-28, 17:31:02, 978000000, 979000000, 1000000.00, 1, -24.64, -24.64
2026-06-28, 17:31:02, 979000000, 980000000, 1000000.00, 1, -24.61, -24.61
2026-06-28, 17:31:02, 980000000, 981000000, 1000000.00, 1, -24.61, -24.61
2026-06-28, 17:31:02, 981000000, 982000000, 1000000.00, 1, -24.62, -24.62
2026-06-28, 17:31:02, 982000000, 983000000, 1000000.00, 1, -24.55, -24.55
2026-06-28, 17:31:02, 983000000, 984000000, 1000000.00, 1, -24.56, -24.56
2026-06-28, 17:31:02, 984000000, 985000000, 1000000.00, 1, -24.68, -24.68
2026-06-28, 17:31:02, 985000000, 986000000, 1000000.00, 1, -24.70, -24.70
2026-06-28, 17:31:02, 986000000, 987000000, 1000000.00, 1, -24.66, -24.66
2026-06-28, 17:31:02, 987000000, 988000000, 1000000.00, 1, -24.57, -24.57
2026-06-28, 17:31:02, 988000000, 989000000, 1000000.00, 1, -24.60, -24.60
2026-06-28, 17:31:02, 989000000, 990000000, 1000000.00, 1, -24.56, -24.56
2026-06-28, 17:31:02, 990000000, 991000000, 1000000.00, 1, -24.69, -24.69
2026-06-28, 17:31:02, 991000000, 992000000, 1000000.00, 1, -24.69, -24.69
2026-06-28, 17:31:02, 992000000, 993000000, 1000000.00, 1, -24.60, -24.60
2026-06-28, 17:31:02, 993000000, 994000000, 1000000.00, 1, -24.59, -24.59
2026-06-28, 17:31:02, 994000000, 995000000, 1000000.00, 1, -24.60, -24.60
2026-06-28, 17:31:02, 995000000, 996000000, 1000000.00, 1, -24.53, -24.53
2026-06-28, 17:31:02, 996000000, 997000000, 1000000.00, 1, -24.48, -24.48
2026-06-28, 17:31:02, 997000000, 998000000, 1000000.00, 1, -24.67, -24.67
2026-06-28, 17:31:02, 998000000, 999000000, 1000000.00, 1, -24.68, -24.68
2026-06-28, 17:31:02, 999000000, 1000000000, 1000000.00, 1, -24.61, -24.61
2026-06-28, 17:31:02, 1000000000, 1001000000, 1000000.00, 1, -24.59, -24.59
2026-06-28, 17:31:02, 1001000000, 1002000000, 1000000.00, 1, -24.59, -24.59
2026-06-28, 17:31:02, 1002000000, 1003000000, 1000000.00, 1, -24.55, -24.55
2026-06-28, 17:31:02, 1003000000, 1004000000, 1000000.00, 1, -24.64, -24.64
2026-06-28, 17:31:02, 1004000000, 1005000000, 1000000.00, 1, -24.68, -24.68
2026-06-28, 17:31:02, 1005000000, 1006000000, 1000000.00, 1, -24.64, -24.64
2026-06-28, 17:31:02, 1006000000, 1007000000, 1000000.00, 1, -24.61, -24.61
2026-06-28, 17:31:02, 1007000000, 1008000000, 1000000.00, 1, -24.58, -24.58
2026-06-28, 17:31:02, 1008000000, 1009000000, 1000000.00, 1, -24.55, -24.55
2026-06-28, 17:31:02, 1009000000, 1010000000, 1000000.00, 1, -24.60, -24.60
2026-06-28, 17:31:02, 1010000000, 1011000000, 1000000.00, 1, -24.68, -24.68
2026-06-28, 17:31:02, 1011000000, 1012000000, 1000000.00, 1, -24.66, -24.66
2026-06-28, 17:31:02, 1012000000, 1013000000, 1000000.00, 1, -24.66, -24.66
2026-06-28, 17:31:02, 1013000000, 1014000000, 1000000.00, 1, -24.57, -24.57
2026-06-28, 17:31:02, 1014000000, 1015000000, 1000000.00, 1, -24.57, -24.57
2026-06-28, 17:31:02, 1015000000, 1016000000, 1000000.00, 1, -24.55, -24.55
2026-06-28, 17:31:02, 1016000000, 1017000000, 1000000.00, 1, -24.65, -24.65
2026-06-28, 17:31:02, 1017000000, 1018000000, 1000000.00, 1, -24.63, -24.63
2026-06-28, 17:31:02, 1018000000, 1019000000, 1000000.00, 1, -24.64, -24.64
2026-06-28, 17:31:02, 1019000000, 1020000000, 1000000.00, 1, -24.60, -24.60
2026-06-28, 17:31:02, 1020000000, 1021000000, 1000000.00, 1, -24.56, -24.56
2026-06-28, 17:31:02, 1021000000, 1022000000, 1000000.00, 1, -24.52, -24.52
2026-06-28, 17:31:02, 1022000000, 1023000000, 1000000.00, 1, -24.70, -24.70
2026-06-28, 17:31:02, 1023000000, 1024000000, 1000000.00, 1, -24.70, -24.70
2026-06-28, 17:31:02, 1024000000, 1025000000, 1000000.00, 1, -24.68, -24.68
2026-06-28, 17:31:02, 1025000000, 1026000000, 1000000.00, 1, -24.59, -24.59
2026-06-28, 17:31:02, 1026000000, 1027000000, 1000000.00, 1, -24.57, -24.57
2026-06-28, 17:31:02, 1027000000, 1028000000, 1000000.00, 1, -24.58, -24.58
2026-06-28, 17:31:02, 1028000000, 1029000000, 1000000.00, 1, -24.57, -24.57
2026-06-28, 17:31:02, 1029000000, 1030000000, 1000000.00, 1, -24.70, -24.70
2026-06-28, 17:31:02, 1030000000, 1031000000, 1000000.00, 1, -24.56, -24.56
2026-06-28, 17:31:02, 1031000000, 1032000000, 1000000.00, 1, -24.58, -24.58
2026-06-28, 17:31:02, 1032000000, 1033000000, 1000000.00, 1, -24.61, -24.61
2026-06-28, 17:31:02, 1033000000, 1034000000, 1000000.00, 1, -24.48, -24.48
2026-06-28, 17:31:02, 1034000000, 1035000000, 1000000.00, 1, -24.48, -24.48
2026-06-28, 17:31:02, 1035000000, 1036000000, 1000000.00, 1, -24.65, -24.65
2026-06-28, 17:31:02, 1036000000, 1037000000, 1000000.00, 1, -24.61, -24.61
2026-06-28, 17:31:02, 1037000000, 1038000000, 1000000.00, 1, -24.65, -24.65
2026-06-28, 17:31:02, 1038000000, 1039000000, 1000000.00, 1, -24.54, -24.54
2026-06-28, 17:31:02, 1039000000, 1040000000, 1000000.00, 1, -24.58, -24.58
2026-06-28, 17:31:02, 1040000000, 1041000000, 1000000.00, 1, -24.54, -24.54
2026-06-28, 17:31:02, 1041000000, 1042000000, 1000000.00, 1, -24.70, -24.70
2026-06-28, 17:31:02, 1042000000, 1043000000, 1000000.00, 1, -24.64, -24.64
2026-06-28, 17:31:02, 1043000000, 1044000000, 1000000.00, 1, -24.58, -24.58
2026-06-28, 17:31:02, 1044000000, 1045000000, 1000000.00, 1, -24.58, -24.58
2026-06-28, 17:31:02, 1045000000, 1046000000, 1000000.00, 1, -24.58, -24.58
2026-06-28, 17:31:02, 1046000000, 1047000000, 1000000.00, 1, -24.56, -24.56
2026-06-28, 17:31:02, 1047000000, 1048000000, 1000000.00, 1, -24.49, -24.49
2026-06-28, 17:31:02, 1048000000, 1049000000, 1000000.00, 1, -24.70, -24.70
2026-06-28, 17:31:02, 1049000000, 1050000000, 1000000.00, 1, -24.62, -24.62
2026-06-28, 17:31:02, 1050000000, 1051000000, 1000000.00, 1, -24.61, -24.61
2026-06-28, 17:31:02, 1051000000, 1052000000, 1000000.00, 1, -24.57, -24.57
2026-06-28, 17:31:02, 1052000000, 1053000000, 1000000.00, 1, -24.56, -24.56
2026-06-28, 17:31:02, 1053000000, 1054000000, 1000000.00, 1, -24.54, -24.54
2026-06-28, 17:31:02, 1054000000, 1055000000, 1000000.00, 1, -24.70, -24.70
2026-06-28, 17:31:02, 1055000000, 1056000000, 1000000.00, 1, -24.68, -24.68
2026-06-28, 17:31:02, 1056000000, 1057000000, 1000000.00, 1, -24.65, -24.65
2026-06-28, 17:31:02, 1057000000, 1058000000, 1000000.00, 1, -24.55, -24.55
2026-06-28, 17:31:02, 1058000000, 1059000000, 1000000.00, 1, -24.52, -24.52
2026-06-28, 17:31:02, 1059000000, 1060000000, 1000000.00, 1, -24.51, -24.51
2026-06-28, 17:31:02, 1060000000, 1061000000, 1000000.00, 1, -24.68, -24.68
2026-06-28, 17:31:02, 1061000000, 1062000000, 1000000.00, 1, -24.63, -24.63
2026-06-28, 17:31:02, 1062000000, 1063000000, 1000000.00, 1, -24.65, -24.65
2026-06-28, 17:31:02, 1063000000, 1064000000, 1000000.00, 1, -24.58, -24.58
2026-06-28, 17:31:02, 1064000000, 1065000000, 1000000.00, 1, -24.54, -24.54
2026-06-28, 17:31:02, 1065000000, 1066000000, 1000000.00, 1, -24.57, -24.57
2026-06-28, 17:31:02, 1066000000, 1067000000, 1000000.00, 1, -24.48, -24.48
2026-06-28, 17:31:02, 1067000000, 1068000000, 1000000.00, 1, -24.69, -24.69
2026-06-28, 17:31:02, 1068000000, 1069000000, 1000000.00, 1, -24.64, -24.64
2026-06-28, 17:31:02, 1069000000, 1070000000, 1000000.00, 1, -24.60, -24.60
2026-06-28, 17:31:02, 1070000000, 1071000000, 1000000.00, 1, -24.57, -24.57
2026-06-28, 17:31:02, 1071000000, 1072000000, 1000000.00, 1, -24.56, -24.56
2026-06-28, 17:31:02, 1072000000, 1073000000, 1000000.00, 1, -24.52, -24.52
2026-06-28, 17:31:02, 1073000000, 1074000000, 1000000.00, 1, -24.66, -24.66
2026-06-28, 17:31:02, 1074000000, 1075000000, 1000000.00, 1, -24.64, -24.64
2026-06-28, 17:31:02, 1075000000, 1076000000, 1000000.00, 1, -24.60, -24.60
2026-06-28, 17:31:02, 1076000000, 1077000000, 1000000.00, 1, -24.57, -24.57
2026-06-28, 17:31:02, 1077000000, 1078000000, 1000000.00, 1, -24.54, -24.54
2026-06-28, 17:31:02, 1078000000, 1079000000, 1000000.00, 1, -24.52, -24.52
2026-06-28, 17:31:02, 1079000000, 1080000000, 1000000.00, 1, -24.69, -24.69
2026-06-28, 17:31:02, 1080000000, 1081000000, 1000000.00, 1, -24.72, -24.72
2026-06-28, 17:31:02, 1081000000, 1082000000, 1000000.00, 1, -24.62, -24.62
2026-06-28, 17:31:02, 1082000000, 1083000000, 1000000.00, 1, -24.57, -24.57
2026-06-28, 17:31:02, 1083000000, 1084000000, 1000000.00, 1, -24.62, -24.62
2026-06-28, 17:31:02, 1084000000, 1085000000, 1000000.00, 1, -24.55, -24.55
2026-06-28, 17:31:02, 1085000000, 1086000000, 1000000.00, 1, -24.57, -24.57
2026-06-28, 17:31:02, 1086000000, 1087000000, 1000000.00, 1, -24.66, -24.66
2026-06-28, 17:31:02, 1087000000, 1088000000, 1000000.00, 1, -24.63, -24.63
2026-06-28, 17:31:02, 1088000000, 1089000000, 1000000.00, 1, -24.61, -24.61
2026-06-28, 17:31:02, 1089000000, 1090000000, 1000000.00, 1, -24.57, -24.57
2026-06-28, 17:31:02, 1090000000, 1091000000, 1000000.00, 1, -24.57, -24.57
2026-06-28, 17:31:02, 1091000000, 1092000000, 1000000.00, 1, -24.51, -24.51
2026-06-28, 17:31:02, 1092000000, 1093000000, 1000000.00, 1, -24.66, -24.66
2026-06-28, 17:31:02, 1093000000, 1094000000, 1000000.00, 1, -24.63, -24.63
2026-06-28, 17:31:02, 1094000000, 1095000000, 1000000.00, 1, -24.62, -24.62
2026-06-28, 17:31:02, 1095000000, 1096000000, 1000000.00, 1, -24.65, -24.65
2026-06-28, 17:31:02, 1096000000, 1097000000, 1000000.00, 1, -24.53, -24.53
2026-06-28, 17:31:02, 1097000000, 1098000000, 1000000.00, 1, -24.52, -24.52
2026-06-28, 17:31:02, 1098000000, 1099000000, 1000000.00, 1, -24.68, -24.68
2026-06-28, 17:31:02, 1099000000, 1100000000, 1000000.00, 1, -24.71, -24.71
2026-06-28, 17:31:02, 1100000000, 1101000000, 1000000.00, 1, -24.64, -24.64
2026-06-28, 17:31:02, 1101000000, 1102000000, 1000000.00, 1, -24.62, -24.62
2026-06-28, 17:31:02, 1102000000, 1103000000, 1000000.00, 1, -24.52, -24.52
2026-06-28, 17:31:02, 1103000000, 1104000000, 1000000.00, 1, -24.55, -24.55
2026-06-28, 17:31:02, 1104000000, 1105000000, 1000000.00, 1, -24.47, -24.47
2026-06-28, 17:31:02, 1105000000, 1106000000, 1000000.00, 1, -24.67, -24.67
2026-06-28, 17:31:02, 1106000000, 1107000000, 1000000.00, 1, -24.65, -24.65
2026-06-28, 17:31:02, 1107000000, 1108000000, 1000000.00, 1, -24.60, -24.60
2026-06-28, 17:31:02, 1108000000, 1109000000, 1000000.00, 1, -24.58, -24.58
2026-06-28, 17:31:02, 1109000000, 1110000000, 1000000.00, 1, -24.50, -24.50
2026-06-28, 17:31:02, 1110000000, 1111000000, 1000000.00, 1, -24.51, -24.51
2026-06-28, 17:31:02, 1111000000, 1112000000, 1000000.00, 1, -24.71, -24.71
2026-06-28, 17:31:02, 1112000000, 1113000000, 1000000.00, 1, -24.66, -24.66
2026-06-28, 17:31:02, 1113000000, 1114000000, 1000000.00, 1, -24.65, -24.65
2026-06-28, 17:31:02, 1114000000, 1115000000, 1000000.00, 1, -24.59, -24.59
2026-06-28, 17:31:02, 1115000000, 1116000000, 1000000.00, 1, -24.56, -24.56
2026-06-28, 17:31:02, 1116000000, 1117000000, 1000000.00, 1, -24.53, -24.53
2026-06-28, 17:31:02, 1117000000, 1118000000, 1000000.00, 1, -24.57, -24.57
2026-06-28, 17:31:02, 1118000000, 1119000000, 1000000.00, 1, -24.67, -24.67
2026-06-28, 17:31:02, 1119000000, 1120000000, 1000000.00, 1, -24.63, -24.63
2026-06-28, 17:31:02, 1120000000, 1121000000, 1000000.00, 1, -24.61, -24.61
2026-06-28, 17:31:02, 1121000000, 1122000000, 1000000.00, 1, -24.54, -24.54
2026-06-28, 17:31:02, 1122000000, 1123000000, 1000000.00, 1, -24.58, -24.58
2026-06-28, 17:31:02, 1123000000, 1124000000, 1000000.00, 1, -24.47, -24.47
2026-06-28, 17:31:02, 1124000000, 1125000000, 1000000.00, 1, -24.71, -24.71
2026-06-28, 17:31:02, 1125000000, 1126000000, 1000000.00, 1, -24.70, -24.70
2026-06-28, 17:31:02, 1126000000, 1127000000, 1000000.00, 1, -24.63, -24.63
2026-06-28, 17:31:02, 1127000000, 1128000000, 1000000.00, 1, -24.60, -24.60
2026-06-28, 17:31:02, 1128000000, 1129000000, 1000000.00, 1, -24.57, -24.57
2026-06-28, 17:31:02, 1129000000, 1130000000, 1000000.00, 1, -24.48, -24.48
2026-06-28, 17:31:02, 1130000000, 1131000000, 1000000.00, 1, -24.65, -24.65
2026-06-28, 17:31:02, 1131000000, 1132000000, 1000000.00, 1, -24.65, -24.65
2026-06-28, 17:31:02, 1132000000, 1133000000, 1000000.00, 1, -24.61, -24.61
2026-06-28, 17:31:02, 1133000000, 1134000000, 1000000.00, 1, -24.61, -24.61
2026-06-28, 17:31:02, 1134000000, 1135000000, 1000000.00, 1, -24.54, -24.54
2026-06-28, 17:31:02, 1135000000, 1136000000, 1000000.00, 1, -24.54, -24.54
2026-06-28, 17:31:02, 1136000000, 1137000000, 1000000.00, 1, -24.53, -24.53
2026-06-28, 17:31:02, 1137000000, 1138000000, 1000000.00, 1, -24.60, -24.60
2026-06-28, 17:31:02, 1138000000, 1139000000, 1000000.00, 1, -24.58, -24.58
2026-06-28, 17:31:02, 1139000000, 1140000000, 1000000.00, 1, -24.65, -24.65
2026-06-28, 17:31:02, 1140000000, 1141000000, 1000000.00, 1, -24.59, -24.59
2026-06-28, 17:31:02, 1141000000, 1142000000, 1000000.00, 1, -24.56, -24.56
2026-06-28, 17:31:02, 1142000000, 1143000000, 1000000.00, 1, -24.50, -24.50
2026-06-28, 17:31:02, 1143000000, 1144000000, 1000000.00, 1, -24.72, -24.72
2026-06-28, 17:31:02, 1144000000, 1145000000, 1000000.00, 1, -24.62, -24.62
2026-06-28, 17:31:02, 1145000000, 1146000000, 1000000.00, 1, -24.62, -24.62
2026-06-28, 17:31:02, 1146000000, 1147000000, 1000000.00, 1, -24.62, -24.62
2026-06-28, 17:31:02, 1147000000, 1148000000, 1000000.00, 1, -24.59, -24.59
2026-06-28, 17:31:02, 1148000000, 1149000000, 1000000.00, 1, -24.58, -24.58
2026-06-28, 17:31:02, 1149000000, 1150000000, 1000000.00, 1, -24.71, -24.71
2026-06-28, 17:31:02, 1150000000, 1151000000, 1000000.00, 1, -24.65, -24.65
2026-06-28, 17:31:02, 1151000000, 1152000000, 1000000.00, 1, -24.69, -24.69
2026-06-28, 17:31:02, 1152000000, 1153000000, 1000000.00, 1, -24.54, -24.54
2026-06-28, 17:31:02, 1153000000, 1154000000, 1000000.00, 1, -24.56, -24.56
2026-06-28, 17:31:02, 1154000000, 1155000000, 1000000.00, 1, -24.54, -24.54
2026-06-28, 17:31:02, 1155000000, 1156000000, 1000000.00, 1, -24.56, -24.56
2026-06-28, 17:31:02, 1156000000, 1157000000, 1000000.00, 1, -24.62, -24.62
2026-06-28, 17:31:02, 1157000000, 1158000000, 1000000.00, 1, -24.71, -24.71
2026-06-28, 17:31:02, 1158000000, 1159000000, 1000000.00, 1, -24.66, -24.66
2026-06-28, 17:31:02, 1159000000, 1160000000, 1000000.00, 1, -24.57, -24.57
2026-06-28, 17:31:02, 1160000000, 1161000000, 1000000.00, 1, -24.55, -24.55
2026-06-28, 17:31:02, 1161000000, 1162000000, 1000000.00, 1, -24.53, -24.53
2026-06-28, 17:31:02, 1162000000, 1163000000, 1000000.00, 1, -24.68, -24.68
2026-06-28, 17:31:02, 1163000000, 1164000000, 1000000.00, 1, -24.72, -24.72
2026-06-28, 17:31:02, 1164000000, 1165000000, 1000000.00, 1, -24.67, -24.67
2026-06-28, 17:31:02, 1165000000, 1166000000, 1000000.00, 1, -24.62, -24.62
2026-06-28, 17:31:02, 1166000000, 1167000000, 1000000.00, 1, -24.54, -24.54
2026-06-28, 17:31:02, 1167000000, 1168000000, 1000000.00, 1, -24.52, -24.52
2026-06-28, 17:31:02, 1168000000, 1169000000, 1000000.00, 1, -24.63, -24.63
2026-06-28, 17:31:02, 1169000000, 1170000000, 1000000.00, 1, -24.63, -24.63
2026-06-28, 17:31:02, 1170000000, 1171000000, 1000000.00, 1, -24.59, -24.59
2026-06-28, 17:31:02, 1171000000, 1172000000, 1000000.00, 1, -24.61, -24.61
2026-06-28, 17:31:02, 1172000000, 1173000000, 1000000.00, 1, -24.60, -24.60
2026-06-28, 17:31:02, 1173000000, 1174000000, 1000000.00, 1, -24.56, -24.56
2026-06-28, 17:31:02, 1174000000, 1175000000, 1000000.00, 1, -24.54, -24.54
2026-06-28, 17:31:02, 1175000000, 1176000000, 1000000.00, 1, -24.71, -24.71
2026-06-28, 17:31:02, 1176000000, 1177000000, 1000000.00, 1, -24.67, -24.67
2026-06-28, 17:31:02, 1177000000, 1178000000, 1000000.00, 1, -24.65, -24.65
2026-06-28, 17:31:02, 1178000000, 1179000000, 1000000.00, 1, -24.59, -24.59
2026-06-28, 17:31:02, 1179000000, 1180000000, 1000000.00, 1, -24.63, -24.63
2026-06-28, 17:31:02, 1180000000, 1181000000, 1000000.00, 1, -24.54, -24.54
2026-06-28, 17:31:02, 1181000000, 1182000000, 1000000.00, 1, -24.67, -24.67
2026-06-28, 17:31:02, 1182000000, 1183000000, 1000000.00, 1, -24.69, -24.69
2026-06-28, 17:31:02, 1183000000, 1184000000, 1000000.00, 1, -24.60, -24.60
2026-06-28, 17:31:02, 1184000000, 1185000000, 1000000.00, 1, -24.61, -24.61
2026-06-28, 17:31:02, 1185000000, 1186000000, 1000000.00, 1, -24.52, -24.52
2026-06-28, 17:31:02, 1186000000, 1187000000, 1000000.00, 1, -24.53, -24.53
2026-06-28, 17:31:02, 1187000000, 1188000000, 1000000.00, 1, -24.63, -24.63
2026-06-28, 17:31:02, 1188000000, 1189000000, 1000000.00, 1, -24.70, -24.70
2026-06-28, 17:31:02, 1189000000, 1190000000, 1000000.00, 1, -24.61, -24.61
2026-06-28, 17:31:02, 1190000000, 1191000000, 1000000.00, 1, -24.56, -24.56
2026-06-28, 17:31:02, 1191000000, 1192000000, 1000000.00, 1, -24.51, -24.51
2026-06-28, 17:31:02, 1192000000, 1193000000, 1000000.00, 1, -24.51, -24.51
2026-06-28, 17:31:02, 1193000000, 1194000000, 1000000.00, 1, -24.52, -24.52
2026-06-28, 17:31:02, 1194000000, 1195000000, 1000000.00, 1, -24.75, -24.75
2026-06-28, 17:31:02, 1195000000, 1196000000, 1000000.00, 1, -24.62, -24.62
2026-06-28, 17:31:02, 1196000000, 1197000000, 1000000.00, 1, -24.58, -24.58
2026-06-28, 17:31:02, 1197000000, 1198000000, 1000000.00, 1, -24.59, -24.59
2026-06-28, 17:31:02, 1198000000, 1199000000, 1000000.00, 1, -24.55, -24.55
2026-06-28, 17:31:02, 1199000000, 1200000000, 1000000.00, 1, -24.51, -24.51
2026-06-28, 17:31:02, 1200000000, 1201000000, 1000000.00, 1, -24.65, -24.65
2026-06-28, 17:31:02, 1201000000, 1202000000, 1000000.00, 1, -24.68, -24.68
2026-06-28, 17:31:02, 1202000000, 1203000000, 1000000.00, 1, -24.59, -24.59
2026-06-28, 17:31:02, 1203000000, 1204000000, 1000000.00, 1, -24.58, -24.58
2026-06-28, 17:31:02, 1204000000, 1205000000, 1000000.00, 1, -24.52, -24.52
2026-06-28, 17:31:02, 1205000000, 1206000000, 1000000.00, 1, -24.58, -24.58
2026-06-28, 17:31:02, 1206000000, 1207000000, 1000000.00, 1, -24.61, -24.61
2026-06-28, 17:31:02, 1207000000, 1208000000, 1000000.00, 1, -24.61, -24.61
2026-06-28, 17:31:02, 1208000000, 1209000000, 1000000.00, 1, -24.68, -24.68
2026-06-28, 17:31:02, 1209000000, 1210000000, 1000000.00, 1, -24.61, -24.61
2026-06-28, 17:31:02, 1210000000, 1211000000, 1000000.00, 1, -24.55, -24.55
2026-06-28, 17:31:02, 1211000000, 1212000000, 1000000.00, 1, -24.57, -24.57
2026-06-28, 17:31:02, 1212000000, 1213000000, 1000000.00, 1, -24.49, -24.49
2026-06-28, 17:31:02, 1213000000, 1214000000, 1000000.00, 1, -24.69, -24.69
2026-06-28, 17:31:02, 1214000000, 1215000000, 1000000.00, 1, -24.60, -24.60
2026-06-28, 17:31:12, 960000000, 961000000, 1000000.00, 1, -24.69, -24.69
2026-06-28, 17:31:12, 961000000, 962000000, 1000000.00, 1, -24.54, -24.54
2026-06-28, 17:31:12, 962000000, 963000000, 1000000.00, 1, -24.61, -24.61
2026-06-28, 17:31:12, 963000000, 964000000, 1000000.00, 1, -24.52, -24.52
2026-06-28, 17:31:12, 964000000, 965000000, 1000000.00, 1, -24.70, -24.70
2026-06-28, 17:31:12, 965000000, 966000000, 1000000.00, 1, -24.70, -24.70
2026-06-28, 17:31:12, 966000000, 967000000, 1000000.00, 1, -24.63, -24.63
2026-06-28, 17:31:12, 967000000, 968000000, 1000000.00, 1, -24.62, -24.62
2026-06-28, 17:31:12, 968000000, 969000000, 1000000.00, 1, -24.56, -24.56
2026-06-28, 17:31:12, 969000000, 970000000, 1000000.00, 1, -24.57, -24.57
2026-06-28, 17:31:12, 970000000, 971000000, 1000000.00, 1, -24.60, -24.60
2026-06-28, 17:31:12, 971000000, 972000000, 1000000.00, 1, -24.69, -24.69
2026-06-28, 17:31:12, 972000000, 973000000, 1000000.00, 1, -24.64, -24.64
2026-06-28, 17:31:12, 973000000, 974000000, 1000000.00, 1, -24.63, -24.63
2026-06-28, 17:31:12, 974000000, 975000000, 1000000.00, 1, -24.62, -24.62
2026-06-28, 17:31:12, 975000000, 976000000, 1000000.00, 1, -24.52, -24.52
2026-06-28, 17:31:12, 976000000, 977000000, 1000000.00, 1, -24.49, -24.49
2026-06-28, 17:31:12, 977000000, 978000000, 1000000.00, 1, -24.69, -24.69
2026-06-28, 17:31:12, 978000000, 979000000, 1000000.00, 1, -24.65, -24.65
2026-06-28, 17:31:12, 979000000, 980000000, 1000000.00, 1, -24.62, -24.62
2026-06-28, 17:31:12, 980000000, 981000000, 1000000.00, 1, -24.53, -24.53
2026-06-28, 17:31:12, 981000000, 982000000, 1000000.00, 1, -24.59, -24.59
2026-06-28, 17:31:12, 982000000, 983000000, 1000000.00, 1, -24.51, -24.51
2026-06-28, 17:31:12, 983000000, 984000000, 1000000.00, 1, -24.74, -24.74
2026-06-28, 17:31:12, 984000000, 985000000, 1000000.00, 1, -24.70, -24.70
2026-06-28, 17:31:12, 985000000, 986000000, 1000000.00, 1, -24.60, -24.60
2026-06-28, 17:31:12, 986000000, 987000000, 1000000.00, 1, -24.62, -24.62
2026-06-28, 17:31:12, 987000000, 988000000, 1000000.00, 1, -24.58, -24.58
2026-06-28, 17:31:12, 988000000, 989000000, 1000000.00, 1, -24.57, -24.57
2026-06-28, 17:31:12, 989000000, 990000000, 1000000.00, 1, -24.53, -24.53
2026-06-28, 17:31:12, 990000000, 991000000, 1000000.00, 1, -24.65, -24.65
2026-06-28, 17:31:12, 991000000, 992000000, 1000000.00, 1, -24.61, -24.61
2026-06-28, 17:31:12, 992000000, 993000000, 1000000.00, 1, -24.65, -24.65
2026-06-28, 17:31:12, 993000000, 994000000, 1000000.00, 1, -24.61, -24.61
2026-06-28, 17:31:12, 994000000, 995000000, 1000000.00, 1, -24.62, -24.62
2026-06-28, 17:31:12, 995000000, 996000000, 1000000.00, 1, -24.54, -24.54
2026-06-28, 17:31:12, 996000000, 997000000, 1000000.00, 1, -24.65, -24.65
2026-06-28, 17:31:12, 997000000, 998000000, 1000000.00, 1, -24.67, -24.67
2026-06-28, 17:31:12, 998000000, 999000000, 1000000.00, 1, -24.67, -24.67
2026-06-28, 17:31:12, 999000000, 1000000000, 1000000.00, 1, -24.61, -24.61
2026-06-28, 17:31:12, 1000000000, 1001000000, 1000000.00, 1, -24.56, -24.56
2026-06-28, 17:31:12, 1001000000, 1002000000, 1000000.00, 1, -24.51, -24.51
2026-06-28, 17:31:12, 1002000000, 1003000000, 1000000.00, 1, -24.75, -24.75
2026-06-28, 17:31:12, 1003000000, 1004000000, 1000000.00, 1, -24.67, -24.67
2026-06-28, 17:31:12, 1004000000, 1005000000, 1000000.00, 1, -24.66, -24.66
2026-06-28, 17:31:12, 1005000000, 1006000000, 1000000.00, 1, -24.57, -24.57
2026-06-28, 17:31:12, 1006000000, 1007000000, 1000000.00, 1, -24.58, -24.58
2026-06-28, 17:31:12, 1007000000, 1008000000, 1000000.00, 1, -24.56, -24.56
2026-06-28, 17:31:12, 1008000000, 1009000000, 1000000.00, 1, -24.51, -24.51
2026-06-28, 17:31:12, 1009000000, 1010000000, 1000000.00, 1, -24.59, -24.59
2026-06-28, 17:31:12, 1010000000, 1011000000, 1000000.00, 1, -24.64, -24.64
2026-06-28, 17:31:12, 1011000000, 1012000000, 1000000.00, 1, -24.67, -24.67
2026-06-28, 17:31:12, 1012000000, 1013000000, 1000000.00, 1, -24.58, -24.58
2026-06-28, 17:31:12, 1013000000, 1014000000, 1000000.00, 1, -24.55, -24.55
2026-06-28, 17:31:12, 1014000000, 1015000000, 1000000.00, 1, -24.60, -24.60
2026-06-28, 17:31:12, 1015000000, 1016000000, 1000000.00, 1, -24.64, -24.64
2026-06-28, 17:31:12, 1016000000, 1017000000, 1000000.00, 1, -24.68, -24.68
2026-06-28, 17:31:12, 1017000000, 1018000000, 1000000.00, 1, -24.59, -24.59
2026-06-28, 17:31:12, 1018000000, 1019000000, 1000000.00, 1, -24.62, -24.62
2026-06-28, 17:31:12, 1019000000, 1020000000, 1000000.00, 1, -24.53, -24.53
2026-06-28, 17:31:12, 1020000000, 1021000000, 1000000.00, 1, -24.54, -24.54
2026-06-28, 17:31:12, 1021000000, 1022000000, 1000000.00, 1, -24.68, -24.68
2026-06-28, 17:31:12, 1022000000, 1023000000, 1000000.00, 1, -24.72, -24.72
2026-06-28, 17:31:12, 1023000000, 1024000000, 1000000.00, 1, -24.65, -24.65
2026-06-28, 17:31:12, 1024000000, 1025000000, 1000000.00, 1, -24.62, -24.62
2026-06-28, 17:31:12, 1025000000, 1026000000, 1000000.00, 1, -24.62, -24.62
2026-06-28, 17:31:12, 1026000000, 1027000000, 1000000.00, 1, -24.55, -24.55
2026-06-28, 17:31:12, 1027000000, 1028000000, 1000000.00, 1, -24.59, -24.59
2026-06-28, 17:31:12, 1028000000, 1029000000, 1000000.00, 1, -24.65, -24.65
2026-06-28, 17:31:12, 1029000000, 1030000000, 1000000.00, 1, -24.64, -24.64
2026-06-28, 17:31:12, 1030000000, 1031000000, 1000000.00, 1, -24.62, -24.62
2026-06-28, 17:31:12, 1031000000, 1032000000, 1000000.00, 1, -24.62, -24.62
2026-06-28, 17:31:12, 1032000000, 1033000000, 1000000.00, 1, -24.58, -24.58
2026-06-28, 17:31:12, 1033000000, 1034000000, 1000000.00, 1, -24.54, -24.54
2026-06-28, 17:31:12, 1034000000, 1035000000, 1000000.00, 1, -24.69, -24.69
2026-06-28, 17:31:12, 1035000000, 1036000000, 1000000.00, 1, -24.62, -24.62
2026-06-28, 17:31:12, 1036000000, 1037000000, 1000000.00, 1, -24.59, -24.59
2026-06-28, 17:31:12, 1037000000, 1038000000, 1000000.00, 1, -24.61, -24.61
2026-06-28, 17:31:12, 1038000000, 1039000000, 1000000.00, 1, -24.53, -24.53
2026-06-28, 17:31:12, 1039000000, 1040000000, 1000000.00, 1, -24.56, -24.56
2026-06-28, 17:31:12, 1040000000, 1041000000, 1000000.00, 1, -24.61, -24.61
2026-06-28, 17:31:12, 1041000000, 1042000000, 1000000.00, 1, -24.70, -24.70
2026-06-28, 17:31:12, 1042000000, 1043000000, 1000000.00, 1, -24.64, -24.64
2026-06-28, 17:31:12, 1043000000, 1044000000, 1000000.00, 1, -24.58, -24.58
2026-06-28, 17:31:12, 1044000000, 1045000000, 1000000.00, 1, -24.57, -24.57
2026-06-28, 17:31:12, 1045000000, 1046000000, 1000000.00, 1, -24.58, -24.58
2026-06-28, 17:31:12, 1046000000, 1047000000, 1000000.00, 1, -24.52, -24.52
2026-06-28, 17:31:12, 1047000000, 1048000000, 1000000.00, 1, -24.69, -24.69
2026-06-28, 17:31:12, 1048000000, 1049000000, 1000000.00, 1, -24.62, -24.62
2026-06-28, 17:31:12, 1049000000, 1050000000, 1000000.00, 1, -24.58, -24.58
2026-06-28, 17:31:12, 1050000000, 1051000000, 1000000.00, 1, -24.61, -24.61
2026-06-28, 17:31:12, 1051000000, 1052000000, 1000000.00, 1, -24.52, -24.52
2026-06-28, 17:31:12, 1052000000, 1053000000, 1000000.00, 1, -24.52, -24.52
2026-06-28, 17:31:12, 1053000000, 1054000000, 1000000.00, 1, -24.70, -24.70
2026-06-28, 17:31:12, 1054000000, 1055000000, 1000000.00, 1, -24.69, -24.69
2026-06-28, 17:31:12, 1055000000, 1056000000, 1000000.00, 1, -24.65, -24.65
2026-06-28, 17:31:12, 1056000000, 1057000000, 1000000.00, 1, -24.58, -24.58
2026-06-28, 17:31:12, 1057000000, 1058000000, 1000000.00, 1, -24.57, -24.57
2026-06-28, 17:31:12, 1058000000, 1059000000, 1000000.00, 1, -24.54, -24.54
2026-06-28, 17:31:12, 1059000000, 1060000000, 1000000.00, 1, -24.58, -24.58
2026-06-28, 17:31:12, 1060000000, 1061000000, 1000000.00, 1, -24.63, -24.63
2026-06-28, 17:31:12, 1061000000, 1062000000, 1000000.00, 1, -24.62, -24.62
2026-06-28, 17:31:12, 1062000000, 1063000000, 1000000.00, 1, -24.56, -24.56
2026-06-28, 17:31:12, 1063000000, 1064000000, 1000000.00, 1, -24.55, -24.55
2026-06-28, 17:31:12, 1064000000, 1065000000, 1000000.00, 1, -24.54, -24.54
2026-06-28, 17:31:12, 1065000000, 1066000000, 1000000.00, 1, -24.52, -24.52
2026-06-28, 17:31:12, 1066000000, 1067000000, 1000000.00, 1, -24.70, -24.70
2026-06-28, 17:31:12, 1067000000, 1068000000, 1000000.00, 1, -24.66, -24.66
2026-06-28, 17:31:12, 1068000000, 1069000000, 1000000.00, 1, -24.63, -24.63
2026-06-28, 17:31:12, 1069000000, 1070000000, 1000000.00, 1, -24.57, -24.57
2026-06-28, 17:31:12, 1070000000, 1071000000, 1000000.00, 1, -24.51, -24.51
2026-06-28, 17:31:12, 1071000000, 1072000000, 1000000.00, 1, -24.51, -24.51
2026-06-28, 17:31:12, 1072000000, 1073000000, 1000000.00, 1, -24.69, -24.69
2026-06-28, 17:31:12, 1073000000, 1074000000, 1000000.00, 1, -24.72, -24.72
2026-06-28, 17:31:12, 1074000000, 1075000000, 1000000.00, 1, -24.68, -24.68
2026-06-28, 17:31:12, 1075000000, 1076000000, 1000000.00, 1, -24.58, -24.58
2026-06-28, 17:31:12, 1076000000, 1077000000, 1000000.00, 1, -24.55, -24.55
2026-06-28, 17:31:12, 1077000000, 1078000000, 1000000.00, 1, -24.54, -24.54
2026-06-28, 17:31:12, 1078000000, 1079000000, 1000000.00, 1, -24.58, -24.58
2026-06-28, 17:31:12, 1079000000, 1080000000, 1000000.00, 1, -24.66, -24.66
2026-06-28, 17:31:12, 1080000000, 1081000000, 1000000.00, 1, -24.63, -24.63
2026-06-28, 17:31:12, 1081000000, 1082000000, 1000000.00, 1, -24.62, -24.62
2026-06-28, 17:31:12, 1082000000, 1083000000, 1000000.00, 1, -24.58, -24.58
2026-06-28, 17:31:12, 1083000000, 1084000000, 1000000.00, 1, -24.55, -24.55
2026-06-28, 17:31:12, 1084000000, 1085000000, 1000000.00, 1, -24.51, -24.51
2026-06-28, 17:31:12, 1085000000, 1086000000, 1000000.00, 1, -24.63, -24.63
2026-06-28, 17:31:12, 1086000000, 1087000000, 1000000.00, 1, -24.69, -24.69
2026-06-28, 17:31:12, 1087000000, 1088000000, 1000000.00, 1, -24.59, -24.59
2026-06-28, 17:31:12, 1088000000, 1089000000, 1000000.00, 1, -24.60, -24.60
2026-06-28, 17:31:12, 1089000000, 1090000000, 1000000.00, 1, -24.58, -24.58
2026-06-28, 17:31:12, 1090000000, 1091000000, 1000000.00, 1, -24.48, -24.48
2026-06-28, 17:31:12, 1091000000, 1092000000, 1000000.00, 1, -24.74, -24.74
2026-06-28, 17:31:12, 1092000000, 1093000000, 1000000.00, 1, -24.67, -24.67
2026-06-28, 17:31:12, 1093000000, 1094000000, 1000000.00, 1, -24.60, -24.60
2026-06-28, 17:31:12, 1094000000, 1095000000, 1000000.00, 1, -24.60, -24.60
2026-06-28, 17:31:12, 1095000000, 1096000000, 1000000.00, 1, -24.52, -24.52
2026-06-28, 17:31:12, 1096000000, 1097000000, 1000000.00, 1, -24.54, -24.54
2026-06-28, 17:31:12, 1097000000, 1098000000, 1000000.00, 1, -24.53, -24.53
2026-06-28, 17:31:12, 1098000000, 1099000000, 1000000.00, 1, -24.63, -24.63
2026-06-28, 17:31:12, 1099000000, 1100000000, 1000000.00, 1, -24.61, -24.61
2026-06-28, 17:31:12, 1100000000, 1101000000, 1000000.00, 1, -24.61, -24.61
2026-06-28, 17:31:12, 1101000000, 1102000000, 1000000.00, 1, -24.60, -24.60
2026-06-28, 17:31:12, 1102000000, 1103000000, 1000000.00, 1, -24.55, -24.55
2026-06-28, 17:31:12, 1103000000, 1104000000, 1000000.00, 1, -24.49, -24.49
2026-06-28, 17:31:12, 1104000000, 1105000000, 1000000.00, 1, -24.73, -24.73
2026-06-28, 17:31:12, 1105000000, 1106000000, 1000000.00, 1, -24.72, -24.72
2026-06-28, 17:31:12, 1106000000, 1107000000, 1000000.00, 1, -24.62, -24.62
2026-06-28, 17:31:12, 1107000000, 1108000000, 1000000.00, 1, -24.62, -24.62
2026-06-28, 17:31:12, 1108000000, 1109000000, 1000000.00, 1, -24.51, -24.51
2026-06-28, 17:31:12, 1109000000, 1110000000, 1000000.00, 1, -24.58, -24.58
2026-06-28, 17:31:12, 1110000000, 1111000000, 1000000.00, 1, -24.71, -24.71
2026-06-28, 17:31:12, 1111000000, 1112000000, 1000000.00, 1, -24.69, -24.69
2026-06-28, 17:31:12, 1112000000, 1113000000, 1000000.00, 1, -24.63, -24.63
2026-06-28, 17:31:12, 1113000000, 1114000000, 1000000.00, 1, -24.64, -24.64
2026-06-28, 17:31:12, 1114000000, 1115000000, 1000000.00, 1, -24.56, -24.56
2026-06-28, 17:31:12, 1115000000, 1116000000, 1000000.00, 1, -24.56, -24.56
2026-06-28, 17:31:12, 1116000000, 1117000000, 1000000.00, 1, -24.48, -24.48
2026-06-28, 17:31:12, 1117000000, 1118000000, 1000000.00, 1, -24.70, -24.70
2026-06-28, 17:31:12, 1118000000, 1119000000, 1000000.00, 1, -24.70, -24.70
2026-06-28, 17:31:12, 1119000000, 1120000000, 1000000.00, 1, -24.63, -24.63
2026-06-28, 17:31:12, 1120000000, 1121000000, 1000000.00, 1, -24.58, -24.58
2026-06-28, 17:31:12, 1121000000, 1122000000, 1000000.00, 1, -24.56, -24.56
2026-06-28, 17:31:12, 1122000000, 1123000000, 1000000.00, 1, -24.57, -24.57
2026-06-28, 17:31:12, 1123000000, 1124000000, 1000000.00, 1, -24.65, -24.65
2026-06-28, 17:31:12, 1124000000, 1125000000, 1000000.00, 1, -24.67, -24.67
2026-06-28, 17:31:12, 1125000000, 1126000000, 1000000.00, 1, -24.65, -24.65
2026-06-28, 17:31:12, 1126000000, 1127000000, 1000000.00, 1, -24.57, -24.57
2026-06-28, 17:31:12, 1127000000, 1128000000, 1000000.00, 1, -24.56, -24.56
2026-06-28, 17:31:12, 1128000000, 1129000000, 1000000.00, 1, -24.52, -24.52
2026-06-28, 17:31:12, 1129000000, 1130000000, 1000000.00, 1, -24.67, -24.67
2026-06-28, 17:31:12, 1130000000, 1131000000, 1000000.00, 1, -24.64, -24.64
2026-06-28, 17:31:12, 1131000000, 1132000000, 1000000.00, 1, -24.67, -24.67
2026-06-28, 17:31:12, 1132000000, 1133000000, 1000000.00, 1, -24.60, -24.60
2026-06-28, 17:31:12, 1133000000, 1134000000, 1000000.00, 1, -24.52, -24.52
2026-06-28, 17:31:12, 1134000000, 1135000000, 1000000.00, 1, -24.56, -24.56
2026-06-28, 17:31:12, 1135000000, 1136000000, 1000000.00, 1, -24.51, -24.51
2026-06-28, 17:31:12, 1136000000, 1137000000, 1000000.00, 1, -24.62, -24.62
2026-06-28, 17:31:12, 1137000000, 1138000000, 1000000.00, 1, -24.69, -24.69
2026-06-28, 17:31:12, 1138000000, 1139000000, 1000000.00, 1, -24.58, -24.58
2026-06-28, 17:31:12, 1139000000, 1140000000, 1000000.00, 1, -24.63, -24.63
2026-06-28, 17:31:12, 1140000000, 1141000000, 1000000.00, 1, -24.59, -24.59
2026-06-28, 17:31:12, 1141000000, 1142000000, 1000000.00, 1, -24.48, -24.48
2026-06-28, 17:31:12, 1142000000, 1143000000, 1000000.00, 1, -24.72, -24.72
2026-06-28, 17:31:12, 1143000000, 1144000000, 1000000.00, 1, -24.68, -24.68
2026-06-28, 17:31:12, 1144000000, 1145000000, 1000000.00, 1, -24.61, -24.61
2026-06-28, 17:31:12, 1145000000, 1146000000, 1000000.00, 1, -24.64, -24.64
2026-06-28, 17:31:12, 1146000000, 1147000000, 1000000.00, 1, -24.58, -24.58
2026-06-28, 17:31:12, 1147000000, 1148000000, 1000000.00, 1, -24.56, -24.56
2026-06-28, 17:31:12, 1148000000, 1149000000, 1000000.00, 1, -24.61, -24.61
2026-06-28, 17:31:12, 1149000000, 1150000000, 1000000.00, 1, -24.60, -24.60
2026-06-28, 17:31:12, 1150000000, 1151000000, 1000000.00, 1, -24.66, -24.66
2026-06-28, 17:31:12, 1151000000, 1152000000, 1000000.00, 1, -24.61, -24.61
2026-06-28, 17:31:12, 1152000000, 1153000000, 1000000.00, 1, -24.57, -24.57
2026-06-28, 17:31:12, 1153000000, 1154000000, 1000000.00, 1, -24.54, -24.54
2026-06-28, 17:31:12, 1154000000, 1155000000, 1000000.00, 1, -24.50, -24.50
2026-06-28, 17:31:12, 1155000000, 1156000000, 1000000.00, 1, -24.67, -24.67
2026-06-28, 17:31:12, 1156000000, 1157000000, 1000000.00, 1, -24.65, -24.65
2026-06-28, 17:31:12, 1157000000, 1158000000, 1000000.00, 1, -24.60, -24.60
2026-06-28, 17:31:12, 1158000000, 1159000000, 1000000.00, 1, -24.56, -24.56
2026-06-28, 17:31:12, 1159000000, 1160000000, 1000000.00, 1, -24.60, -24.60
2026-06-28, 17:31:12, 1160000000, 1161000000, 1000000.00, 1, -24.47, -24.47
2026-06-28, 17:31:12, 1161000000, 1162000000, 1000000.00, 1, -24.66, -24.66
2026-06-28, 17:31:12, 1162000000, 1163000000, 1000000.00, 1, -24.65, -24.65
2026-06-28, 17:31:12, 1163000000, 1164000000, 1000000.00, 1, -24.56, -24.56
2026-06-28, 17:31:12, 1164000000, 1165000000, 1000000.00, 1, -24.57, -24.57
2026-06-28, 17:31:12, 1165000000, 1166000000, 1000000.00, 1, -24.58, -24.58
2026-06-28, 17:31:12, 1166000000, 1167000000, 1000000.00, 1, -24.53, -24.53
2026-06-28, 17:31:12, 1167000000, 1168000000, 1000000.00, 1, -24.54, -24.54
2026-06-28, 17:31:12, 1168000000, 1169000000, 1000000.00, 1, -24.64, -24.64
2026-06-28, 17:31:12, 1169000000, 1170000000, 1000000.00, 1, -24.60, -24.60
2026-06-28, 17:31:12, 1170000000, 1171000000, 1000000.00, 1, -24.60, -24.60
2026-06-28, 17:31:12, 1171000000, 1172000000, 1000000.00, 1, -24.57, -24.57
2026-06-28, 17:31:12, 1172000000, 1173000000, 1000000.00, 1, -24.55, -24.55
2026-06-28, 17:31:12, 1173000000, 1174000000, 1000000.00, 1, -24.50, -24.50
2026-06-28, 17:31:12, 1174000000, 1175000000, 1000000.00, 1, -24.63, -24.63
2026-06-28, 17:31:12, 1175000000, 1176000000, 1000000.00, 1, -24.65, -24.65
2026-06-28, 17:31:12, 1176000000, 1177000000, 1000000.00, 1, -24.61, -24.61
2026-06-28, 17:31:12, 1177000000, 1178000000, 1000000.00, 1, -24.52, -24.52
2026-06-28, 17:31:12, 1178000000, 1179000000, 1000000.00, 1, -24.50, -24.50
2026-06-28, 17:31:12, 1179000000, 1180000000, 1000000.00, 1, -24.55, -24.55
2026-06-28, 17:31:12, 1180000000, 1181000000, 1000000.00, 1, -24.63, -24.63
2026-06-28, 17:31:12, 1181000000, 1182000000, 1000000.00, 1, -24.63, -24.63
2026-06-28, 17:31:12, 1182000000, 1183000000, 1000000.00, 1, -24.58, -24.58
2026-06-28, 17:31:12, 1183000000, 1184000000, 1000000.00, 1, -24.64, -24.64
2026-06-28, 17:31:12, 1184000000, 1185000000, 1000000.00, 1, -24.54, -24.54
2026-06-28, 17:31:12, 1185000000, 1186000000, 1000000.00, 1, -24.55, -24.55
2026-06-28, 17:31:12, 1186000000, 1187000000, 1000000.00, 1, -24.52, -24.52
2026-06-28, 17:31:12, 1187000000, 1188000000, 1000000.00, 1, -24.68, -24.68
2026-06-28, 17:31:12, 1188000000, 1189000000, 1000000.00, 1, -24.60, -24.60
2026-06-28, 17:31:12, 1189000000, 1190000000, 1000000.00, 1, -24.61, -24.61
2026-06-28, 17:31:12, 1190000000, 1191000000, 1000000.00, 1, -24.62, -24.62
2026-06-28, 17:31:12, 1191000000, 1192000000, 1000000.00, 1, -24.55, -24.55
2026-06-28, 17:31:12, 1192000000, 1193000000, 1000000.00, 1, -24.55, -24.55
2026-06-28, 17:31:12, 1193000000, 1194000000, 1000000.00, 1, -24.66, -24.66
2026-06-28, 17:31:12, 1194000000, 1195000000, 1000000.00, 1, -24.63, -24.63
2026-06-28, 17:31:12, 1195000000, 1196000000, 1000000.00, 1, -24.59, -24.59
2026-06-28, 17:31:12, 1196000000, 1197000000, 1000000.00, 1, -24.59, -24.59
2026-06-28, 17:31:12, 1197000000, 1198000000, 1000000.00, 1, -24.60, -24.60
2026-06-28, 17:31:12, 1198000000, 1199000000, 1000000.00, 1, -24.58, -24.58
2026-06-28, 17:31:12, 1199000000, 1200000000, 1000000.00, 1, -24.67, -24.67
2026-06-28, 17:31:12, 1200000000, 1201000000, 1000000.00, 1, -24.69, -24.69
2026-06-28, 17:31:12, 1201000000, 1202000000, 1000000.00, 1, -24.65, -24.65
2026-06-28, 17:31:12, 1202000000, 1203000000, 1000000.00, 1, -24.62, -24.62
2026-06-28, 17:31:12, 1203000000, 1204000000, 1000000.00, 1, -24.58, -24.58
2026-06-28, 17:31:12, 1204000000, 1205000000, 1000000.00, 1, -24.60, -24.60
2026-06-28, 17:31:12, 1205000000, 1206000000, 1000000.00, 1, -24.52, -24.52
2026-06-28, 17:31:12, 1206000000, 1207000000, 1000000.00, 1, -24.68, -24.68
2026-06-28, 17:31:12, 1207000000, 1208000000, 1000000.00, 1, -24.65, -24.65
2026-06-28, 17:31:12, 1208000000, 1209000000, 1000000.00, 1, -24.64, -24.64
2026-06-28, 17:31:12, 1209000000, 1210000000, 1000000.00, 1, -24.55, -24.55
2026-06-28, 17:31:12, 1210000000, 1211000000, 1000000.00, 1, -24.51, -24.51
2026-06-28, 17:31:12, 1211000000, 1212000000, 1000000.00, 1, -24.58, -24.58
2026-06-28, 17:31:12, 1212000000, 1213000000, 1000000.00, 1, -24.69, -24.69
2026-06-28, 17:31:12, 1213000000, 1214000000, 1000000.00, 1, -24.65, -24.65
2026-06-28, 17:31:12, 1214000000, 1215000000, 1000000.00, 1, -24.61, -24.61
2026-06-28, 17:31:23, 960000000, 961000000, 1000000.00, 1, -24.57, -24.57
2026-06-28, 17:31:23, 961000000, 962000000, 1000000.00, 1, -24.53, -24.53
2026-06-28, 17:31:23, 962000000, 963000000, 1000000.00, 1, -24.57, -24.57
2026-06-28, 17:31:23, 963000000, 964000000, 1000000.00, 1, -24.69, -24.69
2026-06-28, 17:31:23, 964000000, 965000000, 1000000.00, 1, -24.66, -24.66
2026-06-28, 17:31:23, 965000000, 966000000, 1000000.00, 1, -24.63, -24.63
2026-06-28, 17:31:23, 966000000, 967000000, 1000000.00, 1, -24.59, -24.59
2026-06-28, 17:31:23, 967000000, 968000000, 1000000.00, 1, -24.57, -24.57
2026-06-28, 17:31:23, 968000000, 969000000, 1000000.00, 1, -24.58, -24.58
2026-06-28, 17:31:23, 969000000, 970000000, 1000000.00, 1, -24.49, -24.49
2026-06-28, 17:31:23, 970000000, 971000000, 1000000.00, 1, -24.68, -24.68
2026-06-28, 17:31:23, 971000000, 972000000, 1000000.00, 1, -24.69, -24.69
2026-06-28, 17:31:23, 972000000, 973000000, 1000000.00, 1, -24.64, -24.64
2026-06-28, 17:31:23, 973000000, 974000000, 1000000.00, 1, -24.56, -24.56
2026-06-28, 17:31:23, 974000000, 975000000, 1000000.00, 1, -24.52, -24.52
2026-06-28, 17:31:23, 975000000, 976000000, 1000000.00, 1, -24.54, -24.54
2026-06-28, 17:31:23, 976000000, 977000000, 1000000.00, 1, -24.70, -24.70
2026-06-28, 17:31:23, 977000000, 978000000, 1000000.00, 1, -24.66, -24.66
2026-06-28, 17:31:23, 978000000, 979000000, 1000000.00, 1, -24.66, -24.66
2026-06-28, 17:31:23, 979000000, 980000000, 1000000.00, 1, -24.58, -24.58
2026-06-28, 17:31:23, 980000000, 981000000, 1000000.00, 1, -24.52, -24.52
2026-06-28, 17:31:23, 981000000, 982000000, 1000000.00, 1, -24.47, -24.47
2026-06-28, 17:31:23, 982000000, 983000000, 1000000.00, 1, -24.62, -24.62
2026-06-28, 17:31:23, 983000000, 984000000, 1000000.00, 1, -24.70, -24.70
2026-06-28, 17:31:23, 984000000, 985000000, 1000000.00, 1, -24.60, -24.60
2026-06-28, 17:31:23, 985000000, 986000000, 1000000.00, 1, -24.62, -24.62
2026-06-28, 17:31:23, 986000000, 987000000, 1000000.00, 1, -24.64, -24.64
2026-06-28, 17:31:23, 987000000, 988000000, 1000000.00, 1, -24.52, -24.52
2026-06-28, 17:31:23, 988000000, 989000000, 1000000.00, 1, -24.53, -24.53
2026-06-28, 17:31:23, 989000000, 990000000, 1000000.00, 1, -24.74, -24.74
2026-06-28, 17:31:23, 990000000, 991000000, 1000000.00, 1, -24.61, -24.61
2026-06-28, 17:31:23, 991000000, 992000000, 1000000.00, 1, -24.65, -24.65
2026-06-28, 17:31:23, 992000000, 993000000, 1000000.00, 1, -24.58, -24.58
2026-06-28, 17:31:23, 993000000, 994000000, 1000000.00, 1, -24.58, -24.58
2026-06-28, 17:31:23, 994000000, 995000000, 1000000.00, 1, -24.51, -24.51
2026-06-28, 17:31:23, 995000000, 996000000, 1000000.00, 1, -24.75, -24.75
2026-06-28, 17:31:23, 996000000, 997000000, 1000000.00, 1, -24.66, -24.66
2026-06-28, 17:31:23, 997000000, 998000000, 1000000.00, 1, -24.61, -24.61
2026-06-28, 17:31:23, 998000000, 999000000, 1000000.00, 1, -24.54, -24.54
2026-06-28, 17:31:23, 999000000, 1000000000, 1000000.00, 1, -24.55, -24.55
2026-06-28, 17:31:23, 1000000000, 1001000000, 1000000.00, 1, -24.55, -24.55
2026-06-28, 17:31:23, 1001000000, 1002000000, 1000000.00, 1, -24.59, -24.59
2026-06-28, 17:31:23, 1002000000, 1003000000, 1000000.00, 1, -24.66, -24.66
2026-06-28, 17:31:23, 1003000000, 1004000000, 1000000.00, 1, -24.61, -24.61
2026-06-28, 17:31:23, 1004000000, 1005000000, 1000000.00, 1, -24.64, -24.64
2026-06-28, 17:31:23, 1005000000, 1006000000, 1000000.00, 1, -24.60, -24.60
2026-06-28, 17:31:23, 1006000000, 1007000000, 1000000.00, 1, -24.56, -24.56
2026-06-28, 17:31:23, 1007000000, 1008000000, 1000000.00, 1, -24.52, -24.52
2026-06-28, 17:31:23, 1008000000, 1009000000, 1000000.00, 1, -24.67, -24.67
2026-06-28, 17:31:23, 1009000000, 1010000000, 1000000.00, 1, -24.72, -24.72
2026-06-28, 17:31:23, 1010000000, 1011000000, 1000000.00, 1, -24.69, -24.69
2026-06-28, 17:31:23, 1011000000, 1012000000, 1000000.00, 1, -24.65, -24.65
2026-06-28, 17:31:23, 1012000000, 1013000000, 1000000.00, 1, -24.56, -24.56
2026-06-28, 17:31:23, 1013000000, 1014000000, 1000000.00, 1, -24.52, -24.52
2026-06-28, 17:31:23, 1014000000, 1015000000, 1000000.00, 1, -24.68, -24.68
2026-06-28, 17:31:23, 1015000000, 1016000000, 1000000.00, 1, -24.64, -24.64
2026-06-28, 17:31:23, 1016000000, 1017000000, 1000000.00, 1, -24.67, -24.67
2026-06-28, 17:31:23, 1017000000, 1018000000, 1000000.00, 1, -24.58, -24.58
2026-06-28, 17:31:23, 1018000000, 1019000000, 1000000.00, 1, -24.54, -24.54
2026-06-28, 17:31:23, 1019000000, 1020000000, 1000000.00, 1, -24.52, -24.52
2026-06-28, 17:31:23, 1020000000, 1021000000, 1000000.00, 1, -24.49, -24.49
2026-06-28, 17:31:23, 1021000000, 1022000000, 1000000.00, 1, -24.62, -24.62
2026-06-28, 17:31:23, 1022000000, 1023000000, 1000000.00, 1, -24.64, -24.64
2026-06-28, 17:31:23, 1023000000, 1024000000, 1000000.00, 1, -24.59, -24.59
2026-06-28, 17:31:23, 1024000000, 1025000000, 1000000.00, 1, -24.54, -24.54
2026-06-28, 17:31:23, 1025000000, 1026000000, 1000000.00, 1, -24.56, -24.56
2026-06-28, 17:31:23, 1026000000, 1027000000, 1000000.00, 1, -24.50, -24.50
2026-06-28, 17:31:23, 1027000000, 1028000000, 1000000.00, 1, -24.62, -24.62
2026-06-28, 17:31:23, 1028000000, 1029000000, 1000000.00, 1, -24.69, -24.69
2026-06-28, 17:31:23, 1029000000, 1030000000, 1000000.00, 1, -24.64, -24.64
2026-06-28, 17:31:23, 1030000000, 1031000000, 1000000.00, 1, -24.57, -24.57
2026-06-28, 17:31:23, 1031000000, 1032000000, 1000000.00, 1, -24.54, -24.54
2026-06-28, 17:31:23, 1032000000, 1033000000, 1000000.00, 1, -24.53, -24.53
2026-06-28, 17:31:23, 1033000000, 1034000000, 1000000.00, 1, -24.63, -24.63
2026-06-28, 17:31:23, 1034000000, 1035000000, 1000000.00, 1, -24.68, -24.68
2026-06-28, 17:31:23, 1035000000, 1036000000, 1000000.00, 1, -24.60, -24.60
2026-06-28, 17:31:23, 1036000000, 1037000000, 1000000.00, 1, -24.54, -24.54
2026-06-28, 17:31:23, 1037000000, 1038000000, 1000000.00, 1, -24.57, -24.57
2026-06-28, 17:31:23, 1038000000, 1039000000, 1000000.00, 1, -24.57, -24.57
2026-06-28, 17:31:23, 1039000000, 1040000000, 1000000.00, 1, -24.56, -24.56
2026-06-28, 17:31:23, 1040000000, 1041000000, 1000000.00, 1, -24.72, -24.72
2026-06-28, 17:31:23, 1041000000, 1042000000, 1000000.00, 1, -24.66, -24.66
2026-06-28, 17:31:23, 1042000000, 1043000000, 1000000.00, 1, -24.61, -24.61
2026-06-28, 17:31:23, 1043000000, 1044000000, 1000000.00, 1, -24.59, -24.59
2026-06-28, 17:31:23, 1044000000, 1045000000, 1000000.00, 1, -24.57, -24.57
2026-06-28, 17:31:23, 1045000000, 1046000000, 1000000.00, 1, -24.53, -24.53
2026-06-28, 17:31:23, 1046000000, 1047000000, 1000000.00, 1, -24.64, -24.64
2026-06-28, 17:31:23, 1047000000, 1048000000, 1000000.00, 1, -24.67, -24.67
2026-06-28, 17:31:23, 1048000000, 1049000000, 1000000.00, 1, -24.60, -24.60
2026-06-28, 17:31:23, 1049000000, 1050000000, 1000000.00, 1, -24.56, -24.56
2026-06-28, 17:31:23, 1050000000, 1051000000, 1000000.00, 1, -24.56, -24.56
2026-06-28, 17:31:23, 1051000000, 1052000000, 1000000.00, 1, -24.54, -24.54
2026-06-28, 17:31:23, 1052000000, 1053000000, 1000000.00, 1, -24.68, -24.68
2026-06-28, 17:31:23, 1053000000, 1054000000, 1000000.00, 1, -24.73, -24.73
2026-06-28, 17:31:23, 1054000000, 1055000000, 1000000.00, 1, -24.62, -24.62
2026-06-28, 17:31:23, 1055000000, 1056000000, 1000000.00, 1, -24.58, -24.58
2026-06-28, 17:31:23, 1056000000, 1057000000, 1000000.00, 1, -24.62, -24.62
2026-06-28, 17:31:23, 1057000000, 1058000000, 1000000.00, 1, -24.50, -24.50
2026-06-28, 17:31:23, 1058000000, 1059000000, 1000000.00, 1, -24.57, -24.57
2026-06-28, 17:31:23, 1059000000, 1060000000, 1000000.00, 1, -24.66, -24.66
2026-06-28, 17:31:23, 1060000000, 1061000000, 1000000.00, 1, -24.66, -24.66
2026-06-28, 17:31:23, 1061000000, 1062000000, 1000000.00, 1, -24.58, -24.58
2026-06-28, 17:31:23, 1062000000, 1063000000, 1000000.00, 1, -24.61, -24.61
2026-06-28, 17:31:23, 1063000000, 1064000000, 1000000.00, 1, -24.57, -24.57
2026-06-28, 17:31:23, 1064000000, 1065000000, 1000000.00, 1, -24.54, -24.54
2026-06-28, 17:31:23, 1065000000, 1066000000, 1000000.00, 1, -24.71, -24.71
2026-06-28, 17:31:23, 1066000000, 1067000000, 1000000.00, 1, -24.65, -24.65
2026-06-28, 17:31:23, 1067000000, 1068000000, 1000000.00, 1, -24.65, -24.65
2026-06-28, 17:31:23, 1068000000, 1069000000, 1000000.00, 1, -24.54, -24.54
2026-06-28, 17:31:23, 1069000000, 1070000000, 1000000.00, 1, -24.53, -24.53
2026-06-28, 17:31:23, 1070000000, 1071000000, 1000000.00, 1, -24.52, -24.52
2026-06-28, 17:31:23, 1071000000, 1072000000, 1000000.00, 1, -24.65, -24.65
2026-06-28, 17:31:23, 1072000000, 1073000000, 1000000.00, 1, -24.63, -24.63
2026-06-28, 17:31:23, 1073000000, 1074000000, 1000000.00, 1, -24.60, -24.60
2026-06-28, 17:31:23, 1074000000, 1075000000, 1000000.00, 1, -24.56, -24.56
2026-06-28, 17:31:23, 1075000000, 1076000000, 1000000.00, 1, -24.61, -24.61
2026-06-28, 17:31:23, 1076000000, 1077000000, 1000000.00, 1, -24.55, -24.55
2026-06-28, 17:31:23, 1077000000, 1078000000, 1000000.00, 1, -24.52, -24.52
2026-06-28, 17:31:23, 1078000000, 1079000000, 1000000.00, 1, -24.64, -24.64
2026-06-28, 17:31:23, 1079000000, 1080000000, 1000000.00, 1, -24.66, -24.66
2026-06-28, 17:31:23, 1080000000, 1081000000, 1000000.00, 1, -24.60, -24.60
2026-06-28, 17:31:23, 1081000000, 1082000000, 1000000.00, 1, -24.56, -24.56
2026-06-28, 17:31:23, 1082000000, 1083000000, 1000000.00, 1, -24.59, -24.59
2026-06-28, 17:31:23, 1083000000, 1084000000, 1000000.00, 1, -24.46, -24.46
2026-06-28, 17:31:23, 1084000000, 1085000000, 1000000.00, 1, -24.63, -24.63
2026-06-28, 17:31:23, 1085000000, 1086000000, 1000000.00, 1, -24.74, -24.74
2026-06-28, 17:31:23, 1086000000, 1087000000, 1000000.00, 1, -24.63, -24.63
2026-06-28, 17:31:23, 1087000000, 1088000000, 1000000.00, 1, -24.57, -24.57
2026-06-28, 17:31:23, 1088000000, 1089000000, 1000000.00, 1, -24.51, -24.51
2026-06-28, 17:31:23, 1089000000, 1090000000, 1000000.00, 1, -24.54, -24.54
2026-06-28, 17:31:23, 1090000000, 1091000000, 1000000.00, 1, -24.60, -24.60
2026-06-28, 17:31:23, 1091000000, 1092000000, 1000000.00, 1, -24.69, -24.69
2026-06-28, 17:31:23, 1092000000, 1093000000, 1000000.00, 1, -24.60, -24.60
2026-06-28, 17:31:23, 1093000000, 1094000000, 1000000.00, 1, -24.58, -24.58
2026-06-28, 17:31:23, 1094000000, 1095000000, 1000000.00, 1, -24.56, -24.56
2026-06-28, 17:31:23, 1095000000, 1096000000, 1000000.00, 1, -24.59, -24.59
2026-06-28, 17:31:23, 1096000000, 1097000000, 1000000.00, 1, -24.51, -24.51
2026-06-28, 17:31:23, 1097000000, 1098000000, 1000000.00, 1, -24.71, -24.71
2026-06-28, 17:31:23, 1098000000, 1099000000, 1000000.00, 1, -24.69, -24.69
2026-06-28, 17:31:23, 1099000000, 1100000000, 1000000.00, 1, -24.56, -24.56
2026-06-28, 17:31:23, 1100000000, 1101000000, 1000000.00, 1, -24.58, -24.58
2026-06-28, 17:31:23, 1101000000, 1102000000, 1000000.00, 1, -24.56, -24.56
2026-06-28, 17:31:23, 1102000000, 1103000000, 1000000.00, 1, -24.52, -24.52
2026-06-28, 17:31:23, 1103000000, 1104000000, 1000000.00, 1, -24.69, -24.69
2026-06-28, 17:31:23, 1104000000, 1105000000, 1000000.00, 1, -24.71, -24.71
2026-06-28, 17:31:23, 1105000000, 1106000000, 1000000.00, 1, -24.62, -24.62
2026-06-28, 17:31:23, 1106000000, 1107000000, 1000000.00, 1, -24.56, -24.56
2026-06-28, 17:31:23, 1107000000, 1108000000, 1000000.00, 1, -24.54, -24.54
2026-06-28, 17:31:23, 1108000000, 1109000000, 1000000.00, 1, -24.50, -24.50
2026-06-28, 17:31:23, 1109000000, 1110000000, 1000000.00, 1, -24.54, -24.54
2026-06-28, 17:31:23, 1110000000, 1111000000, 1000000.00, 1, -24.68, -24.68
2026-06-28, 17:31:23, 1111000000, 1112000000, 1000000.00, 1, -24.62, -24.62
2026-06-28, 17:31:23, 1112000000, 1113000000, 1000000.00, 1, -24.63, -24.63
2026-06-28, 17:31:23, 1113000000, 1114000000, 1000000.00, 1, -24.61, -24.61
2026-06-28, 17:31:23, 1114000000, 1115000000, 1000000.00, 1, -24.52, -24.52
2026-06-28, 17:31:23, 1115000000, 1116000000, 1000000.00, 1, -24.51, -24.51
2026-06-28, 17:31:23, 1116000000, 1117000000, 1000000.00, 1, -24.64, -24.64
2026-06-28, 17:31:23, 1117000000, 1118000000, 1000000.00, 1, -24.62, -24.62
2026-06-28, 17:31:23, 1118000000, 1119000000, 1000000.00, 1, -24.59, -24.59
2026-06-28, 17:31:23, 1119000000, 1120000000, 1000000.00, 1, -24.57, -24.57
2026-06-28, 17:31:23, 1120000000, 1121000000, 1000000.00, 1, -24.56, -24.56
2026-06-28, 17:31:23, 1121000000, 1122000000, 1000000.00, 1, -24.56, -24.56
2026-06-28, 17:31:23, 1122000000, 1123000000, 1000000.00, 1, -24.66, -24.66
2026-06-28, 17:31:23, 1123000000, 1124000000, 1000000.00, 1, -24.63, -24.63
2026-06-28, 17:31:23, 1124000000, 1125000000, 1000000.00, 1, -24.63, -24.63
2026-06-28, 17:31:23, 1125000000, 1126000000, 1000000.00, 1, -24.57, -24.57
2026-06-28, 17:31:23, 1126000000, 1127000000, 1000000.00, 1, -24.59, -24.59
2026-06-28, 17:31:23, 1127000000, 1128000000, 1000000.00, 1, -24.53, -24.53
2026-06-28, 17:31:23, 1128000000, 1129000000, 1000000.00, 1, -24.52, -24.52
2026-06-28, 17:31:23, 1129000000, 1130000000, 1000000.00, 1, -24.66, -24.66
2026-06-28, 17:31:23, 1130000000, 1131000000, 1000000.00, 1, -24.59, -24.59
2026-06-28, 17:31:23, 1131000000, 1132000000, 1000000.00, 1, -24.57, -24.57
2026-06-28, 17:31:23, 1132000000, 1133000000, 1000000.00, 1, -24.61, -24.61
2026-06-28, 17:31:23, 1133000000, 1134000000, 1000000.00, 1, -24.53, -24.53
2026-06-28, 17:31:23, 1134000000, 1135000000, 1000000.00, 1, -24.52, -24.52
2026-06-28, 17:31:23, 1135000000, 1136000000, 1000000.00, 1, -24.63, -24.63
2026-06-28, 17:31:23, 1136000000, 1137000000, 1000000.00, 1, -24.63, -24.63
2026-06-28, 17:31:23, 1137000000, 1138000000, 1000000.00, 1, -24.59, -24.59
2026-06-28, 17:31:23, 1138000000, 1139000000, 1000000.00, 1, -24.60, -24.60
2026-06-28, 17:31:23, 1139000000, 1140000000, 1000000.00, 1, -24.49, -24.49
2026-06-28, 17:31:23, 1140000000, 1141000000, 1000000.00, 1, -24.56, -24.56
2026-06-28, 17:31:23, 1141000000, 1142000000, 1000000.00, 1, -24.70, -24.70
2026-06-28, 17:31:23, 1142000000, 1143000000, 1000000.00, 1, -24.68, -24.68
2026-06-28, 17:31:23, 1143000000, 1144000000, 1000000.00, 1, -24.61, -24.61
2026-06-28, 17:31:23, 1144000000, 1145000000, 1000000.00, 1, -24.62, -24.62
2026-06-28, 17:31:23, 1145000000, 1146000000, 1000000.00, 1, -24.58, -24.58
2026-06-28, 17:31:23, 1146000000, 1147000000, 1000000.00, 1, -24.53, -24.53
2026-06-28, 17:31:23, 1147000000, 1148000000, 1000000.00, 1, -24.50, -24.50
2026-06-28, 17:31:23, 1148000000, 1149000000, 1000000.00, 1, -24.71, -24.71
2026-06-28, 17:31:23, 1149000000, 1150000000, 1000000.00, 1, -24.62, -24.62
2026-06-28, 17:31:23, 1150000000, 1151000000, 1000000.00, 1, -24.62, -24.62
2026-06-28, 17:31:23, 1151000000, 1152000000, 1000000.00, 1, -24.64, -24.64
2026-06-28, 17:31:23, 1152000000, 1153000000, 1000000.00, 1, -24.51, -24.51
2026-06-28, 17:31:23, 1153000000, 1154000000, 1000000.00, 1, -24.53, -24.53
2026-06-28, 17:31:23, 1154000000, 1155000000, 1000000.00, 1, -24.67, -24.67
2026-06-28, 17:31:23, 1155000000, 1156000000, 1000000.00, 1, -24.64, -24.64
2026-06-28, 17:31:23, 1156000000, 1157000000, 1000000.00, 1, -24.61, -24.61
2026-06-28, 17:31:23, 1157000000, 1158000000, 1000000.00, 1, -24.61, -24.61
2026-06-28, 17:31:23, 1158000000, 1159000000, 1000000.00, 1, -24.58, -24.58
2026-06-28, 17:31:23, 1159000000, 1160000000, 1000000.00, 1, -24.56, -24.56
2026-06-28, 17:31:23, 1160000000, 1161000000, 1000000.00, 1, -24.72, -24.72
2026-06-28, 17:31:23, 1161000000, 1162000000, 1000000.00, 1, -24.69, -24.69
2026-06-28, 17:31:23, 1162000000, 1163000000, 1000000.00, 1, -24.64, -24.64
2026-06-28, 17:31:23, 1163000000, 1164000000, 1000000.00, 1, -24.63, -24.63
2026-06-28, 17:31:23, 1164000000, 1165000000, 1000000.00, 1, -24.54, -24.54
2026-06-28, 17:31:23, 1165000000, 1166000000, 1000000.00, 1, -24.60, -24.60
2026-06-28, 17:31:23, 1166000000, 1167000000, 1000000.00, 1, -24.59, -24.59
2026-06-28, 17:31:23, 1167000000, 1168000000, 1000000.00, 1, -24.65, -24.65
2026-06-28, 17:31:23, 1168000000, 1169000000, 1000000.00, 1, -24.60, -24.60
2026-06-28, 17:31:23, 1169000000, 1170000000, 1000000.00, 1, -24.64, -24.64
2026-06-28, 17:31:23, 1170000000, 1171000000, 1000000.00, 1, -24.62, -24.62
2026-06-28, 17:31:23, 1171000000, 1172000000, 1000000.00, 1, -24.53, -24.53
2026-06-28, 17:31:23, 1172000000, 1173000000, 1000000.00, 1, -24.54, -24.54
2026-06-28, 17:31:23, 1173000000, 1174000000, 1000000.00, 1, -24.72, -24.72
2026-06-28, 17:31:23, 1174000000, 1175000000, 1000000.00, 1, -24.69, -24.69
2026-06-28, 17:31:23, 1175000000, 1176000000, 1000000.00, 1, -24.60, -24.60
2026-06-28, 17:31:23, 1176000000, 1177000000, 1000000.00, 1, -24.52, -24.52
2026-06-28, 17:31:23, 1177000000, 1178000000, 1000000.00, 1, -24.52, -24.52
2026-06-28, 17:31:23, 1178000000, 1179000000, 1000000.00, 1, -24.60, -24.60
2026-06-28, 17:31:23, 1179000000, 1180000000, 1000000.00, 1, -24.65, -24.65
2026-06-28, 17:31:23, 1180000000, 1181000000, 1000000.00, 1, -24.66, -24.66
2026-06-28, 17:31:23, 1181000000, 1182000000, 1000000.00, 1, -24.60, -24.60
2026-06-28, 17:31:23, 1182000000, 1183000000, 1000000.00, 1, -24.61, -24.61
2026-06-28, 17:31:23, 1183000000, 1184000000, 1000000.00, 1, -24.58, -24.58
2026-06-28, 17:31:23, 1184000000, 1185000000, 1000000.00, 1, -24.59, -24.59
2026-06-28, 17:31:23, 1185000000, 1186000000, 1000000.00, 1, -24.56, -24.56
2026-06-28, 17:31:23, 1186000000, 1187000000, 1000000.00, 1, -24.64, -24.64
2026-06-28, 17:31:23, 1187000000, 1188000000, 1000000.00, 1, -24.61, -24.61
2026-06-28, 17:31:23, 1188000000, 1189000000, 1000000.00, 1, -24.64, -24.64
2026-06-28, 17:31:23, 1189000000, 1190000000, 1000000.00, 1, -24.61, -24.61
2026-06-28, 17:31:23, 1190000000, 1191000000, 1000000.00, 1, -24.56, -24.56
2026-06-28, 17:31:23, 1191000000, 1192000000, 1000000.00, 1, -24.57, -24.57
2026-06-28, 17:31:23, 1192000000, 1193000000, 1000000.00, 1, -24.72, -24.72
2026-06-28, 17:31:23, 1193000000, 1194000000, 1000000.00, 1, -24.64, -24.64
2026-06-28, 17:31:23, 1194000000, 1195000000, 1000000.00, 1, -24.63, -24.63
2026-06-28, 17:31:23, 1195000000, 1196000000, 1000000.00, 1, -24.60, -24.60
2026-06-28, 17:31:23, 1196000000, 1197000000, 1000000.00, 1, -24.57, -24.57
2026-06-28, 17:31:23, 1197000000, 1198000000, 1000000.00, 1, -24.55, -24.55
2026-06-28, 17:31:23, 1198000000, 1199000000, 1000000.00, 1, -24.53, -24.53
2026-06-28, 17:31:23, 1199000000, 1200000000, 1000000.00, 1, -24.65, -24.65
2026-06-28, 17:31:23, 1200000000, 1201000000, 1000000.00, 1, -24.64, -24.64
2026-06-28, 17:31:23, 1201000000, 1202000000, 1000000.00, 1, -24.59, -24.59
2026-06-28, 17:31:23, 1202000000, 1203000000, 1000000.00, 1, -24.57, -24.57
2026-06-28, 17:31:23, 1203000000, 1204000000, 1000000.00, 1, -24.56, -24.56
2026-06-28, 17:31:23, 1204000000, 1205000000, 1000000.00, 1, -24.54, -24.54
2026-06-28, 17:31:23, 1205000000, 1206000000, 1000000.00, 1, -24.69, -24.69
2026-06-28, 17:31:23, 1206000000, 1207000000, 1000000.00, 1, -24.62, -24.62
2026-06-28, 17:31:23, 1207000000, 1208000000, 1000000.00, 1, -24.59, -24.59
2026-06-28, 17:31:23, 1208000000, 1209000000, 1000000.00, 1, -24.60, -24.60
2026-06-28, 17:31:23, 1209000000, 1210000000, 1000000.00, 1, -24.55, -24.55
2026-06-28, 17:31:23, 1210000000, 1211000000, 1000000.00, 1, -24.51, -24.51
2026-06-28, 17:31:23, 1211000000, 1212000000, 1000000.00, 1, -24.71, -24.71
2026-06-28, 17:31:23, 1212000000, 1213000000, 1000000.00, 1, -24.68, -24.68
2026-06-28, 17:31:23, 1213000000, 1214000000, 1000000.00, 1, -24.62, -24.62
2026-06-28, 17:31:23, 1214000000, 1215000000, 1000000.00, 1, -24.58, -24.58
2026-06-28, 17:31:33, 960000000, 961000000, 1000000.00, 1, -24.59, -24.59
2026-06-28, 17:31:33, 961000000, 962000000, 1000000.00, 1, -24.52, -24.52
2026-06-28, 17:31:33, 962000000, 963000000, 1000000.00, 1, -24.57, -24.57
2026-06-28, 17:31:33, 963000000, 964000000, 1000000.00, 1, -24.66, -24.66
2026-06-28, 17:31:33, 964000000, 965000000, 1000000.00, 1, -24.65, -24.65
2026-06-28, 17:31:33, 965000000, 966000000, 1000000.00, 1, -24.64, -24.64
2026-06-28, 17:31:33, 966000000, 967000000, 1000000.00, 1, -24.55, -24.55
2026-06-28, 17:31:33, 967000000, 968000000, 1000000.00, 1, -24.55, -24.55
2026-06-28, 17:31:33, 968000000, 969000000, 1000000.00, 1, -24.50, -24.50
2026-06-28, 17:31:33, 969000000, 970000000, 1000000.00, 1, -24.63, -24.63
2026-06-28, 17:31:33, 970000000, 971000000, 1000000.00, 1, -24.68, -24.68
2026-06-28, 17:31:33, 971000000, 972000000, 1000000.00, 1, -24.60, -24.60
2026-06-28, 17:31:33, 972000000, 973000000, 1000000.00, 1, -24.60, -24.60
2026-06-28, 17:31:33, 973000000, 974000000, 1000000.00, 1, -24.52, -24.52
2026-06-28, 17:31:33, 974000000, 975000000, 1000000.00, 1, -24.53, -24.53
2026-06-28, 17:31:33, 975000000, 976000000, 1000000.00, 1, -24.72, -24.72
2026-06-28, 17:31:33, 976000000, 977000000, 1000000.00, 1, -24.66, -24.66
2026-06-28, 17:31:33, 977000000, 978000000, 1000000.00, 1, -24.57, -24.57
2026-06-28, 17:31:33, 978000000, 979000000, 1000000.00, 1, -24.59, -24.59
2026-06-28, 17:31:33, 979000000, 980000000, 1000000.00, 1, -24.62, -24.62
2026-06-28, 17:31:33, 980000000, 981000000, 1000000.00, 1, -24.54, -24.54
2026-06-28, 17:31:33, 981000000, 982000000, 1000000.00, 1, -24.50, -24.50
2026-06-28, 17:31:33, 982000000, 983000000, 1000000.00, 1, -24.65, -24.65
2026-06-28, 17:31:33, 983000000, 984000000, 1000000.00, 1, -24.65, -24.65
2026-06-28, 17:31:33, 984000000, 985000000, 1000000.00, 1, -24.61, -24.61
2026-06-28, 17:31:33, 985000000, 986000000, 1000000.00, 1, -24.55, -24.55
2026-06-28, 17:31:33, 986000000, 987000000, 1000000.00, 1, -24.54, -24.54
2026-06-28, 17:31:33, 987000000, 988000000, 1000000.00, 1, -24.48, -24.48
2026-06-28, 17:31:33, 988000000, 989000000, 1000000.00, 1, -24.67, -24.67
2026-06-28, 17:31:33, 989000000, 990000000, 1000000.00, 1, -24.71, -24.71
2026-06-28, 17:31:33, 990000000, 991000000, 1000000.00, 1, -24.62, -24.62
2026-06-28, 17:31:33, 991000000, 992000000, 1000000.00, 1, -24.61, -24.61
2026-06-28, 17:31:33, 992000000, 993000000, 1000000.00, 1, -24.55, -24.55
2026-06-28, 17:31:33, 993000000, 994000000, 1000000.00, 1, -24.56, -24.56
2026-06-28, 17:31:33, 994000000, 995000000, 1000000.00, 1, -24.73, -24.73
2026-06-28, 17:31:33, 995000000, 996000000, 1000000.00, 1, -24.66, -24.66
2026-06-28, 17:31:33, 996000000, 997000000, 1000000.00, 1, -24.61, -24.61
2026-06-28, 17:31:33, 997000000, 998000000, 1000000.00, 1, -24.65, -24.65
2026-06-28, 17:31:33, 998000000, 999000000, 1000000.00, 1, -24.56, -24.56
2026-06-28, 17:31:33, 999000000, 1000000000, 1000000.00, 1, -24.52, -24.52
2026-06-28, 17:31:33, 1000000000, 1001000000, 1000000.00, 1, -24.55, -24.55
2026-06-28, 17:31:33, 1001000000, 1002000000, 1000000.00, 1, -24.64, -24.64
2026-06-28, 17:31:33, 1002000000, 1003000000, 1000000.00, 1, -24.66, -24.66
2026-06-28, 17:31:33, 1003000000, 1004000000, 1000000.00, 1, -24.61, -24.61
2026-06-28, 17:31:33, 1004000000, 1005000000, 1000000.00, 1, -24.59, -24.59
2026-06-28, 17:31:33, 1005000000, 1006000000, 1000000.00, 1, -24.58, -24.58
2026-06-28, 17:31:33, 1006000000, 1007000000, 1000000.00, 1, -24.49, -24.49
2026-06-28, 17:31:33, 1007000000, 1008000000, 1000000.00, 1, -24.71, -24.71
2026-06-28, 17:31:33, 1008000000, 1009000000, 1000000.00, 1, -24.71, -24.71
2026-06-28, 17:31:33, 1009000000, 1010000000, 1000000.00, 1, -24.68, -24.68
2026-06-28, 17:31:33, 1010000000, 1011000000, 1000000.00, 1, -24.60, -24.60
2026-06-28, 17:31:33, 1011000000, 1012000000, 1000000.00, 1, -24.59, -24.59
2026-06-28, 17:31:33, 1012000000, 1013000000, 1000000.00, 1, -24.50, -24.50
2026-06-28, 17:31:33, 1013000000, 1014000000, 1000000.00, 1, -24.70, -24.70
2026-06-28, 17:31:33, 1014000000, 1015000000, 1000000.00, 1, -24.68, -24.68
2026-06-28, 17:31:33, 1015000000, 1016000000, 1000000.00, 1, -24.61, -24.61
2026-06-28, 17:31:33, 1016000000, 1017000000, 1000000.00, 1, -24.60, -24.60
2026-06-28, 17:31:33, 1017000000, 1018000000, 1000000.00, 1, -24.64, -24.64
2026-06-28, 17:31:33, 1018000000, 1019000000, 1000000.00, 1, -24.51, -24.51
2026-06-28, 17:31:33, 1019000000, 1020000000, 1000000.00, 1, -24.49, -24.49
2026-06-28, 17:31:33, 1020000000, 1021000000, 1000000.00, 1, -24.67, -24.67
2026-06-28, 17:31:33, 1021000000, 1022000000, 1000000.00, 1, -24.62, -24.62
2026-06-28, 17:31:33, 1022000000, 1023000000, 1000000.00, 1, -24.60, -24.60
2026-06-28, 17:31:33, 1023000000, 1024000000, 1000000.00, 1, -24.57, -24.57
2026-06-28, 17:31:33, 1024000000, 1025000000, 1000000.00, 1, -24.54, -24.54
2026-06-28, 17:31:33, 1025000000, 1026000000, 1000000.00, 1, -24.56, -24.56
2026-06-28, 17:31:33, 1026000000, 1027000000, 1000000.00, 1, -24.64, -24.64
2026-06-28, 17:31:33, 1027000000, 1028000000, 1000000.00, 1, -24.64, -24.64
2026-06-28, 17:31:33, 1028000000, 1029000000, 1000000.00, 1, -24.62, -24.62
2026-06-28, 17:31:33, 1029000000, 1030000000, 1000000.00, 1, -24.59, -24.59
2026-06-28, 17:31:33, 1030000000, 1031000000, 1000000.00, 1, -24.55, -24.55
2026-06-28, 17:31:33, 1031000000, 1032000000, 1000000.00, 1, -24.55, -24.55
2026-06-28, 17:31:33, 1032000000, 1033000000, 1000000.00, 1, -24.62, -24.62
2026-06-28, 17:31:33, 1033000000, 1034000000, 1000000.00, 1, -24.63, -24.63
2026-06-28, 17:31:33, 1034000000, 1035000000, 1000000.00, 1, -24.63, -24.63
2026-06-28, 17:31:33, 1035000000, 1036000000, 1000000.00, 1, -24.60, -24.60
2026-06-28, 17:31:33, 1036000000, 1037000000, 1000000.00, 1, -24.55, -24.55
2026-06-28, 17:31:33, 1037000000, 1038000000, 1000000.00, 1, -24.60, -24.60
2026-06-28, 17:31:33, 1038000000, 1039000000, 1000000.00, 1, -24.50, -24.50
2026-06-28, 17:31:33, 1039000000, 1040000000, 1000000.00, 1, -24.67, -24.67
2026-06-28, 17:31:33, 1040000000, 1041000000, 1000000.00, 1, -24.68, -24.68
2026-06-28, 17:31:33, 1041000000, 1042000000, 1000000.00, 1, -24.56, -24.56
2026-06-28, 17:31:33, 1042000000, 1043000000, 1000000.00, 1, -24.57, -24.57
2026-06-28, 17:31:33, 1043000000, 1044000000, 1000000.00, 1, -24.53, -24.53
2026-06-28, 17:31:33, 1044000000, 1045000000, 1000000.00, 1, -24.56, -24.56
2026-06-28, 17:31:33, 1045000000, 1046000000, 1000000.00, 1, -24.70, -24.70
2026-06-28, 17:31:33, 1046000000, 1047000000, 1000000.00, 1, -24.69, -24.69
2026-06-28, 17:31:33, 1047000000, 1048000000, 1000000.00, 1, -24.60, -24.60
2026-06-28, 17:31:33, 1048000000, 1049000000, 1000000.00, 1, -24.56, -24.56
2026-06-28, 17:31:33, 1049000000, 1050000000, 1000000.00, 1, -24.61, -24.61
2026-06-28, 17:31:33, 1050000000, 1051000000, 1000000.00, 1, -24.54, -24.54
2026-06-28, 17:31:33, 1051000000, 1052000000, 1000000.00, 1, -24.58, -24.58
2026-06-28, 17:31:33, 1052000000, 1053000000, 1000000.00, 1, -24.68, -24.68
2026-06-28, 17:31:33, 1053000000, 1054000000, 1000000.00, 1, -24.69, -24.69
2026-06-28, 17:31:33, 1054000000, 1055000000, 1000000.00, 1, -24.68, -24.68
2026-06-28, 17:31:33, 1055000000, 1056000000, 1000000.00, 1, -24.59, -24.59
2026-06-28, 17:31:33, 1056000000, 1057000000, 1000000.00, 1, -24.55, -24.55
2026-06-28, 17:31:33, 1057000000, 1058000000, 1000000.00, 1, -24.50, -24.50
2026-06-28, 17:31:33, 1058000000, 1059000000, 1000000.00, 1, -24.66, -24.66
2026-06-28, 17:31:33, 1059000000, 1060000000, 1000000.00, 1, -24.69, -24.69
2026-06-28, 17:31:33, 1060000000, 1061000000, 1000000.00, 1, -24.60, -24.60
2026-06-28, 17:31:33, 1061000000, 1062000000, 1000000.00, 1, -24.56, -24.56
2026-06-28, 17:31:33, 1062000000, 1063000000, 1000000.00, 1, -24.58, -24.58
2026-06-28, 17:31:33, 1063000000, 1064000000, 1000000.00, 1, -24.58, -24.58
2026-06-28, 17:31:33, 1064000000, 1065000000, 1000000.00, 1, -24.65, -24.65
2026-06-28, 17:31:33, 1065000000, 1066000000, 1000000.00, 1, -24.63, -24.63
2026-06-28, 17:31:33, 1066000000, 1067000000, 1000000.00, 1, -24.61, -24.61
2026-06-28, 17:31:33, 1067000000, 1068000000, 1000000.00, 1, -24.56, -24.56
2026-06-28, 17:31:33, 1068000000, 1069000000, 1000000.00, 1, -24.53, -24.53
2026-06-28, 17:31:33, 1069000000, 1070000000, 1000000.00, 1, -24.57, -24.57
2026-06-28, 17:31:33, 1070000000, 1071000000, 1000000.00, 1, -24.53, -24.53
2026-06-28, 17:31:33, 1071000000, 1072000000, 1000000.00, 1, -24.72, -24.72
2026-06-28, 17:31:33, 1072000000, 1073000000, 1000000.00, 1, -24.64, -24.64
2026-06-28, 17:31:33, 1073000000, 1074000000, 1000000.00, 1, -24.58, -24.58
2026-06-28, 17:31:33, 1074000000, 1075000000, 1000000.00, 1, -24.57, -24.57
2026-06-28, 17:31:33, 1075000000, 1076000000, 1000000.00, 1, -24.58, -24.58
2026-06-28, 17:31:33, 1076000000, 1077000000, 1000000.00, 1, -24.52, -24.52
2026-06-28, 17:31:33, 1077000000, 1078000000, 1000000.00, 1, -24.65, -24.65
2026-06-28, 17:31:33, 1078000000, 1079000000, 1000000.00, 1, -24.63, -24.63
2026-06-28, 17:31:33, 1079000000, 1080000000, 1000000.00, 1, -24.62, -24.62
2026-06-28, 17:31:33, 1080000000, 1081000000, 1000000.00, 1, -24.60, -24.60
2026-06-28, 17:31:33, 1081000000, 1082000000, 1000000.00, 1, -24.51, -24.51
2026-06-28, 17:31:33, 1082000000, 1083000000, 1000000.00, 1, -24.56, -24.56
2026-06-28, 17:31:33, 1083000000, 1084000000, 1000000.00, 1, -24.64, -24.64
2026-06-28, 17:31:33, 1084000000, 1085000000, 1000000.00, 1, -24.66, -24.66
2026-06-28, 17:31:33, 1085000000, 1086000000, 1000000.00, 1, -24.58, -24.58
2026-06-28, 17:31:33, 1086000000, 1087000000, 1000000.00, 1, -24.55, -24.55
2026-06-28, 17:31:33, 1087000000, 1088000000, 1000000.00, 1, -24.57, -24.57
2026-06-28, 17:31:33, 1088000000, 1089000000, 1000000.00, 1, -24.52, -24.52
2026-06-28, 17:31:33, 1089000000, 1090000000, 1000000.00, 1, -24.52, -24.52
2026-06-28, 17:31:33, 1090000000, 1091000000, 1000000.00, 1, -24.71, -24.71
2026-06-28, 17:31:33, 1091000000, 1092000000, 1000000.00, 1, -24.68, -24.68
2026-06-28, 17:31:33, 1092000000, 1093000000, 1000000.00, 1, -24.66, -24.66
2026-06-28, 17:31:33, 1093000000, 1094000000, 1000000.00, 1, -24.61, -24.61
2026-06-28, 17:31:33, 1094000000, 1095000000, 1000000.00, 1, -24.57, -24.57
2026-06-28, 17:31:33, 1095000000, 1096000000, 1000000.00, 1, -24.56, -24.56
2026-06-28, 17:31:33, 1096000000, 1097000000, 1000000.00, 1, -24.72, -24.72
2026-06-28, 17:31:33, 1097000000, 1098000000, 1000000.00, 1, -24.69, -24.69
2026-06-28, 17:31:33, 1098000000, 1099000000, 1000000.00, 1, -24.58, -24.58
2026-06-28, 17:31:33, 1099000000, 1100000000, 1000000.00, 1, -24.56, -24.56
2026-06-28, 17:31:33, 1100000000, 1101000000, 1000000.00, 1, -24.62, -24.62
2026-06-28, 17:31:33, 1101000000, 1102000000, 1000000.00, 1, -24.50, -24.50
2026-06-28, 17:31:33, 1102000000, 1103000000, 1000000.00, 1, -24.72, -24.72
2026-06-28, 17:31:33, 1103000000, 1104000000, 1000000.00, 1, -24.65, -24.65
2026-06-28, 17:31:33, 1104000000, 1105000000, 1000000.00, 1, -24.65, -24.65
2026-06-28, 17:31:33, 1105000000, 1106000000, 1000000.00, 1, -24.61, -24.61
2026-06-28, 17:31:33, 1106000000, 1107000000, 1000000.00, 1, -24.56, -24.56
2026-06-28, 17:31:33, 1107000000, 1108000000, 1000000.00, 1, -24.52, -24.52
2026-06-28, 17:31:33, 1108000000, 1109000000, 1000000.00, 1, -24.53, -24.53
2026-06-28, 17:31:33, 1109000000, 1110000000, 1000000.00, 1, -24.63, -24.63
2026-06-28, 17:31:33, 1110000000, 1111000000, 1000000.00, 1, -24.62, -24.62
2026-06-28, 17:31:33, 1111000000, 1112000000, 1000000.00, 1, -24.63, -24.63
2026-06-28, 17:31:33, 1112000000, 1113000000, 1000000.00, 1, -24.56, -24.56
2026-06-28, 17:31:33, 1113000000, 1114000000, 1000000.00, 1, -24.56, -24.56
2026-06-28, 17:31:33, 1114000000, 1115000000, 1000000.00, 1, -24.49, -24.49
2026-06-28, 17:31:33, 1115000000, 1116000000, 1000000.00, 1, -24.66, -24.66
2026-06-28, 17:31:33, 1116000000, 1117000000, 1000000.00, 1, -24.60, -24.60
2026-06-28, 17:31:33, 1117000000, 1118000000, 1000000.00, 1, -24.65, -24.65
2026-06-28, 17:31:33, 1118000000, 1119000000, 1000000.00, 1, -24.61, -24.61
2026-06-28, 17:31:33, 1119000000, 1120000000, 1000000.00, 1, -24.60, -24.60
2026-06-28, 17:31:33, 1120000000, 1121000000, 1000000.00, 1, -24.57, -24.57
2026-06-28, 17:31:33, 1121000000, 1122000000, 1000000.00, 1, -24.68, -24.68
2026-06-28, 17:31:33, 1122000000, 1123000000, 1000000.00, 1, -24.68, -24.68
2026-06-28, 17:31:33, 1123000000, 1124000000, 1000000.00, 1, -24.59, -24.59
2026-06-28, 17:31:33, 1124000000, 1125000000, 1000000.00, 1, -24.64, -24.64
2026-06-28, 17:31:33, 1125000000, 1126000000, 1000000.00, 1, -24.60, -24.60
2026-06-28, 17:31:33, 1126000000, 1127000000, 1000000.00, 1, -24.55, -24.55
2026-06-28, 17:31:33, 1127000000, 1128000000, 1000000.00, 1, -24.53, -24.53
2026-06-28, 17:31:33, 1128000000, 1129000000, 1000000.00, 1, -24.63, -24.63
2026-06-28, 17:31:33, 1129000000, 1130000000, 1000000.00, 1, -24.60, -24.60
2026-06-28, 17:31:33, 1130000000, 1131000000, 1000000.00, 1, -24.61, -24.61
2026-06-28, 17:31:33, 1131000000, 1132000000, 1000000.00, 1, -24.59, -24.59
2026-06-28, 17:31:33, 1132000000, 1133000000, 1000000.00, 1, -24.55, -24.55
2026-06-28, 17:31:33, 1133000000, 1134000000, 1000000.00, 1, -24.49, -24.49
2026-06-28, 17:31:33, 1134000000, 1135000000, 1000000.00, 1, -24.63, -24.63
2026-06-28, 17:31:33, 1135000000, 1136000000, 1000000.00, 1, -24.66, -24.66
2026-06-28, 17:31:33, 1136000000, 1137000000, 1000000.00, 1, -24.67, -24.67
2026-06-28, 17:31:33, 1137000000, 1138000000, 1000000.00, 1, -24.56, -24.56
2026-06-28, 17:31:33, 1138000000, 1139000000, 1000000.00, 1, -24.58, -24.58
2026-06-28, 17:31:33, 1139000000, 1140000000, 1000000.00, 1, -24.56, -24.56
2026-06-28, 17:31:33, 1140000000, 1141000000, 1000000.00, 1, -24.51, -24.51
2026-06-28, 17:31:33, 1141000000, 1142000000, 1000000.00, 1, -24.72, -24.72
2026-06-28, 17:31:33, 1142000000, 1143000000, 1000000.00, 1, -24.61, -24.61
2026-06-28, 17:31:33, 1143000000, 1144000000, 1000000.00, 1, -24.61, -24.61
2026-06-28, 17:31:33, 1144000000, 1145000000, 1000000.00, 1, -24.59, -24.59
2026-06-28, 17:31:33, 1145000000, 1146000000, 1000000.00, 1, -24.54, -24.54
2026-06-28, 17:31:33, 1146000000, 1147000000, 1000000.00, 1, -24.54, -24.54
2026-06-28, 17:31:33, 1147000000, 1148000000, 1000000.00, 1, -24.62, -24.62
2026-06-28, 17:31:33, 1148000000, 1149000000, 1000000.00, 1, -24.65, -24.65
2026-06-28, 17:31:33, 1149000000, 1150000000, 1000000.00, 1, -24.60, -24.60
2026-06-28, 17:31:33, 1150000000, 1151000000, 1000000.00, 1, -24.63, -24.63
2026-06-28, 17:31:33, 1151000000, 1152000000, 1000000.00, 1, -24.56, -24.56
2026-06-28, 17:31:33, 1152000000, 1153000000, 1000000.00, 1, -24.53, -24.53
2026-06-28, 17:31:33, 1153000000, 1154000000, 1000000.00, 1, -24.67, -24.67
2026-06-28, 17:31:33, 1154000000, 1155000000, 1000000.00, 1, -24.66, -24.66
2026-06-28, 17:31:33, 1155000000, 1156000000, 1000000.00, 1, -24.63, -24.63
2026-06-28, 17:31:33, 1156000000, 1157000000, 1000000.00, 1, -24.56, -24.56
2026-06-28, 17:31:33, 1157000000, 1158000000, 1000000.00, 1, -24.58, -24.58
2026-06-28, 17:31:33, 1158000000, 1159000000, 1000000.00, 1, -24.55, -24.55
2026-06-28, 17:31:33, 1159000000, 1160000000, 1000000.00, 1, -24.51, -24.51
2026-06-28, 17:31:33, 1160000000, 1161000000, 1000000.00, 1, -24.68, -24.68
2026-06-28, 17:31:33, 1161000000, 1162000000, 1000000.00, 1, -24.61, -24.61
2026-06-28, 17:31:33, 1162000000, 1163000000, 1000000.00, 1, -24.64, -24.64
2026-06-28, 17:31:33, 1163000000, 1164000000, 1000000.00, 1, -24.59, -24.59
2026-06-28, 17:31:33, 1164000000, 1165000000, 1000000.00, 1, -24.55, -24.55
2026-06-28, 17:31:33, 1165000000, 1166000000, 1000000.00, 1, -24.55, -24.55
2026-06-28, 17:31:33, 1166000000, 1167000000, 1000000.00, 1, -24.66, -24.66
2026-06-28, 17:31:33, 1167000000, 1168000000, 1000000.00, 1, -24.67, -24.67
2026-06-28, 17:31:33, 1168000000, 1169000000, 1000000.00, 1, -24.60, -24.60
2026-06-28, 17:31:33, 1169000000, 1170000000, 1000000.00, 1, -24.57, -24.57
2026-06-28, 17:31:33, 1170000000, 1171000000, 1000000.00, 1, -24.58, -24.58
2026-06-28, 17:31:33, 1171000000, 1172000000, 1000000.00, 1, -24.50, -24.50
2026-06-28, 17:31:33, 1172000000, 1173000000, 1000000.00, 1, -24.72, -24.72
2026-06-28, 17:31:33, 1173000000, 1174000000, 1000000.00, 1, -24.62, -24.62
2026-06-28, 17:31:33, 1174000000, 1175000000, 1000000.00, 1, -24.61, -24.61
2026-06-28, 17:31:33, 1175000000, 1176000000, 1000000.00, 1, -24.63, -24.63
2026-06-28, 17:31:33, 1176000000, 1177000000, 1000000.00, 1, -24.56, -24.56
2026-06-28, 17:31:33, 1177000000, 1178000000, 1000000.00, 1, -24.49, -24.49
2026-06-28, 17:31:33, 1178000000, 1179000000, 1000000.00, 1, -24.51, -24.51
2026-06-28, 17:31:33, 1179000000, 1180000000, 1000000.00, 1, -24.66, -24.66
2026-06-28, 17:31:33, 1180000000, 1181000000, 1000000.00, 1, -24.58, -24.58
2026-06-28, 17:31:33, 1181000000, 1182000000, 1000000.00, 1, -24.63, -24.63
2026-06-28, 17:31:33, 1182000000, 1183000000, 1000000.00, 1, -24.58, -24.58
2026-06-28, 17:31:33, 1183000000, 1184000000, 1000000.00, 1, -24.56, -24.56
2026-06-28, 17:31:33, 1184000000, 1185000000, 1000000.00, 1, -24.56, -24.56
2026-06-28, 17:31:33, 1185000000, 1186000000, 1000000.00, 1, -24.65, -24.65
2026-06-28, 17:31:33, 1186000000, 1187000000, 1000000.00, 1, -24.66, -24.66
2026-06-28, 17:31:33, 1187000000, 1188000000, 1000000.00, 1, -24.64, -24.64
2026-06-28, 17:31:33, 1188000000, 1189000000, 1000000.00, 1, -24.55, -24.55
2026-06-28, 17:31:33, 1189000000, 1190000000, 1000000.00, 1, -24.57, -24.57
2026-06-28, 17:31:33, 1190000000, 1191000000, 1000000.00, 1, -24.54, -24.54
2026-06-28, 17:31:33, 1191000000, 1192000000, 1000000.00, 1, -24.71, -24.71
2026-06-28, 17:31:33, 1192000000, 1193000000, 1000000.00, 1, -24.63, -24.63
2026-06-28, 17:31:33, 1193000000, 1194000000, 1000000.00, 1, -24.65, -24.65
2026-06-28, 17:31:33, 1194000000, 1195000000, 1000000.00, 1, -24.59, -24.59
2026-06-28, 17:31:33, 1195000000, 1196000000, 1000000.00, 1, -24.57, -24.57
2026-06-28, 17:31:33, 1196000000, 1197000000, 1000000.00, 1, -24.57, -24.57
2026-06-28, 17:31:33, 1197000000, 1198000000, 1000000.00, 1, -24.47, -24.47
2026-06-28, 17:31:33, 1198000000, 1199000000, 1000000.00, 1, -24.57, -24.57
2026-06-28, 17:31:33, 1199000000, 1200000000, 1000000.00, 1, -24.58, -24.58
2026-06-28, 17:31:33, 1200000000, 1201000000, 1000000.00, 1, -24.63, -24.63
2026-06-28, 17:31:33, 1201000000, 1202000000, 1000000.00, 1, -24.61, -24.61
2026-06-28, 17:31:33, 1202000000, 1203000000, 1000000.00, 1, -24.64, -24.64
2026-06-28, 17:31:33, 1203000000, 1204000000, 1000000.00, 1, -24.48, -24.48
2026-06-28, 17:31:33, 1204000000, 1205000000, 1000000.00, 1, -24.72, -24.72
2026-06-28, 17:31:33, 1205000000, 1206000000, 1000000.00, 1, -24.70, -24.70
2026-06-28, 17:31:33, 1206000000, 1207000000, 1000000.00, 1, -24.59, -24.59
2026-06-28, 17:31:33, 1207000000, 1208000000, 1000000.00, 1, -24.63, -24.63
2026-06-28, 17:31:33, 1208000000, 1209000000, 1000000.00, 1, -24.58, -24.58
2026-06-28, 17:31:33, 1209000000, 1210000000, 1000000.00, 1, -24.54, -24.54
2026-06-28, 17:31:33, 1210000000, 1211000000, 1000000.00, 1, -24.67, -24.67
2026-06-28, 17:31:33, 1211000000, 1212000000, 1000000.00, 1, -24.69, -24.69
2026-06-28, 17:31:33, 1212000000, 1213000000, 1000000.00, 1, -24.65, -24.65
2026-06-28, 17:31:33, 1213000000, 1214000000, 1000000.00, 1, -24.62, -24.62
2026-06-28, 17:31:33, 1214000000, 1215000000, 1000000.00, 1, -24.53, -24.53
2026-06-28, 17:31:44, 960000000, 961000000, 1000000.00, 1, -24.54, -24.54
2026-06-28, 17:31:44, 961000000, 962000000, 1000000.00, 1, -24.55, -24.55
2026-06-28, 17:31:44, 962000000, 963000000, 1000000.00, 1, -24.68, -24.68
2026-06-28, 17:31:44, 963000000, 964000000, 1000000.00, 1, -24.67, -24.67
2026-06-28, 17:31:44, 964000000, 965000000, 1000000.00, 1, -24.66, -24.66
2026-06-28, 17:31:44, 965000000, 966000000, 1000000.00, 1, -24.59, -24.59
2026-06-28, 17:31:44, 966000000, 967000000, 1000000.00, 1, -24.51, -24.51
2026-06-28, 17:31:44, 967000000, 968000000, 1000000.00, 1, -24.52, -24.52
2026-06-28, 17:31:44, 968000000, 969000000, 1000000.00, 1, -24.69, -24.69
2026-06-28, 17:31:44, 969000000, 970000000, 1000000.00, 1, -24.69, -24.69
2026-06-28, 17:31:44, 970000000, 971000000, 1000000.00, 1, -24.61, -24.61
2026-06-28, 17:31:44, 971000000, 972000000, 1000000.00, 1, -24.61, -24.61
2026-06-28, 17:31:44, 972000000, 973000000, 1000000.00, 1, -24.56, -24.56
2026-06-28, 17:31:44, 973000000, 974000000, 1000000.00, 1, -24.52, -24.52
2026-06-28, 17:31:44, 974000000, 975000000, 1000000.00, 1, -24.65, -24.65
2026-06-28, 17:31:44, 975000000, 976000000, 1000000.00, 1, -24.67, -24.67
2026-06-28, 17:31:44, 976000000, 977000000, 1000000.00, 1, -24.60, -24.60
2026-06-28, 17:31:44, 977000000, 978000000, 1000000.00, 1, -24.58, -24.58
2026-06-28, 17:31:44, 978000000, 979000000, 1000000.00, 1, -24.57, -24.57
2026-06-28, 17:31:44, 979000000, 980000000, 1000000.00, 1, -24.57, -24.57
2026-06-28, 17:31:44, 980000000, 981000000, 1000000.00, 1, -24.54, -24.54
2026-06-28, 17:31:44, 981000000, 982000000, 1000000.00, 1, -24.65, -24.65
2026-06-28, 17:31:44, 982000000, 983000000, 1000000.00, 1, -24.65, -24.65
2026-06-28, 17:31:44, 983000000, 984000000, 1000000.00, 1, -24.61, -24.61
2026-06-28, 17:31:44, 984000000, 985000000, 1000000.00, 1, -24.57, -24.57
2026-06-28, 17:31:44, 985000000, 986000000, 1000000.00, 1, -24.54, -24.54
2026-06-28, 17:31:44, 986000000, 987000000, 1000000.00, 1, -24.48, -24.48
2026-06-28, 17:31:44, 987000000, 988000000, 1000000.00, 1, -24.74, -24.74
2026-06-28, 17:31:44, 988000000, 989000000, 1000000.00, 1, -24.65, -24.65
2026-06-28, 17:31:44, 989000000, 990000000, 1000000.00, 1, -24.66, -24.66
2026-06-28, 17:31:44, 990000000, 991000000, 1000000.00, 1, -24.57, -24.57
2026-06-28, 17:31:44, 991000000, 992000000, 1000000.00, 1, -24.56, -24.56
2026-06-28, 17:31:44, 992000000, 993000000, 1000000.00, 1, -24.55, -24.55
2026-06-28, 17:31:44, 993000000, 994000000, 1000000.00, 1, -24.60, -24.60
2026-06-28, 17:31:44, 994000000, 995000000, 1000000.00, 1, -24.62, -24.62
2026-06-28, 17:31:44, 995000000, 996000000, 1000000.00, 1, -24.67, -24.67
2026-06-28, 17:31:44, 996000000, 997000000, 1000000.00, 1, -24.65, -24.65
2026-06-28, 17:31:44, 997000000, 998000000, 1000000.00, 1, -24.58, -24.58
2026-06-28, 17:31:44, 998000000, 999000000, 1000000.00, 1, -24.48, -24.48
2026-06-28, 17:31:44, 999000000, 1000000000, 1000000.00, 1, -24.54, -24.54
2026-06-28, 17:31:44, 1000000000, 1001000000, 1000000.00, 1, -24.66, -24.66
2026-06-28, 17:31:44, 1001000000, 1002000000, 1000000.00, 1, -24.65, -24.65
2026-06-28, 17:31:44, 1002000000, 1003000000, 1000000.00, 1, -24.61, -24.61
2026-06-28, 17:31:44, 1003000000, 1004000000, 1000000.00, 1, -24.60, -24.60
2026-06-28, 17:31:44, 1004000000, 1005000000, 1000000.00, 1, -24.55, -24.55
2026-06-28, 17:31:44, 1005000000, 1006000000, 1000000.00, 1, -24.53, -24.53
2026-06-28, 17:31:44, 1006000000, 1007000000, 1000000.00, 1, -24.72, -24.72
2026-06-28, 17:31:44, 1007000000, 1008000000, 1000000.00, 1, -24.61, -24.61
2026-06-28, 17:31:44, 1008000000, 1009000000, 1000000.00, 1, -24.63, -24.63
2026-06-28, 17:31:44, 1009000000, 1010000000, 1000000.00, 1, -24.61, -24.61
2026-06-28, 17:31:44, 1010000000, 1011000000, 1000000.00, 1, -24.56, -24.56
2026-06-28, 17:31:44, 1011000000, 1012000000, 1000000.00, 1, -24.51, -24.51
2026-06-28, 17:31:44, 1012000000, 1013000000, 1000000.00, 1, -24.52, -24.52
2026-06-28, 17:31:44, 1013000000, 1014000000, 1000000.00, 1, -24.69, -24.69
2026-06-28, 17:31:44, 1014000000, 1015000000, 1000000.00, 1, -24.65, -24.65
2026-06-28, 17:31:44, 1015000000, 1016000000, 1000000.00, 1, -24.65, -24.65
2026-06-28, 17:31:44, 1016000000, 1017000000, 1000000.00, 1, -24.60, -24.60
2026-06-28, 17:31:44, 1017000000, 1018000000, 1000000.00, 1, -24.57, -24.57
2026-06-28, 17:31:44, 1018000000, 1019000000, 1000000.00, 1, -24.51, -24.51
2026-06-28, 17:31:44, 1019000000, 1020000000, 1000000.00, 1, -24.64, -24.64
2026-06-28, 17:31:44, 1020000000, 1021000000, 1000000.00, 1, -24.65, -24.65
2026-06-28, 17:31:44, 1021000000, 1022000000, 1000000.00, 1, -24.59, -24.59
2026-06-28, 17:31:44, 1022000000, 1023000000, 1000000.00, 1, -24.61, -24.61
2026-06-28, 17:31:44, 1023000000, 1024000000, 1000000.00, 1, -24.53, -24.53
2026-06-28, 17:31:44, 1024000000, 1025000000, 1000000.00, 1, -24.55, -24.55
2026-06-28, 17:31:44, 1025000000, 1026000000, 1000000.00, 1, -24.70, -24.70
2026-06-28, 17:31:44, 1026000000, 1027000000, 1000000.00, 1, -24.70, -24.70
2026-06-28, 17:31:44, 1027000000, 1028000000, 1000000.00, 1, -24.58, -24.58
2026-06-28, 17:31:44, 1028000000, 1029000000, 1000000.00, 1, -24.62, -24.62
2026-06-28, 17:31:44, 1029000000, 1030000000, 1000000.00, 1, -24.59, -24.59
2026-06-28, 17:31:44, 1030000000, 1031000000, 1000000.00, 1, -24.55, -24.55
2026-06-28, 17:31:44, 1031000000, 1032000000, 1000000.00, 1, -24.53, -24.53
2026-06-28, 17:31:44, 1032000000, 1033000000, 1000000.00, 1, -24.65, -24.65
2026-06-28, 17:31:44, 1033000000, 1034000000, 1000000.00, 1, -24.60, -24.60
2026-06-28, 17:31:44, 1034000000, 1035000000, 1000000.00, 1, -24.57, -24.57
2026-06-28, 17:31:44, 1035000000, 1036000000, 1000000.00, 1, -24.59, -24.59
2026-06-28, 17:31:44, 1036000000, 1037000000, 1000000.00, 1, -24.55, -24.55
2026-06-28, 17:31:44, 1037000000, 1038000000, 1000000.00, 1, -24.51, -24.51
2026-06-28, 17:31:44, 1038000000, 1039000000, 1000000.00, 1, -24.67, -24.67
2026-06-28, 17:31:44, 1039000000, 1040000000, 1000000.00, 1, -24.65, -24.65
2026-06-28, 17:31:44, 1040000000, 1041000000, 1000000.00, 1, -24.60, -24.60
2026-06-28, 17:31:44, 1041000000, 1042000000, 1000000.00, 1, -24.58, -24.58
2026-06-28, 17:31:44, 1042000000, 1043000000, 1000000.00, 1, -24.56, -24.56
2026-06-28, 17:31:44, 1043000000, 1044000000, 1000000.00, 1, -24.51, -24.51
2026-06-28, 17:31:44, 1044000000, 1045000000, 1000000.00, 1, -24.65, -24.65
2026-06-28, 17:31:44, 1045000000, 1046000000, 1000000.00, 1, -24.65, -24.65
2026-06-28, 17:31:44, 1046000000, 1047000000, 1000000.00, 1, -24.69, -24.69
2026-06-28, 17:31:44, 1047000000, 1048000000, 1000000.00, 1, -24.57, -24.57
2026-06-28, 17:31:44, 1048000000, 1049000000, 1000000.00, 1, -24.60, -24.60
2026-06-28, 17:31:44, 1049000000, 1050000000, 1000000.00, 1, -24.60, -24.60
2026-06-28, 17:31:44, 1050000000, 1051000000, 1000000.00, 1, -24.45, -24.45
2026-06-28, 17:31:44, 1051000000, 1052000000, 1000000.00, 1, -24.69, -24.69
2026-06-28, 17:31:44, 1052000000, 1053000000, 1000000.00, 1, -24.63, -24.63
2026-06-28, 17:31:44, 1053000000, 1054000000, 1000000.00, 1, -24.61, -24.61
2026-06-28, 17:31:44, 1054000000, 1055000000, 1000000.00, 1, -24.59, -24.59
2026-06-28, 17:31:44, 1055000000, 1056000000, 1000000.00, 1, -24.58, -24.58
2026-06-28, 17:31:44, 1056000000, 1057000000, 1000000.00, 1, -24.50, -24.50
2026-06-28, 17:31:44, 1057000000, 1058000000, 1000000.00, 1, -24.67, -24.67
2026-06-28, 17:31:44, 1058000000, 1059000000, 1000000.00, 1, -24.62, -24.62
2026-06-28, 17:31:44, 1059000000, 1060000000, 1000000.00, 1, -24.59, -24.59
2026-06-28, 17:31:44, 1060000000, 1061000000, 1000000.00, 1, -24.60, -24.60
2026-06-28, 17:31:44, 1061000000, 1062000000, 1000000.00, 1, -24.54, -24.54
2026-06-28, 17:31:44, 1062000000, 1063000000, 1000000.00, 1, -24.54, -24.54
2026-06-28, 17:31:44, 1063000000, 1064000000, 1000000.00, 1, -24.61, -24.61
2026-06-28, 17:31:44, 1064000000, 1065000000, 1000000.00, 1, -24.70, -24.70
2026-06-28, 17:31:44, 1065000000, 1066000000, 1000000.00, 1, -24.63, -24.63
2026-06-28, 17:31:44, 1066000000, 1067000000, 1000000.00, 1, -24.62, -24.62
2026-06-28, 17:31:44, 1067000000, 1068000000, 1000000.00, 1, -24.56, -24.56
2026-06-28, 17:31:44, 1068000000, 1069000000, 1000000.00, 1, -24.54, -24.54
2026-06-28, 17:31:44, 1069000000, 1070000000, 1000000.00, 1, -24.49, -24.49
2026-06-28, 17:31:44, 1070000000, 1071000000, 1000000.00, 1, -24.64, -24.64
2026-06-28, 17:31:44, 1071000000, 1072000000, 1000000.00, 1, -24.63, -24.63
2026-06-28, 17:31:44, 1072000000, 1073000000, 1000000.00, 1, -24.58, -24.58
2026-06-28, 17:31:44, 1073000000, 1074000000, 1000000.00, 1, -24.58, -24.58
2026-06-28, 17:31:44, 1074000000, 1075000000, 1000000.00, 1, -24.57, -24.57
2026-06-28, 17:31:44, 1075000000, 1076000000, 1000000.00, 1, -24.49, -24.49
2026-06-28, 17:31:44, 1076000000, 1077000000, 1000000.00, 1, -24.71, -24.71
2026-06-28, 17:31:44, 1077000000, 1078000000, 1000000.00, 1, -24.66, -24.66
2026-06-28, 17:31:44, 1078000000, 1079000000, 1000000.00, 1, -24.60, -24.60
2026-06-28, 17:31:44, 1079000000, 1080000000, 1000000.00, 1, -24.65, -24.65
2026-06-28, 17:31:44, 1080000000, 1081000000, 1000000.00, 1, -24.57, -24.57
2026-06-28, 17:31:44, 1081000000, 1082000000, 1000000.00, 1, -24.52, -24.52
2026-06-28, 17:31:44, 1082000000, 1083000000, 1000000.00, 1, -24.60, -24.60
2026-06-28, 17:31:44, 1083000000, 1084000000, 1000000.00, 1, -24.65, -24.65
2026-06-28, 17:31:44, 1084000000, 1085000000, 1000000.00, 1, -24.69, -24.69
2026-06-28, 17:31:44, 1085000000, 1086000000, 1000000.00, 1, -24.54, -24.54
2026-06-28, 17:31:44, 1086000000, 1087000000, 1000000.00, 1, -24.55, -24.55
2026-06-28, 17:31:44, 1087000000, 1088000000, 1000000.00, 1, -24.54, -24.54
2026-06-28, 17:31:44, 1088000000, 1089000000, 1000000.00, 1, -24.52, -24.52
2026-06-28, 17:31:44, 1089000000, 1090000000, 1000000.00, 1, -24.69, -24.69
2026-06-28, 17:31:44, 1090000000, 1091000000, 1000000.00, 1, -24.02, -24.02
2026-06-28, 17:31:44, 1091000000, 1092000000, 1000000.00, 1, -24.60, -24.60
2026-06-28, 17:31:44, 1092000000, 1093000000, 1000000.00, 1, -24.52, -24.52
2026-06-28, 17:31:44, 1093000000, 1094000000, 1000000.00, 1, -24.51, -24.51
2026-06-28, 17:31:44, 1094000000, 1095000000, 1000000.00, 1, -24.56, -24.56
2026-06-28, 17:31:44, 1095000000, 1096000000, 1000000.00, 1, -24.71, -24.71
2026-06-28, 17:31:44, 1096000000, 1097000000, 1000000.00, 1, -24.64, -24.64
2026-06-28, 17:31:44, 1097000000, 1098000000, 1000000.00, 1, -24.67, -24.67
2026-06-28, 17:31:44, 1098000000, 1099000000, 1000000.00, 1, -24.67, -24.67
2026-06-28, 17:31:44, 1099000000, 1100000000, 1000000.00, 1, -24.59, -24.59
2026-06-28, 17:31:44, 1100000000, 1101000000, 1000000.00, 1, -24.53, -24.53
2026-06-28, 17:31:44, 1101000000, 1102000000, 1000000.00, 1, -24.50, -24.50
2026-06-28, 17:31:44, 1102000000, 1103000000, 1000000.00, 1, -24.68, -24.68
2026-06-28, 17:31:44, 1103000000, 1104000000, 1000000.00, 1, -24.64, -24.64
2026-06-28, 17:31:44, 1104000000, 1105000000, 1000000.00, 1, -24.54, -24.54
2026-06-28, 17:31:44, 1105000000, 1106000000, 1000000.00, 1, -24.64, -24.64
2026-06-28, 17:31:44, 1106000000, 1107000000, 1000000.00, 1, -24.53, -24.53
2026-06-28, 17:31:44, 1107000000, 1108000000, 1000000.00, 1, -24.49, -24.49
2026-06-28, 17:31:44, 1108000000, 1109000000, 1000000.00, 1, -24.66, -24.66
2026-06-28, 17:31:44, 1109000000, 1110000000, 1000000.00, 1, -24.61, -24.61
2026-06-28, 17:31:44, 1110000000, 1111000000, 1000000.00, 1, -24.62, -24.62
2026-06-28, 17:31:44, 1111000000, 1112000000, 1000000.00, 1, -24.55, -24.55
2026-06-28, 17:31:44, 1112000000, 1113000000, 1000000.00, 1, -24.54, -24.54
2026-06-28, 17:31:44, 1113000000, 1114000000, 1000000.00, 1, -24.53, -24.53
2026-06-28, 17:31:44, 1114000000, 1115000000, 1000000.00, 1, -24.71, -24.71
2026-06-28, 17:31:44, 1115000000, 1116000000, 1000000.00, 1, -24.67, -24.67
2026-06-28, 17:31:44, 1116000000, 1117000000, 1000000.00, 1, -24.64, -24.64
2026-06-28, 17:31:44, 1117000000, 1118000000, 1000000.00, 1, -24.59, -24.59
2026-06-28, 17:31:44, 1118000000, 1119000000, 1000000.00, 1, -24.58, -24.58
2026-06-28, 17:31:44, 1119000000, 1120000000, 1000000.00, 1, -24.56, -24.56
2026-06-28, 17:31:44, 1120000000, 1121000000, 1000000.00, 1, -24.52, -24.52
2026-06-28, 17:31:44, 1121000000, 1122000000, 1000000.00, 1, -24.70, -24.70
2026-06-28, 17:31:44, 1122000000, 1123000000, 1000000.00, 1, -24.69, -24.69
2026-06-28, 17:31:44, 1123000000, 1124000000, 1000000.00, 1, -24.62, -24.62
2026-06-28, 17:31:44, 1124000000, 1125000000, 1000000.00, 1, -24.57, -24.57
2026-06-28, 17:31:44, 1125000000, 1126000000, 1000000.00, 1, -24.53, -24.53
2026-06-28, 17:31:44, 1126000000, 1127000000, 1000000.00, 1, -24.55, -24.55
2026-06-28, 17:31:44, 1127000000, 1128000000, 1000000.00, 1, -24.74, -24.74
2026-06-28, 17:31:44, 1128000000, 1129000000, 1000000.00, 1, -24.64, -24.64
2026-06-28, 17:31:44, 1129000000, 1130000000, 1000000.00, 1, -24.61, -24.61
2026-06-28, 17:31:44, 1130000000, 1131000000, 1000000.00, 1, -24.61, -24.61
2026-06-28, 17:31:44, 1131000000, 1132000000, 1000000.00, 1, -24.57, -24.57
2026-06-28, 17:31:44, 1132000000, 1133000000, 1000000.00, 1, -24.53, -24.53
2026-06-28, 17:31:44, 1133000000, 1134000000, 1000000.00, 1, -24.63, -24.63
2026-06-28, 17:31:44, 1134000000, 1135000000, 1000000.00, 1, -24.64, -24.64
2026-06-28, 17:31:44, 1135000000, 1136000000, 1000000.00, 1, -24.61, -24.61
2026-06-28, 17:31:44, 1136000000, 1137000000, 1000000.00, 1, -24.64, -24.64
2026-06-28, 17:31:44, 1137000000, 1138000000, 1000000.00, 1, -24.52, -24.52
2026-06-28, 17:31:44, 1138000000, 1139000000, 1000000.00, 1, -24.52, -24.52
2026-06-28, 17:31:44, 1139000000, 1140000000, 1000000.00, 1, -24.55, -24.55
2026-06-28, 17:31:44, 1140000000, 1141000000, 1000000.00, 1, -24.69, -24.69
2026-06-28, 17:31:44, 1141000000, 1142000000, 1000000.00, 1, -24.67, -24.67
2026-06-28, 17:31:44, 1142000000, 1143000000, 1000000.00, 1, -24.58, -24.58
2026-06-28, 17:31:44, 1143000000, 1144000000, 1000000.00, 1, -24.59, -24.59
2026-06-28, 17:31:44, 1144000000, 1145000000, 1000000.00, 1, -24.53, -24.53
2026-06-28, 17:31:44, 1145000000, 1146000000, 1000000.00, 1, -24.51, -24.51
2026-06-28, 17:31:44, 1146000000, 1147000000, 1000000.00, 1, -24.69, -24.69
2026-06-28, 17:31:44, 1147000000, 1148000000, 1000000.00, 1, -24.63, -24.63
2026-06-28, 17:31:44, 1148000000, 1149000000, 1000000.00, 1, -24.65, -24.65
2026-06-28, 17:31:44, 1149000000, 1150000000, 1000000.00, 1, -24.59, -24.59
2026-06-28, 17:31:44, 1150000000, 1151000000, 1000000.00, 1, -24.57, -24.57
2026-06-28, 17:31:44, 1151000000, 1152000000, 1000000.00, 1, -24.51, -24.51
2026-06-28, 17:31:44, 1152000000, 1153000000, 1000000.00, 1, -24.65, -24.65
2026-06-28, 17:31:44, 1153000000, 1154000000, 1000000.00, 1, -24.64, -24.64
2026-06-28, 17:31:44, 1154000000, 1155000000, 1000000.00, 1, -24.70, -24.70
2026-06-28, 17:31:44, 1155000000, 1156000000, 1000000.00, 1, -24.59, -24.59
2026-06-28, 17:31:44, 1156000000, 1157000000, 1000000.00, 1, -24.53, -24.53
2026-06-28, 17:31:44, 1157000000, 1158000000, 1000000.00, 1, -24.47, -24.47
2026-06-28, 17:31:44, 1158000000, 1159000000, 1000000.00, 1, -24.52, -24.52
2026-06-28, 17:31:44, 1159000000, 1160000000, 1000000.00, 1, -24.65, -24.65
2026-06-28, 17:31:44, 1160000000, 1161000000, 1000000.00, 1, -24.59, -24.59
2026-06-28, 17:31:44, 1161000000, 1162000000, 1000000.00, 1, -24.58, -24.58
2026-06-28, 17:31:44, 1162000000, 1163000000, 1000000.00, 1, -24.57, -24.57
2026-06-28, 17:31:44, 1163000000, 1164000000, 1000000.00, 1, -24.57, -24.57
2026-06-28, 17:31:44, 1164000000, 1165000000, 1000000.00, 1, -24.53, -24.53
2026-06-28, 17:31:44, 1165000000, 1166000000, 1000000.00, 1, -24.72, -24.72
2026-06-28, 17:31:44, 1166000000, 1167000000, 1000000.00, 1, -24.71, -24.71
2026-06-28, 17:31:44, 1167000000, 1168000000, 1000000.00, 1, -24.65, -24.65
2026-06-28, 17:31:44, 1168000000, 1169000000, 1000000.00, 1, -24.66, -24.66
2026-06-28, 17:31:44, 1169000000, 1170000000, 1000000.00, 1, -24.55, -24.55
2026-06-28, 17:31:44, 1170000000, 1171000000, 1000000.00, 1, -24.59, -24.59
2026-06-28, 17:31:44, 1171000000, 1172000000, 1000000.00, 1, -24.62, -24.62
2026-06-28, 17:31:44, 1172000000, 1173000000, 1000000.00, 1, -24.72, -24.72
2026-06-28, 17:31:44, 1173000000, 1174000000, 1000000.00, 1, -24.63, -24.63
2026-06-28, 17:31:44, 1174000000, 1175000000, 1000000.00, 1, -24.56, -24.56
2026-06-28, 17:31:44, 1175000000, 1176000000, 1000000.00, 1, -24.52, -24.52
2026-06-28, 17:31:44, 1176000000, 1177000000, 1000000.00, 1, -24.53, -24.53
2026-06-28, 17:31:44, 1177000000, 1178000000, 1000000.00, 1, -24.53, -24.53
2026-06-28, 17:31:44, 1178000000, 1179000000, 1000000.00, 1, -24.70, -24.70
2026-06-28, 17:31:44, 1179000000, 1180000000, 1000000.00, 1, -24.69, -24.69
2026-06-28, 17:31:44, 1180000000, 1181000000, 1000000.00, 1, -24.64, -24.64
2026-06-28, 17:31:44, 1181000000, 1182000000, 1000000.00, 1, -24.56, -24.56
2026-06-28, 17:31:44, 1182000000, 1183000000, 1000000.00, 1, -24.57, -24.57
2026-06-28, 17:31:44, 1183000000, 1184000000, 1000000.00, 1, -24.46, -24.46
2026-06-28, 17:31:44, 1184000000, 1185000000, 1000000.00, 1, -24.69, -24.69
2026-06-28, 17:31:44, 1185000000, 1186000000, 1000000.00, 1, -24.62, -24.62
2026-06-28, 17:31:44, 1186000000, 1187000000, 1000000.00, 1, -24.65, -24.65
2026-06-28, 17:31:44, 1187000000, 1188000000, 1000000.00, 1, -24.63, -24.63
2026-06-28, 17:31:44, 1188000000, 1189000000, 1000000.00, 1, -24.59, -24.59
2026-06-28, 17:31:44, 1189000000, 1190000000, 1000000.00, 1, -24.53, -24.53
2026-06-28, 17:31:44, 1190000000, 1191000000, 1000000.00, 1, -24.56, -24.56
2026-06-28, 17:31:44, 1191000000, 1192000000, 1000000.00, 1, -24.68, -24.68
2026-06-28, 17:31:44, 1192000000, 1193000000, 1000000.00, 1, -24.63, -24.63
2026-06-28, 17:31:44, 1193000000, 1194000000, 1000000.00, 1, -24.64, -24.64
2026-06-28, 17:31:44, 1194000000, 1195000000, 1000000.00, 1, -24.60, -24.60
2026-06-28, 17:31:44, 1195000000, 1196000000, 1000000.00, 1, -24.51, -24.51
2026-06-28, 17:31:44, 1196000000, 1197000000, 1000000.00, 1, -24.51, -24.51
2026-06-28, 17:31:44, 1197000000, 1198000000, 1000000.00, 1, -24.66, -24.66
2026-06-28, 17:31:44, 1198000000, 1199000000, 1000000.00, 1, -24.69, -24.69
2026-06-28, 17:31:44, 1199000000, 1200000000, 1000000.00, 1, -24.61, -24.61
2026-06-28, 17:31:44, 1200000000, 1201000000, 1000000.00, 1, -24.57, -24.57
2026-06-28, 17:31:44, 1201000000, 1202000000, 1000000.00, 1, -24.53, -24.53
2026-06-28, 17:31:44, 1202000000, 1203000000, 1000000.00, 1, -24.58, -24.58
2026-06-28, 17:31:44, 1203000000, 1204000000, 1000000.00, 1, -24.66, -24.66
2026-06-28, 17:31:44, 1204000000, 1205000000, 1000000.00, 1, -24.71, -24.71
2026-06-28, 17:31:44, 1205000000, 1206000000, 1000000.00, 1, -24.62, -24.62
2026-06-28, 17:31:44, 1206000000, 1207000000, 1000000.00, 1, -24.60, -24.60
2026-06-28, 17:31:44, 1207000000, 1208000000, 1000000.00, 1, -24.54, -24.54
2026-06-28, 17:31:44, 1208000000, 1209000000, 1000000.00, 1, -24.56, -24.56
2026-06-28, 17:31:44, 1209000000, 1210000000, 1000000.00, 1, -24.50, -24.50
2026-06-28, 17:31:44, 1210000000, 1211000000, 1000000.00, 1, -24.71, -24.71
2026-06-28, 17:31:44, 1211000000, 1212000000, 1000000.00, 1, -24.63, -24.63
2026-06-28, 17:31:44, 1212000000, 1213000000, 1000000.00, 1, -24.60, -24.60
2026-06-28, 17:31:44, 1213000000, 1214000000, 1000000.00, 1, -24.66, -24.66
2026-06-28, 17:31:44, 1214000000, 1215000000, 1000000.00, 1, -24.55, -24.55
2026-06-28, 17:31:54, 960000000, 961000000, 1000000.00, 1, -24.50, -24.50
2026-06-28, 17:31:54, 961000000, 962000000, 1000000.00, 1, -24.68, -24.68
2026-06-28, 17:31:54, 962000000, 963000000, 1000000.00, 1, -24.66, -24.66
2026-06-28, 17:31:54, 963000000, 964000000, 1000000.00, 1, -24.61, -24.61
2026-06-28, 17:31:54, 964000000, 965000000, 1000000.00, 1, -24.65, -24.65
2026-06-28, 17:31:54, 965000000, 966000000, 1000000.00, 1, -24.52, -24.52
2026-06-28, 17:31:54, 966000000, 967000000, 1000000.00, 1, -24.51, -24.51
2026-06-28, 17:31:54, 967000000, 968000000, 1000000.00, 1, -24.67, -24.67
2026-06-28, 17:31:54, 968000000, 969000000, 1000000.00, 1, -24.69, -24.69
2026-06-28, 17:31:54, 969000000, 970000000, 1000000.00, 1, -24.58, -24.58
2026-06-28, 17:31:54, 970000000, 971000000, 1000000.00, 1, -24.57, -24.57
2026-06-28, 17:31:54, 971000000, 972000000, 1000000.00, 1, -24.53, -24.53
2026-06-28, 17:31:54, 972000000, 973000000, 1000000.00, 1, -24.56, -24.56
2026-06-28, 17:31:54, 973000000, 974000000, 1000000.00, 1, -24.57, -24.57
2026-06-28, 17:31:54, 974000000, 975000000, 1000000.00, 1, -24.66, -24.66
2026-06-28, 17:31:54, 975000000, 976000000, 1000000.00, 1, -24.62, -24.62
2026-06-28, 17:31:54, 976000000, 977000000, 1000000.00, 1, -24.64, -24.64
2026-06-28, 17:31:54, 977000000, 978000000, 1000000.00, 1, -24.57, -24.57
2026-06-28, 17:31:54, 978000000, 979000000, 1000000.00, 1, -24.55, -24.55
2026-06-28, 17:31:54, 979000000, 980000000, 1000000.00, 1, -24.49, -24.49
2026-06-28, 17:31:54, 980000000, 981000000, 1000000.00, 1, -24.64, -24.64
2026-06-28, 17:31:54, 981000000, 982000000, 1000000.00, 1, -24.64, -24.64
2026-06-28, 17:31:54, 982000000, 983000000, 1000000.00, 1, -24.58, -24.58
2026-06-28, 17:31:54, 983000000, 984000000, 1000000.00, 1, -24.58, -24.58
2026-06-28, 17:31:54, 984000000, 985000000, 1000000.00, 1, -24.57, -24.57
2026-06-28, 17:31:54, 985000000, 986000000, 1000000.00, 1, -24.56, -24.56
2026-06-28, 17:31:54, 986000000, 987000000, 1000000.00, 1, -24.73, -24.73
2026-06-28, 17:31:54, 987000000, 988000000, 1000000.00, 1, -24.65, -24.65
2026-06-28, 17:31:54, 988000000, 989000000, 1000000.00, 1, -24.59, -24.59
2026-06-28, 17:31:54, 989000000, 990000000, 1000000.00, 1, -24.62, -24.62
2026-06-28, 17:31:54, 990000000, 991000000, 1000000.00, 1, -24.58, -24.58
2026-06-28, 17:31:54, 991000000, 992000000, 1000000.00, 1, -24.55, -24.55
2026-06-28, 17:31:54, 992000000, 993000000, 1000000.00, 1, -24.57, -24.57
2026-06-28, 17:31:54, 993000000, 994000000, 1000000.00, 1, -24.62, -24.62
2026-06-28, 17:31:54, 994000000, 995000000, 1000000.00, 1, -24.64, -24.64
2026-06-28, 17:31:54, 995000000, 996000000, 1000000.00, 1, -24.62, -24.62
2026-06-28, 17:31:54, 996000000, 997000000, 1000000.00, 1, -24.58, -24.58
2026-06-28, 17:31:54, 997000000, 998000000, 1000000.00, 1, -24.55, -24.55
2026-06-28, 17:31:54, 998000000, 999000000, 1000000.00, 1, -24.57, -24.57
2026-06-28, 17:31:54, 999000000, 1000000000, 1000000.00, 1, -24.71, -24.71
2026-06-28, 17:31:54, 1000000000, 1001000000, 1000000.00, 1, -24.68, -24.68
2026-06-28, 17:31:54, 1001000000, 1002000000, 1000000.00, 1, -24.60, -24.60
2026-06-28, 17:31:54, 1002000000, 1003000000, 1000000.00, 1, -24.55, -24.55
2026-06-28, 17:31:54, 1003000000, 1004000000, 1000000.00, 1, -24.56, -24.56
2026-06-28, 17:31:54, 1004000000, 1005000000, 1000000.00, 1, -24.53, -24.53
2026-06-28, 17:31:54, 1005000000, 1006000000, 1000000.00, 1, -24.61, -24.61
2026-06-28, 17:31:54, 1006000000, 1007000000, 1000000.00, 1, -24.66, -24.66
2026-06-28, 17:31:54, 1007000000, 1008000000, 1000000.00, 1, -24.62, -24.62
2026-06-28, 17:31:54, 1008000000, 1009000000, 1000000.00, 1, -24.58, -24.58
2026-06-28, 17:31:54, 1009000000, 1010000000, 1000000.00, 1, -24.52, -24.52
2026-06-28, 17:31:54, 1010000000, 1011000000, 1000000.00, 1, -24.50, -24.50
2026-06-28, 17:31:54, 1011000000, 1012000000, 1000000.00, 1, -24.54, -24.54
2026-06-28, 17:31:54, 1012000000, 1013000000, 1000000.00, 1, -24.69, -24.69
2026-06-28, 17:31:54, 1013000000, 1014000000, 1000000.00, 1, -24.67, -24.67
2026-06-28, 17:31:54, 1014000000, 1015000000, 1000000.00, 1, -24.60, -24.60
2026-06-28, 17:31:54, 1015000000, 1016000000, 1000000.00, 1, -24.56, -24.56
2026-06-28, 17:31:54, 1016000000, 1017000000, 1000000.00, 1, -24.56, -24.56
2026-06-28, 17:31:54, 1017000000, 1018000000, 1000000.00, 1, -24.53, -24.53
2026-06-28, 17:31:54, 1018000000, 1019000000, 1000000.00, 1, -24.64, -24.64
2026-06-28, 17:31:54, 1019000000, 1020000000, 1000000.00, 1, -24.62, -24.62
2026-06-28, 17:31:54, 1020000000, 1021000000, 1000000.00, 1, -24.62, -24.62
2026-06-28, 17:31:54, 1021000000, 1022000000, 1000000.00, 1, -24.59, -24.59
2026-06-28, 17:31:54, 1022000000, 1023000000, 1000000.00, 1, -24.61, -24.61
2026-06-28, 17:31:54, 1023000000, 1024000000, 1000000.00, 1, -24.51, -24.51
2026-06-28, 17:31:54, 1024000000, 1025000000, 1000000.00, 1, -24.53, -24.53
2026-06-28, 17:31:54, 1025000000, 1026000000, 1000000.00, 1, -24.62, -24.62
2026-06-28, 17:31:54, 1026000000, 1027000000, 1000000.00, 1, -24.70, -24.70
2026-06-28, 17:31:54, 1027000000, 1028000000, 1000000.00, 1, -24.68, -24.68
2026-06-28, 17:31:54, 1028000000, 1029000000, 1000000.00, 1, -24.55, -24.55
2026-06-28, 17:31:54, 1029000000, 1030000000, 1000000.00, 1, -24.57, -24.57
2026-06-28, 17:31:54, 1030000000, 1031000000, 1000000.00, 1, -24.48, -24.48
2026-06-28, 17:31:54, 1031000000, 1032000000, 1000000.00, 1, -24.68, -24.68
2026-06-28, 17:31:54, 1032000000, 1033000000, 1000000.00, 1, -24.66, -24.66
2026-06-28, 17:31:54, 1033000000, 1034000000, 1000000.00, 1, -24.60, -24.60
2026-06-28, 17:31:54, 1034000000, 1035000000, 1000000.00, 1, -24.64, -24.64
2026-06-28, 17:31:54, 1035000000, 1036000000, 1000000.00, 1, -24.53, -24.53
2026-06-28, 17:31:54, 1036000000, 1037000000, 1000000.00, 1, -24.53, -24.53
2026-06-28, 17:31:54, 1037000000, 1038000000, 1000000.00, 1, -24.70, -24.70
2026-06-28, 17:31:54, 1038000000, 1039000000, 1000000.00, 1, -24.61, -24.61
2026-06-28, 17:31:54, 1039000000, 1040000000, 1000000.00, 1, -24.60, -24.60
2026-06-28, 17:31:54, 1040000000, 1041000000, 1000000.00, 1, -24.51, -24.51
2026-06-28, 17:31:54, 1041000000, 1042000000, 1000000.00, 1, -24.58, -24.58
2026-06-28, 17:31:54, 1042000000, 1043000000, 1000000.00, 1, -24.54, -24.54
2026-06-28, 17:31:54, 1043000000, 1044000000, 1000000.00, 1, -24.53, -24.53
2026-06-28, 17:31:54, 1044000000, 1045000000, 1000000.00, 1, -24.72, -24.72
2026-06-28, 17:31:54, 1045000000, 1046000000, 1000000.00, 1, -24.69, -24.69
2026-06-28, 17:31:54, 1046000000, 1047000000, 1000000.00, 1, -24.62, -24.62
2026-06-28, 17:31:54, 1047000000, 1048000000, 1000000.00, 1, -24.58, -24.58
2026-06-28, 17:31:54, 1048000000, 1049000000, 1000000.00, 1, -24.50, -24.50
2026-06-28, 17:31:54, 1049000000, 1050000000, 1000000.00, 1, -24.48, -24.48
2026-06-28, 17:31:54, 1050000000, 1051000000, 1000000.00, 1, -24.67, -24.67
2026-06-28, 17:31:54, 1051000000, 1052000000, 1000000.00, 1, -24.64, -24.64
2026-06-28, 17:31:54, 1052000000, 1053000000, 1000000.00, 1, -24.55, -24.55
2026-06-28, 17:31:54, 1053000000, 1054000000, 1000000.00, 1, -24.58, -24.58
2026-06-28, 17:31:54, 1054000000, 1055000000, 1000000.00, 1, -24.55, -24.55
2026-06-28, 17:31:54, 1055000000, 1056000000, 1000000.00, 1, -24.56, -24.56
2026-06-28, 17:31:54, 1056000000, 1057000000, 1000000.00, 1, -24.62, -24.62
2026-06-28, 17:31:54, 1057000000, 1058000000, 1000000.00, 1, -24.72, -24.72
2026-06-28, 17:31:54, 1058000000, 1059000000, 1000000.00, 1, -24.67, -24.67
2026-06-28, 17:31:54, 1059000000, 1060000000, 1000000.00, 1, -24.58, -24.58
2026-06-28, 17:31:54, 1060000000, 1061000000, 1000000.00, 1, -24.50, -24.50
2026-06-28, 17:31:54, 1061000000, 1062000000, 1000000.00, 1, -24.61, -24.61
2026-06-28, 17:31:54, 1062000000, 1063000000, 1000000.00, 1, -24.53, -24.53
2026-06-28, 17:31:54, 1063000000, 1064000000, 1000000.00, 1, -24.70, -24.70
2026-06-28, 17:31:54, 1064000000, 1065000000, 1000000.00, 1, -24.65, -24.65
2026-06-28, 17:31:54, 1065000000, 1066000000, 1000000.00, 1, -24.62, -24.62
2026-06-28, 17:31:54, 1066000000, 1067000000, 1000000.00, 1, -24.61, -24.61
2026-06-28, 17:31:54, 1067000000, 1068000000, 1000000.00, 1, -24.59, -24.59
2026-06-28, 17:31:54, 1068000000, 1069000000, 1000000.00, 1, -24.50, -24.50
2026-06-28, 17:31:54, 1069000000, 1070000000, 1000000.00, 1, -24.71, -24.71
2026-06-28, 17:31:54, 1070000000, 1071000000, 1000000.00, 1, -24.74, -24.74
2026-06-28, 17:31:54, 1071000000, 1072000000, 1000000.00, 1, -24.61, -24.61
2026-06-28, 17:31:54, 1072000000, 1073000000, 1000000.00, 1, -24.53, -24.53
2026-06-28, 17:31:54, 1073000000, 1074000000, 1000000.00, 1, -24.54, -24.54
2026-06-28, 17:31:54, 1074000000, 1075000000, 1000000.00, 1, -24.52, -24.52
2026-06-28, 17:31:54, 1075000000, 1076000000, 1000000.00, 1, -24.73, -24.73
2026-06-28, 17:31:54, 1076000000, 1077000000, 1000000.00, 1, -24.68, -24.68
2026-06-28, 17:31:54, 1077000000, 1078000000, 1000000.00, 1, -24.63, -24.63
2026-06-28, 17:31:54, 1078000000, 1079000000, 1000000.00, 1, -24.59, -24.59
2026-06-28, 17:31:54, 1079000000, 1080000000, 1000000.00, 1, -24.62, -24.62
2026-06-28, 17:31:54, 1080000000, 1081000000, 1000000.00, 1, -24.58, -24.58
2026-06-28, 17:31:54, 1081000000, 1082000000, 1000000.00, 1, -24.53, -24.53
2026-06-28, 17:31:54, 1082000000, 1083000000, 1000000.00, 1, -24.67, -24.67
2026-06-28, 17:31:54, 1083000000, 1084000000, 1000000.00, 1, -24.69, -24.69
2026-06-28, 17:31:54, 1084000000, 1085000000, 1000000.00, 1, -24.63, -24.63
2026-06-28, 17:31:54, 1085000000, 1086000000, 1000000.00, 1, -24.59, -24.59
2026-06-28, 17:31:54, 1086000000, 1087000000, 1000000.00, 1, -24.59, -24.59
2026-06-28, 17:31:54, 1087000000, 1088000000, 1000000.00, 1, -24.54, -24.54
2026-06-28, 17:31:54, 1088000000, 1089000000, 1000000.00, 1, -24.66, -24.66
2026-06-28, 17:31:54, 1089000000, 1090000000, 1000000.00, 1, -24.67, -24.67
2026-06-28, 17:31:54, 1090000000, 1091000000, 1000000.00, 1, -24.62, -24.62
2026-06-28, 17:31:54, 1091000000, 1092000000, 1000000.00, 1, -24.59, -24.59
2026-06-28, 17:31:54, 1092000000, 1093000000, 1000000.00, 1, -24.61, -24.61
2026-06-28, 17:31:54, 1093000000, 1094000000, 1000000.00, 1, -24.56, -24.56
2026-06-28, 17:31:54, 1094000000, 1095000000, 1000000.00, 1, -24.64, -24.64
2026-06-28, 17:31:54, 1095000000, 1096000000, 1000000.00, 1, -24.64, -24.64
2026-06-28, 17:31:54, 1096000000, 1097000000, 1000000.00, 1, -24.71, -24.71
2026-06-28, 17:31:54, 1097000000, 1098000000, 1000000.00, 1, -24.65, -24.65
2026-06-28, 17:31:54, 1098000000, 1099000000, 1000000.00, 1, -24.61, -24.61
2026-06-28, 17:31:54, 1099000000, 1100000000, 1000000.00, 1, -24.52, -24.52
2026-06-28, 17:31:54, 1100000000, 1101000000, 1000000.00, 1, -24.50, -24.50
2026-06-28, 17:31:54, 1101000000, 1102000000, 1000000.00, 1, -24.67, -24.67
2026-06-28, 17:31:54, 1102000000, 1103000000, 1000000.00, 1, -24.63, -24.63
2026-06-28, 17:31:54, 1103000000, 1104000000, 1000000.00, 1, -24.61, -24.61
2026-06-28, 17:31:54, 1104000000, 1105000000, 1000000.00, 1, -24.59, -24.59
2026-06-28, 17:31:54, 1105000000, 1106000000, 1000000.00, 1, -24.60, -24.60
2026-06-28, 17:31:54, 1106000000, 1107000000, 1000000.00, 1, -24.54, -24.54
2026-06-28, 17:31:54, 1107000000, 1108000000, 1000000.00, 1, -24.68, -24.68
2026-06-28, 17:31:54, 1108000000, 1109000000, 1000000.00, 1, -24.65, -24.65
2026-06-28, 17:31:54, 1109000000, 1110000000, 1000000.00, 1, -24.62, -24.62
2026-06-28, 17:31:54, 1110000000, 1111000000, 1000000.00, 1, -24.64, -24.64
2026-06-28, 17:31:54, 1111000000, 1112000000, 1000000.00, 1, -24.56, -24.56
2026-06-28, 17:31:54, 1112000000, 1113000000, 1000000.00, 1, -24.56, -24.56
2026-06-28, 17:31:54, 1113000000, 1114000000, 1000000.00, 1, -24.52, -24.52
2026-06-28, 17:31:54, 1114000000, 1115000000, 1000000.00, 1, -24.67, -24.67
2026-06-28, 17:31:54, 1115000000, 1116000000, 1000000.00, 1, -24.70, -24.70
2026-06-28, 17:31:54, 1116000000, 1117000000, 1000000.00, 1, -24.54, -24.54
2026-06-28, 17:31:54, 1117000000, 1118000000, 1000000.00, 1, -24.57, -24.57
2026-06-28, 17:31:54, 1118000000, 1119000000, 1000000.00, 1, -24.55, -24.55
2026-06-28, 17:31:54, 1119000000, 1120000000, 1000000.00, 1, -24.48, -24.48
2026-06-28, 17:31:54, 1120000000, 1121000000, 1000000.00, 1, -24.73, -24.73
2026-06-28, 17:31:54, 1121000000, 1122000000, 1000000.00, 1, -24.66, -24.66
2026-06-28, 17:31:54, 1122000000, 1123000000, 1000000.00, 1, -24.69, -24.69
2026-06-28, 17:31:54, 1123000000, 1124000000, 1000000.00, 1, -24.53, -24.53
2026-06-28, 17:31:54, 1124000000, 1125000000, 1000000.00, 1, -24.54, -24.54
2026-06-28, 17:31:54, 1125000000, 1126000000, 1000000.00, 1, -24.55, -24.55
2026-06-28, 17:31:54, 1126000000, 1127000000, 1000000.00, 1, -24.72, -24.72
2026-06-28, 17:31:54, 1127000000, 1128000000, 1000000.00, 1, -24.66, -24.66
2026-06-28, 17:31:54, 1128000000, 1129000000, 1000000.00, 1, -24.58, -24.58
2026-06-28, 17:31:54, 1129000000, 1130000000, 1000000.00, 1, -24.56, -24.56
2026-06-28, 17:31:54, 1130000000, 1131000000, 1000000.00, 1, -24.60, -24.60
2026-06-28, 17:31:54, 1131000000, 1132000000, 1000000.00, 1, -24.51, -24.51
2026-06-28, 17:31:54, 1132000000, 1133000000, 1000000.00, 1, -24.50, -24.50
2026-06-28, 17:31:54, 1133000000, 1134000000, 1000000.00, 1, -24.70, -24.70
2026-06-28, 17:31:54, 1134000000, 1135000000, 1000000.00, 1, -24.60, -24.60
2026-06-28, 17:31:54, 1135000000, 1136000000, 1000000.00, 1, -24.60, -24.60
2026-06-28, 17:31:54, 1136000000, 1137000000, 1000000.00, 1, -24.59, -24.59
2026-06-28, 17:31:54, 1137000000, 1138000000, 1000000.00, 1, -24.60, -24.60
2026-06-28, 17:31:54, 1138000000, 1139000000, 1000000.00, 1, -24.56, -24.56
2026-06-28, 17:31:54, 1139000000, 1140000000, 1000000.00, 1, -24.66, -24.66
2026-06-28, 17:31:54, 1140000000, 1141000000, 1000000.00, 1, -24.67, -24.67
2026-06-28, 17:31:54, 1141000000, 1142000000, 1000000.00, 1, -24.62, -24.62
2026-06-28, 17:31:54, 1142000000, 1143000000, 1000000.00, 1, -24.54, -24.54
2026-06-28, 17:31:54, 1143000000, 1144000000, 1000000.00, 1, -24.56, -24.56
2026-06-28, 17:31:54, 1144000000, 1145000000, 1000000.00, 1, -24.51, -24.51
2026-06-28, 17:31:54, 1145000000, 1146000000, 1000000.00, 1, -24.70, -24.70
2026-06-28, 17:31:54, 1146000000, 1147000000, 1000000.00, 1, -24.70, -24.70
2026-06-28, 17:31:54, 1147000000, 1148000000, 1000000.00, 1, -24.67, -24.67
2026-06-28, 17:31:54, 1148000000, 1149000000, 1000000.00, 1, -24.59, -24.59
2026-06-28, 17:31:54, 1149000000, 1150000000, 1000000.00, 1, -24.56, -24.56
2026-06-28, 17:31:54, 1150000000, 1151000000, 1000000.00, 1, -24.59, -24.59
2026-06-28, 17:31:54, 1151000000, 1152000000, 1000000.00, 1, -24.53, -24.53
2026-06-28, 17:31:54, 1152000000, 1153000000, 1000000.00, 1, -24.72, -24.72
2026-06-28, 17:31:54, 1153000000, 1154000000, 1000000.00, 1, -24.60, -24.60
2026-06-28, 17:31:54, 1154000000, 1155000000, 1000000.00, 1, -24.61, -24.61
2026-06-28, 17:31:54, 1155000000, 1156000000, 1000000.00, 1, -24.61, -24.61
2026-06-28, 17:31:54, 1156000000, 1157000000, 1000000.00, 1, -24.51, -24.51
2026-06-28, 17:31:54, 1157000000, 1158000000, 1000000.00, 1, -24.52, -24.52
2026-06-28, 17:31:54, 1158000000, 1159000000, 1000000.00, 1, -24.70, -24.70
2026-06-28, 17:31:54, 1159000000, 1160000000, 1000000.00, 1, -24.67, -24.67
2026-06-28, 17:31:54, 1160000000, 1161000000, 1000000.00, 1, -24.61, -24.61
2026-06-28, 17:31:54, 1161000000, 1162000000, 1000000.00, 1, -24.55, -24.55
2026-06-28, 17:31:54, 1162000000, 1163000000, 1000000.00, 1, -24.57, -24.57
2026-06-28, 17:31:54, 1163000000, 1164000000, 1000000.00, 1, -24.51, -24.51
2026-06-28, 17:31:54, 1164000000, 1165000000, 1000000.00, 1, -24.66, -24.66
2026-06-28, 17:31:54, 1165000000, 1166000000, 1000000.00, 1, -24.71, -24.71
2026-06-28, 17:31:54, 1166000000, 1167000000, 1000000.00, 1, -24.64, -24.64
2026-06-28, 17:31:54, 1167000000, 1168000000, 1000000.00, 1, -24.65, -24.65
2026-06-28, 17:31:54, 1168000000, 1169000000, 1000000.00, 1, -24.56, -24.56
2026-06-28, 17:31:54, 1169000000, 1170000000, 1000000.00, 1, -24.52, -24.52
2026-06-28, 17:31:54, 1170000000, 1171000000, 1000000.00, 1, -24.52, -24.52
2026-06-28, 17:31:54, 1171000000, 1172000000, 1000000.00, 1, -24.72, -24.72
2026-06-28, 17:31:54, 1172000000, 1173000000, 1000000.00, 1, -24.65, -24.65
2026-06-28, 17:31:54, 1173000000, 1174000000, 1000000.00, 1, -24.66, -24.66
2026-06-28, 17:31:54, 1174000000, 1175000000, 1000000.00, 1, -24.59, -24.59
2026-06-28, 17:31:54, 1175000000, 1176000000, 1000000.00, 1, -24.50, -24.50
2026-06-28, 17:31:54, 1176000000, 1177000000, 1000000.00, 1, -24.49, -24.49
2026-06-28, 17:31:54, 1177000000, 1178000000, 1000000.00, 1, -24.66, -24.66
2026-06-28, 17:31:54, 1178000000, 1179000000, 1000000.00, 1, -24.65, -24.65
2026-06-28, 17:31:54, 1179000000, 1180000000, 1000000.00, 1, -24.64, -24.64
2026-06-28, 17:31:54, 1180000000, 1181000000, 1000000.00, 1, -24.64, -24.64
2026-06-28, 17:31:54, 1181000000, 1182000000, 1000000.00, 1, -24.55, -24.55
2026-06-28, 17:31:54, 1182000000, 1183000000, 1000000.00, 1, -24.56, -24.56
2026-06-28, 17:31:54, 1183000000, 1184000000, 1000000.00, 1, -24.68, -24.68
2026-06-28, 17:31:54, 1184000000, 1185000000, 1000000.00, 1, -24.66, -24.66
2026-06-28, 17:31:54, 1185000000, 1186000000, 1000000.00, 1, -24.64, -24.64
2026-06-28, 17:31:54, 1186000000, 1187000000, 1000000.00, 1, -24.58, -24.58
2026-06-28, 17:31:54, 1187000000, 1188000000, 1000000.00, 1, -24.49, -24.49
2026-06-28, 17:31:54, 1188000000, 1189000000, 1000000.00, 1, -24.55, -24.55
2026-06-28, 17:31:54, 1189000000, 1190000000, 1000000.00, 1, -24.55, -24.55
2026-06-28, 17:31:54, 1190000000, 1191000000, 1000000.00, 1, -24.69, -24.69
2026-06-28, 17:31:54, 1191000000, 1192000000, 1000000.00, 1, -24.70, -24.70
2026-06-28, 17:31:54, 1192000000, 1193000000, 1000000.00, 1, -24.66, -24.66
2026-06-28, 17:31:54, 1193000000, 1194000000, 1000000.00, 1, -24.57, -24.57
2026-06-28, 17:31:54, 1194000000, 1195000000, 1000000.00, 1, -24.56, -24.56
2026-06-28, 17:31:54, 1195000000, 1196000000, 1000000.00, 1, -24.56, -24.56
2026-06-28, 17:31:54, 1196000000, 1197000000, 1000000.00, 1, -24.70, -24.70
2026-06-28, 17:31:54, 1197000000, 1198000000, 1000000.00, 1, -24.67, -24.67
2026-06-28, 17:31:54, 1198000000, 1199000000, 1000000.00, 1, -24.65, -24.65
2026-06-28, 17:31:54, 1199000000, 1200000000, 1000000.00, 1, -24.63, -24.63
2026-06-28, 17:31:54, 1200000000, 1201000000, 1000000.00, 1, -24.58, -24.58
2026-06-28, 17:31:54, 1201000000, 1202000000, 1000000.00, 1, -24.54, -24.54
2026-06-28, 17:31:54, 1202000000, 1203000000, 1000000.00, 1, -24.61, -24.61
2026-06-28, 17:31:54, 1203000000, 1204000000, 1000000.00, 1, -24.65, -24.65
2026-06-28, 17:31:54, 1204000000, 1205000000, 1000000.00, 1, -24.64, -24.64
2026-06-28, 17:31:54, 1205000000, 1206000000, 1000000.00, 1, -24.60, -24.60
2026-06-28, 17:31:54, 1206000000, 1207000000, 1000000.00, 1, -24.59, -24.59
2026-06-28, 17:31:54, 1207000000, 1208000000, 1000000.00, 1, -24.54, -24.54
2026-06-28, 17:31:54, 1208000000, 1209000000, 1000000.00, 1, -24.44, -24.44
2026-06-28, 17:31:54, 1209000000, 1210000000, 1000000.00, 1, -24.63, -24.63
2026-06-28, 17:31:54, 1210000000, 1211000000, 1000000.00, 1, -24.59, -24.59
2026-06-28, 17:31:54, 1211000000, 1212000000, 1000000.00, 1, -24.63, -24.63
2026-06-28, 17:31:54, 1212000000, 1213000000, 1000000.00, 1, -24.56, -24.56
2026-06-28, 17:31:54, 1213000000, 1214000000, 1000000.00, 1, -24.61, -24.61
2026-06-28, 17:31:54, 1214000000, 1215000000, 1000000.00, 1, -24.59, -24.59
2026-06-28, 17:32:05, 960000000, 961000000, 1000000.00, 1, -24.68, -24.68
2026-06-28, 17:32:05, 961000000, 962000000, 1000000.00, 1, -24.63, -24.63
2026-06-28, 17:32:05, 962000000, 963000000, 1000000.00, 1, -24.56, -24.56
2026-06-28, 17:32:05, 963000000, 964000000, 1000000.00, 1, -24.62, -24.62
2026-06-28, 17:32:05, 964000000, 965000000, 1000000.00, 1, -24.56, -24.56
2026-06-28, 17:32:05, 965000000, 966000000, 1000000.00, 1, -24.54, -24.54
2026-06-28, 17:32:05, 966000000, 967000000, 1000000.00, 1, -24.59, -24.59
2026-06-28, 17:32:05, 967000000, 968000000, 1000000.00, 1, -24.71, -24.71
2026-06-28, 17:32:05, 968000000, 969000000, 1000000.00, 1, -24.68, -24.68
2026-06-28, 17:32:05, 969000000, 970000000, 1000000.00, 1, -24.59, -24.59
2026-06-28, 17:32:05, 970000000, 971000000, 1000000.00, 1, -24.57, -24.57
2026-06-28, 17:32:05, 971000000, 972000000, 1000000.00, 1, -24.55, -24.55
2026-06-28, 17:32:05, 972000000, 973000000, 1000000.00, 1, -24.56, -24.56
2026-06-28, 17:32:05, 973000000, 974000000, 1000000.00, 1, -24.75, -24.75
2026-06-28, 17:32:05, 974000000, 975000000, 1000000.00, 1, -24.63, -24.63
2026-06-28, 17:32:05, 975000000, 976000000, 1000000.00, 1, -24.64, -24.64
2026-06-28, 17:32:05, 976000000, 977000000, 1000000.00, 1, -24.60, -24.60
2026-06-28, 17:32:05, 977000000, 978000000, 1000000.00, 1, -24.58, -24.58
2026-06-28, 17:32:05, 978000000, 979000000, 1000000.00, 1, -24.55, -24.55
2026-06-28, 17:32:05, 979000000, 980000000, 1000000.00, 1, -24.74, -24.74
2026-06-28, 17:32:05, 980000000, 981000000, 1000000.00, 1, -24.65, -24.65
2026-06-28, 17:32:05, 981000000, 982000000, 1000000.00, 1, -24.61, -24.61
2026-06-28, 17:32:05, 982000000, 983000000, 1000000.00, 1, -24.60, -24.60
2026-06-28, 17:32:05, 983000000, 984000000, 1000000.00, 1, -24.56, -24.56
2026-06-28, 17:32:05, 984000000, 985000000, 1000000.00, 1, -24.53, -24.53
2026-06-28, 17:32:05, 985000000, 986000000, 1000000.00, 1, -24.56, -24.56
2026-06-28, 17:32:05, 986000000, 987000000, 1000000.00, 1, -24.61, -24.61
2026-06-28, 17:32:05, 987000000, 988000000, 1000000.00, 1, -24.72, -24.72
2026-06-28, 17:32:05, 988000000, 989000000, 1000000.00, 1, -24.64, -24.64
2026-06-28, 17:32:05, 989000000, 990000000, 1000000.00, 1, -24.62, -24.62
2026-06-28, 17:32:05, 990000000, 991000000, 1000000.00, 1, -24.50, -24.50
2026-06-28, 17:32:05, 991000000, 992000000, 1000000.00, 1, -24.55, -24.55
2026-06-28, 17:32:05, 992000000, 993000000, 1000000.00, 1, -24.69, -24.69
2026-06-28, 17:32:05, 993000000, 994000000, 1000000.00, 1, -24.65, -24.65
2026-06-28, 17:32:05, 994000000, 995000000, 1000000.00, 1, -24.65, -24.65
2026-06-28, 17:32:05, 995000000, 996000000, 1000000.00, 1, -24.60, -24.60
2026-06-28, 17:32:05, 996000000, 997000000, 1000000.00, 1, -24.55, -24.55
2026-06-28, 17:32:05, 997000000, 998000000, 1000000.00, 1, -24.53, -24.53
2026-06-28, 17:32:05, 998000000, 999000000, 1000000.00, 1, -24.70, -24.70
2026-06-28, 17:32:05, 999000000, 1000000000, 1000000.00, 1, -24.69, -24.69
2026-06-28, 17:32:05, 1000000000, 1001000000, 1000000.00, 1, -24.66, -24.66
2026-06-28, 17:32:05, 1001000000, 1002000000, 1000000.00, 1, -24.59, -24.59
2026-06-28, 17:32:05, 1002000000, 1003000000, 1000000.00, 1, -24.58, -24.58
2026-06-28, 17:32:05, 1003000000, 1004000000, 1000000.00, 1, -24.56, -24.56
2026-06-28, 17:32:05, 1004000000, 1005000000, 1000000.00, 1, -24.51, -24.51
2026-06-28, 17:32:05, 1005000000, 1006000000, 1000000.00, 1, -24.67, -24.67
2026-06-28, 17:32:05, 1006000000, 1007000000, 1000000.00, 1, -24.66, -24.66
2026-06-28, 17:32:05, 1007000000, 1008000000, 1000000.00, 1, -24.62, -24.62
2026-06-28, 17:32:05, 1008000000, 1009000000, 1000000.00, 1, -24.55, -24.55
2026-06-28, 17:32:05, 1009000000, 1010000000, 1000000.00, 1, -24.55, -24.55
2026-06-28, 17:32:05, 1010000000, 1011000000, 1000000.00, 1, -24.53, -24.53
2026-06-28, 17:32:05, 1011000000, 1012000000, 1000000.00, 1, -24.75, -24.75
2026-06-28, 17:32:05, 1012000000, 1013000000, 1000000.00, 1, -24.58, -24.58
2026-06-28, 17:32:05, 1013000000, 1014000000, 1000000.00, 1, -24.62, -24.62
2026-06-28, 17:32:05, 1014000000, 1015000000, 1000000.00, 1, -24.59, -24.59
2026-06-28, 17:32:05, 1015000000, 1016000000, 1000000.00, 1, -24.60, -24.60
2026-06-28, 17:32:05, 1016000000, 1017000000, 1000000.00, 1, -24.47, -24.47
2026-06-28, 17:32:05, 1017000000, 1018000000, 1000000.00, 1, -24.63, -24.63
2026-06-28, 17:32:05, 1018000000, 1019000000, 1000000.00, 1, -24.70, -24.70
2026-06-28, 17:32:05, 1019000000, 1020000000, 1000000.00, 1, -24.62, -24.62
2026-06-28, 17:32:05, 1020000000, 1021000000, 1000000.00, 1, -24.60, -24.60
2026-06-28, 17:32:05, 1021000000, 1022000000, 1000000.00, 1, -24.61, -24.61
2026-06-28, 17:32:05, 1022000000, 1023000000, 1000000.00, 1, -24.54, -24.54
2026-06-28, 17:32:05, 1023000000, 1024000000, 1000000.00, 1, -24.55, -24.55
2026-06-28, 17:32:05, 1024000000, 1025000000, 1000000.00, 1, -24.65, -24.65
2026-06-28, 17:32:05, 1025000000, 1026000000, 1000000.00, 1, -24.65, -24.65
2026-06-28, 17:32:05, 1026000000, 1027000000, 1000000.00, 1, -24.69, -24.69
2026-06-28, 17:32:05, 1027000000, 1028000000, 1000000.00, 1, -24.58, -24.58
2026-06-28, 17:32:05, 1028000000, 1029000000, 1000000.00, 1, -24.54, -24.54
2026-06-28, 17:32:05, 1029000000, 1030000000, 1000000.00, 1, -24.55, -24.55
2026-06-28, 17:32:05, 1030000000, 1031000000, 1000000.00, 1, -24.64, -24.64
2026-06-28, 17:32:05, 1031000000, 1032000000, 1000000.00, 1, -24.67, -24.67
2026-06-28, 17:32:05, 1032000000, 1033000000, 1000000.00, 1, -24.61, -24.61
2026-06-28, 17:32:05, 1033000000, 1034000000, 1000000.00, 1, -24.59, -24.59
2026-06-28, 17:32:05, 1034000000, 1035000000, 1000000.00, 1, -24.59, -24.59
2026-06-28, 17:32:05, 1035000000, 1036000000, 1000000.00, 1, -24.53, -24.53
2026-06-28, 17:32:05, 1036000000, 1037000000, 1000000.00, 1, -24.68, -24.68
2026-06-28, 17:32:05, 1037000000, 1038000000, 1000000.00, 1, -24.58, -24.58
2026-06-28, 17:32:05, 1038000000, 1039000000, 1000000.00, 1, -24.59, -24.59
2026-06-28, 17:32:05, 1039000000, 1040000000, 1000000.00, 1, -24.59, -24.59
2026-06-28, 17:32:05, 1040000000, 1041000000, 1000000.00, 1, -24.56, -24.56
2026-06-28, 17:32:05, 1041000000, 1042000000, 1000000.00, 1, -24.54, -24.54
2026-06-28, 17:32:05, 1042000000, 1043000000, 1000000.00, 1, -24.51, -24.51
2026-06-28, 17:32:05, 1043000000, 1044000000, 1000000.00, 1, -24.73, -24.73
2026-06-28, 17:32:05, 1044000000, 1045000000, 1000000.00, 1, -24.69, -24.69
2026-06-28, 17:32:05, 1045000000, 1046000000, 1000000.00, 1, -24.66, -24.66
2026-06-28, 17:32:05, 1046000000, 1047000000, 1000000.00, 1, -24.60, -24.60
2026-06-28, 17:32:05, 1047000000, 1048000000, 1000000.00, 1, -24.54, -24.54
2026-06-28, 17:32:05, 1048000000, 1049000000, 1000000.00, 1, -24.58, -24.58
2026-06-28, 17:32:05, 1049000000, 1050000000, 1000000.00, 1, -24.72, -24.72
2026-06-28, 17:32:05, 1050000000, 1051000000, 1000000.00, 1, -24.66, -24.66
2026-06-28, 17:32:05, 1051000000, 1052000000, 1000000.00, 1, -24.61, -24.61
2026-06-28, 17:32:05, 1052000000, 1053000000, 1000000.00, 1, -24.64, -24.64
2026-06-28, 17:32:05, 1053000000, 1054000000, 1000000.00, 1, -24.52, -24.52
2026-06-28, 17:32:05, 1054000000, 1055000000, 1000000.00, 1, -24.50, -24.50
2026-06-28, 17:32:05, 1055000000, 1056000000, 1000000.00, 1, -24.53, -24.53
2026-06-28, 17:32:05, 1056000000, 1057000000, 1000000.00, 1, -24.66, -24.66
2026-06-28, 17:32:05, 1057000000, 1058000000, 1000000.00, 1, -24.71, -24.71
2026-06-28, 17:32:05, 1058000000, 1059000000, 1000000.00, 1, -24.61, -24.61
2026-06-28, 17:32:05, 1059000000, 1060000000, 1000000.00, 1, -24.58, -24.58
2026-06-28, 17:32:05, 1060000000, 1061000000, 1000000.00, 1, -24.53, -24.53
2026-06-28, 17:32:05, 1061000000, 1062000000, 1000000.00, 1, -24.53, -24.53
2026-06-28, 17:32:05, 1062000000, 1063000000, 1000000.00, 1, -24.65, -24.65
2026-06-28, 17:32:05, 1063000000, 1064000000, 1000000.00, 1, -24.59, -24.59
2026-06-28, 17:32:05, 1064000000, 1065000000, 1000000.00, 1, -24.63, -24.63
2026-06-28, 17:32:05, 1065000000, 1066000000, 1000000.00, 1, -24.58, -24.58
2026-06-28, 17:32:05, 1066000000, 1067000000, 1000000.00, 1, -24.57, -24.57
2026-06-28, 17:32:05, 1067000000, 1068000000, 1000000.00, 1, -24.54, -24.54
2026-06-28, 17:32:05, 1068000000, 1069000000, 1000000.00, 1, -24.67, -24.67
2026-06-28, 17:32:05, 1069000000, 1070000000, 1000000.00, 1, -24.68, -24.68
2026-06-28, 17:32:05, 1070000000, 1071000000, 1000000.00, 1, -24.59, -24.59
2026-06-28, 17:32:05, 1071000000, 1072000000, 1000000.00, 1, -24.66, -24.66
2026-06-28, 17:32:05, 1072000000, 1073000000, 1000000.00, 1, -24.58, -24.58
2026-06-28, 17:32:05, 1073000000, 1074000000, 1000000.00, 1, -24.51, -24.51
2026-06-28, 17:32:05, 1074000000, 1075000000, 1000000.00, 1, -24.55, -24.55
2026-06-28, 17:32:05, 1075000000, 1076000000, 1000000.00, 1, -24.71, -24.71
2026-06-28, 17:32:05, 1076000000, 1077000000, 1000000.00, 1, -24.65, -24.65
2026-06-28, 17:32:05, 1077000000, 1078000000, 1000000.00, 1, -24.62, -24.62
2026-06-28, 17:32:05, 1078000000, 1079000000, 1000000.00, 1, -24.55, -24.55
2026-06-28, 17:32:05, 1079000000, 1080000000, 1000000.00, 1, -24.56, -24.56
2026-06-28, 17:32:05, 1080000000, 1081000000, 1000000.00, 1, -24.57, -24.57
2026-06-28, 17:32:05, 1081000000, 1082000000, 1000000.00, 1, -24.71, -24.71
2026-06-28, 17:32:05, 1082000000, 1083000000, 1000000.00, 1, -24.69, -24.69
2026-06-28, 17:32:05, 1083000000, 1084000000, 1000000.00, 1, -24.60, -24.60
2026-06-28, 17:32:05, 1084000000, 1085000000, 1000000.00, 1, -24.59, -24.59
2026-06-28, 17:32:05, 1085000000, 1086000000, 1000000.00, 1, -24.53, -24.53
2026-06-28, 17:32:05, 1086000000, 1087000000, 1000000.00, 1, -24.52, -24.52
2026-06-28, 17:32:05, 1087000000, 1088000000, 1000000.00, 1, -24.66, -24.66
2026-06-28, 17:32:05, 1088000000, 1089000000, 1000000.00, 1, -24.63, -24.63
2026-06-28, 17:32:05, 1089000000, 1090000000, 1000000.00, 1, -24.70, -24.70
2026-06-28, 17:32:05, 1090000000, 1091000000, 1000000.00, 1, -24.63, -24.63
2026-06-28, 17:32:05, 1091000000, 1092000000, 1000000.00, 1, -24.53, -24.53
2026-06-28, 17:32:05, 1092000000, 1093000000, 1000000.00, 1, -24.50, -24.50
2026-06-28, 17:32:05, 1093000000, 1094000000, 1000000.00, 1, -24.52, -24.52
2026-06-28, 17:32:05, 1094000000, 1095000000, 1000000.00, 1, -24.68, -24.68
2026-06-28, 17:32:05, 1095000000, 1096000000, 1000000.00, 1, -24.60, -24.60
2026-06-28, 17:32:05, 1096000000, 1097000000, 1000000.00, 1, -24.61, -24.61
2026-06-28, 17:32:05, 1097000000, 1098000000, 1000000.00, 1, -24.57, -24.57
2026-06-28, 17:32:05, 1098000000, 1099000000, 1000000.00, 1, -24.51, -24.51
2026-06-28, 17:32:05, 1099000000, 1100000000, 1000000.00, 1, -24.52, -24.52
2026-06-28, 17:32:05, 1100000000, 1101000000, 1000000.00, 1, -24.65, -24.65
2026-06-28, 17:32:05, 1101000000, 1102000000, 1000000.00, 1, -24.63, -24.63
2026-06-28, 17:32:05, 1102000000, 1103000000, 1000000.00, 1, -24.58, -24.58
2026-06-28, 17:32:05, 1103000000, 1104000000, 1000000.00, 1, -24.57, -24.57
2026-06-28, 17:32:05, 1104000000, 1105000000, 1000000.00, 1, -24.54, -24.54
2026-06-28, 17:32:05, 1105000000, 1106000000, 1000000.00, 1, -24.60, -24.60
2026-06-28, 17:32:05, 1106000000, 1107000000, 1000000.00, 1, -24.72, -24.72
2026-06-28, 17:32:05, 1107000000, 1108000000, 1000000.00, 1, -24.71, -24.71
2026-06-28, 17:32:05, 1108000000, 1109000000, 1000000.00, 1, -24.63, -24.63
2026-06-28, 17:32:05, 1109000000, 1110000000, 1000000.00, 1, -24.60, -24.60
2026-06-28, 17:32:05, 1110000000, 1111000000, 1000000.00, 1, -24.54, -24.54
2026-06-28, 17:32:05, 1111000000, 1112000000, 1000000.00, 1, -24.48, -24.48
2026-06-28, 17:32:05, 1112000000, 1113000000, 1000000.00, 1, -24.49, -24.49
2026-06-28, 17:32:05, 1113000000, 1114000000, 1000000.00, 1, -24.70, -24.70
2026-06-28, 17:32:05, 1114000000, 1115000000, 1000000.00, 1, -24.68, -24.68
2026-06-28, 17:32:05, 1115000000, 1116000000, 1000000.00, 1, -24.59, -24.59
2026-06-28, 17:32:05, 1116000000, 1117000000, 1000000.00, 1, -24.58, -24.58
2026-06-28, 17:32:05, 1117000000, 1118000000, 1000000.00, 1, -24.55, -24.55
2026-06-28, 17:32:05, 1118000000, 1119000000, 1000000.00, 1, -24.56, -24.56
2026-06-28, 17:32:05, 1119000000, 1120000000, 1000000.00, 1, -24.60, -24.60
2026-06-28, 17:32:05, 1120000000, 1121000000, 1000000.00, 1, -24.61, -24.61
2026-06-28, 17:32:05, 1121000000, 1122000000, 1000000.00, 1, -24.59, -24.59
2026-06-28, 17:32:05, 1122000000, 1123000000, 1000000.00, 1, -24.62, -24.62
2026-06-28, 17:32:05, 1123000000, 1124000000, 1000000.00, 1, -24.60, -24.60
2026-06-28, 17:32:05, 1124000000, 1125000000, 1000000.00, 1, -24.58, -24.58
2026-06-28, 17:32:05, 1125000000, 1126000000, 1000000.00, 1, -24.59, -24.59
2026-06-28, 17:32:05, 1126000000, 1127000000, 1000000.00, 1, -24.62, -24.62
2026-06-28, 17:32:05, 1127000000, 1128000000, 1000000.00, 1, -24.65, -24.65
2026-06-28, 17:32:05, 1128000000, 1129000000, 1000000.00, 1, -24.63, -24.63
2026-06-28, 17:32:05, 1129000000, 1130000000, 1000000.00, 1, -24.55, -24.55
2026-06-28, 17:32:05, 1130000000, 1131000000, 1000000.00, 1, -24.54, -24.54
2026-06-28, 17:32:05, 1131000000, 1132000000, 1000000.00, 1, -24.52, -24.52
2026-06-28, 17:32:05, 1132000000, 1133000000, 1000000.00, 1, -24.70, -24.70
2026-06-28, 17:32:05, 1133000000, 1134000000, 1000000.00, 1, -24.57, -24.57
2026-06-28, 17:32:05, 1134000000, 1135000000, 1000000.00, 1, -24.61, -24.61
2026-06-28, 17:32:05, 1135000000, 1136000000, 1000000.00, 1, -24.58, -24.58
2026-06-28, 17:32:05, 1136000000, 1137000000, 1000000.00, 1, -24.55, -24.55
2026-06-28, 17:32:05, 1137000000, 1138000000, 1000000.00, 1, -24.48, -24.48
2026-06-28, 17:32:05, 1138000000, 1139000000, 1000000.00, 1, -24.69, -24.69
2026-06-28, 17:32:05, 1139000000, 1140000000, 1000000.00, 1, -24.69, -24.69
2026-06-28, 17:32:05, 1140000000, 1141000000, 1000000.00, 1, -24.57, -24.57
2026-06-28, 17:32:05, 1141000000, 1142000000, 1000000.00, 1, -24.55, -24.55
2026-06-28, 17:32:05, 1142000000, 1143000000, 1000000.00, 1, -24.55, -24.55
2026-06-28, 17:32:05, 1143000000, 1144000000, 1000000.00, 1, -24.51, -24.51
2026-06-28, 17:32:05, 1144000000, 1145000000, 1000000.00, 1, -24.64, -24.64
2026-06-28, 17:32:05, 1145000000, 1146000000, 1000000.00, 1, -24.65, -24.65
2026-06-28, 17:32:05, 1146000000, 1147000000, 1000000.00, 1, -24.66, -24.66
2026-06-28, 17:32:05, 1147000000, 1148000000, 1000000.00, 1, -24.64, -24.64
2026-06-28, 17:32:05, 1148000000, 1149000000, 1000000.00, 1, -24.52, -24.52
2026-06-28, 17:32:05, 1149000000, 1150000000, 1000000.00, 1, -24.56, -24.56
2026-06-28, 17:32:05, 1150000000, 1151000000, 1000000.00, 1, -24.51, -24.51
2026-06-28, 17:32:05, 1151000000, 1152000000, 1000000.00, 1, -24.64, -24.64
2026-06-28, 17:32:05, 1152000000, 1153000000, 1000000.00, 1, -24.63, -24.63
2026-06-28, 17:32:05, 1153000000, 1154000000, 1000000.00, 1, -24.61, -24.61
2026-06-28, 17:32:05, 1154000000, 1155000000, 1000000.00, 1, -24.58, -24.58
2026-06-28, 17:32:05, 1155000000, 1156000000, 1000000.00, 1, -24.61, -24.61
2026-06-28, 17:32:05, 1156000000, 1157000000, 1000000.00, 1, -24.58, -24.58
2026-06-28, 17:32:05, 1157000000, 1158000000, 1000000.00, 1, -24.76, -24.76
2026-06-28, 17:32:05, 1158000000, 1159000000, 1000000.00, 1, -24.70, -24.70
2026-06-28, 17:32:05, 1159000000, 1160000000, 1000000.00, 1, -24.60, -24.60
2026-06-28, 17:32:05, 1160000000, 1161000000, 1000000.00, 1, -24.60, -24.60
2026-06-28, 17:32:05, 1161000000, 1162000000, 1000000.00, 1, -24.56, -24.56
2026-06-28, 17:32:05, 1162000000, 1163000000, 1000000.00, 1, -24.53, -24.53
2026-06-28, 17:32:05, 1163000000, 1164000000, 1000000.00, 1, -24.53, -24.53
2026-06-28, 17:32:05, 1164000000, 1165000000, 1000000.00, 1, -24.71, -24.71
2026-06-28, 17:32:05, 1165000000, 1166000000, 1000000.00, 1, -24.65, -24.65
2026-06-28, 17:32:05, 1166000000, 1167000000, 1000000.00, 1, -24.57, -24.57
2026-06-28, 17:32:05, 1167000000, 1168000000, 1000000.00, 1, -24.56, -24.56
2026-06-28, 17:32:05, 1168000000, 1169000000, 1000000.00, 1, -24.57, -24.57
2026-06-28, 17:32:05, 1169000000, 1170000000, 1000000.00, 1, -24.55, -24.55
2026-06-28, 17:32:05, 1170000000, 1171000000, 1000000.00, 1, -24.69, -24.69
2026-06-28, 17:32:05, 1171000000, 1172000000, 1000000.00, 1, -24.69, -24.69
2026-06-28, 17:32:05, 1172000000, 1173000000, 1000000.00, 1, -24.60, -24.60
2026-06-28, 17:32:05, 1173000000, 1174000000, 1000000.00, 1, -24.57, -24.57
2026-06-28, 17:32:05, 1174000000, 1175000000, 1000000.00, 1, -24.60, -24.60
2026-06-28, 17:32:05, 1175000000, 1176000000, 1000000.00, 1, -24.53, -24.53
2026-06-28, 17:32:05, 1176000000, 1177000000, 1000000.00, 1, -24.70, -24.70
2026-06-28, 17:32:05, 1177000000, 1178000000, 1000000.00, 1, -24.67, -24.67
2026-06-28, 17:32:05, 1178000000, 1179000000, 1000000.00, 1, -24.61, -24.61
2026-06-28, 17:32:05, 1179000000, 1180000000, 1000000.00, 1, -24.59, -24.59
2026-06-28, 17:32:05, 1180000000, 1181000000, 1000000.00, 1, -24.58, -24.58
2026-06-28, 17:32:05, 1181000000, 1182000000, 1000000.00, 1, -24.57, -24.57
2026-06-28, 17:32:05, 1182000000, 1183000000, 1000000.00, 1, -24.54, -24.54
2026-06-28, 17:32:05, 1183000000, 1184000000, 1000000.00, 1, -24.70, -24.70
2026-06-28, 17:32:05, 1184000000, 1185000000, 1000000.00, 1, -24.69, -24.69
2026-06-28, 17:32:05, 1185000000, 1186000000, 1000000.00, 1, -24.56, -24.56
2026-06-28, 17:32:05, 1186000000, 1187000000, 1000000.00, 1, -24.61, -24.61
2026-06-28, 17:32:05, 1187000000, 1188000000, 1000000.00, 1, -24.56, -24.56
2026-06-28, 17:32:05, 1188000000, 1189000000, 1000000.00, 1, -24.52, -24.52
2026-06-28, 17:32:05, 1189000000, 1190000000, 1000000.00, 1, -24.67, -24.67
2026-06-28, 17:32:05, 1190000000, 1191000000, 1000000.00, 1, -24.70, -24.70
2026-06-28, 17:32:05, 1191000000, 1192000000, 1000000.00, 1, -24.59, -24.59
2026-06-28, 17:32:05, 1192000000, 1193000000, 1000000.00, 1, -24.57, -24.57
2026-06-28, 17:32:05, 1193000000, 1194000000, 1000000.00, 1, -24.56, -24.56
2026-06-28, 17:32:05, 1194000000, 1195000000, 1000000.00, 1, -24.52, -24.52
2026-06-28, 17:32:05, 1195000000, 1196000000, 1000000.00, 1, -24.68, -24.68
2026-06-28, 17:32:05, 1196000000, 1197000000, 1000000.00, 1, -24.67, -24.67
2026-06-28, 17:32:05, 1197000000, 1198000000, 1000000.00, 1, -24.61, -24.61
2026-06-28, 17:32:05, 1198000000, 1199000000, 1000000.00, 1, -24.59, -24.59
2026-06-28, 17:32:05, 1199000000, 1200000000, 1000000.00, 1, -24.57, -24.57
2026-06-28, 17:32:05, 1200000000, 1201000000, 1000000.00, 1, -24.56, -24.56
2026-06-28, 17:32:05, 1201000000, 1202000000, 1000000.00, 1, -24.51, -24.51
2026-06-28, 17:32:05, 1202000000, 1203000000, 1000000.00, 1, -24.68, -24.68
2026-06-28, 17:32:05, 1203000000, 1204000000, 1000000.00, 1, -24.62, -24.62
2026-06-28, 17:32:05, 1204000000, 1205000000, 1000000.00, 1, -24.68, -24.68
2026-06-28, 17:32:05, 1205000000, 1206000000, 1000000.00, 1, -24.65, -24.65
2026-06-28, 17:32:05, 1206000000, 1207000000, 1000000.00, 1, -24.55, -24.55
2026-06-28, 17:32:05, 1207000000, 1208000000, 1000000.00, 1, -24.51, -24.51
2026-06-28, 17:32:05, 1208000000, 1209000000, 1000000.00, 1, -24.76, -24.76
2026-06-28, 17:32:05, 1209000000, 1210000000, 1000000.00, 1, -24.65, -24.65
2026-06-28, 17:32:05, 1210000000, 1211000000, 1000000.00, 1, -24.69, -24.69
2026-06-28, 17:32:05, 1211000000, 1212000000, 1000000.00, 1, -24.54, -24.54
2026-06-28, 17:32:05, 1212000000, 1213000000, 1000000.00, 1, -24.59, -24.59
2026-06-28, 17:32:05, 1213000000, 1214000000, 1000000.00, 1, -24.58, -24.58
2026-06-28, 17:32:05, 1214000000, 1215000000, 1000000.00, 1, -24.66, -24.66
2026-06-28, 17:32:16, 960000000, 961000000, 1000000.00, 1, -24.62, -24.62
2026-06-28, 17:32:16, 961000000, 962000000, 1000000.00, 1, -24.62, -24.62
2026-06-28, 17:32:16, 962000000, 963000000, 1000000.00, 1, -24.65, -24.65
2026-06-28, 17:32:16, 963000000, 964000000, 1000000.00, 1, -24.54, -24.54
2026-06-28, 17:32:16, 964000000, 965000000, 1000000.00, 1, -24.53, -24.53
2026-06-28, 17:32:16, 965000000, 966000000, 1000000.00, 1, -24.50, -24.50
2026-06-28, 17:32:16, 966000000, 967000000, 1000000.00, 1, -24.69, -24.69
2026-06-28, 17:32:16, 967000000, 968000000, 1000000.00, 1, -24.66, -24.66
2026-06-28, 17:32:16, 968000000, 969000000, 1000000.00, 1, -24.65, -24.65
2026-06-28, 17:32:16, 969000000, 970000000, 1000000.00, 1, -24.61, -24.61
2026-06-28, 17:32:16, 970000000, 971000000, 1000000.00, 1, -24.52, -24.52
2026-06-28, 17:32:16, 971000000, 972000000, 1000000.00, 1, -24.54, -24.54
2026-06-28, 17:32:16, 972000000, 973000000, 1000000.00, 1, -24.65, -24.65
2026-06-28, 17:32:16, 973000000, 974000000, 1000000.00, 1, -24.66, -24.66
2026-06-28, 17:32:16, 974000000, 975000000, 1000000.00, 1, -24.66, -24.66
2026-06-28, 17:32:16, 975000000, 976000000, 1000000.00, 1, -24.60, -24.60
2026-06-28, 17:32:16, 976000000, 977000000, 1000000.00, 1, -24.59, -24.59
2026-06-28, 17:32:16, 977000000, 978000000, 1000000.00, 1, -24.54, -24.54
2026-06-28, 17:32:16, 978000000, 979000000, 1000000.00, 1, -24.61, -24.61
2026-06-28, 17:32:16, 979000000, 980000000, 1000000.00, 1, -24.63, -24.63
2026-06-28, 17:32:16, 980000000, 981000000, 1000000.00, 1, -24.57, -24.57
2026-06-28, 17:32:16, 981000000, 982000000, 1000000.00, 1, -24.62, -24.62
2026-06-28, 17:32:16, 982000000, 983000000, 1000000.00, 1, -24.53, -24.53
2026-06-28, 17:32:16, 983000000, 984000000, 1000000.00, 1, -24.55, -24.55
2026-06-28, 17:32:16, 984000000, 985000000, 1000000.00, 1, -24.52, -24.52
2026-06-28, 17:32:16, 985000000, 986000000, 1000000.00, 1, -24.70, -24.70
2026-06-28, 17:32:16, 986000000, 987000000, 1000000.00, 1, -24.66, -24.66
2026-06-28, 17:32:16, 987000000, 988000000, 1000000.00, 1, -24.64, -24.64
2026-06-28, 17:32:16, 988000000, 989000000, 1000000.00, 1, -24.61, -24.61
2026-06-28, 17:32:16, 989000000, 990000000, 1000000.00, 1, -24.53, -24.53
2026-06-28, 17:32:16, 990000000, 991000000, 1000000.00, 1, -24.52, -24.52
2026-06-28, 17:32:16, 991000000, 992000000, 1000000.00, 1, -24.64, -24.64
2026-06-28, 17:32:16, 992000000, 993000000, 1000000.00, 1, -24.64, -24.64
2026-06-28, 17:32:16, 993000000, 994000000, 1000000.00, 1, -24.62, -24.62
2026-06-28, 17:32:16, 994000000, 995000000, 1000000.00, 1, -24.58, -24.58
2026-06-28, 17:32:16, 995000000, 996000000, 1000000.00, 1, -24.57, -24.57
2026-06-28, 17:32:16, 996000000, 997000000, 1000000.00, 1, -24.54, -24.54
2026-06-28, 17:32:16, 997000000, 998000000, 1000000.00, 1, -24.59, -24.59
2026-06-28, 17:32:16, 998000000, 999000000, 1000000.00, 1, -24.71, -24.71
2026-06-28, 17:32:16, 999000000, 1000000000, 1000000.00, 1, -24.66, -24.66
2026-06-28, 17:32:16, 1000000000, 1001000000, 1000000.00, 1, -24.65, -24.65
2026-06-28, 17:32:16, 1001000000, 1002000000, 1000000.00, 1, -24.53, -24.53
2026-06-28, 17:32:16, 1002000000, 1003000000, 1000000.00, 1, -24.53, -24.53
2026-06-28, 17:32:16, 1003000000, 1004000000, 1000000.00, 1, -24.53, -24.53
2026-06-28, 17:32:16, 1004000000, 1005000000, 1000000.00, 1, -24.71, -24.71
2026-06-28, 17:32:16, 1005000000, 1006000000, 1000000.00, 1, -24.62, -24.62
2026-06-28, 17:32:16, 1006000000, 1007000000, 1000000.00, 1, -24.59, -24.59
2026-06-28, 17:32:16, 1007000000, 1008000000, 1000000.00, 1, -24.59, -24.59
2026-06-28, 17:32:16, 1008000000, 1009000000, 1000000.00, 1, -24.54, -24.54
2026-06-28, 17:32:16, 1009000000, 1010000000, 1000000.00, 1, -24.57, -24.57
2026-06-28, 17:32:16, 1010000000, 1011000000, 1000000.00, 1, -24.67, -24.67
2026-06-28, 17:32:16, 1011000000, 1012000000, 1000000.00, 1, -24.67, -24.67
2026-06-28, 17:32:16, 1012000000, 1013000000, 1000000.00, 1, -24.63, -24.63
2026-06-28, 17:32:16, 1013000000, 1014000000, 1000000.00, 1, -24.61, -24.61
2026-06-28, 17:32:16, 1014000000, 1015000000, 1000000.00, 1, -24.63, -24.63
2026-06-28, 17:32:16, 1015000000, 1016000000, 1000000.00, 1, -24.55, -24.55
2026-06-28, 17:32:16, 1016000000, 1017000000, 1000000.00, 1, -24.55, -24.55
2026-06-28, 17:32:16, 1017000000, 1018000000, 1000000.00, 1, -24.66, -24.66
2026-06-28, 17:32:16, 1018000000, 1019000000, 1000000.00, 1, -24.63, -24.63
2026-06-28, 17:32:16, 1019000000, 1020000000, 1000000.00, 1, -24.56, -24.56
2026-06-28, 17:32:16, 1020000000, 1021000000, 1000000.00, 1, -24.54, -24.54
2026-06-28, 17:32:16, 1021000000, 1022000000, 1000000.00, 1, -24.58, -24.58
2026-06-28, 17:32:16, 1022000000, 1023000000, 1000000.00, 1, -24.55, -24.55
2026-06-28, 17:32:16, 1023000000, 1024000000, 1000000.00, 1, -24.68, -24.68
2026-06-28, 17:32:16, 1024000000, 1025000000, 1000000.00, 1, -24.67, -24.67
2026-06-28, 17:32:16, 1025000000, 1026000000, 1000000.00, 1, -24.62, -24.62
2026-06-28, 17:32:16, 1026000000, 1027000000, 1000000.00, 1, -24.64, -24.64
2026-06-28, 17:32:16, 1027000000, 1028000000, 1000000.00, 1, -24.60, -24.60
2026-06-28, 17:32:16, 1028000000, 1029000000, 1000000.00, 1, -24.49, -24.49
2026-06-28, 17:32:16, 1029000000, 1030000000, 1000000.00, 1, -24.70, -24.70
2026-06-28, 17:32:16, 1030000000, 1031000000, 1000000.00, 1, -24.62, -24.62
2026-06-28, 17:32:16, 1031000000, 1032000000, 1000000.00, 1, -24.69, -24.69
2026-06-28, 17:32:16, 1032000000, 1033000000, 1000000.00, 1, -24.61, -24.61
2026-06-28, 17:32:16, 1033000000, 1034000000, 1000000.00, 1, -24.57, -24.57
2026-06-28, 17:32:16, 1034000000, 1035000000, 1000000.00, 1, -24.48, -24.48
2026-06-28, 17:32:16, 1035000000, 1036000000, 1000000.00, 1, -24.57, -24.57
2026-06-28, 17:32:16, 1036000000, 1037000000, 1000000.00, 1, -24.70, -24.70
2026-06-28, 17:32:16, 1037000000, 1038000000, 1000000.00, 1, -24.60, -24.60
2026-06-28, 17:32:16, 1038000000, 1039000000, 1000000.00, 1, -24.60, -24.60
2026-06-28, 17:32:16, 1039000000, 1040000000, 1000000.00, 1, -24.58, -24.58
2026-06-28, 17:32:16, 1040000000, 1041000000, 1000000.00, 1, -24.54, -24.54
2026-06-28, 17:32:16, 1041000000, 1042000000, 1000000.00, 1, -24.55, -24.55
2026-06-28, 17:32:16, 1042000000, 1043000000, 1000000.00, 1, -24.72, -24.72
2026-06-28, 17:32:16, 1043000000, 1044000000, 1000000.00, 1, -24.70, -24.70
2026-06-28, 17:32:16, 1044000000, 1045000000, 1000000.00, 1, -24.60, -24.60
2026-06-28, 17:32:16, 1045000000, 1046000000, 1000000.00, 1, -24.62, -24.62
2026-06-28, 17:32:16, 1046000000, 1047000000, 1000000.00, 1, -24.52, -24.52
2026-06-28, 17:32:16, 1047000000, 1048000000, 1000000.00, 1, -24.53, -24.53
2026-06-28, 17:32:16, 1048000000, 1049000000, 1000000.00, 1, -24.73, -24.73
2026-06-28, 17:32:16, 1049000000, 1050000000, 1000000.00, 1, -24.67, -24.67
2026-06-28, 17:32:16, 1050000000, 1051000000, 1000000.00, 1, -24.58, -24.58
2026-06-28, 17:32:16, 1051000000, 1052000000, 1000000.00, 1, -24.57, -24.57
2026-06-28, 17:32:16, 1052000000, 1053000000, 1000000.00, 1, -24.61, -24.61
2026-06-28, 17:32:16, 1053000000, 1054000000, 1000000.00, 1, -24.56, -24.56
2026-06-28, 17:32:16, 1054000000, 1055000000, 1000000.00, 1, -24.55, -24.55
2026-06-28, 17:32:16, 1055000000, 1056000000, 1000000.00, 1, -24.62, -24.62
2026-06-28, 17:32:16, 1056000000, 1057000000, 1000000.00, 1, -24.57, -24.57
2026-06-28, 17:32:16, 1057000000, 1058000000, 1000000.00, 1, -24.55, -24.55
2026-06-28, 17:32:16, 1058000000, 1059000000, 1000000.00, 1, -24.55, -24.55
2026-06-28, 17:32:16, 1059000000, 1060000000, 1000000.00, 1, -24.54, -24.54
2026-06-28, 17:32:16, 1060000000, 1061000000, 1000000.00, 1, -24.55, -24.55
2026-06-28, 17:32:16, 1061000000, 1062000000, 1000000.00, 1, -24.70, -24.70
2026-06-28, 17:32:16, 1062000000, 1063000000, 1000000.00, 1, -24.61, -24.61
2026-06-28, 17:32:16, 1063000000, 1064000000, 1000000.00, 1, -24.60, -24.60
2026-06-28, 17:32:16, 1064000000, 1065000000, 1000000.00, 1, -24.57, -24.57
2026-06-28, 17:32:16, 1065000000, 1066000000, 1000000.00, 1, -24.56, -24.56
2026-06-28, 17:32:16, 1066000000, 1067000000, 1000000.00, 1, -24.53, -24.53
2026-06-28, 17:32:16, 1067000000, 1068000000, 1000000.00, 1, -24.68, -24.68
2026-06-28, 17:32:16, 1068000000, 1069000000, 1000000.00, 1, -24.66, -24.66
2026-06-28, 17:32:16, 1069000000, 1070000000, 1000000.00, 1, -24.61, -24.61
2026-06-28, 17:32:16, 1070000000, 1071000000, 1000000.00, 1, -24.62, -24.62
2026-06-28, 17:32:16, 1071000000, 1072000000, 1000000.00, 1, -24.56, -24.56
2026-06-28, 17:32:16, 1072000000, 1073000000, 1000000.00, 1, -24.56, -24.56
2026-06-28, 17:32:16, 1073000000, 1074000000, 1000000.00, 1, -24.55, -24.55
2026-06-28, 17:32:16, 1074000000, 1075000000, 1000000.00, 1, -24.66, -24.66
2026-06-28, 17:32:16, 1075000000, 1076000000, 1000000.00, 1, -24.64, -24.64
2026-06-28, 17:32:16, 1076000000, 1077000000, 1000000.00, 1, -24.64, -24.64
2026-06-28, 17:32:16, 1077000000, 1078000000, 1000000.00, 1, -24.58, -24.58
2026-06-28, 17:32:16, 1078000000, 1079000000, 1000000.00, 1, -24.58, -24.58
2026-06-28, 17:32:16, 1079000000, 1080000000, 1000000.00, 1, -24.59, -24.59
2026-06-28, 17:32:16, 1080000000, 1081000000, 1000000.00, 1, -24.69, -24.69
2026-06-28, 17:32:16, 1081000000, 1082000000, 1000000.00, 1, -24.61, -24.61
2026-06-28, 17:32:16, 1082000000, 1083000000, 1000000.00, 1, -24.65, -24.65
2026-06-28, 17:32:16, 1083000000, 1084000000, 1000000.00, 1, -24.66, -24.66
2026-06-28, 17:32:16, 1084000000, 1085000000, 1000000.00, 1, -24.63, -24.63
2026-06-28, 17:32:16, 1085000000, 1086000000, 1000000.00, 1, -24.48, -24.48
2026-06-28, 17:32:16, 1086000000, 1087000000, 1000000.00, 1, -24.69, -24.69
2026-06-28, 17:32:16, 1087000000, 1088000000, 1000000.00, 1, -24.75, -24.75
2026-06-28, 17:32:16, 1088000000, 1089000000, 1000000.00, 1, -24.64, -24.64
2026-06-28, 17:32:16, 1089000000, 1090000000, 1000000.00, 1, -24.61, -24.61
2026-06-28, 17:32:16, 1090000000, 1091000000, 1000000.00, 1, -24.51, -24.51
2026-06-28, 17:32:16, 1091000000, 1092000000, 1000000.00, 1, -24.55, -24.55
2026-06-28, 17:32:16, 1092000000, 1093000000, 1000000.00, 1, -24.57, -24.57
2026-06-28, 17:32:16, 1093000000, 1094000000, 1000000.00, 1, -24.74, -24.74
2026-06-28, 17:32:16, 1094000000, 1095000000, 1000000.00, 1, -24.64, -24.64
2026-06-28, 17:32:16, 1095000000, 1096000000, 1000000.00, 1, -24.64, -24.64
2026-06-28, 17:32:16, 1096000000, 1097000000, 1000000.00, 1, -24.55, -24.55
2026-06-28, 17:32:16, 1097000000, 1098000000, 1000000.00, 1, -24.54, -24.54
2026-06-28, 17:32:16, 1098000000, 1099000000, 1000000.00, 1, -24.50, -24.50
2026-06-28, 17:32:16, 1099000000, 1100000000, 1000000.00, 1, -24.69, -24.69
2026-06-28, 17:32:16, 1100000000, 1101000000, 1000000.00, 1, -24.68, -24.68
2026-06-28, 17:32:16, 1101000000, 1102000000, 1000000.00, 1, -24.66, -24.66
2026-06-28, 17:32:16, 1102000000, 1103000000, 1000000.00, 1, -24.57, -24.57
2026-06-28, 17:32:16, 1103000000, 1104000000, 1000000.00, 1, -24.59, -24.59
2026-06-28, 17:32:16, 1104000000, 1105000000, 1000000.00, 1, -24.55, -24.55
2026-06-28, 17:32:16, 1105000000, 1106000000, 1000000.00, 1, -24.56, -24.56
2026-06-28, 17:32:16, 1106000000, 1107000000, 1000000.00, 1, -24.69, -24.69
2026-06-28, 17:32:16, 1107000000, 1108000000, 1000000.00, 1, -24.65, -24.65
2026-06-28, 17:32:16, 1108000000, 1109000000, 1000000.00, 1, -24.57, -24.57
2026-06-28, 17:32:16, 1109000000, 1110000000, 1000000.00, 1, -24.58, -24.58
2026-06-28, 17:32:16, 1110000000, 1111000000, 1000000.00, 1, -24.52, -24.52
2026-06-28, 17:32:16, 1111000000, 1112000000, 1000000.00, 1, -24.50, -24.50
2026-06-28, 17:32:16, 1112000000, 1113000000, 1000000.00, 1, -24.71, -24.71
2026-06-28, 17:32:16, 1113000000, 1114000000, 1000000.00, 1, -24.66, -24.66
2026-06-28, 17:32:16, 1114000000, 1115000000, 1000000.00, 1, -24.66, -24.66
2026-06-28, 17:32:16, 1115000000, 1116000000, 1000000.00, 1, -24.59, -24.59
2026-06-28, 17:32:16, 1116000000, 1117000000, 1000000.00, 1, -24.58, -24.58
2026-06-28, 17:32:16, 1117000000, 1118000000, 1000000.00, 1, -24.50, -24.50
2026-06-28, 17:32:16, 1118000000, 1119000000, 1000000.00, 1, -24.65, -24.65
2026-06-28, 17:32:16, 1119000000, 1120000000, 1000000.00, 1, -24.61, -24.61
2026-06-28, 17:32:16, 1120000000, 1121000000, 1000000.00, 1, -24.66, -24.66
2026-06-28, 17:32:16, 1121000000, 1122000000, 1000000.00, 1, -24.56, -24.56
2026-06-28, 17:32:16, 1122000000, 1123000000, 1000000.00, 1, -24.50, -24.50
2026-06-28, 17:32:16, 1123000000, 1124000000, 1000000.00, 1, -24.54, -24.54
2026-06-28, 17:32:16, 1124000000, 1125000000, 1000000.00, 1, -24.48, -24.48
2026-06-28, 17:32:16, 1125000000, 1126000000, 1000000.00, 1, -24.67, -24.67
2026-06-28, 17:32:16, 1126000000, 1127000000, 1000000.00, 1, -24.63, -24.63
2026-06-28, 17:32:16, 1127000000, 1128000000, 1000000.00, 1, -24.59, -24.59
2026-06-28, 17:32:16, 1128000000, 1129000000, 1000000.00, 1, -24.55, -24.55
2026-06-28, 17:32:16, 1129000000, 1130000000, 1000000.00, 1, -24.54, -24.54
2026-06-28, 17:32:16, 1130000000, 1131000000, 1000000.00, 1, -24.60, -24.60
2026-06-28, 17:32:16, 1131000000, 1132000000, 1000000.00, 1, -24.72, -24.72
2026-06-28, 17:32:16, 1132000000, 1133000000, 1000000.00, 1, -24.68, -24.68
2026-06-28, 17:32:16, 1133000000, 1134000000, 1000000.00, 1, -24.61, -24.61
2026-06-28, 17:32:16, 1134000000, 1135000000, 1000000.00, 1, -24.59, -24.59
2026-06-28, 17:32:16, 1135000000, 1136000000, 1000000.00, 1, -24.53, -24.53
2026-06-28, 17:32:16, 1136000000, 1137000000, 1000000.00, 1, -24.50, -24.50
2026-06-28, 17:32:16, 1137000000, 1138000000, 1000000.00, 1, -24.71, -24.71
2026-06-28, 17:32:16, 1138000000, 1139000000, 1000000.00, 1, -24.70, -24.70
2026-06-28, 17:32:16, 1139000000, 1140000000, 1000000.00, 1, -24.60, -24.60
2026-06-28, 17:32:16, 1140000000, 1141000000, 1000000.00, 1, -24.63, -24.63
2026-06-28, 17:32:16, 1141000000, 1142000000, 1000000.00, 1, -24.59, -24.59
2026-06-28, 17:32:16, 1142000000, 1143000000, 1000000.00, 1, -24.61, -24.61
2026-06-28, 17:32:16, 1143000000, 1144000000, 1000000.00, 1, -24.53, -24.53
2026-06-28, 17:32:16, 1144000000, 1145000000, 1000000.00, 1, -24.67, -24.67
2026-06-28, 17:32:16, 1145000000, 1146000000, 1000000.00, 1, -24.59, -24.59
2026-06-28, 17:32:16, 1146000000, 1147000000, 1000000.00, 1, -24.66, -24.66
2026-06-28, 17:32:16, 1147000000, 1148000000, 1000000.00, 1, -24.54, -24.54
2026-06-28, 17:32:16, 1148000000, 1149000000, 1000000.00, 1, -24.52, -24.52
2026-06-28, 17:32:16, 1149000000, 1150000000, 1000000.00, 1, -24.60, -24.60
2026-06-28, 17:32:16, 1150000000, 1151000000, 1000000.00, 1, -24.69, -24.69
2026-06-28, 17:32:16, 1151000000, 1152000000, 1000000.00, 1, -24.63, -24.63
2026-06-28, 17:32:16, 1152000000, 1153000000, 1000000.00, 1, -24.62, -24.62
2026-06-28, 17:32:16, 1153000000, 1154000000, 1000000.00, 1, -24.57, -24.57
2026-06-28, 17:32:16, 1154000000, 1155000000, 1000000.00, 1, -24.56, -24.56
2026-06-28, 17:32:16, 1155000000, 1156000000, 1000000.00, 1, -24.55, -24.55
2026-06-28, 17:32:16, 1156000000, 1157000000, 1000000.00, 1, -24.70, -24.70
2026-06-28, 17:32:16, 1157000000, 1158000000, 1000000.00, 1, -24.66, -24.66
2026-06-28, 17:32:16, 1158000000, 1159000000, 1000000.00, 1, -24.66, -24.66
2026-06-28, 17:32:16, 1159000000, 1160000000, 1000000.00, 1, -24.64, -24.64
2026-06-28, 17:32:16, 1160000000, 1161000000, 1000000.00, 1, -24.57, -24.57
2026-06-28, 17:32:16, 1161000000, 1162000000, 1000000.00, 1, -24.57, -24.57
2026-06-28, 17:32:16, 1162000000, 1163000000, 1000000.00, 1, -24.55, -24.55
2026-06-28, 17:32:16, 1163000000, 1164000000, 1000000.00, 1, -24.71, -24.71
2026-06-28, 17:32:16, 1164000000, 1165000000, 1000000.00, 1, -24.64, -24.64
2026-06-28, 17:32:16, 1165000000, 1166000000, 1000000.00, 1, -24.62, -24.62
2026-06-28, 17:32:16, 1166000000, 1167000000, 1000000.00, 1, -24.65, -24.65
2026-06-28, 17:32:16, 1167000000, 1168000000, 1000000.00, 1, -24.51, -24.51
2026-06-28, 17:32:16, 1168000000, 1169000000, 1000000.00, 1, -24.52, -24.52
2026-06-28, 17:32:16, 1169000000, 1170000000, 1000000.00, 1, -24.70, -24.70
2026-06-28, 17:32:16, 1170000000, 1171000000, 1000000.00, 1, -24.70, -24.70
2026-06-28, 17:32:16, 1171000000, 1172000000, 1000000.00, 1, -24.64, -24.64
2026-06-28, 17:32:16, 1172000000, 1173000000, 1000000.00, 1, -24.59, -24.59
2026-06-28, 17:32:16, 1173000000, 1174000000, 1000000.00, 1, -24.57, -24.57
2026-06-28, 17:32:16, 1174000000, 1175000000, 1000000.00, 1, -24.54, -24.54
2026-06-28, 17:32:16, 1175000000, 1176000000, 1000000.00, 1, -24.65, -24.65
2026-06-28, 17:32:16, 1176000000, 1177000000, 1000000.00, 1, -24.63, -24.63
2026-06-28, 17:32:16, 1177000000, 1178000000, 1000000.00, 1, -24.65, -24.65
2026-06-28, 17:32:16, 1178000000, 1179000000, 1000000.00, 1, -24.61, -24.61
2026-06-28, 17:32:16, 1179000000, 1180000000, 1000000.00, 1, -24.61, -24.61
2026-06-28, 17:32:16, 1180000000, 1181000000, 1000000.00, 1, -24.54, -24.54
2026-06-28, 17:32:16, 1181000000, 1182000000, 1000000.00, 1, -24.53, -24.53
2026-06-28, 17:32:16, 1182000000, 1183000000, 1000000.00, 1, -24.72, -24.72
2026-06-28, 17:32:16, 1183000000, 1184000000, 1000000.00, 1, -24.69, -24.69
2026-06-28, 17:32:16, 1184000000, 1185000000, 1000000.00, 1, -24.66, -24.66
2026-06-28, 17:32:16, 1185000000, 1186000000, 1000000.00, 1, -24.61, -24.61
2026-06-28, 17:32:16, 1186000000, 1187000000, 1000000.00, 1, -24.57, -24.57
2026-06-28, 17:32:16, 1187000000, 1188000000, 1000000.00, 1, -24.54, -24.54
2026-06-28, 17:32:16, 1188000000, 1189000000, 1000000.00, 1, -24.75, -24.75
2026-06-28, 17:32:16, 1189000000, 1190000000, 1000000.00, 1, -24.69, -24.69
2026-06-28, 17:32:16, 1190000000, 1191000000, 1000000.00, 1, -24.65, -24.65
2026-06-28, 17:32:16, 1191000000, 1192000000, 1000000.00, 1, -24.56, -24.56
2026-06-28, 17:32:16, 1192000000, 1193000000, 1000000.00, 1, -24.61, -24.61
2026-06-28, 17:32:16, 1193000000, 1194000000, 1000000.00, 1, -24.50, -24.50
2026-06-28, 17:32:16, 1194000000, 1195000000, 1000000.00, 1, -24.55, -24.55
2026-06-28, 17:32:16, 1195000000, 1196000000, 1000000.00, 1, -24.68, -24.68
2026-06-28, 17:32:16, 1196000000, 1197000000, 1000000.00, 1, -24.68, -24.68
2026-06-28, 17:32:16, 1197000000, 1198000000, 1000000.00, 1, -24.62, -24.62
2026-06-28, 17:32:16, 1198000000, 1199000000, 1000000.00, 1, -24.58, -24.58
2026-06-28, 17:32:16, 1199000000, 1200000000, 1000000.00, 1, -24.57, -24.57
2026-06-28, 17:32:16, 1200000000, 1201000000, 1000000.00, 1, -24.55, -24.55
2026-06-28, 17:32:16, 1201000000, 1202000000, 1000000.00, 1, -24.70, -24.70
2026-06-28, 17:32:16, 1202000000, 1203000000, 1000000.00, 1, -24.65, -24.65
2026-06-28, 17:32:16, 1203000000, 1204000000, 1000000.00, 1, -24.64, -24.64
2026-06-28, 17:32:16, 1204000000, 1205000000, 1000000.00, 1, -24.54, -24.54
2026-06-28, 17:32:16, 1205000000, 1206000000, 1000000.00, 1, -24.53, -24.53
2026-06-28, 17:32:16, 1206000000, 1207000000, 1000000.00, 1, -24.52, -24.52
2026-06-28, 17:32:16, 1207000000, 1208000000, 1000000.00, 1, -24.69, -24.69
2026-06-28, 17:32:16, 1208000000, 1209000000, 1000000.00, 1, -24.61, -24.61
2026-06-28, 17:32:16, 1209000000, 1210000000, 1000000.00, 1, -24.59, -24.59
2026-06-28, 17:32:16, 1210000000, 1211000000, 1000000.00, 1, -24.59, -24.59
2026-06-28, 17:32:16, 1211000000, 1212000000, 1000000.00, 1, -24.55, -24.55
2026-06-28, 17:32:16, 1212000000, 1213000000, 1000000.00, 1, -24.55, -24.55
2026-06-28, 17:32:16, 1213000000, 1214000000, 1000000.00, 1, -24.53, -24.53
2026-06-28, 17:32:16, 1214000000, 1215000000, 1000000.00, 1, -24.65, -24.65
2026-06-28, 17:32:26, 960000000, 961000000, 1000000.00, 1, -24.60, -24.60
2026-06-28, 17:32:26, 961000000, 962000000, 1000000.00, 1, -24.63, -24.63
2026-06-28, 17:32:26, 962000000, 963000000, 1000000.00, 1, -24.59, -24.59
2026-06-28, 17:32:26, 963000000, 964000000, 1000000.00, 1, -24.58, -24.58
2026-06-28, 17:32:26, 964000000, 965000000, 1000000.00, 1, -24.52, -24.52
2026-06-28, 17:32:26, 965000000, 966000000, 1000000.00, 1, -24.62, -24.62
2026-06-28, 17:32:26, 966000000, 967000000, 1000000.00, 1, -24.63, -24.63
2026-06-28, 17:32:26, 967000000, 968000000, 1000000.00, 1, -24.60, -24.60
2026-06-28, 17:32:26, 968000000, 969000000, 1000000.00, 1, -24.56, -24.56
2026-06-28, 17:32:26, 969000000, 970000000, 1000000.00, 1, -24.59, -24.59
2026-06-28, 17:32:26, 970000000, 971000000, 1000000.00, 1, -24.57, -24.57
2026-06-28, 17:32:26, 971000000, 972000000, 1000000.00, 1, -24.74, -24.74
2026-06-28, 17:32:26, 972000000, 973000000, 1000000.00, 1, -24.74, -24.74
2026-06-28, 17:32:26, 973000000, 974000000, 1000000.00, 1, -24.65, -24.65
2026-06-28, 17:32:26, 974000000, 975000000, 1000000.00, 1, -24.61, -24.61
2026-06-28, 17:32:26, 975000000, 976000000, 1000000.00, 1, -24.63, -24.63
2026-06-28, 17:32:26, 976000000, 977000000, 1000000.00, 1, -24.61, -24.61
2026-06-28, 17:32:26, 977000000, 978000000, 1000000.00, 1, -24.52, -24.52
2026-06-28, 17:32:26, 978000000, 979000000, 1000000.00, 1, -24.66, -24.66
2026-06-28, 17:32:26, 979000000, 980000000, 1000000.00, 1, -24.64, -24.64
2026-06-28, 17:32:26, 980000000, 981000000, 1000000.00, 1, -24.66, -24.66
2026-06-28, 17:32:26, 981000000, 982000000, 1000000.00, 1, -24.59, -24.59
2026-06-28, 17:32:26, 982000000, 983000000, 1000000.00, 1, -24.53, -24.53
2026-06-28, 17:32:26, 983000000, 984000000, 1000000.00, 1, -24.56, -24.56
2026-06-28, 17:32:26, 984000000, 985000000, 1000000.00, 1, -24.72, -24.72
2026-06-28, 17:32:26, 985000000, 986000000, 1000000.00, 1, -24.66, -24.66
2026-06-28, 17:32:26, 986000000, 987000000, 1000000.00, 1, -24.63, -24.63
2026-06-28, 17:32:26, 987000000, 988000000, 1000000.00, 1, -24.56, -24.56
2026-06-28, 17:32:26, 988000000, 989000000, 1000000.00, 1, -24.56, -24.56
2026-06-28, 17:32:26, 989000000, 990000000, 1000000.00, 1, -24.49, -24.49
2026-06-28, 17:32:26, 990000000, 991000000, 1000000.00, 1, -24.69, -24.69
2026-06-28, 17:32:26, 991000000, 992000000, 1000000.00, 1, -24.64, -24.64
2026-06-28, 17:32:26, 992000000, 993000000, 1000000.00, 1, -24.66, -24.66
2026-06-28, 17:32:26, 993000000, 994000000, 1000000.00, 1, -24.62, -24.62
2026-06-28, 17:32:26, 994000000, 995000000, 1000000.00, 1, -24.55, -24.55
2026-06-28, 17:32:26, 995000000, 996000000, 1000000.00, 1, -24.50, -24.50
2026-06-28, 17:32:26, 996000000, 997000000, 1000000.00, 1, -24.52, -24.52
2026-06-28, 17:32:26, 997000000, 998000000, 1000000.00, 1, -24.64, -24.64
2026-06-28, 17:32:26, 998000000, 999000000, 1000000.00, 1, -24.59, -24.59
2026-06-28, 17:32:26, 999000000, 1000000000, 1000000.00, 1, -24.63, -24.63
2026-06-28, 17:32:26, 1000000000, 1001000000, 1000000.00, 1, -24.56, -24.56
2026-06-28, 17:32:26, 1001000000, 1002000000, 1000000.00, 1, -24.56, -24.56
2026-06-28, 17:32:26, 1002000000, 1003000000, 1000000.00, 1, -24.53, -24.53
2026-06-28, 17:32:26, 1003000000, 1004000000, 1000000.00, 1, -24.68, -24.68
2026-06-28, 17:32:26, 1004000000, 1005000000, 1000000.00, 1, -24.64, -24.64
2026-06-28, 17:32:26, 1005000000, 1006000000, 1000000.00, 1, -24.64, -24.64
2026-06-28, 17:32:26, 1006000000, 1007000000, 1000000.00, 1, -24.62, -24.62
2026-06-28, 17:32:26, 1007000000, 1008000000, 1000000.00, 1, -24.53, -24.53
2026-06-28, 17:32:26, 1008000000, 1009000000, 1000000.00, 1, -24.57, -24.57
2026-06-28, 17:32:26, 1009000000, 1010000000, 1000000.00, 1, -24.68, -24.68
2026-06-28, 17:32:26, 1010000000, 1011000000, 1000000.00, 1, -24.69, -24.69
2026-06-28, 17:32:26, 1011000000, 1012000000, 1000000.00, 1, -24.63, -24.63
2026-06-28, 17:32:26, 1012000000, 1013000000, 1000000.00, 1, -24.62, -24.62
2026-06-28, 17:32:26, 1013000000, 1014000000, 1000000.00, 1, -24.56, -24.56
2026-06-28, 17:32:26, 1014000000, 1015000000, 1000000.00, 1, -24.49, -24.49
2026-06-28, 17:32:26, 1015000000, 1016000000, 1000000.00, 1, -24.52, -24.52
2026-06-28, 17:32:26, 1016000000, 1017000000, 1000000.00, 1, -24.68, -24.68
2026-06-28, 17:32:26, 1017000000, 1018000000, 1000000.00, 1, -24.63, -24.63
2026-06-28, 17:32:26, 1018000000, 1019000000, 1000000.00, 1, -24.64, -24.64
2026-06-28, 17:32:26, 1019000000, 1020000000, 1000000.00, 1, -24.60, -24.60
2026-06-28, 17:32:26, 1020000000, 1021000000, 1000000.00, 1, -24.54, -24.54
2026-06-28, 17:32:26, 1021000000, 1022000000, 1000000.00, 1, -24.53, -24.53
2026-06-28, 17:32:26, 1022000000, 1023000000, 1000000.00, 1, -24.78, -24.78
2026-06-28, 17:32:26, 1023000000, 1024000000, 1000000.00, 1, -24.67, -24.67
2026-06-28, 17:32:26, 1024000000, 1025000000, 1000000.00, 1, -24.60, -24.60
2026-06-28, 17:32:26, 1025000000, 1026000000, 1000000.00, 1, -24.62, -24.62
2026-06-28, 17:32:26, 1026000000, 1027000000, 1000000.00, 1, -24.54, -24.54
2026-06-28, 17:32:26, 1027000000, 1028000000, 1000000.00, 1, -24.55, -24.55
2026-06-28, 17:32:26, 1028000000, 1029000000, 1000000.00, 1, -24.64, -24.64
2026-06-28, 17:32:26, 1029000000, 1030000000, 1000000.00, 1, -24.64, -24.64
2026-06-28, 17:32:26, 1030000000, 1031000000, 1000000.00, 1, -24.65, -24.65
2026-06-28, 17:32:26, 1031000000, 1032000000, 1000000.00, 1, -24.64, -24.64
2026-06-28, 17:32:26, 1032000000, 1033000000, 1000000.00, 1, -24.55, -24.55
2026-06-28, 17:32:26, 1033000000, 1034000000, 1000000.00, 1, -24.58, -24.58
2026-06-28, 17:32:26, 1034000000, 1035000000, 1000000.00, 1, -24.52, -24.52
2026-06-28, 17:32:26, 1035000000, 1036000000, 1000000.00, 1, -24.66, -24.66
2026-06-28, 17:32:26, 1036000000, 1037000000, 1000000.00, 1, -24.60, -24.60
2026-06-28, 17:32:26, 1037000000, 1038000000, 1000000.00, 1, -24.61, -24.61
2026-06-28, 17:32:26, 1038000000, 1039000000, 1000000.00, 1, -24.60, -24.60
2026-06-28, 17:32:26, 1039000000, 1040000000, 1000000.00, 1, -24.51, -24.51
2026-06-28, 17:32:26, 1040000000, 1041000000, 1000000.00, 1, -24.51, -24.51
2026-06-28, 17:32:26, 1041000000, 1042000000, 1000000.00, 1, -24.63, -24.63
2026-06-28, 17:32:26, 1042000000, 1043000000, 1000000.00, 1, -24.61, -24.61
2026-06-28, 17:32:26, 1043000000, 1044000000, 1000000.00, 1, -24.63, -24.63
2026-06-28, 17:32:26, 1044000000, 1045000000, 1000000.00, 1, -24.57, -24.57
2026-06-28, 17:32:26, 1045000000, 1046000000, 1000000.00, 1, -24.60, -24.60
2026-06-28, 17:32:26, 1046000000, 1047000000, 1000000.00, 1, -24.55, -24.55
2026-06-28, 17:32:26, 1047000000, 1048000000, 1000000.00, 1, -24.53, -24.53
2026-06-28, 17:32:26, 1048000000, 1049000000, 1000000.00, 1, -24.71, -24.71
2026-06-28, 17:32:26, 1049000000, 1050000000, 1000000.00, 1, -24.66, -24.66
2026-06-28, 17:32:26, 1050000000, 1051000000, 1000000.00, 1, -24.58, -24.58
2026-06-28, 17:32:26, 1051000000, 1052000000, 1000000.00, 1, -24.54, -24.54
2026-06-28, 17:32:26, 1052000000, 1053000000, 1000000.00, 1, -24.51, -24.51
2026-06-28, 17:32:26, 1053000000, 1054000000, 1000000.00, 1, -24.47, -24.47
2026-06-28, 17:32:26, 1054000000, 1055000000, 1000000.00, 1, -24.67, -24.67
2026-06-28, 17:32:26, 1055000000, 1056000000, 1000000.00, 1, -24.72, -24.72
2026-06-28, 17:32:26, 1056000000, 1057000000, 1000000.00, 1, -24.64, -24.64
2026-06-28, 17:32:26, 1057000000, 1058000000, 1000000.00, 1, -24.56, -24.56
2026-06-28, 17:32:26, 1058000000, 1059000000, 1000000.00, 1, -24.57, -24.57
2026-06-28, 17:32:26, 1059000000, 1060000000, 1000000.00, 1, -24.50, -24.50
2026-06-28, 17:32:26, 1060000000, 1061000000, 1000000.00, 1, -24.71, -24.71
2026-06-28, 17:32:26, 1061000000, 1062000000, 1000000.00, 1, -24.68, -24.68
2026-06-28, 17:32:26, 1062000000, 1063000000, 1000000.00, 1, -24.64, -24.64
2026-06-28, 17:32:26, 1063000000, 1064000000, 1000000.00, 1, -24.57, -24.57
2026-06-28, 17:32:26, 1064000000, 1065000000, 1000000.00, 1, -24.58, -24.58
2026-06-28, 17:32:26, 1065000000, 1066000000, 1000000.00, 1, -24.59, -24.59
2026-06-28, 17:32:26, 1066000000, 1067000000, 1000000.00, 1, -24.49, -24.49
2026-06-28, 17:32:26, 1067000000, 1068000000, 1000000.00, 1, -24.69, -24.69
2026-06-28, 17:32:26, 1068000000, 1069000000, 1000000.00, 1, -24.62, -24.62
2026-06-28, 17:32:26, 1069000000, 1070000000, 1000000.00, 1, -24.60, -24.60
2026-06-28, 17:32:26, 1070000000, 1071000000, 1000000.00, 1, -24.56, -24.56
2026-06-28, 17:32:26, 1071000000, 1072000000, 1000000.00, 1, -24.61, -24.61
2026-06-28, 17:32:26, 1072000000, 1073000000, 1000000.00, 1, -24.50, -24.50
2026-06-28, 17:32:26, 1073000000, 1074000000, 1000000.00, 1, -24.67, -24.67
2026-06-28, 17:32:26, 1074000000, 1075000000, 1000000.00, 1, -24.71, -24.71
2026-06-28, 17:32:26, 1075000000, 1076000000, 1000000.00, 1, -24.65, -24.65
2026-06-28, 17:32:26, 1076000000, 1077000000, 1000000.00, 1, -24.62, -24.62
2026-06-28, 17:32:26, 1077000000, 1078000000, 1000000.00, 1, -24.55, -24.55
2026-06-28, 17:32:26, 1078000000, 1079000000, 1000000.00, 1, -24.53, -24.53
2026-06-28, 17:32:26, 1079000000, 1080000000, 1000000.00, 1, -24.66, -24.66
2026-06-28, 17:32:26, 1080000000, 1081000000, 1000000.00, 1, -24.72, -24.72
2026-06-28, 17:32:26, 1081000000, 1082000000, 1000000.00, 1, -24.64, -24.64
2026-06-28, 17:32:26, 1082000000, 1083000000, 1000000.00, 1, -24.64, -24.64
2026-06-28, 17:32:26, 1083000000, 1084000000, 1000000.00, 1, -24.59, -24.59
2026-06-28, 17:32:26, 1084000000, 1085000000, 1000000.00, 1, -24.53, -24.53
2026-06-28, 17:32:26, 1085000000, 1086000000, 1000000.00, 1, -24.52, -24.52
2026-06-28, 17:32:26, 1086000000, 1087000000, 1000000.00, 1, -24.71, -24.71
2026-06-28, 17:32:26, 1087000000, 1088000000, 1000000.00, 1, -24.67, -24.67
2026-06-28, 17:32:26, 1088000000, 1089000000, 1000000.00, 1, -24.57, -24.57
2026-06-28, 17:32:26, 1089000000, 1090000000, 1000000.00, 1, -24.53, -24.53
2026-06-28, 17:32:26, 1090000000, 1091000000, 1000000.00, 1, -24.52, -24.52
2026-06-28, 17:32:26, 1091000000, 1092000000, 1000000.00, 1, -24.53, -24.53
2026-06-28, 17:32:26, 1092000000, 1093000000, 1000000.00, 1, -24.66, -24.66
2026-06-28, 17:32:26, 1093000000, 1094000000, 1000000.00, 1, -24.61, -24.61
2026-06-28, 17:32:26, 1094000000, 1095000000, 1000000.00, 1, -24.62, -24.62
2026-06-28, 17:32:26, 1095000000, 1096000000, 1000000.00, 1, -24.62, -24.62
2026-06-28, 17:32:26, 1096000000, 1097000000, 1000000.00, 1, -24.58, -24.58
2026-06-28, 17:32:26, 1097000000, 1098000000, 1000000.00, 1, -24.54, -24.54
2026-06-28, 17:32:26, 1098000000, 1099000000, 1000000.00, 1, -24.73, -24.73
2026-06-28, 17:32:26, 1099000000, 1100000000, 1000000.00, 1, -24.69, -24.69
2026-06-28, 17:32:26, 1100000000, 1101000000, 1000000.00, 1, -24.70, -24.70
2026-06-28, 17:32:26, 1101000000, 1102000000, 1000000.00, 1, -24.62, -24.62
2026-06-28, 17:32:26, 1102000000, 1103000000, 1000000.00, 1, -24.57, -24.57
2026-06-28, 17:32:26, 1103000000, 1104000000, 1000000.00, 1, -24.60, -24.60
2026-06-28, 17:32:26, 1104000000, 1105000000, 1000000.00, 1, -24.53, -24.53
2026-06-28, 17:32:26, 1105000000, 1106000000, 1000000.00, 1, -24.68, -24.68
2026-06-28, 17:32:26, 1106000000, 1107000000, 1000000.00, 1, -24.61, -24.61
2026-06-28, 17:32:26, 1107000000, 1108000000, 1000000.00, 1, -24.59, -24.59
2026-06-28, 17:32:26, 1108000000, 1109000000, 1000000.00, 1, -24.60, -24.60
2026-06-28, 17:32:26, 1109000000, 1110000000, 1000000.00, 1, -24.52, -24.52
2026-06-28, 17:32:26, 1110000000, 1111000000, 1000000.00, 1, -24.55, -24.55
2026-06-28, 17:32:26, 1111000000, 1112000000, 1000000.00, 1, -24.69, -24.69
2026-06-28, 17:32:26, 1112000000, 1113000000, 1000000.00, 1, -24.70, -24.70
2026-06-28, 17:32:26, 1113000000, 1114000000, 1000000.00, 1, -24.63, -24.63
2026-06-28, 17:32:26, 1114000000, 1115000000, 1000000.00, 1, -24.58, -24.58
2026-06-28, 17:32:26, 1115000000, 1116000000, 1000000.00, 1, -24.58, -24.58
2026-06-28, 17:32:26, 1116000000, 1117000000, 1000000.00, 1, -24.53, -24.53
2026-06-28, 17:32:26, 1117000000, 1118000000, 1000000.00, 1, -24.62, -24.62
2026-06-28, 17:32:26, 1118000000, 1119000000, 1000000.00, 1, -24.67, -24.67
2026-06-28, 17:32:26, 1119000000, 1120000000, 1000000.00, 1, -24.61, -24.61
2026-06-28, 17:32:26, 1120000000, 1121000000, 1000000.00, 1, -24.65, -24.65
2026-06-28, 17:32:26, 1121000000, 1122000000, 1000000.00, 1, -24.52, -24.52
2026-06-28, 17:32:26, 1122000000, 1123000000, 1000000.00, 1, -24.59, -24.59
2026-06-28, 17:32:26, 1123000000, 1124000000, 1000000.00, 1, -24.49, -24.49
2026-06-28, 17:32:26, 1124000000, 1125000000, 1000000.00, 1, -24.72, -24.72
2026-06-28, 17:32:26, 1125000000, 1126000000, 1000000.00, 1, -24.69, -24.69
2026-06-28, 17:32:26, 1126000000, 1127000000, 1000000.00, 1, -24.60, -24.60
2026-06-28, 17:32:26, 1127000000, 1128000000, 1000000.00, 1, -24.55, -24.55
2026-06-28, 17:32:26, 1128000000, 1129000000, 1000000.00, 1, -24.63, -24.63
2026-06-28, 17:32:26, 1129000000, 1130000000, 1000000.00, 1, -24.52, -24.52
2026-06-28, 17:32:26, 1130000000, 1131000000, 1000000.00, 1, -24.72, -24.72
2026-06-28, 17:32:26, 1131000000, 1132000000, 1000000.00, 1, -24.68, -24.68
2026-06-28, 17:32:26, 1132000000, 1133000000, 1000000.00, 1, -24.63, -24.63
2026-06-28, 17:32:26, 1133000000, 1134000000, 1000000.00, 1, -24.54, -24.54
2026-06-28, 17:32:26, 1134000000, 1135000000, 1000000.00, 1, -24.57, -24.57
2026-06-28, 17:32:26, 1135000000, 1136000000, 1000000.00, 1, -24.51, -24.51
2026-06-28, 17:32:26, 1136000000, 1137000000, 1000000.00, 1, -24.55, -24.55
2026-06-28, 17:32:26, 1137000000, 1138000000, 1000000.00, 1, -24.63, -24.63
2026-06-28, 17:32:26, 1138000000, 1139000000, 1000000.00, 1, -24.65, -24.65
2026-06-28, 17:32:26, 1139000000, 1140000000, 1000000.00, 1, -24.64, -24.64
2026-06-28, 17:32:26, 1140000000, 1141000000, 1000000.00, 1, -24.60, -24.60
2026-06-28, 17:32:26, 1141000000, 1142000000, 1000000.00, 1, -24.52, -24.52
2026-06-28, 17:32:26, 1142000000, 1143000000, 1000000.00, 1, -24.52, -24.52
2026-06-28, 17:32:26, 1143000000, 1144000000, 1000000.00, 1, -24.68, -24.68
2026-06-28, 17:32:26, 1144000000, 1145000000, 1000000.00, 1, -24.65, -24.65
2026-06-28, 17:32:26, 1145000000, 1146000000, 1000000.00, 1, -24.68, -24.68
2026-06-28, 17:32:26, 1146000000, 1147000000, 1000000.00, 1, -24.61, -24.61
2026-06-28, 17:32:26, 1147000000, 1148000000, 1000000.00, 1, -24.58, -24.58
2026-06-28, 17:32:26, 1148000000, 1149000000, 1000000.00, 1, -24.58, -24.58
2026-06-28, 17:32:26, 1149000000, 1150000000, 1000000.00, 1, -24.66, -24.66
2026-06-28, 17:32:26, 1150000000, 1151000000, 1000000.00, 1, -24.67, -24.67
2026-06-28, 17:32:26, 1151000000, 1152000000, 1000000.00, 1, -24.65, -24.65
2026-06-28, 17:32:26, 1152000000, 1153000000, 1000000.00, 1, -24.56, -24.56
2026-06-28, 17:32:26, 1153000000, 1154000000, 1000000.00, 1, -24.54, -24.54
2026-06-28, 17:32:26, 1154000000, 1155000000, 1000000.00, 1, -24.65, -24.65
2026-06-28, 17:32:26, 1155000000, 1156000000, 1000000.00, 1, -24.56, -24.56
2026-06-28, 17:32:26, 1156000000, 1157000000, 1000000.00, 1, -24.68, -24.68
2026-06-28, 17:32:26, 1157000000, 1158000000, 1000000.00, 1, -24.67, -24.67
2026-06-28, 17:32:26, 1158000000, 1159000000, 1000000.00, 1, -24.61, -24.61
2026-06-28, 17:32:26, 1159000000, 1160000000, 1000000.00, 1, -24.54, -24.54
2026-06-28, 17:32:26, 1160000000, 1161000000, 1000000.00, 1, -24.58, -24.58
2026-06-28, 17:32:26, 1161000000, 1162000000, 1000000.00, 1, -24.55, -24.55
2026-06-28, 17:32:26, 1162000000, 1163000000, 1000000.00, 1, -24.73, -24.73
2026-06-28, 17:32:26, 1163000000, 1164000000, 1000000.00, 1, -24.66, -24.66
2026-06-28, 17:32:26, 1164000000, 1165000000, 1000000.00, 1, -24.59, -24.59
2026-06-28, 17:32:26, 1165000000, 1166000000, 1000000.00, 1, -24.58, -24.58
2026-06-28, 17:32:26, 1166000000, 1167000000, 1000000.00, 1, -24.52, -24.52
2026-06-28, 17:32:26, 1167000000, 1168000000, 1000000.00, 1, -24.49, -24.49
2026-06-28, 17:32:26, 1168000000, 1169000000, 1000000.00, 1, -24.64, -24.64
2026-06-28, 17:32:26, 1169000000, 1170000000, 1000000.00, 1, -24.70, -24.70
2026-06-28, 17:32:26, 1170000000, 1171000000, 1000000.00, 1, -24.57, -24.57
2026-06-28, 17:32:26, 1171000000, 1172000000, 1000000.00, 1, -24.57, -24.57
2026-06-28, 17:32:26, 1172000000, 1173000000, 1000000.00, 1, -24.52, -24.52
2026-06-28, 17:32:26, 1173000000, 1174000000, 1000000.00, 1, -24.56, -24.56
2026-06-28, 17:32:26, 1174000000, 1175000000, 1000000.00, 1, -24.53, -24.53
2026-06-28, 17:32:26, 1175000000, 1176000000, 1000000.00, 1, -24.65, -24.65
2026-06-28, 17:32:26, 1176000000, 1177000000, 1000000.00, 1, -24.57, -24.57
2026-06-28, 17:32:26, 1177000000, 1178000000, 1000000.00, 1, -24.60, -24.60
2026-06-28, 17:32:26, 1178000000, 1179000000, 1000000.00, 1, -24.63, -24.63
2026-06-28, 17:32:26, 1179000000, 1180000000, 1000000.00, 1, -24.62, -24.62
2026-06-28, 17:32:26, 1180000000, 1181000000, 1000000.00, 1, -24.51, -24.51
2026-06-28, 17:32:26, 1181000000, 1182000000, 1000000.00, 1, -24.65, -24.65
2026-06-28, 17:32:26, 1182000000, 1183000000, 1000000.00, 1, -24.67, -24.67
2026-06-28, 17:32:26, 1183000000, 1184000000, 1000000.00, 1, -24.63, -24.63
2026-06-28, 17:32:26, 1184000000, 1185000000, 1000000.00, 1, -24.62, -24.62
2026-06-28, 17:32:26, 1185000000, 1186000000, 1000000.00, 1, -24.58, -24.58
2026-06-28, 17:32:26, 1186000000, 1187000000, 1000000.00, 1, -24.54, -24.54
2026-06-28, 17:32:26, 1187000000, 1188000000, 1000000.00, 1, -24.69, -24.69
2026-06-28, 17:32:26, 1188000000, 1189000000, 1000000.00, 1, -24.60, -24.60
2026-06-28, 17:32:26, 1189000000, 1190000000, 1000000.00, 1, -24.64, -24.64
2026-06-28, 17:32:26, 1190000000, 1191000000, 1000000.00, 1, -24.55, -24.55
2026-06-28, 17:32:26, 1191000000, 1192000000, 1000000.00, 1, -24.55, -24.55
2026-06-28, 17:32:26, 1192000000, 1193000000, 1000000.00, 1, -24.52, -24.52
2026-06-28, 17:32:26, 1193000000, 1194000000, 1000000.00, 1, -24.55, -24.55
2026-06-28, 17:32:26, 1194000000, 1195000000, 1000000.00, 1, -24.71, -24.71
2026-06-28, 17:32:26, 1195000000, 1196000000, 1000000.00, 1, -24.60, -24.60
2026-06-28, 17:32:26, 1196000000, 1197000000, 1000000.00, 1, -24.65, -24.65
2026-06-28, 17:32:26, 1197000000, 1198000000, 1000000.00, 1, -24.56, -24.56
2026-06-28, 17:32:26, 1198000000, 1199000000, 1000000.00, 1, -24.56, -24.56
2026-06-28, 17:32:26, 1199000000, 1200000000, 1000000.00, 1, -24.50, -24.50
2026-06-28, 17:32:26, 1200000000, 1201000000, 1000000.00, 1, -24.63, -24.63
2026-06-28, 17:32:26, 1201000000, 1202000000, 1000000.00, 1, -24.69, -24.69
2026-06-28, 17:32:26, 1202000000, 1203000000, 1000000.00, 1, -24.63, -24.63
2026-06-28, 17:32:26, 1203000000, 1204000000, 1000000.00, 1, -24.63, -24.63
2026-06-28, 17:32:26, 1204000000, 1205000000, 1000000.00, 1, -24.54, -24.54
2026-06-28, 17:32:26, 1205000000, 1206000000, 1000000.00, 1, -24.57, -24.57
2026-06-28, 17:32:26, 1206000000, 1207000000, 1000000.00, 1, -24.70, -24.70
2026-06-28, 17:32:26, 1207000000, 1208000000, 1000000.00, 1, -24.63, -24.63
2026-06-28, 17:32:26, 1208000000, 1209000000, 1000000.00, 1, -24.64, -24.64
2026-06-28, 17:32:26, 1209000000, 1210000000, 1000000.00, 1, -24.63, -24.63
2026-06-28, 17:32:26, 1210000000, 1211000000, 1000000.00, 1, -24.59, -24.59
2026-06-28, 17:32:26, 1211000000, 1212000000, 1000000.00, 1, -24.55, -24.55
2026-06-28, 17:32:26, 1212000000, 1213000000, 1000000.00, 1, -24.52, -24.52
2026-06-28, 17:32:26, 1213000000, 1214000000, 1000000.00, 1, -24.72, -24.72
2026-06-28, 17:32:26, 1214000000, 1215000000, 1000000.00, 1, -24.60, -24.60
2026-06-28, 17:32:37, 960000000, 961000000, 1000000.00, 1, -24.59, -24.59
2026-06-28, 17:32:37, 961000000, 962000000, 1000000.00, 1, -24.59, -24.59
2026-06-28, 17:32:37, 962000000, 963000000, 1000000.00, 1, -24.59, -24.59
2026-06-28, 17:32:37, 963000000, 964000000, 1000000.00, 1, -24.54, -24.54
2026-06-28, 17:32:37, 964000000, 965000000, 1000000.00, 1, -24.67, -24.67
2026-06-28, 17:32:37, 965000000, 966000000, 1000000.00, 1, -24.68, -24.68
2026-06-28, 17:32:37, 966000000, 967000000, 1000000.00, 1, -24.60, -24.60
2026-06-28, 17:32:37, 967000000, 968000000, 1000000.00, 1, -24.58, -24.58
2026-06-28, 17:32:37, 968000000, 969000000, 1000000.00, 1, -24.60, -24.60
2026-06-28, 17:32:37, 969000000, 970000000, 1000000.00, 1, -24.52, -24.52
2026-06-28, 17:32:37, 970000000, 971000000, 1000000.00, 1, -24.59, -24.59
2026-06-28, 17:32:37, 971000000, 972000000, 1000000.00, 1, -24.71, -24.71
2026-06-28, 17:32:37, 972000000, 973000000, 1000000.00, 1, -24.62, -24.62
2026-06-28, 17:32:37, 973000000, 974000000, 1000000.00, 1, -24.60, -24.60
2026-06-28, 17:32:37, 974000000, 975000000, 1000000.00, 1, -24.57, -24.57
2026-06-28, 17:32:37, 975000000, 976000000, 1000000.00, 1, -24.54, -24.54
2026-06-28, 17:32:37, 976000000, 977000000, 1000000.00, 1, -24.52, -24.52
2026-06-28, 17:32:37, 977000000, 978000000, 1000000.00, 1, -24.68, -24.68
2026-06-28, 17:32:37, 978000000, 979000000, 1000000.00, 1, -24.68, -24.68
2026-06-28, 17:32:37, 979000000, 980000000, 1000000.00, 1, -24.61, -24.61
2026-06-28, 17:32:37, 980000000, 981000000, 1000000.00, 1, -24.60, -24.60
2026-06-28, 17:32:37, 981000000, 982000000, 1000000.00, 1, -24.58, -24.58
2026-06-28, 17:32:37, 982000000, 983000000, 1000000.00, 1, -24.48, -24.48
2026-06-28, 17:32:37, 983000000, 984000000, 1000000.00, 1, -24.73, -24.73
2026-06-28, 17:32:37, 984000000, 985000000, 1000000.00, 1, -24.72, -24.72
2026-06-28, 17:32:37, 985000000, 986000000, 1000000.00, 1, -24.60, -24.60
2026-06-28, 17:32:37, 986000000, 987000000, 1000000.00, 1, -24.56, -24.56
2026-06-28, 17:32:37, 987000000, 988000000, 1000000.00, 1, -24.55, -24.55
2026-06-28, 17:32:37, 988000000, 989000000, 1000000.00, 1, -24.58, -24.58
2026-06-28, 17:32:37, 989000000, 990000000, 1000000.00, 1, -24.56, -24.56
2026-06-28, 17:32:37, 990000000, 991000000, 1000000.00, 1, -24.71, -24.71
2026-06-28, 17:32:37, 991000000, 992000000, 1000000.00, 1, -24.64, -24.64
2026-06-28, 17:32:37, 992000000, 993000000, 1000000.00, 1, -24.62, -24.62
2026-06-28, 17:32:37, 993000000, 994000000, 1000000.00, 1, -24.60, -24.60
2026-06-28, 17:32:37, 994000000, 995000000, 1000000.00, 1, -24.57, -24.57
2026-06-28, 17:32:37, 995000000, 996000000, 1000000.00, 1, -24.50, -24.50
2026-06-28, 17:32:37, 996000000, 997000000, 1000000.00, 1, -24.66, -24.66
2026-06-28, 17:32:37, 997000000, 998000000, 1000000.00, 1, -24.62, -24.62
2026-06-28, 17:32:37, 998000000, 999000000, 1000000.00, 1, -24.57, -24.57
2026-06-28, 17:32:37, 999000000, 1000000000, 1000000.00, 1, -24.53, -24.53
2026-06-28, 17:32:37, 1000000000, 1001000000, 1000000.00, 1, -24.51, -24.51
2026-06-28, 17:32:37, 1001000000, 1002000000, 1000000.00, 1, -24.56, -24.56
2026-06-28, 17:32:37, 1002000000, 1003000000, 1000000.00, 1, -24.72, -24.72
2026-06-28, 17:32:37, 1003000000, 1004000000, 1000000.00, 1, -24.77, -24.77
2026-06-28, 17:32:37, 1004000000, 1005000000, 1000000.00, 1, -24.64, -24.64
2026-06-28, 17:32:37, 1005000000, 1006000000, 1000000.00, 1, -24.60, -24.60
2026-06-28, 17:32:37, 1006000000, 1007000000, 1000000.00, 1, -24.62, -24.62
2026-06-28, 17:32:37, 1007000000, 1008000000, 1000000.00, 1, -24.54, -24.54
2026-06-28, 17:32:37, 1008000000, 1009000000, 1000000.00, 1, -24.49, -24.49
2026-06-28, 17:32:37, 1009000000, 1010000000, 1000000.00, 1, -24.69, -24.69
2026-06-28, 17:32:37, 1010000000, 1011000000, 1000000.00, 1, -24.63, -24.63
2026-06-28, 17:32:37, 1011000000, 1012000000, 1000000.00, 1, -24.59, -24.59
2026-06-28, 17:32:37, 1012000000, 1013000000, 1000000.00, 1, -24.55, -24.55
2026-06-28, 17:32:37, 1013000000, 1014000000, 1000000.00, 1, -24.50, -24.50
2026-06-28, 17:32:37, 1014000000, 1015000000, 1000000.00, 1, -24.52, -24.52
2026-06-28, 17:32:37, 1015000000, 1016000000, 1000000.00, 1, -24.66, -24.66
2026-06-28, 17:32:37, 1016000000, 1017000000, 1000000.00, 1, -24.63, -24.63
2026-06-28, 17:32:37, 1017000000, 1018000000, 1000000.00, 1, -24.61, -24.61
2026-06-28, 17:32:37, 1018000000, 1019000000, 1000000.00, 1, -24.62, -24.62
2026-06-28, 17:32:37, 1019000000, 1020000000, 1000000.00, 1, -24.53, -24.53
2026-06-28, 17:32:37, 1020000000, 1021000000, 1000000.00, 1, -24.52, -24.52
2026-06-28, 17:32:37, 1021000000, 1022000000, 1000000.00, 1, -24.66, -24.66
2026-06-28, 17:32:37, 1022000000, 1023000000, 1000000.00, 1, -24.69, -24.69
2026-06-28, 17:32:37, 1023000000, 1024000000, 1000000.00, 1, -24.65, -24.65
2026-06-28, 17:32:37, 1024000000, 1025000000, 1000000.00, 1, -24.59, -24.59
2026-06-28, 17:32:37, 1025000000, 1026000000, 1000000.00, 1, -24.57, -24.57
2026-06-28, 17:32:37, 1026000000, 1027000000, 1000000.00, 1, -24.46, -24.46
2026-06-28, 17:32:37, 1027000000, 1028000000, 1000000.00, 1, -24.57, -24.57
2026-06-28, 17:32:37, 1028000000, 1029000000, 1000000.00, 1, -24.67, -24.67
2026-06-28, 17:32:37, 1029000000, 1030000000, 1000000.00, 1, -24.64, -24.64
2026-06-28, 17:32:37, 1030000000, 1031000000, 1000000.00, 1, -24.60, -24.60
2026-06-28, 17:32:37, 1031000000, 1032000000, 1000000.00, 1, -24.56, -24.56
2026-06-28, 17:32:37, 1032000000, 1033000000, 1000000.00, 1, -24.54, -24.54
2026-06-28, 17:32:37, 1033000000, 1034000000, 1000000.00, 1, -24.54, -24.54
2026-06-28, 17:32:37, 1034000000, 1035000000, 1000000.00, 1, -24.70, -24.70
2026-06-28, 17:32:37, 1035000000, 1036000000, 1000000.00, 1, -24.67, -24.67
2026-06-28, 17:32:37, 1036000000, 1037000000, 1000000.00, 1, -24.64, -24.64
2026-06-28, 17:32:37, 1037000000, 1038000000, 1000000.00, 1, -24.57, -24.57
2026-06-28, 17:32:37, 1038000000, 1039000000, 1000000.00, 1, -24.52, -24.52
2026-06-28, 17:32:37, 1039000000, 1040000000, 1000000.00, 1, -24.51, -24.51
2026-06-28, 17:32:37, 1040000000, 1041000000, 1000000.00, 1, -24.63, -24.63
2026-06-28, 17:32:37, 1041000000, 1042000000, 1000000.00, 1, -24.63, -24.63
2026-06-28, 17:32:37, 1042000000, 1043000000, 1000000.00, 1, -24.57, -24.57
2026-06-28, 17:32:37, 1043000000, 1044000000, 1000000.00, 1, -24.61, -24.61
2026-06-28, 17:32:37, 1044000000, 1045000000, 1000000.00, 1, -24.56, -24.56
2026-06-28, 17:32:37, 1045000000, 1046000000, 1000000.00, 1, -24.55, -24.55
2026-06-28, 17:32:37, 1046000000, 1047000000, 1000000.00, 1, -24.50, -24.50
2026-06-28, 17:32:37, 1047000000, 1048000000, 1000000.00, 1, -24.65, -24.65
2026-06-28, 17:32:37, 1048000000, 1049000000, 1000000.00, 1, -24.66, -24.66
2026-06-28, 17:32:37, 1049000000, 1050000000, 1000000.00, 1, -24.57, -24.57
2026-06-28, 17:32:37, 1050000000, 1051000000, 1000000.00, 1, -24.55, -24.55
2026-06-28, 17:32:37, 1051000000, 1052000000, 1000000.00, 1, -24.54, -24.54
2026-06-28, 17:32:37, 1052000000, 1053000000, 1000000.00, 1, -24.57, -24.57
2026-06-28, 17:32:37, 1053000000, 1054000000, 1000000.00, 1, -24.74, -24.74
2026-06-28, 17:32:37, 1054000000, 1055000000, 1000000.00, 1, -24.69, -24.69
2026-06-28, 17:32:37, 1055000000, 1056000000, 1000000.00, 1, -24.58, -24.58
2026-06-28, 17:32:37, 1056000000, 1057000000, 1000000.00, 1, -24.56, -24.56
2026-06-28, 17:32:37, 1057000000, 1058000000, 1000000.00, 1, -24.51, -24.51
2026-06-28, 17:32:37, 1058000000, 1059000000, 1000000.00, 1, -24.54, -24.54
2026-06-28, 17:32:37, 1059000000, 1060000000, 1000000.00, 1, -24.63, -24.63
2026-06-28, 17:32:37, 1060000000, 1061000000, 1000000.00, 1, -24.68, -24.68
2026-06-28, 17:32:37, 1061000000, 1062000000, 1000000.00, 1, -24.63, -24.63
2026-06-28, 17:32:37, 1062000000, 1063000000, 1000000.00, 1, -24.56, -24.56
2026-06-28, 17:32:37, 1063000000, 1064000000, 1000000.00, 1, -24.58, -24.58
2026-06-28, 17:32:37, 1064000000, 1065000000, 1000000.00, 1, -24.52, -24.52
2026-06-28, 17:32:37, 1065000000, 1066000000, 1000000.00, 1, -24.52, -24.52
2026-06-28, 17:32:37, 1066000000, 1067000000, 1000000.00, 1, -24.67, -24.67
2026-06-28, 17:32:37, 1067000000, 1068000000, 1000000.00, 1, -24.60, -24.60
2026-06-28, 17:32:37, 1068000000, 1069000000, 1000000.00, 1, -24.62, -24.62
2026-06-28, 17:32:37, 1069000000, 1070000000, 1000000.00, 1, -24.58, -24.58
2026-06-28, 17:32:37, 1070000000, 1071000000, 1000000.00, 1, -24.54, -24.54
2026-06-28, 17:32:37, 1071000000, 1072000000, 1000000.00, 1, -24.51, -24.51
2026-06-28, 17:32:37, 1072000000, 1073000000, 1000000.00, 1, -24.71, -24.71
2026-06-28, 17:32:37, 1073000000, 1074000000, 1000000.00, 1, -24.63, -24.63
2026-06-28, 17:32:37, 1074000000, 1075000000, 1000000.00, 1, -24.67, -24.67
2026-06-28, 17:32:37, 1075000000, 1076000000, 1000000.00, 1, -24.62, -24.62
2026-06-28, 17:32:37, 1076000000, 1077000000, 1000000.00, 1, -24.57, -24.57
2026-06-28, 17:32:37, 1077000000, 1078000000, 1000000.00, 1, -24.56, -24.56
2026-06-28, 17:32:37, 1078000000, 1079000000, 1000000.00, 1, -24.64, -24.64
2026-06-28, 17:32:37, 1079000000, 1080000000, 1000000.00, 1, -24.65, -24.65
2026-06-28, 17:32:37, 1080000000, 1081000000, 1000000.00, 1, -24.66, -24.66
2026-06-28, 17:32:37, 1081000000, 1082000000, 1000000.00, 1, -24.60, -24.60
2026-06-28, 17:32:37, 1082000000, 1083000000, 1000000.00, 1, -24.59, -24.59
2026-06-28, 17:32:37, 1083000000, 1084000000, 1000000.00, 1, -24.58, -24.58
2026-06-28, 17:32:37, 1084000000, 1085000000, 1000000.00, 1, -24.56, -24.56
2026-06-28, 17:32:37, 1085000000, 1086000000, 1000000.00, 1, -24.73, -24.73
2026-06-28, 17:32:37, 1086000000, 1087000000, 1000000.00, 1, -24.61, -24.61
2026-06-28, 17:32:37, 1087000000, 1088000000, 1000000.00, 1, -24.65, -24.65
2026-06-28, 17:32:37, 1088000000, 1089000000, 1000000.00, 1, -24.62, -24.62
2026-06-28, 17:32:37, 1089000000, 1090000000, 1000000.00, 1, -24.60, -24.60
2026-06-28, 17:32:37, 1090000000, 1091000000, 1000000.00, 1, -24.50, -24.50
2026-06-28, 17:32:37, 1091000000, 1092000000, 1000000.00, 1, -24.70, -24.70
2026-06-28, 17:32:37, 1092000000, 1093000000, 1000000.00, 1, -24.70, -24.70
2026-06-28, 17:32:37, 1093000000, 1094000000, 1000000.00, 1, -24.60, -24.60
2026-06-28, 17:32:37, 1094000000, 1095000000, 1000000.00, 1, -24.55, -24.55
2026-06-28, 17:32:37, 1095000000, 1096000000, 1000000.00, 1, -24.58, -24.58
2026-06-28, 17:32:37, 1096000000, 1097000000, 1000000.00, 1, -24.53, -24.53
2026-06-28, 17:32:37, 1097000000, 1098000000, 1000000.00, 1, -24.50, -24.50
2026-06-28, 17:32:37, 1098000000, 1099000000, 1000000.00, 1, -24.71, -24.71
2026-06-28, 17:32:37, 1099000000, 1100000000, 1000000.00, 1, -24.69, -24.69
2026-06-28, 17:32:37, 1100000000, 1101000000, 1000000.00, 1, -24.63, -24.63
2026-06-28, 17:32:37, 1101000000, 1102000000, 1000000.00, 1, -24.60, -24.60
2026-06-28, 17:32:37, 1102000000, 1103000000, 1000000.00, 1, -24.56, -24.56
2026-06-28, 17:32:37, 1103000000, 1104000000, 1000000.00, 1, -24.56, -24.56
2026-06-28, 17:32:37, 1104000000, 1105000000, 1000000.00, 1, -24.69, -24.69
2026-06-28, 17:32:37, 1105000000, 1106000000, 1000000.00, 1, -24.66, -24.66
2026-06-28, 17:32:37, 1106000000, 1107000000, 1000000.00, 1, -24.58, -24.58
2026-06-28, 17:32:37, 1107000000, 1108000000, 1000000.00, 1, -24.60, -24.60
2026-06-28, 17:32:37, 1108000000, 1109000000, 1000000.00, 1, -24.54, -24.54
2026-06-28, 17:32:37, 1109000000, 1110000000, 1000000.00, 1, -24.56, -24.56
2026-06-28, 17:32:37, 1110000000, 1111000000, 1000000.00, 1, -24.69, -24.69
2026-06-28, 17:32:37, 1111000000, 1112000000, 1000000.00, 1, -24.65, -24.65
2026-06-28, 17:32:37, 1112000000, 1113000000, 1000000.00, 1, -24.64, -24.64
2026-06-28, 17:32:37, 1113000000, 1114000000, 1000000.00, 1, -24.65, -24.65
2026-06-28, 17:32:37, 1114000000, 1115000000, 1000000.00, 1, -24.59, -24.59
2026-06-28, 17:32:37, 1115000000, 1116000000, 1000000.00, 1, -24.60, -24.60
2026-06-28, 17:32:37, 1116000000, 1117000000, 1000000.00, 1, -24.55, -24.55
2026-06-28, 17:32:37, 1117000000, 1118000000, 1000000.00, 1, -24.68, -24.68
2026-06-28, 17:32:37, 1118000000, 1119000000, 1000000.00, 1, -24.67, -24.67
2026-06-28, 17:32:37, 1119000000, 1120000000, 1000000.00, 1, -24.68, -24.68
2026-06-28, 17:32:37, 1120000000, 1121000000, 1000000.00, 1, -24.61, -24.61
2026-06-28, 17:32:37, 1121000000, 1122000000, 1000000.00, 1, -24.47, -24.47
2026-06-28, 17:32:37, 1122000000, 1123000000, 1000000.00, 1, -24.54, -24.54
2026-06-28, 17:32:37, 1123000000, 1124000000, 1000000.00, 1, -24.66, -24.66
2026-06-28, 17:32:37, 1124000000, 1125000000, 1000000.00, 1, -24.66, -24.66
2026-06-28, 17:32:37, 1125000000, 1126000000, 1000000.00, 1, -24.64, -24.64
2026-06-28, 17:32:37, 1126000000, 1127000000, 1000000.00, 1, -24.59, -24.59
2026-06-28, 17:32:37, 1127000000, 1128000000, 1000000.00, 1, -24.58, -24.58
2026-06-28, 17:32:37, 1128000000, 1129000000, 1000000.00, 1, -24.49, -24.49
2026-06-28, 17:32:37, 1129000000, 1130000000, 1000000.00, 1, -24.69, -24.69
2026-06-28, 17:32:37, 1130000000, 1131000000, 1000000.00, 1, -24.65, -24.65
2026-06-28, 17:32:37, 1131000000, 1132000000, 1000000.00, 1, -24.63, -24.63
2026-06-28, 17:32:37, 1132000000, 1133000000, 1000000.00, 1, -24.55, -24.55
2026-06-28, 17:32:37, 1133000000, 1134000000, 1000000.00, 1, -24.63, -24.63
2026-06-28, 17:32:37, 1134000000, 1135000000, 1000000.00, 1, -24.52, -24.52
2026-06-28, 17:32:37, 1135000000, 1136000000, 1000000.00, 1, -24.52, -24.52
2026-06-28, 17:32:37, 1136000000, 1137000000, 1000000.00, 1, -24.66, -24.66
2026-06-28, 17:32:37, 1137000000, 1138000000, 1000000.00, 1, -24.71, -24.71
2026-06-28, 17:32:37, 1138000000, 1139000000, 1000000.00, 1, -24.62, -24.62
2026-06-28, 17:32:37, 1139000000, 1140000000, 1000000.00, 1, -24.58, -24.58
2026-06-28, 17:32:37, 1140000000, 1141000000, 1000000.00, 1, -24.58, -24.58
2026-06-28, 17:32:37, 1141000000, 1142000000, 1000000.00, 1, -24.52, -24.52
2026-06-28, 17:32:37, 1142000000, 1143000000, 1000000.00, 1, -24.71, -24.71
2026-06-28, 17:32:37, 1143000000, 1144000000, 1000000.00, 1, -24.62, -24.62
2026-06-28, 17:32:37, 1144000000, 1145000000, 1000000.00, 1, -24.63, -24.63
2026-06-28, 17:32:37, 1145000000, 1146000000, 1000000.00, 1, -24.56, -24.56
2026-06-28, 17:32:37, 1146000000, 1147000000, 1000000.00, 1, -24.54, -24.54
2026-06-28, 17:32:37, 1147000000, 1148000000, 1000000.00, 1, -24.50, -24.50
2026-06-28, 17:32:37, 1148000000, 1149000000, 1000000.00, 1, -24.63, -24.63
2026-06-28, 17:32:37, 1149000000, 1150000000, 1000000.00, 1, -24.65, -24.65
2026-06-28, 17:32:37, 1150000000, 1151000000, 1000000.00, 1, -24.61, -24.61
2026-06-28, 17:32:37, 1151000000, 1152000000, 1000000.00, 1, -24.61, -24.61
2026-06-28, 17:32:37, 1152000000, 1153000000, 1000000.00, 1, -24.55, -24.55
2026-06-28, 17:32:37, 1153000000, 1154000000, 1000000.00, 1, -24.58, -24.58
2026-06-28, 17:32:37, 1154000000, 1155000000, 1000000.00, 1, -24.54, -24.54
2026-06-28, 17:32:37, 1155000000, 1156000000, 1000000.00, 1, -24.66, -24.66
2026-06-28, 17:32:37, 1156000000, 1157000000, 1000000.00, 1, -24.61, -24.61
2026-06-28, 17:32:37, 1157000000, 1158000000, 1000000.00, 1, -24.57, -24.57
2026-06-28, 17:32:37, 1158000000, 1159000000, 1000000.00, 1, -24.63, -24.63
2026-06-28, 17:32:37, 1159000000, 1160000000, 1000000.00, 1, -24.54, -24.54
2026-06-28, 17:32:37, 1160000000, 1161000000, 1000000.00, 1, -24.52, -24.52
2026-06-28, 17:32:37, 1161000000, 1162000000, 1000000.00, 1, -24.69, -24.69
2026-06-28, 17:32:37, 1162000000, 1163000000, 1000000.00, 1, -24.66, -24.66
2026-06-28, 17:32:37, 1163000000, 1164000000, 1000000.00, 1, -24.67, -24.67
2026-06-28, 17:32:37, 1164000000, 1165000000, 1000000.00, 1, -24.60, -24.60
2026-06-28, 17:32:37, 1165000000, 1166000000, 1000000.00, 1, -24.56, -24.56
2026-06-28, 17:32:37, 1166000000, 1167000000, 1000000.00, 1, -24.51, -24.51
2026-06-28, 17:32:37, 1167000000, 1168000000, 1000000.00, 1, -24.59, -24.59
2026-06-28, 17:32:37, 1168000000, 1169000000, 1000000.00, 1, -24.66, -24.66
2026-06-28, 17:32:37, 1169000000, 1170000000, 1000000.00, 1, -24.69, -24.69
2026-06-28, 17:32:37, 1170000000, 1171000000, 1000000.00, 1, -24.64, -24.64
2026-06-28, 17:32:37, 1171000000, 1172000000, 1000000.00, 1, -24.63, -24.63
2026-06-28, 17:32:37, 1172000000, 1173000000, 1000000.00, 1, -24.58, -24.58
2026-06-28, 17:32:37, 1173000000, 1174000000, 1000000.00, 1, -24.48, -24.48
2026-06-28, 17:32:37, 1174000000, 1175000000, 1000000.00, 1, -24.71, -24.71
2026-06-28, 17:32:37, 1175000000, 1176000000, 1000000.00, 1, -24.66, -24.66
2026-06-28, 17:32:37, 1176000000, 1177000000, 1000000.00, 1, -24.65, -24.65
2026-06-28, 17:32:37, 1177000000, 1178000000, 1000000.00, 1, -24.61, -24.61
2026-06-28, 17:32:37, 1178000000, 1179000000, 1000000.00, 1, -24.55, -24.55
2026-06-28, 17:32:37, 1179000000, 1180000000, 1000000.00, 1, -24.48, -24.48
2026-06-28, 17:32:37, 1180000000, 1181000000, 1000000.00, 1, -24.68, -24.68
2026-06-28, 17:32:37, 1181000000, 1182000000, 1000000.00, 1, -24.66, -24.66
2026-06-28, 17:32:37, 1182000000, 1183000000, 1000000.00, 1, -24.63, -24.63
2026-06-28, 17:32:37, 1183000000, 1184000000, 1000000.00, 1, -24.64, -24.64
2026-06-28, 17:32:37, 1184000000, 1185000000, 1000000.00, 1, -24.58, -24.58
2026-06-28, 17:32:37, 1185000000, 1186000000, 1000000.00, 1, -24.54, -24.54
2026-06-28, 17:32:37, 1186000000, 1187000000, 1000000.00, 1, -24.53, -24.53
2026-06-28, 17:32:37, 1187000000, 1188000000, 1000000.00, 1, -24.66, -24.66
2026-06-28, 17:32:37, 1188000000, 1189000000, 1000000.00, 1, -24.66, -24.66
2026-06-28, 17:32:37, 1189000000, 1190000000, 1000000.00, 1, -24.62, -24.62
2026-06-28, 17:32:37, 1190000000, 1191000000, 1000000.00, 1, -24.56, -24.56
2026-06-28, 17:32:37, 1191000000, 1192000000, 1000000.00, 1, -24.55, -24.55
2026-06-28, 17:32:37, 1192000000, 1193000000, 1000000.00, 1, -24.51, -24.51
2026-06-28, 17:32:37, 1193000000, 1194000000, 1000000.00, 1, -24.65, -24.65
2026-06-28, 17:32:37, 1194000000, 1195000000, 1000000.00, 1, -24.66, -24.66
2026-06-28, 17:32:37, 1195000000, 1196000000, 1000000.00, 1, -24.64, -24.64
2026-06-28, 17:32:37, 1196000000, 1197000000, 1000000.00, 1, -24.64, -24.64
2026-06-28, 17:32:37, 1197000000, 1198000000, 1000000.00, 1, -24.60, -24.60
2026-06-28, 17:32:37, 1198000000, 1199000000, 1000000.00, 1, -24.54, -24.54
2026-06-28, 17:32:37, 1199000000, 1200000000, 1000000.00, 1, -24.73, -24.73
2026-06-28, 17:32:37, 1200000000, 1201000000, 1000000.00, 1, -24.64, -24.64
2026-06-28, 17:32:37, 1201000000, 1202000000, 1000000.00, 1, -24.60, -24.60
2026-06-28, 17:32:37, 1202000000, 1203000000, 1000000.00, 1, -24.56, -24.56
2026-06-28, 17:32:37, 1203000000, 1204000000, 1000000.00, 1, -24.59, -24.59
2026-06-28, 17:32:37, 1204000000, 1205000000, 1000000.00, 1, -24.59, -24.59
2026-06-28, 17:32:37, 1205000000, 1206000000, 1000000.00, 1, -24.53, -24.53
2026-06-28, 17:32:37, 1206000000, 1207000000, 1000000.00, 1, -24.69, -24.69
2026-06-28, 17:32:37, 1207000000, 1208000000, 1000000.00, 1, -24.69, -24.69
2026-06-28, 17:32:37, 1208000000, 1209000000, 1000000.00, 1, -24.65, -24.65
2026-06-28, 17:32:37, 1209000000, 1210000000, 1000000.00, 1, -24.64, -24.64
2026-06-28, 17:32:37, 1210000000, 1211000000, 1000000.00, 1, -24.53, -24.53
2026-06-28, 17:32:37, 1211000000, 1212000000, 1000000.00, 1, -24.57, -24.57
2026-06-28, 17:32:37, 1212000000, 1213000000, 1000000.00, 1, -24.68, -24.68
2026-06-28, 17:32:37, 1213000000, 1214000000, 1000000.00, 1, -24.65, -24.65
2026-06-28, 17:32:37, 1214000000, 1215000000, 1000000.00, 1, -24.59, -24.59
2026-06-28, 17:32:47, 960000000, 961000000, 1000000.00, 1, -24.57, -24.57
2026-06-28, 17:32:47, 961000000, 962000000, 1000000.00, 1, -24.50, -24.50
2026-06-28, 17:32:47, 962000000, 963000000, 1000000.00, 1, -24.57, -24.57
2026-06-28, 17:32:47, 963000000, 964000000, 1000000.00, 1, -24.72, -24.72
2026-06-28, 17:32:47, 964000000, 965000000, 1000000.00, 1, -24.74, -24.74
2026-06-28, 17:32:47, 965000000, 966000000, 1000000.00, 1, -24.62, -24.62
2026-06-28, 17:32:47, 966000000, 967000000, 1000000.00, 1, -24.58, -24.58
2026-06-28, 17:32:47, 967000000, 968000000, 1000000.00, 1, -24.56, -24.56
2026-06-28, 17:32:47, 968000000, 969000000, 1000000.00, 1, -24.55, -24.55
2026-06-28, 17:32:47, 969000000, 970000000, 1000000.00, 1, -24.52, -24.52
2026-06-28, 17:32:47, 970000000, 971000000, 1000000.00, 1, -24.63, -24.63
2026-06-28, 17:32:47, 971000000, 972000000, 1000000.00, 1, -24.61, -24.61
2026-06-28, 17:32:47, 972000000, 973000000, 1000000.00, 1, -24.59, -24.59
2026-06-28, 17:32:47, 973000000, 974000000, 1000000.00, 1, -24.64, -24.64
2026-06-28, 17:32:47, 974000000, 975000000, 1000000.00, 1, -24.62, -24.62
2026-06-28, 17:32:47, 975000000, 976000000, 1000000.00, 1, -24.54, -24.54
2026-06-28, 17:32:47, 976000000, 977000000, 1000000.00, 1, -24.67, -24.67
2026-06-28, 17:32:47, 977000000, 978000000, 1000000.00, 1, -24.68, -24.68
2026-06-28, 17:32:47, 978000000, 979000000, 1000000.00, 1, -24.56, -24.56
2026-06-28, 17:32:47, 979000000, 980000000, 1000000.00, 1, -24.66, -24.66
2026-06-28, 17:32:47, 980000000, 981000000, 1000000.00, 1, -24.60, -24.60
2026-06-28, 17:32:47, 981000000, 982000000, 1000000.00, 1, -24.51, -24.51
2026-06-28, 17:32:47, 982000000, 983000000, 1000000.00, 1, -24.66, -24.66
2026-06-28, 17:32:47, 983000000, 984000000, 1000000.00, 1, -24.69, -24.69
2026-06-28, 17:32:47, 984000000, 985000000, 1000000.00, 1, -24.65, -24.65
2026-06-28, 17:32:47, 985000000, 986000000, 1000000.00, 1, -24.60, -24.60
2026-06-28, 17:32:47, 986000000, 987000000, 1000000.00, 1, -24.56, -24.56
2026-06-28, 17:32:47, 987000000, 988000000, 1000000.00, 1, -24.65, -24.65
2026-06-28, 17:32:47, 988000000, 989000000, 1000000.00, 1, -24.48, -24.48
2026-06-28, 17:32:47, 989000000, 990000000, 1000000.00, 1, -24.63, -24.63
2026-06-28, 17:32:47, 990000000, 991000000, 1000000.00, 1, -24.63, -24.63
2026-06-28, 17:32:47, 991000000, 992000000, 1000000.00, 1, -24.64, -24.64
2026-06-28, 17:32:47, 992000000, 993000000, 1000000.00, 1, -24.57, -24.57
2026-06-28, 17:32:47, 993000000, 994000000, 1000000.00, 1, -24.50, -24.50
2026-06-28, 17:32:47, 994000000, 995000000, 1000000.00, 1, -24.52, -24.52
2026-06-28, 17:32:47, 995000000, 996000000, 1000000.00, 1, -24.64, -24.64
2026-06-28, 17:32:47, 996000000, 997000000, 1000000.00, 1, -24.66, -24.66
2026-06-28, 17:32:47, 997000000, 998000000, 1000000.00, 1, -24.65, -24.65
2026-06-28, 17:32:47, 998000000, 999000000, 1000000.00, 1, -24.59, -24.59
2026-06-28, 17:32:47, 999000000, 1000000000, 1000000.00, 1, -24.60, -24.60
2026-06-28, 17:32:47, 1000000000, 1001000000, 1000000.00, 1, -24.53, -24.53
2026-06-28, 17:32:47, 1001000000, 1002000000, 1000000.00, 1, -24.70, -24.70
2026-06-28, 17:32:47, 1002000000, 1003000000, 1000000.00, 1, -24.70, -24.70
2026-06-28, 17:32:47, 1003000000, 1004000000, 1000000.00, 1, -24.66, -24.66
2026-06-28, 17:32:47, 1004000000, 1005000000, 1000000.00, 1, -24.61, -24.61
2026-06-28, 17:32:47, 1005000000, 1006000000, 1000000.00, 1, -24.58, -24.58
2026-06-28, 17:32:47, 1006000000, 1007000000, 1000000.00, 1, -24.52, -24.52
2026-06-28, 17:32:47, 1007000000, 1008000000, 1000000.00, 1, -24.56, -24.56
2026-06-28, 17:32:47, 1008000000, 1009000000, 1000000.00, 1, -24.72, -24.72
2026-06-28, 17:32:47, 1009000000, 1010000000, 1000000.00, 1, -24.67, -24.67
2026-06-28, 17:32:47, 1010000000, 1011000000, 1000000.00, 1, -24.59, -24.59
2026-06-28, 17:32:47, 1011000000, 1012000000, 1000000.00, 1, -24.57, -24.57
2026-06-28, 17:32:47, 1012000000, 1013000000, 1000000.00, 1, -24.54, -24.54
2026-06-28, 17:32:47, 1013000000, 1014000000, 1000000.00, 1, -24.52, -24.52
2026-06-28, 17:32:47, 1014000000, 1015000000, 1000000.00, 1, -24.69, -24.69
2026-06-28, 17:32:47, 1015000000, 1016000000, 1000000.00, 1, -24.71, -24.71
2026-06-28, 17:32:47, 1016000000, 1017000000, 1000000.00, 1, -24.66, -24.66
2026-06-28, 17:32:47, 1017000000, 1018000000, 1000000.00, 1, -24.56, -24.56
2026-06-28, 17:32:47, 1018000000, 1019000000, 1000000.00, 1, -24.61, -24.61
2026-06-28, 17:32:47, 1019000000, 1020000000, 1000000.00, 1, -24.53, -24.53
2026-06-28, 17:32:47, 1020000000, 1021000000, 1000000.00, 1, -24.53, -24.53
2026-06-28, 17:32:47, 1021000000, 1022000000, 1000000.00, 1, -24.68, -24.68
2026-06-28, 17:32:47, 1022000000, 1023000000, 1000000.00, 1, -24.67, -24.67
2026-06-28, 17:32:47, 1023000000, 1024000000, 1000000.00, 1, -24.55, -24.55
2026-06-28, 17:32:47, 1024000000, 1025000000, 1000000.00, 1, -24.62, -24.62
2026-06-28, 17:32:47, 1025000000, 1026000000, 1000000.00, 1, -24.54, -24.54
2026-06-28, 17:32:47, 1026000000, 1027000000, 1000000.00, 1, -24.50, -24.50
2026-06-28, 17:32:47, 1027000000, 1028000000, 1000000.00, 1, -24.63, -24.63
2026-06-28, 17:32:47, 1028000000, 1029000000, 1000000.00, 1, -24.63, -24.63
2026-06-28, 17:32:47, 1029000000, 1030000000, 1000000.00, 1, -24.61, -24.61
2026-06-28, 17:32:47, 1030000000, 1031000000, 1000000.00, 1, -24.59, -24.59
2026-06-28, 17:32:47, 1031000000, 1032000000, 1000000.00, 1, -24.51, -24.51
2026-06-28, 17:32:47, 1032000000, 1033000000, 1000000.00, 1, -24.53, -24.53
2026-06-28, 17:32:47, 1033000000, 1034000000, 1000000.00, 1, -24.76, -24.76
2026-06-28, 17:32:47, 1034000000, 1035000000, 1000000.00, 1, -24.72, -24.72
2026-06-28, 17:32:47, 1035000000, 1036000000, 1000000.00, 1, -24.66, -24.66
2026-06-28, 17:32:47, 1036000000, 1037000000, 1000000.00, 1, -24.62, -24.62
2026-06-28, 17:32:47, 1037000000, 1038000000, 1000000.00, 1, -24.56, -24.56
2026-06-28, 17:32:47, 1038000000, 1039000000, 1000000.00, 1, -24.50, -24.50
2026-06-28, 17:32:47, 1039000000, 1040000000, 1000000.00, 1, -24.49, -24.49
2026-06-28, 17:32:47, 1040000000, 1041000000, 1000000.00, 1, -24.70, -24.70
2026-06-28, 17:32:47, 1041000000, 1042000000, 1000000.00, 1, -24.63, -24.63
2026-06-28, 17:32:47, 1042000000, 1043000000, 1000000.00, 1, -24.64, -24.64
2026-06-28, 17:32:47, 1043000000, 1044000000, 1000000.00, 1, -24.60, -24.60
2026-06-28, 17:32:47, 1044000000, 1045000000, 1000000.00, 1, -24.54, -24.54
2026-06-28, 17:32:47, 1045000000, 1046000000, 1000000.00, 1, -24.55, -24.55
2026-06-28, 17:32:47, 1046000000, 1047000000, 1000000.00, 1, -24.65, -24.65
2026-06-28, 17:32:47, 1047000000, 1048000000, 1000000.00, 1, -24.68, -24.68
2026-06-28, 17:32:47, 1048000000, 1049000000, 1000000.00, 1, -24.57, -24.57
2026-06-28, 17:32:47, 1049000000, 1050000000, 1000000.00, 1, -24.61, -24.61
2026-06-28, 17:32:47, 1050000000, 1051000000, 1000000.00, 1, -24.61, -24.61
2026-06-28, 17:32:47, 1051000000, 1052000000, 1000000.00, 1, -24.51, -24.51
2026-06-28, 17:32:47, 1052000000, 1053000000, 1000000.00, 1, -24.70, -24.70
2026-06-28, 17:32:47, 1053000000, 1054000000, 1000000.00, 1, -24.66, -24.66
2026-06-28, 17:32:47, 1054000000, 1055000000, 1000000.00, 1, -24.63, -24.63
2026-06-28, 17:32:47, 1055000000, 1056000000, 1000000.00, 1, -24.63, -24.63
2026-06-28, 17:32:47, 1056000000, 1057000000, 1000000.00, 1, -24.58, -24.58
2026-06-28, 17:32:47, 1057000000, 1058000000, 1000000.00, 1, -24.55, -24.55
2026-06-28, 17:32:47, 1058000000, 1059000000, 1000000.00, 1, -24.51, -24.51
2026-06-28, 17:32:47, 1059000000, 1060000000, 1000000.00, 1, -24.67, -24.67
2026-06-28, 17:32:47, 1060000000, 1061000000, 1000000.00, 1, -24.64, -24.64
2026-06-28, 17:32:47, 1061000000, 1062000000, 1000000.00, 1, -24.60, -24.60
2026-06-28, 17:32:47, 1062000000, 1063000000, 1000000.00, 1, -24.58, -24.58
2026-06-28, 17:32:47, 1063000000, 1064000000, 1000000.00, 1, -24.53, -24.53
2026-06-28, 17:32:47, 1064000000, 1065000000, 1000000.00, 1, -24.48, -24.48
2026-06-28, 17:32:47, 1065000000, 1066000000, 1000000.00, 1, -24.70, -24.70
2026-06-28, 17:32:47, 1066000000, 1067000000, 1000000.00, 1, -24.75, -24.75
2026-06-28, 17:32:47, 1067000000, 1068000000, 1000000.00, 1, -24.61, -24.61
2026-06-28, 17:32:47, 1068000000, 1069000000, 1000000.00, 1, -24.58, -24.58
2026-06-28, 17:32:47, 1069000000, 1070000000, 1000000.00, 1, -24.55, -24.55
2026-06-28, 17:32:47, 1070000000, 1071000000, 1000000.00, 1, -24.58, -24.58
2026-06-28, 17:32:47, 1071000000, 1072000000, 1000000.00, 1, -24.63, -24.63
2026-06-28, 17:32:47, 1072000000, 1073000000, 1000000.00, 1, -24.64, -24.64
2026-06-28, 17:32:47, 1073000000, 1074000000, 1000000.00, 1, -24.68, -24.68
2026-06-28, 17:32:47, 1074000000, 1075000000, 1000000.00, 1, -24.63, -24.63
2026-06-28, 17:32:47, 1075000000, 1076000000, 1000000.00, 1, -24.53, -24.53
2026-06-28, 17:32:47, 1076000000, 1077000000, 1000000.00, 1, -24.57, -24.57
2026-06-28, 17:32:47, 1077000000, 1078000000, 1000000.00, 1, -24.50, -24.50
2026-06-28, 17:32:47, 1078000000, 1079000000, 1000000.00, 1, -24.67, -24.67
2026-06-28, 17:32:47, 1079000000, 1080000000, 1000000.00, 1, -24.67, -24.67
2026-06-28, 17:32:47, 1080000000, 1081000000, 1000000.00, 1, -24.60, -24.60
2026-06-28, 17:32:47, 1081000000, 1082000000, 1000000.00, 1, -24.61, -24.61
2026-06-28, 17:32:47, 1082000000, 1083000000, 1000000.00, 1, -24.64, -24.64
2026-06-28, 17:32:47, 1083000000, 1084000000, 1000000.00, 1, -24.53, -24.53
2026-06-28, 17:32:47, 1084000000, 1085000000, 1000000.00, 1, -24.70, -24.70
2026-06-28, 17:32:47, 1085000000, 1086000000, 1000000.00, 1, -24.65, -24.65
2026-06-28, 17:32:47, 1086000000, 1087000000, 1000000.00, 1, -24.62, -24.62
2026-06-28, 17:32:47, 1087000000, 1088000000, 1000000.00, 1, -24.63, -24.63
2026-06-28, 17:32:47, 1088000000, 1089000000, 1000000.00, 1, -24.59, -24.59
2026-06-28, 17:32:47, 1089000000, 1090000000, 1000000.00, 1, -24.56, -24.56
2026-06-28, 17:32:47, 1090000000, 1091000000, 1000000.00, 1, -24.69, -24.69
2026-06-28, 17:32:47, 1091000000, 1092000000, 1000000.00, 1, -24.64, -24.64
2026-06-28, 17:32:47, 1092000000, 1093000000, 1000000.00, 1, -24.61, -24.61
2026-06-28, 17:32:47, 1093000000, 1094000000, 1000000.00, 1, -24.66, -24.66
2026-06-28, 17:32:47, 1094000000, 1095000000, 1000000.00, 1, -24.59, -24.59
2026-06-28, 17:32:47, 1095000000, 1096000000, 1000000.00, 1, -24.62, -24.62
2026-06-28, 17:32:47, 1096000000, 1097000000, 1000000.00, 1, -24.55, -24.55
2026-06-28, 17:32:47, 1097000000, 1098000000, 1000000.00, 1, -24.71, -24.71
2026-06-28, 17:32:47, 1098000000, 1099000000, 1000000.00, 1, -24.68, -24.68
2026-06-28, 17:32:47, 1099000000, 1100000000, 1000000.00, 1, -24.61, -24.61
2026-06-28, 17:32:47, 1100000000, 1101000000, 1000000.00, 1, -24.61, -24.61
2026-06-28, 17:32:47, 1101000000, 1102000000, 1000000.00, 1, -24.59, -24.59
2026-06-28, 17:32:47, 1102000000, 1103000000, 1000000.00, 1, -24.53, -24.53
2026-06-28, 17:32:47, 1103000000, 1104000000, 1000000.00, 1, -24.70, -24.70
2026-06-28, 17:32:47, 1104000000, 1105000000, 1000000.00, 1, -24.74, -24.74
2026-06-28, 17:32:47, 1105000000, 1106000000, 1000000.00, 1, -24.61, -24.61
2026-06-28, 17:32:47, 1106000000, 1107000000, 1000000.00, 1, -24.61, -24.61
2026-06-28, 17:32:47, 1107000000, 1108000000, 1000000.00, 1, -24.58, -24.58
2026-06-28, 17:32:47, 1108000000, 1109000000, 1000000.00, 1, -24.55, -24.55
2026-06-28, 17:32:47, 1109000000, 1110000000, 1000000.00, 1, -24.56, -24.56
2026-06-28, 17:32:47, 1110000000, 1111000000, 1000000.00, 1, -24.69, -24.69
2026-06-28, 17:32:47, 1111000000, 1112000000, 1000000.00, 1, -24.62, -24.62
2026-06-28, 17:32:47, 1112000000, 1113000000, 1000000.00, 1, -24.65, -24.65
2026-06-28, 17:32:47, 1113000000, 1114000000, 1000000.00, 1, -24.60, -24.60
2026-06-28, 17:32:47, 1114000000, 1115000000, 1000000.00, 1, -24.55, -24.55
2026-06-28, 17:32:47, 1115000000, 1116000000, 1000000.00, 1, -24.54, -24.54
2026-06-28, 17:32:47, 1116000000, 1117000000, 1000000.00, 1, -24.71, -24.71
2026-06-28, 17:32:47, 1117000000, 1118000000, 1000000.00, 1, -24.65, -24.65
2026-06-28, 17:32:47, 1118000000, 1119000000, 1000000.00, 1, -24.60, -24.60
2026-06-28, 17:32:47, 1119000000, 1120000000, 1000000.00, 1, -24.55, -24.55
2026-06-28, 17:32:47, 1120000000, 1121000000, 1000000.00, 1, -24.57, -24.57
2026-06-28, 17:32:47, 1121000000, 1122000000, 1000000.00, 1, -24.56, -24.56
2026-06-28, 17:32:47, 1122000000, 1123000000, 1000000.00, 1, -24.70, -24.70
2026-06-28, 17:32:47, 1123000000, 1124000000, 1000000.00, 1, -24.68, -24.68
2026-06-28, 17:32:47, 1124000000, 1125000000, 1000000.00, 1, -24.64, -24.64
2026-06-28, 17:32:47, 1125000000, 1126000000, 1000000.00, 1, -24.59, -24.59
2026-06-28, 17:32:47, 1126000000, 1127000000, 1000000.00, 1, -24.56, -24.56
2026-06-28, 17:32:47, 1127000000, 1128000000, 1000000.00, 1, -24.58, -24.58
2026-06-28, 17:32:47, 1128000000, 1129000000, 1000000.00, 1, -24.55, -24.55
2026-06-28, 17:32:47, 1129000000, 1130000000, 1000000.00, 1, -24.70, -24.70
2026-06-28, 17:32:47, 1130000000, 1131000000, 1000000.00, 1, -24.64, -24.64
2026-06-28, 17:32:47, 1131000000, 1132000000, 1000000.00, 1, -24.66, -24.66
2026-06-28, 17:32:47, 1132000000, 1133000000, 1000000.00, 1, -24.57, -24.57
2026-06-28, 17:32:47, 1133000000, 1134000000, 1000000.00, 1, -24.59, -24.59
2026-06-28, 17:32:47, 1134000000, 1135000000, 1000000.00, 1, -24.51, -24.51
2026-06-28, 17:32:47, 1135000000, 1136000000, 1000000.00, 1, -24.71, -24.71
2026-06-28, 17:32:47, 1136000000, 1137000000, 1000000.00, 1, -24.65, -24.65
2026-06-28, 17:32:47, 1137000000, 1138000000, 1000000.00, 1, -24.60, -24.60
2026-06-28, 17:32:47, 1138000000, 1139000000, 1000000.00, 1, -24.59, -24.59
2026-06-28, 17:32:47, 1139000000, 1140000000, 1000000.00, 1, -24.60, -24.60
2026-06-28, 17:32:47, 1140000000, 1141000000, 1000000.00, 1, -24.54, -24.54
2026-06-28, 17:32:47, 1141000000, 1142000000, 1000000.00, 1, -24.78, -24.78
2026-06-28, 17:32:47, 1142000000, 1143000000, 1000000.00, 1, -24.69, -24.69
2026-06-28, 17:32:47, 1143000000, 1144000000, 1000000.00, 1, -24.60, -24.60
2026-06-28, 17:32:47, 1144000000, 1145000000, 1000000.00, 1, -24.60, -24.60
2026-06-28, 17:32:47, 1145000000, 1146000000, 1000000.00, 1, -24.57, -24.57
2026-06-28, 17:32:47, 1146000000, 1147000000, 1000000.00, 1, -24.55, -24.55
2026-06-28, 17:32:47, 1147000000, 1148000000, 1000000.00, 1, -24.49, -24.49
2026-06-28, 17:32:47, 1148000000, 1149000000, 1000000.00, 1, -24.66, -24.66
2026-06-28, 17:32:47, 1149000000, 1150000000, 1000000.00, 1, -24.68, -24.68
2026-06-28, 17:32:47, 1150000000, 1151000000, 1000000.00, 1, -24.62, -24.62
2026-06-28, 17:32:47, 1151000000, 1152000000, 1000000.00, 1, -24.60, -24.60
2026-06-28, 17:32:47, 1152000000, 1153000000, 1000000.00, 1, -24.54, -24.54
2026-06-28, 17:32:47, 1153000000, 1154000000, 1000000.00, 1, -24.53, -24.53
2026-06-28, 17:32:47, 1154000000, 1155000000, 1000000.00, 1, -24.74, -24.74
2026-06-28, 17:32:47, 1155000000, 1156000000, 1000000.00, 1, -24.65, -24.65
2026-06-28, 17:32:47, 1156000000, 1157000000, 1000000.00, 1, -24.62, -24.62
2026-06-28, 17:32:47, 1157000000, 1158000000, 1000000.00, 1, -24.59, -24.59
2026-06-28, 17:32:47, 1158000000, 1159000000, 1000000.00, 1, -24.58, -24.58
2026-06-28, 17:32:47, 1159000000, 1160000000, 1000000.00, 1, -24.55, -24.55
2026-06-28, 17:32:47, 1160000000, 1161000000, 1000000.00, 1, -24.68, -24.68
2026-06-28, 17:32:47, 1161000000, 1162000000, 1000000.00, 1, -24.65, -24.65
2026-06-28, 17:32:47, 1162000000, 1163000000, 1000000.00, 1, -24.63, -24.63
2026-06-28, 17:32:47, 1163000000, 1164000000, 1000000.00, 1, -24.62, -24.62
2026-06-28, 17:32:47, 1164000000, 1165000000, 1000000.00, 1, -24.57, -24.57
2026-06-28, 17:32:47, 1165000000, 1166000000, 1000000.00, 1, -24.52, -24.52
2026-06-28, 17:32:47, 1166000000, 1167000000, 1000000.00, 1, -24.47, -24.47
2026-06-28, 17:32:47, 1167000000, 1168000000, 1000000.00, 1, -24.66, -24.66
2026-06-28, 17:32:47, 1168000000, 1169000000, 1000000.00, 1, -24.62, -24.62
2026-06-28, 17:32:47, 1169000000, 1170000000, 1000000.00, 1, -24.63, -24.63
2026-06-28, 17:32:47, 1170000000, 1171000000, 1000000.00, 1, -24.61, -24.61
2026-06-28, 17:32:47, 1171000000, 1172000000, 1000000.00, 1, -24.61, -24.61
2026-06-28, 17:32:47, 1172000000, 1173000000, 1000000.00, 1, -24.57, -24.57
2026-06-28, 17:32:47, 1173000000, 1174000000, 1000000.00, 1, -24.67, -24.67
2026-06-28, 17:32:47, 1174000000, 1175000000, 1000000.00, 1, -24.68, -24.68
2026-06-28, 17:32:47, 1175000000, 1176000000, 1000000.00, 1, -24.59, -24.59
2026-06-28, 17:32:47, 1176000000, 1177000000, 1000000.00, 1, -24.60, -24.60
2026-06-28, 17:32:47, 1177000000, 1178000000, 1000000.00, 1, -24.54, -24.54
2026-06-28, 17:32:47, 1178000000, 1179000000, 1000000.00, 1, -24.54, -24.54
2026-06-28, 17:32:47, 1179000000, 1180000000, 1000000.00, 1, -24.74, -24.74
2026-06-28, 17:32:47, 1180000000, 1181000000, 1000000.00, 1, -24.68, -24.68
2026-06-28, 17:32:47, 1181000000, 1182000000, 1000000.00, 1, -24.61, -24.61
2026-06-28, 17:32:47, 1182000000, 1183000000, 1000000.00, 1, -24.67, -24.67
2026-06-28, 17:32:47, 1183000000, 1184000000, 1000000.00, 1, -24.65, -24.65
2026-06-28, 17:32:47, 1184000000, 1185000000, 1000000.00, 1, -24.58, -24.58
2026-06-28, 17:32:47, 1185000000, 1186000000, 1000000.00, 1, -24.49, -24.49
2026-06-28, 17:32:47, 1186000000, 1187000000, 1000000.00, 1, -24.70, -24.70
2026-06-28, 17:32:47, 1187000000, 1188000000, 1000000.00, 1, -24.69, -24.69
2026-06-28, 17:32:47, 1188000000, 1189000000, 1000000.00, 1, -24.61, -24.61
2026-06-28, 17:32:47, 1189000000, 1190000000, 1000000.00, 1, -24.58, -24.58
2026-06-28, 17:32:47, 1190000000, 1191000000, 1000000.00, 1, -24.56, -24.56
2026-06-28, 17:32:47, 1191000000, 1192000000, 1000000.00, 1, -24.57, -24.57
2026-06-28, 17:32:47, 1192000000, 1193000000, 1000000.00, 1, -24.69, -24.69
2026-06-28, 17:32:47, 1193000000, 1194000000, 1000000.00, 1, -24.65, -24.65
2026-06-28, 17:32:47, 1194000000, 1195000000, 1000000.00, 1, -24.65, -24.65
2026-06-28, 17:32:47, 1195000000, 1196000000, 1000000.00, 1, -24.61, -24.61
2026-06-28, 17:32:47, 1196000000, 1197000000, 1000000.00, 1, -24.57, -24.57
2026-06-28, 17:32:47, 1197000000, 1198000000, 1000000.00, 1, -24.51, -24.51
2026-06-28, 17:32:47, 1198000000, 1199000000, 1000000.00, 1, -24.62, -24.62
2026-06-28, 17:32:47, 1199000000, 1200000000, 1000000.00, 1, -24.64, -24.64
2026-06-28, 17:32:47, 1200000000, 1201000000, 1000000.00, 1, -24.64, -24.64
2026-06-28, 17:32:47, 1201000000, 1202000000, 1000000.00, 1, -24.63, -24.63
2026-06-28, 17:32:47, 1202000000, 1203000000, 1000000.00, 1, -24.56, -24.56
2026-06-28, 17:32:47, 1203000000, 1204000000, 1000000.00, 1, -24.59, -24.59
2026-06-28, 17:32:47, 1204000000, 1205000000, 1000000.00, 1, -24.55, -24.55
2026-06-28, 17:32:47, 1205000000, 1206000000, 1000000.00, 1, -24.65, -24.65
2026-06-28, 17:32:47, 1206000000, 1207000000, 1000000.00, 1, -24.69, -24.69
2026-06-28, 17:32:47, 1207000000, 1208000000, 1000000.00, 1, -24.61, -24.61
2026-06-28, 17:32:47, 1208000000, 1209000000, 1000000.00, 1, -24.61, -24.61
2026-06-28, 17:32:47, 1209000000, 1210000000, 1000000.00, 1, -24.60, -24.60
2026-06-28, 17:32:47, 1210000000, 1211000000, 1000000.00, 1, -24.56, -24.56
2026-06-28, 17:32:47, 1211000000, 1212000000, 1000000.00, 1, -24.70, -24.70
2026-06-28, 17:32:47, 1212000000, 1213000000, 1000000.00, 1, -24.67, -24.67
2026-06-28, 17:32:47, 1213000000, 1214000000, 1000000.00, 1, -24.64, -24.64
2026-06-28, 17:32:47, 1214000000, 1215000000, 1000000.00, 1, -24.56, -24.56
2026-06-28, 17:32:58, 960000000, 961000000, 1000000.00, 1, -24.52, -24.52
2026-06-28, 17:32:58, 961000000, 962000000, 1000000.00, 1, -24.53, -24.53
2026-06-28, 17:32:58, 962000000, 963000000, 1000000.00, 1, -24.57, -24.57
2026-06-28, 17:32:58, 963000000, 964000000, 1000000.00, 1, -24.74, -24.74
2026-06-28, 17:32:58, 964000000, 965000000, 1000000.00, 1, -24.61, -24.61
2026-06-28, 17:32:58, 965000000, 966000000, 1000000.00, 1, -24.66, -24.66
2026-06-28, 17:32:58, 966000000, 967000000, 1000000.00, 1, -24.57, -24.57
2026-06-28, 17:32:58, 967000000, 968000000, 1000000.00, 1, -24.59, -24.59
2026-06-28, 17:32:58, 968000000, 969000000, 1000000.00, 1, -24.53, -24.53
2026-06-28, 17:32:58, 969000000, 970000000, 1000000.00, 1, -24.70, -24.70
2026-06-28, 17:32:58, 970000000, 971000000, 1000000.00, 1, -24.61, -24.61
2026-06-28, 17:32:58, 971000000, 972000000, 1000000.00, 1, -24.58, -24.58
2026-06-28, 17:32:58, 972000000, 973000000, 1000000.00, 1, -24.59, -24.59
2026-06-28, 17:32:58, 973000000, 974000000, 1000000.00, 1, -24.61, -24.61
2026-06-28, 17:32:58, 974000000, 975000000, 1000000.00, 1, -24.55, -24.55
2026-06-28, 17:32:58, 975000000, 976000000, 1000000.00, 1, -24.62, -24.62
2026-06-28, 17:32:58, 976000000, 977000000, 1000000.00, 1, -24.68, -24.68
2026-06-28, 17:32:58, 977000000, 978000000, 1000000.00, 1, -24.66, -24.66
2026-06-28, 17:32:58, 978000000, 979000000, 1000000.00, 1, -24.70, -24.70
2026-06-28, 17:32:58, 979000000, 980000000, 1000000.00, 1, -24.61, -24.61
2026-06-28, 17:32:58, 980000000, 981000000, 1000000.00, 1, -24.59, -24.59
2026-06-28, 17:32:58, 981000000, 982000000, 1000000.00, 1, -24.52, -24.52
2026-06-28, 17:32:58, 982000000, 983000000, 1000000.00, 1, -24.69, -24.69
2026-06-28, 17:32:58, 983000000, 984000000, 1000000.00, 1, -24.57, -24.57
2026-06-28, 17:32:58, 984000000, 985000000, 1000000.00, 1, -24.57, -24.57
2026-06-28, 17:32:58, 985000000, 986000000, 1000000.00, 1, -24.59, -24.59
2026-06-28, 17:32:58, 986000000, 987000000, 1000000.00, 1, -24.55, -24.55
2026-06-28, 17:32:58, 987000000, 988000000, 1000000.00, 1, -24.56, -24.56
2026-06-28, 17:32:58, 988000000, 989000000, 1000000.00, 1, -24.68, -24.68
2026-06-28, 17:32:58, 989000000, 990000000, 1000000.00, 1, -24.66, -24.66
2026-06-28, 17:32:58, 990000000, 991000000, 1000000.00, 1, -24.67, -24.67
2026-06-28, 17:32:58, 991000000, 992000000, 1000000.00, 1, -24.52, -24.52
2026-06-28, 17:32:58, 992000000, 993000000, 1000000.00, 1, -24.56, -24.56
2026-06-28, 17:32:58, 993000000, 994000000, 1000000.00, 1, -24.52, -24.52
2026-06-28, 17:32:58, 994000000, 995000000, 1000000.00, 1, -24.66, -24.66
2026-06-28, 17:32:58, 995000000, 996000000, 1000000.00, 1, -24.72, -24.72
2026-06-28, 17:32:58, 996000000, 997000000, 1000000.00, 1, -24.63, -24.63
2026-06-28, 17:32:58, 997000000, 998000000, 1000000.00, 1, -24.59, -24.59
2026-06-28, 17:32:58, 998000000, 999000000, 1000000.00, 1, -24.55, -24.55
2026-06-28, 17:32:58, 999000000, 1000000000, 1000000.00, 1, -24.56, -24.56
2026-06-28, 17:32:58, 1000000000, 1001000000, 1000000.00, 1, -24.55, -24.55
2026-06-28, 17:32:58, 1001000000, 1002000000, 1000000.00, 1, -24.68, -24.68
2026-06-28, 17:32:58, 1002000000, 1003000000, 1000000.00, 1, -24.62, -24.62
2026-06-28, 17:32:58, 1003000000, 1004000000, 1000000.00, 1, -24.65, -24.65
2026-06-28, 17:32:58, 1004000000, 1005000000, 1000000.00, 1, -24.58, -24.58
2026-06-28, 17:32:58, 1005000000, 1006000000, 1000000.00, 1, -24.57, -24.57
2026-06-28, 17:32:58, 1006000000, 1007000000, 1000000.00, 1, -24.49, -24.49
2026-06-28, 17:32:58, 1007000000, 1008000000, 1000000.00, 1, -24.71, -24.71
2026-06-28, 17:32:58, 1008000000, 1009000000, 1000000.00, 1, -24.64, -24.64
2026-06-28, 17:32:58, 1009000000, 1010000000, 1000000.00, 1, -24.64, -24.64
2026-06-28, 17:32:58, 1010000000, 1011000000, 1000000.00, 1, -24.61, -24.61
2026-06-28, 17:32:58, 1011000000, 1012000000, 1000000.00, 1, -24.55, -24.55
2026-06-28, 17:32:58, 1012000000, 1013000000, 1000000.00, 1, -24.53, -24.53
2026-06-28, 17:32:58, 1013000000, 1014000000, 1000000.00, 1, -24.66, -24.66
2026-06-28, 17:32:58, 1014000000, 1015000000, 1000000.00, 1, -24.63, -24.63
2026-06-28, 17:32:58, 1015000000, 1016000000, 1000000.00, 1, -24.64, -24.64
2026-06-28, 17:32:58, 1016000000, 1017000000, 1000000.00, 1, -24.61, -24.61
2026-06-28, 17:32:58, 1017000000, 1018000000, 1000000.00, 1, -24.55, -24.55
2026-06-28, 17:32:58, 1018000000, 1019000000, 1000000.00, 1, -24.51, -24.51
2026-06-28, 17:32:58, 1019000000, 1020000000, 1000000.00, 1, -24.46, -24.46
2026-06-28, 17:32:58, 1020000000, 1021000000, 1000000.00, 1, -24.62, -24.62
2026-06-28, 17:32:58, 1021000000, 1022000000, 1000000.00, 1, -24.65, -24.65
2026-06-28, 17:32:58, 1022000000, 1023000000, 1000000.00, 1, -24.63, -24.63
2026-06-28, 17:32:58, 1023000000, 1024000000, 1000000.00, 1, -24.61, -24.61
2026-06-28, 17:32:58, 1024000000, 1025000000, 1000000.00, 1, -24.55, -24.55
2026-06-28, 17:32:58, 1025000000, 1026000000, 1000000.00, 1, -24.49, -24.49
2026-06-28, 17:32:58, 1026000000, 1027000000, 1000000.00, 1, -24.70, -24.70
2026-06-28, 17:32:58, 1027000000, 1028000000, 1000000.00, 1, -24.64, -24.64
2026-06-28, 17:32:58, 1028000000, 1029000000, 1000000.00, 1, -24.62, -24.62
2026-06-28, 17:32:58, 1029000000, 1030000000, 1000000.00, 1, -24.63, -24.63
2026-06-28, 17:32:58, 1030000000, 1031000000, 1000000.00, 1, -24.56, -24.56
2026-06-28, 17:32:58, 1031000000, 1032000000, 1000000.00, 1, -24.54, -24.54
2026-06-28, 17:32:58, 1032000000, 1033000000, 1000000.00, 1, -24.69, -24.69
2026-06-28, 17:32:58, 1033000000, 1034000000, 1000000.00, 1, -24.66, -24.66
2026-06-28, 17:32:58, 1034000000, 1035000000, 1000000.00, 1, -24.64, -24.64
2026-06-28, 17:32:58, 1035000000, 1036000000, 1000000.00, 1, -24.59, -24.59
2026-06-28, 17:32:58, 1036000000, 1037000000, 1000000.00, 1, -24.57, -24.57
2026-06-28, 17:32:58, 1037000000, 1038000000, 1000000.00, 1, -24.56, -24.56
2026-06-28, 17:32:58, 1038000000, 1039000000, 1000000.00, 1, -24.51, -24.51
2026-06-28, 17:32:58, 1039000000, 1040000000, 1000000.00, 1, -24.65, -24.65
2026-06-28, 17:32:58, 1040000000, 1041000000, 1000000.00, 1, -24.68, -24.68
2026-06-28, 17:32:58, 1041000000, 1042000000, 1000000.00, 1, -24.57, -24.57
2026-06-28, 17:32:58, 1042000000, 1043000000, 1000000.00, 1, -24.55, -24.55
2026-06-28, 17:32:58, 1043000000, 1044000000, 1000000.00, 1, -24.60, -24.60
2026-06-28, 17:32:58, 1044000000, 1045000000, 1000000.00, 1, -24.54, -24.54
2026-06-28, 17:32:58, 1045000000, 1046000000, 1000000.00, 1, -24.63, -24.63
2026-06-28, 17:32:58, 1046000000, 1047000000, 1000000.00, 1, -24.68, -24.68
2026-06-28, 17:32:58, 1047000000, 1048000000, 1000000.00, 1, -24.60, -24.60
2026-06-28, 17:32:58, 1048000000, 1049000000, 1000000.00, 1, -24.58, -24.58
2026-06-28, 17:32:58, 1049000000, 1050000000, 1000000.00, 1, -24.56, -24.56
2026-06-28, 17:32:58, 1050000000, 1051000000, 1000000.00, 1, -24.57, -24.57
2026-06-28, 17:32:58, 1051000000, 1052000000, 1000000.00, 1, -24.55, -24.55
2026-06-28, 17:32:58, 1052000000, 1053000000, 1000000.00, 1, -24.66, -24.66
2026-06-28, 17:32:58, 1053000000, 1054000000, 1000000.00, 1, -24.65, -24.65
2026-06-28, 17:32:58, 1054000000, 1055000000, 1000000.00, 1, -24.57, -24.57
2026-06-28, 17:32:58, 1055000000, 1056000000, 1000000.00, 1, -24.57, -24.57
2026-06-28, 17:32:58, 1056000000, 1057000000, 1000000.00, 1, -24.59, -24.59
2026-06-28, 17:32:58, 1057000000, 1058000000, 1000000.00, 1, -24.53, -24.53
2026-06-28, 17:32:58, 1058000000, 1059000000, 1000000.00, 1, -24.70, -24.70
2026-06-28, 17:32:58, 1059000000, 1060000000, 1000000.00, 1, -24.65, -24.65
2026-06-28, 17:32:58, 1060000000, 1061000000, 1000000.00, 1, -24.61, -24.61
2026-06-28, 17:32:58, 1061000000, 1062000000, 1000000.00, 1, -24.59, -24.59
2026-06-28, 17:32:58, 1062000000, 1063000000, 1000000.00, 1, -24.54, -24.54
2026-06-28, 17:32:58, 1063000000, 1064000000, 1000000.00, 1, -24.48, -24.48
2026-06-28, 17:32:58, 1064000000, 1065000000, 1000000.00, 1, -24.73, -24.73
2026-06-28, 17:32:58, 1065000000, 1066000000, 1000000.00, 1, -24.61, -24.61
2026-06-28, 17:32:58, 1066000000, 1067000000, 1000000.00, 1, -24.63, -24.63
2026-06-28, 17:32:58, 1067000000, 1068000000, 1000000.00, 1, -24.58, -24.58
2026-06-28, 17:32:58, 1068000000, 1069000000, 1000000.00, 1, -24.55, -24.55
2026-06-28, 17:32:58, 1069000000, 1070000000, 1000000.00, 1, -24.53, -24.53
2026-06-28, 17:32:58, 1070000000, 1071000000, 1000000.00, 1, -24.52, -24.52
2026-06-28, 17:32:58, 1071000000, 1072000000, 1000000.00, 1, -24.67, -24.67
2026-06-28, 17:32:58, 1072000000, 1073000000, 1000000.00, 1, -24.64, -24.64
2026-06-28, 17:32:58, 1073000000, 1074000000, 1000000.00, 1, -24.66, -24.66
2026-06-28, 17:32:58, 1074000000, 1075000000, 1000000.00, 1, -24.52, -24.52
2026-06-28, 17:32:58, 1075000000, 1076000000, 1000000.00, 1, -24.59, -24.59
2026-06-28, 17:32:58, 1076000000, 1077000000, 1000000.00, 1, -24.53, -24.53
2026-06-28, 17:32:58, 1077000000, 1078000000, 1000000.00, 1, -24.71, -24.71
2026-06-28, 17:32:58, 1078000000, 1079000000, 1000000.00, 1, -24.62, -24.62
2026-06-28, 17:32:58, 1079000000, 1080000000, 1000000.00, 1, -24.61, -24.61
2026-06-28, 17:32:58, 1080000000, 1081000000, 1000000.00, 1, -24.52, -24.52
2026-06-28, 17:32:58, 1081000000, 1082000000, 1000000.00, 1, -24.57, -24.57
2026-06-28, 17:32:58, 1082000000, 1083000000, 1000000.00, 1, -24.52, -24.52
2026-06-28, 17:32:58, 1083000000, 1084000000, 1000000.00, 1, -24.70, -24.70
2026-06-28, 17:32:58, 1084000000, 1085000000, 1000000.00, 1, -24.68, -24.68
2026-06-28, 17:32:58, 1085000000, 1086000000, 1000000.00, 1, -24.63, -24.63
2026-06-28, 17:32:58, 1086000000, 1087000000, 1000000.00, 1, -24.58, -24.58
2026-06-28, 17:32:58, 1087000000, 1088000000, 1000000.00, 1, -24.57, -24.57
2026-06-28, 17:32:58, 1088000000, 1089000000, 1000000.00, 1, -24.60, -24.60
2026-06-28, 17:32:58, 1089000000, 1090000000, 1000000.00, 1, -24.55, -24.55
2026-06-28, 17:32:58, 1090000000, 1091000000, 1000000.00, 1, -24.74, -24.74
2026-06-28, 17:32:58, 1091000000, 1092000000, 1000000.00, 1, -24.63, -24.63
2026-06-28, 17:32:58, 1092000000, 1093000000, 1000000.00, 1, -24.63, -24.63
2026-06-28, 17:32:58, 1093000000, 1094000000, 1000000.00, 1, -24.67, -24.67
2026-06-28, 17:32:58, 1094000000, 1095000000, 1000000.00, 1, -24.52, -24.52
2026-06-28, 17:32:58, 1095000000, 1096000000, 1000000.00, 1, -24.54, -24.54
2026-06-28, 17:32:58, 1096000000, 1097000000, 1000000.00, 1, -24.74, -24.74
2026-06-28, 17:32:58, 1097000000, 1098000000, 1000000.00, 1, -24.66, -24.66
2026-06-28, 17:32:58, 1098000000, 1099000000, 1000000.00, 1, -24.64, -24.64
2026-06-28, 17:32:58, 1099000000, 1100000000, 1000000.00, 1, -24.62, -24.62
2026-06-28, 17:32:58, 1100000000, 1101000000, 1000000.00, 1, -24.61, -24.61
2026-06-28, 17:32:58, 1101000000, 1102000000, 1000000.00, 1, -24.52, -24.52
2026-06-28, 17:32:58, 1102000000, 1103000000, 1000000.00, 1, -24.68, -24.68
2026-06-28, 17:32:58, 1103000000, 1104000000, 1000000.00, 1, -24.66, -24.66
2026-06-28, 17:32:58, 1104000000, 1105000000, 1000000.00, 1, -24.63, -24.63
2026-06-28, 17:32:58, 1105000000, 1106000000, 1000000.00, 1, -24.63, -24.63
2026-06-28, 17:32:58, 1106000000, 1107000000, 1000000.00, 1, -24.57, -24.57
2026-06-28, 17:32:58, 1107000000, 1108000000, 1000000.00, 1, -24.53, -24.53
2026-06-28, 17:32:58, 1108000000, 1109000000, 1000000.00, 1, -24.51, -24.51
2026-06-28, 17:32:58, 1109000000, 1110000000, 1000000.00, 1, -24.65, -24.65
2026-06-28, 17:32:58, 1110000000, 1111000000, 1000000.00, 1, -24.68, -24.68
2026-06-28, 17:32:58, 1111000000, 1112000000, 1000000.00, 1, -24.62, -24.62
2026-06-28, 17:32:58, 1112000000, 1113000000, 1000000.00, 1, -24.64, -24.64
2026-06-28, 17:32:58, 1113000000, 1114000000, 1000000.00, 1, -24.56, -24.56
2026-06-28, 17:32:58, 1114000000, 1115000000, 1000000.00, 1, -24.52, -24.52
2026-06-28, 17:32:58, 1115000000, 1116000000, 1000000.00, 1, -24.67, -24.67
2026-06-28, 17:32:58, 1116000000, 1117000000, 1000000.00, 1, -24.70, -24.70
2026-06-28, 17:32:58, 1117000000, 1118000000, 1000000.00, 1, -24.66, -24.66
2026-06-28, 17:32:58, 1118000000, 1119000000, 1000000.00, 1, -24.59, -24.59
2026-06-28, 17:32:58, 1119000000, 1120000000, 1000000.00, 1, -24.54, -24.54
2026-06-28, 17:32:58, 1120000000, 1121000000, 1000000.00, 1, -24.55, -24.55
2026-06-28, 17:32:58, 1121000000, 1122000000, 1000000.00, 1, -24.63, -24.63
2026-06-28, 17:32:58, 1122000000, 1123000000, 1000000.00, 1, -24.72, -24.72
2026-06-28, 17:32:58, 1123000000, 1124000000, 1000000.00, 1, -24.70, -24.70
2026-06-28, 17:32:58, 1124000000, 1125000000, 1000000.00, 1, -24.59, -24.59
2026-06-28, 17:32:58, 1125000000, 1126000000, 1000000.00, 1, -24.58, -24.58
2026-06-28, 17:32:58, 1126000000, 1127000000, 1000000.00, 1, -24.56, -24.56
2026-06-28, 17:32:58, 1127000000, 1128000000, 1000000.00, 1, -24.54, -24.54
2026-06-28, 17:32:58, 1128000000, 1129000000, 1000000.00, 1, -24.66, -24.66
2026-06-28, 17:32:58, 1129000000, 1130000000, 1000000.00, 1, -24.61, -24.61
2026-06-28, 17:32:58, 1130000000, 1131000000, 1000000.00, 1, -24.62, -24.62
2026-06-28, 17:32:58, 1131000000, 1132000000, 1000000.00, 1, -24.52, -24.52
2026-06-28, 17:32:58, 1132000000, 1133000000, 1000000.00, 1, -24.54, -24.54
2026-06-28, 17:32:58, 1133000000, 1134000000, 1000000.00, 1, -24.53, -24.53
2026-06-28, 17:32:58, 1134000000, 1135000000, 1000000.00, 1, -24.74, -24.74
2026-06-28, 17:32:58, 1135000000, 1136000000, 1000000.00, 1, -24.62, -24.62
2026-06-28, 17:32:58, 1136000000, 1137000000, 1000000.00, 1, -24.63, -24.63
2026-06-28, 17:32:58, 1137000000, 1138000000, 1000000.00, 1, -24.66, -24.66
2026-06-28, 17:32:58, 1138000000, 1139000000, 1000000.00, 1, -24.54, -24.54
2026-06-28, 17:32:58, 1139000000, 1140000000, 1000000.00, 1, -24.58, -24.58
2026-06-28, 17:32:58, 1140000000, 1141000000, 1000000.00, 1, -24.59, -24.59
2026-06-28, 17:32:58, 1141000000, 1142000000, 1000000.00, 1, -24.60, -24.60
2026-06-28, 17:32:58, 1142000000, 1143000000, 1000000.00, 1, -24.69, -24.69
2026-06-28, 17:32:58, 1143000000, 1144000000, 1000000.00, 1, -24.62, -24.62
2026-06-28, 17:32:58, 1144000000, 1145000000, 1000000.00, 1, -24.62, -24.62
2026-06-28, 17:32:58, 1145000000, 1146000000, 1000000.00, 1, -24.57, -24.57
2026-06-28, 17:32:58, 1146000000, 1147000000, 1000000.00, 1, -24.53, -24.53
2026-06-28, 17:32:58, 1147000000, 1148000000, 1000000.00, 1, -24.66, -24.66
2026-06-28, 17:32:58, 1148000000, 1149000000, 1000000.00, 1, -24.64, -24.64
2026-06-28, 17:32:58, 1149000000, 1150000000, 1000000.00, 1, -24.66, -24.66
2026-06-28, 17:32:58, 1150000000, 1151000000, 1000000.00, 1, -24.59, -24.59
2026-06-28, 17:32:58, 1151000000, 1152000000, 1000000.00, 1, -24.58, -24.58
2026-06-28, 17:32:58, 1152000000, 1153000000, 1000000.00, 1, -24.57, -24.57
2026-06-28, 17:32:58, 1153000000, 1154000000, 1000000.00, 1, -24.66, -24.66
2026-06-28, 17:32:58, 1154000000, 1155000000, 1000000.00, 1, -24.68, -24.68
2026-06-28, 17:32:58, 1155000000, 1156000000, 1000000.00, 1, -24.65, -24.65
2026-06-28, 17:32:58, 1156000000, 1157000000, 1000000.00, 1, -24.58, -24.58
2026-06-28, 17:32:58, 1157000000, 1158000000, 1000000.00, 1, -24.57, -24.57
2026-06-28, 17:32:58, 1158000000, 1159000000, 1000000.00, 1, -24.54, -24.54
2026-06-28, 17:32:58, 1159000000, 1160000000, 1000000.00, 1, -24.56, -24.56
2026-06-28, 17:32:58, 1160000000, 1161000000, 1000000.00, 1, -24.61, -24.61
2026-06-28, 17:32:58, 1161000000, 1162000000, 1000000.00, 1, -24.64, -24.64
2026-06-28, 17:32:58, 1162000000, 1163000000, 1000000.00, 1, -24.61, -24.61
2026-06-28, 17:32:58, 1163000000, 1164000000, 1000000.00, 1, -24.56, -24.56
2026-06-28, 17:32:58, 1164000000, 1165000000, 1000000.00, 1, -24.53, -24.53
2026-06-28, 17:32:58, 1165000000, 1166000000, 1000000.00, 1, -24.55, -24.55
2026-06-28, 17:32:58, 1166000000, 1167000000, 1000000.00, 1, -24.64, -24.64
2026-06-28, 17:32:58, 1167000000, 1168000000, 1000000.00, 1, -24.63, -24.63
2026-06-28, 17:32:58, 1168000000, 1169000000, 1000000.00, 1, -24.65, -24.65
2026-06-28, 17:32:58, 1169000000, 1170000000, 1000000.00, 1, -24.60, -24.60
2026-06-28, 17:32:58, 1170000000, 1171000000, 1000000.00, 1, -24.58, -24.58
2026-06-28, 17:32:58, 1171000000, 1172000000, 1000000.00, 1, -24.51, -24.51
2026-06-28, 17:32:58, 1172000000, 1173000000, 1000000.00, 1, -24.68, -24.68
2026-06-28, 17:32:58, 1173000000, 1174000000, 1000000.00, 1, -24.66, -24.66
2026-06-28, 17:32:58, 1174000000, 1175000000, 1000000.00, 1, -24.67, -24.67
2026-06-28, 17:32:58, 1175000000, 1176000000, 1000000.00, 1, -24.61, -24.61
2026-06-28, 17:32:58, 1176000000, 1177000000, 1000000.00, 1, -24.58, -24.58
2026-06-28, 17:32:58, 1177000000, 1178000000, 1000000.00, 1, -24.60, -24.60
2026-06-28, 17:32:58, 1178000000, 1179000000, 1000000.00, 1, -24.51, -24.51
2026-06-28, 17:32:58, 1179000000, 1180000000, 1000000.00, 1, -24.72, -24.72
2026-06-28, 17:32:58, 1180000000, 1181000000, 1000000.00, 1, -24.60, -24.60
2026-06-28, 17:32:58, 1181000000, 1182000000, 1000000.00, 1, -24.61, -24.61
2026-06-28, 17:32:58, 1182000000, 1183000000, 1000000.00, 1, -24.57, -24.57
2026-06-28, 17:32:58, 1183000000, 1184000000, 1000000.00, 1, -24.56, -24.56
2026-06-28, 17:32:58, 1184000000, 1185000000, 1000000.00, 1, -24.56, -24.56
2026-06-28, 17:32:58, 1185000000, 1186000000, 1000000.00, 1, -24.70, -24.70
2026-06-28, 17:32:58, 1186000000, 1187000000, 1000000.00, 1, -24.66, -24.66
2026-06-28, 17:32:58, 1187000000, 1188000000, 1000000.00, 1, -24.60, -24.60
2026-06-28, 17:32:58, 1188000000, 1189000000, 1000000.00, 1, -24.58, -24.58
2026-06-28, 17:32:58, 1189000000, 1190000000, 1000000.00, 1, -24.57, -24.57
2026-06-28, 17:32:58, 1190000000, 1191000000, 1000000.00, 1, -24.53, -24.53
2026-06-28, 17:32:58, 1191000000, 1192000000, 1000000.00, 1, -24.69, -24.69
2026-06-28, 17:32:58, 1192000000, 1193000000, 1000000.00, 1, -24.69, -24.69
2026-06-28, 17:32:58, 1193000000, 1194000000, 1000000.00, 1, -24.65, -24.65
2026-06-28, 17:32:58, 1194000000, 1195000000, 1000000.00, 1, -24.62, -24.62
2026-06-28, 17:32:58, 1195000000, 1196000000, 1000000.00, 1, -24.58, -24.58
2026-06-28, 17:32:58, 1196000000, 1197000000, 1000000.00, 1, -24.52, -24.52
2026-06-28, 17:32:58, 1197000000, 1198000000, 1000000.00, 1, -24.50, -24.50
2026-06-28, 17:32:58, 1198000000, 1199000000, 1000000.00, 1, -24.67, -24.67
2026-06-28, 17:32:58, 1199000000, 1200000000, 1000000.00, 1, -24.62, -24.62
2026-06-28, 17:32:58, 1200000000, 1201000000, 1000000.00, 1, -24.61, -24.61
2026-06-28, 17:32:58, 1201000000, 1202000000, 1000000.00, 1, -24.65, -24.65
2026-06-28, 17:32:58, 1202000000, 1203000000, 1000000.00, 1, -24.55, -24.55
2026-06-28, 17:32:58, 1203000000, 1204000000, 1000000.00, 1, -24.52, -24.52
2026-06-28, 17:32:58, 1204000000, 1205000000, 1000000.00, 1, -24.63, -24.63
2026-06-28, 17:32:58, 1205000000, 1206000000, 1000000.00, 1, -24.68, -24.68
2026-06-28, 17:32:58, 1206000000, 1207000000, 1000000.00, 1, -24.65, -24.65
2026-06-28, 17:32:58, 1207000000, 1208000000, 1000000.00, 1, -24.62, -24.62
2026-06-28, 17:32:58, 1208000000, 1209000000, 1000000.00, 1, -24.54, -24.54
2026-06-28, 17:32:58, 1209000000, 1210000000, 1000000.00, 1, -24.51, -24.51
2026-06-28, 17:32:58, 1210000000, 1211000000, 1000000.00, 1, -24.71, -24.71
2026-06-28, 17:32:58, 1211000000, 1212000000, 1000000.00, 1, -24.69, -24.69
2026-06-28, 17:32:58, 1212000000, 1213000000, 1000000.00, 1, -24.66, -24.66
2026-06-28, 17:32:58, 1213000000, 1214000000, 1000000.00, 1, -24.63, -24.63
2026-06-28, 17:32:58, 1214000000, 1215000000, 1000000.00, 1, -24.57, -24.57
2026-06-28, 17:33:08, 960000000, 961000000, 1000000.00, 1, -24.57, -24.57
2026-06-28, 17:33:08, 961000000, 962000000, 1000000.00, 1, -24.52, -24.52
2026-06-28, 17:33:08, 962000000, 963000000, 1000000.00, 1, -24.73, -24.73
2026-06-28, 17:33:08, 963000000, 964000000, 1000000.00, 1, -24.67, -24.67
2026-06-28, 17:33:08, 964000000, 965000000, 1000000.00, 1, -24.65, -24.65
2026-06-28, 17:33:08, 965000000, 966000000, 1000000.00, 1, -24.62, -24.62
2026-06-28, 17:33:08, 966000000, 967000000, 1000000.00, 1, -24.57, -24.57
2026-06-28, 17:33:08, 967000000, 968000000, 1000000.00, 1, -24.54, -24.54
2026-06-28, 17:33:08, 968000000, 969000000, 1000000.00, 1, -24.69, -24.69
2026-06-28, 17:33:08, 969000000, 970000000, 1000000.00, 1, -24.66, -24.66
2026-06-28, 17:33:08, 970000000, 971000000, 1000000.00, 1, -24.59, -24.59
2026-06-28, 17:33:08, 971000000, 972000000, 1000000.00, 1, -24.63, -24.63
2026-06-28, 17:33:08, 972000000, 973000000, 1000000.00, 1, -24.55, -24.55
2026-06-28, 17:33:08, 973000000, 974000000, 1000000.00, 1, -24.56, -24.56
2026-06-28, 17:33:08, 974000000, 975000000, 1000000.00, 1, -24.66, -24.66
2026-06-28, 17:33:08, 975000000, 976000000, 1000000.00, 1, -24.72, -24.72
2026-06-28, 17:33:08, 976000000, 977000000, 1000000.00, 1, -24.65, -24.65
2026-06-28, 17:33:08, 977000000, 978000000, 1000000.00, 1, -24.67, -24.67
2026-06-28, 17:33:08, 978000000, 979000000, 1000000.00, 1, -24.53, -24.53
2026-06-28, 17:33:08, 979000000, 980000000, 1000000.00, 1, -24.55, -24.55
2026-06-28, 17:33:08, 980000000, 981000000, 1000000.00, 1, -24.54, -24.54
2026-06-28, 17:33:08, 981000000, 982000000, 1000000.00, 1, -24.67, -24.67
2026-06-28, 17:33:08, 982000000, 983000000, 1000000.00, 1, -24.65, -24.65
2026-06-28, 17:33:08, 983000000, 984000000, 1000000.00, 1, -24.66, -24.66
2026-06-28, 17:33:08, 984000000, 985000000, 1000000.00, 1, -24.59, -24.59
2026-06-28, 17:33:08, 985000000, 986000000, 1000000.00, 1, -24.53, -24.53
2026-06-28, 17:33:08, 986000000, 987000000, 1000000.00, 1, -24.55, -24.55
2026-06-28, 17:33:08, 987000000, 988000000, 1000000.00, 1, -24.67, -24.67
2026-06-28, 17:33:08, 988000000, 989000000, 1000000.00, 1, -24.70, -24.70
2026-06-28, 17:33:08, 989000000, 990000000, 1000000.00, 1, -24.57, -24.57
2026-06-28, 17:33:08, 990000000, 991000000, 1000000.00, 1, -24.57, -24.57
2026-06-28, 17:33:08, 991000000, 992000000, 1000000.00, 1, -24.62, -24.62
2026-06-28, 17:33:08, 992000000, 993000000, 1000000.00, 1, -24.56, -24.56
2026-06-28, 17:33:08, 993000000, 994000000, 1000000.00, 1, -24.54, -24.54
2026-06-28, 17:33:08, 994000000, 995000000, 1000000.00, 1, -24.66, -24.66
2026-06-28, 17:33:08, 995000000, 996000000, 1000000.00, 1, -24.70, -24.70
2026-06-28, 17:33:08, 996000000, 997000000, 1000000.00, 1, -24.62, -24.62
2026-06-28, 17:33:08, 997000000, 998000000, 1000000.00, 1, -24.58, -24.58
2026-06-28, 17:33:08, 998000000, 999000000, 1000000.00, 1, -24.57, -24.57
2026-06-28, 17:33:08, 999000000, 1000000000, 1000000.00, 1, -24.55, -24.55
2026-06-28, 17:33:08, 1000000000, 1001000000, 1000000.00, 1, -24.66, -24.66
2026-06-28, 17:33:08, 1001000000, 1002000000, 1000000.00, 1, -24.64, -24.64
2026-06-28, 17:33:08, 1002000000, 1003000000, 1000000.00, 1, -24.66, -24.66
2026-06-28, 17:33:08, 1003000000, 1004000000, 1000000.00, 1, -24.63, -24.63
2026-06-28, 17:33:08, 1004000000, 1005000000, 1000000.00, 1, -24.57, -24.57
2026-06-28, 17:33:08, 1005000000, 1006000000, 1000000.00, 1, -24.53, -24.53
2026-06-28, 17:33:08, 1006000000, 1007000000, 1000000.00, 1, -24.71, -24.71
2026-06-28, 17:33:08, 1007000000, 1008000000, 1000000.00, 1, -24.69, -24.69
2026-06-28, 17:33:08, 1008000000, 1009000000, 1000000.00, 1, -24.65, -24.65
2026-06-28, 17:33:08, 1009000000, 1010000000, 1000000.00, 1, -24.56, -24.56
2026-06-28, 17:33:08, 1010000000, 1011000000, 1000000.00, 1, -24.57, -24.57
2026-06-28, 17:33:08, 1011000000, 1012000000, 1000000.00, 1, -24.51, -24.51
2026-06-28, 17:33:08, 1012000000, 1013000000, 1000000.00, 1, -24.49, -24.49
2026-06-28, 17:33:08, 1013000000, 1014000000, 1000000.00, 1, -24.70, -24.70
2026-06-28, 17:33:08, 1014000000, 1015000000, 1000000.00, 1, -24.62, -24.62
2026-06-28, 17:33:08, 1015000000, 1016000000, 1000000.00, 1, -24.57, -24.57
2026-06-28, 17:33:08, 1016000000, 1017000000, 1000000.00, 1, -24.59, -24.59
2026-06-28, 17:33:08, 1017000000, 1018000000, 1000000.00, 1, -24.55, -24.55
2026-06-28, 17:33:08, 1018000000, 1019000000, 1000000.00, 1, -24.50, -24.50
2026-06-28, 17:33:08, 1019000000, 1020000000, 1000000.00, 1, -24.64, -24.64
2026-06-28, 17:33:08, 1020000000, 1021000000, 1000000.00, 1, -24.62, -24.62
2026-06-28, 17:33:08, 1021000000, 1022000000, 1000000.00, 1, -24.67, -24.67
2026-06-28, 17:33:08, 1022000000, 1023000000, 1000000.00, 1, -24.61, -24.61
2026-06-28, 17:33:08, 1023000000, 1024000000, 1000000.00, 1, -24.58, -24.58
2026-06-28, 17:33:08, 1024000000, 1025000000, 1000000.00, 1, -24.61, -24.61
2026-06-28, 17:33:08, 1025000000, 1026000000, 1000000.00, 1, -24.69, -24.69
2026-06-28, 17:33:08, 1026000000, 1027000000, 1000000.00, 1, -24.68, -24.68
2026-06-28, 17:33:08, 1027000000, 1028000000, 1000000.00, 1, -24.71, -24.71
2026-06-28, 17:33:08, 1028000000, 1029000000, 1000000.00, 1, -24.61, -24.61
2026-06-28, 17:33:08, 1029000000, 1030000000, 1000000.00, 1, -24.58, -24.58
2026-06-28, 17:33:08, 1030000000, 1031000000, 1000000.00, 1, -24.52, -24.52
2026-06-28, 17:33:08, 1031000000, 1032000000, 1000000.00, 1, -24.53, -24.53
2026-06-28, 17:33:08, 1032000000, 1033000000, 1000000.00, 1, -24.66, -24.66
2026-06-28, 17:33:08, 1033000000, 1034000000, 1000000.00, 1, -24.69, -24.69
2026-06-28, 17:33:08, 1034000000, 1035000000, 1000000.00, 1, -24.66, -24.66
2026-06-28, 17:33:08, 1035000000, 1036000000, 1000000.00, 1, -24.59, -24.59
2026-06-28, 17:33:08, 1036000000, 1037000000, 1000000.00, 1, -24.52, -24.52
2026-06-28, 17:33:08, 1037000000, 1038000000, 1000000.00, 1, -24.54, -24.54
2026-06-28, 17:33:08, 1038000000, 1039000000, 1000000.00, 1, -24.68, -24.68
2026-06-28, 17:33:08, 1039000000, 1040000000, 1000000.00, 1, -24.67, -24.67
2026-06-28, 17:33:08, 1040000000, 1041000000, 1000000.00, 1, -24.63, -24.63
2026-06-28, 17:33:08, 1041000000, 1042000000, 1000000.00, 1, -24.53, -24.53
2026-06-28, 17:33:08, 1042000000, 1043000000, 1000000.00, 1, -24.55, -24.55
2026-06-28, 17:33:08, 1043000000, 1044000000, 1000000.00, 1, -24.51, -24.51
2026-06-28, 17:33:08, 1044000000, 1045000000, 1000000.00, 1, -24.72, -24.72
2026-06-28, 17:33:08, 1045000000, 1046000000, 1000000.00, 1, -24.69, -24.69
2026-06-28, 17:33:08, 1046000000, 1047000000, 1000000.00, 1, -24.62, -24.62
2026-06-28, 17:33:08, 1047000000, 1048000000, 1000000.00, 1, -24.65, -24.65
2026-06-28, 17:33:08, 1048000000, 1049000000, 1000000.00, 1, -24.55, -24.55
2026-06-28, 17:33:08, 1049000000, 1050000000, 1000000.00, 1, -24.57, -24.57
2026-06-28, 17:33:08, 1050000000, 1051000000, 1000000.00, 1, -24.50, -24.50
2026-06-28, 17:33:08, 1051000000, 1052000000, 1000000.00, 1, -24.67, -24.67
2026-06-28, 17:33:08, 1052000000, 1053000000, 1000000.00, 1, -24.72, -24.72
2026-06-28, 17:33:08, 1053000000, 1054000000, 1000000.00, 1, -24.65, -24.65
2026-06-28, 17:33:08, 1054000000, 1055000000, 1000000.00, 1, -24.65, -24.65
2026-06-28, 17:33:08, 1055000000, 1056000000, 1000000.00, 1, -24.58, -24.58
2026-06-28, 17:33:08, 1056000000, 1057000000, 1000000.00, 1, -24.51, -24.51
2026-06-28, 17:33:08, 1057000000, 1058000000, 1000000.00, 1, -24.68, -24.68
2026-06-28, 17:33:08, 1058000000, 1059000000, 1000000.00, 1, -24.69, -24.69
2026-06-28, 17:33:08, 1059000000, 1060000000, 1000000.00, 1, -24.64, -24.64
2026-06-28, 17:33:08, 1060000000, 1061000000, 1000000.00, 1, -24.58, -24.58
2026-06-28, 17:33:08, 1061000000, 1062000000, 1000000.00, 1, -24.58, -24.58
2026-06-28, 17:33:08, 1062000000, 1063000000, 1000000.00, 1, -24.54, -24.54
2026-06-28, 17:33:08, 1063000000, 1064000000, 1000000.00, 1, -24.66, -24.66
2026-06-28, 17:33:08, 1064000000, 1065000000, 1000000.00, 1, -24.63, -24.63
2026-06-28, 17:33:08, 1065000000, 1066000000, 1000000.00, 1, -24.64, -24.64
2026-06-28, 17:33:08, 1066000000, 1067000000, 1000000.00, 1, -24.57, -24.57
2026-06-28, 17:33:08, 1067000000, 1068000000, 1000000.00, 1, -24.54, -24.54
2026-06-28, 17:33:08, 1068000000, 1069000000, 1000000.00, 1, -24.55, -24.55
2026-06-28, 17:33:08, 1069000000, 1070000000, 1000000.00, 1, -24.52, -24.52
2026-06-28, 17:33:08, 1070000000, 1071000000, 1000000.00, 1, -24.64, -24.64
2026-06-28, 17:33:08, 1071000000, 1072000000, 1000000.00, 1, -24.66, -24.66
2026-06-28, 17:33:08, 1072000000, 1073000000, 1000000.00, 1, -24.61, -24.61
2026-06-28, 17:33:08, 1073000000, 1074000000, 1000000.00, 1, -24.58, -24.58
2026-06-28, 17:33:08, 1074000000, 1075000000, 1000000.00, 1, -24.59, -24.59
2026-06-28, 17:33:08, 1075000000, 1076000000, 1000000.00, 1, -24.53, -24.53
2026-06-28, 17:33:08, 1076000000, 1077000000, 1000000.00, 1, -24.66, -24.66
2026-06-28, 17:33:08, 1077000000, 1078000000, 1000000.00, 1, -24.74, -24.74
2026-06-28, 17:33:08, 1078000000, 1079000000, 1000000.00, 1, -24.66, -24.66
2026-06-28, 17:33:08, 1079000000, 1080000000, 1000000.00, 1, -24.64, -24.64
2026-06-28, 17:33:08, 1080000000, 1081000000, 1000000.00, 1, -24.58, -24.58
2026-06-28, 17:33:08, 1081000000, 1082000000, 1000000.00, 1, -24.55, -24.55
2026-06-28, 17:33:08, 1082000000, 1083000000, 1000000.00, 1, -24.59, -24.59
2026-06-28, 17:33:08, 1083000000, 1084000000, 1000000.00, 1, -24.70, -24.70
2026-06-28, 17:33:08, 1084000000, 1085000000, 1000000.00, 1, -24.64, -24.64
2026-06-28, 17:33:08, 1085000000, 1086000000, 1000000.00, 1, -24.62, -24.62
2026-06-28, 17:33:08, 1086000000, 1087000000, 1000000.00, 1, -24.57, -24.57
2026-06-28, 17:33:08, 1087000000, 1088000000, 1000000.00, 1, -24.59, -24.59
2026-06-28, 17:33:08, 1088000000, 1089000000, 1000000.00, 1, -24.55, -24.55
2026-06-28, 17:33:08, 1089000000, 1090000000, 1000000.00, 1, -24.73, -24.73
2026-06-28, 17:33:08, 1090000000, 1091000000, 1000000.00, 1, -24.69, -24.69
2026-06-28, 17:33:08, 1091000000, 1092000000, 1000000.00, 1, -24.59, -24.59
2026-06-28, 17:33:08, 1092000000, 1093000000, 1000000.00, 1, -24.57, -24.57
2026-06-28, 17:33:08, 1093000000, 1094000000, 1000000.00, 1, -24.57, -24.57
2026-06-28, 17:33:08, 1094000000, 1095000000, 1000000.00, 1, -24.52, -24.52
2026-06-28, 17:33:08, 1095000000, 1096000000, 1000000.00, 1, -24.62, -24.62
2026-06-28, 17:33:08, 1096000000, 1097000000, 1000000.00, 1, -24.64, -24.64
2026-06-28, 17:33:08, 1097000000, 1098000000, 1000000.00, 1, -24.59, -24.59
2026-06-28, 17:33:08, 1098000000, 1099000000, 1000000.00, 1, -24.60, -24.60
2026-06-28, 17:33:08, 1099000000, 1100000000, 1000000.00, 1, -24.60, -24.60
2026-06-28, 17:33:08, 1100000000, 1101000000, 1000000.00, 1, -24.58, -24.58
2026-06-28, 17:33:08, 1101000000, 1102000000, 1000000.00, 1, -24.59, -24.59
2026-06-28, 17:33:08, 1102000000, 1103000000, 1000000.00, 1, -24.60, -24.60
2026-06-28, 17:33:08, 1103000000, 1104000000, 1000000.00, 1, -24.64, -24.64
2026-06-28, 17:33:08, 1104000000, 1105000000, 1000000.00, 1, -24.69, -24.69
2026-06-28, 17:33:08, 1105000000, 1106000000, 1000000.00, 1, -24.60, -24.60
2026-06-28, 17:33:08, 1106000000, 1107000000, 1000000.00, 1, -24.60, -24.60
2026-06-28, 17:33:08, 1107000000, 1108000000, 1000000.00, 1, -24.53, -24.53
2026-06-28, 17:33:08, 1108000000, 1109000000, 1000000.00, 1, -24.69, -24.69
2026-06-28, 17:33:08, 1109000000, 1110000000, 1000000.00, 1, -24.67, -24.67
2026-06-28, 17:33:08, 1110000000, 1111000000, 1000000.00, 1, -24.64, -24.64
2026-06-28, 17:33:08, 1111000000, 1112000000, 1000000.00, 1, -24.62, -24.62
2026-06-28, 17:33:08, 1112000000, 1113000000, 1000000.00, 1, -24.54, -24.54
2026-06-28, 17:33:08, 1113000000, 1114000000, 1000000.00, 1, -24.55, -24.55
2026-06-28, 17:33:08, 1114000000, 1115000000, 1000000.00, 1, -24.67, -24.67
2026-06-28, 17:33:08, 1115000000, 1116000000, 1000000.00, 1, -24.66, -24.66
2026-06-28, 17:33:08, 1116000000, 1117000000, 1000000.00, 1, -24.60, -24.60
2026-06-28, 17:33:08, 1117000000, 1118000000, 1000000.00, 1, -24.63, -24.63
2026-06-28, 17:33:08, 1118000000, 1119000000, 1000000.00, 1, -24.59, -24.59
2026-06-28, 17:33:08, 1119000000, 1120000000, 1000000.00, 1, -24.55, -24.55
2026-06-28, 17:33:08, 1120000000, 1121000000, 1000000.00, 1, -24.53, -24.53
2026-06-28, 17:33:08, 1121000000, 1122000000, 1000000.00, 1, -24.66, -24.66
2026-06-28, 17:33:08, 1122000000, 1123000000, 1000000.00, 1, -24.63, -24.63
2026-06-28, 17:33:08, 1123000000, 1124000000, 1000000.00, 1, -24.60, -24.60
2026-06-28, 17:33:08, 1124000000, 1125000000, 1000000.00, 1, -24.58, -24.58
2026-06-28, 17:33:08, 1125000000, 1126000000, 1000000.00, 1, -24.54, -24.54
2026-06-28, 17:33:08, 1126000000, 1127000000, 1000000.00, 1, -24.48, -24.48
2026-06-28, 17:33:08, 1127000000, 1128000000, 1000000.00, 1, -24.63, -24.63
2026-06-28, 17:33:08, 1128000000, 1129000000, 1000000.00, 1, -24.70, -24.70
2026-06-28, 17:33:08, 1129000000, 1130000000, 1000000.00, 1, -24.65, -24.65
2026-06-28, 17:33:08, 1130000000, 1131000000, 1000000.00, 1, -24.63, -24.63
2026-06-28, 17:33:08, 1131000000, 1132000000, 1000000.00, 1, -24.56, -24.56
2026-06-28, 17:33:08, 1132000000, 1133000000, 1000000.00, 1, -24.54, -24.54
2026-06-28, 17:33:08, 1133000000, 1134000000, 1000000.00, 1, -24.68, -24.68
2026-06-28, 17:33:08, 1134000000, 1135000000, 1000000.00, 1, -24.63, -24.63
2026-06-28, 17:33:08, 1135000000, 1136000000, 1000000.00, 1, -24.64, -24.64
2026-06-28, 17:33:08, 1136000000, 1137000000, 1000000.00, 1, -24.62, -24.62
2026-06-28, 17:33:08, 1137000000, 1138000000, 1000000.00, 1, -24.61, -24.61
2026-06-28, 17:33:08, 1138000000, 1139000000, 1000000.00, 1, -24.56, -24.56
2026-06-28, 17:33:08, 1139000000, 1140000000, 1000000.00, 1, -24.59, -24.59
2026-06-28, 17:33:08, 1140000000, 1141000000, 1000000.00, 1, -24.71, -24.71
2026-06-28, 17:33:08, 1141000000, 1142000000, 1000000.00, 1, -24.61, -24.61
2026-06-28, 17:33:08, 1142000000, 1143000000, 1000000.00, 1, -24.67, -24.67
2026-06-28, 17:33:08, 1143000000, 1144000000, 1000000.00, 1, -24.63, -24.63
2026-06-28, 17:33:08, 1144000000, 1145000000, 1000000.00, 1, -24.54, -24.54
2026-06-28, 17:33:08, 1145000000, 1146000000, 1000000.00, 1, -24.51, -24.51
2026-06-28, 17:33:08, 1146000000, 1147000000, 1000000.00, 1, -24.67, -24.67
2026-06-28, 17:33:08, 1147000000, 1148000000, 1000000.00, 1, -24.63, -24.63
2026-06-28, 17:33:08, 1148000000, 1149000000, 1000000.00, 1, -24.59, -24.59
2026-06-28, 17:33:08, 1149000000, 1150000000, 1000000.00, 1, -24.59, -24.59
2026-06-28, 17:33:08, 1150000000, 1151000000, 1000000.00, 1, -24.59, -24.59
2026-06-28, 17:33:08, 1151000000, 1152000000, 1000000.00, 1, -24.53, -24.53
2026-06-28, 17:33:08, 1152000000, 1153000000, 1000000.00, 1, -24.72, -24.72
2026-06-28, 17:33:08, 1153000000, 1154000000, 1000000.00, 1, -24.68, -24.68
2026-06-28, 17:33:08, 1154000000, 1155000000, 1000000.00, 1, -24.59, -24.59
2026-06-28, 17:33:08, 1155000000, 1156000000, 1000000.00, 1, -24.65, -24.65
2026-06-28, 17:33:08, 1156000000, 1157000000, 1000000.00, 1, -24.60, -24.60
2026-06-28, 17:33:08, 1157000000, 1158000000, 1000000.00, 1, -24.59, -24.59
2026-06-28, 17:33:08, 1158000000, 1159000000, 1000000.00, 1, -24.54, -24.54
2026-06-28, 17:33:08, 1159000000, 1160000000, 1000000.00, 1, -24.66, -24.66
2026-06-28, 17:33:08, 1160000000, 1161000000, 1000000.00, 1, -24.66, -24.66
2026-06-28, 17:33:08, 1161000000, 1162000000, 1000000.00, 1, -24.61, -24.61
2026-06-28, 17:33:08, 1162000000, 1163000000, 1000000.00, 1, -24.65, -24.65
2026-06-28, 17:33:08, 1163000000, 1164000000, 1000000.00, 1, -24.52, -24.52
2026-06-28, 17:33:08, 1164000000, 1165000000, 1000000.00, 1, -24.57, -24.57
2026-06-28, 17:33:08, 1165000000, 1166000000, 1000000.00, 1, -24.69, -24.69
2026-06-28, 17:33:08, 1166000000, 1167000000, 1000000.00, 1, -24.71, -24.71
2026-06-28, 17:33:08, 1167000000, 1168000000, 1000000.00, 1, -24.61, -24.61
2026-06-28, 17:33:08, 1168000000, 1169000000, 1000000.00, 1, -24.60, -24.60
2026-06-28, 17:33:08, 1169000000, 1170000000, 1000000.00, 1, -24.56, -24.56
2026-06-28, 17:33:08, 1170000000, 1171000000, 1000000.00, 1, -24.54, -24.54
2026-06-28, 17:33:08, 1171000000, 1172000000, 1000000.00, 1, -24.62, -24.62
2026-06-28, 17:33:08, 1172000000, 1173000000, 1000000.00, 1, -24.59, -24.59
2026-06-28, 17:33:08, 1173000000, 1174000000, 1000000.00, 1, -24.65, -24.65
2026-06-28, 17:33:08, 1174000000, 1175000000, 1000000.00, 1, -24.70, -24.70
2026-06-28, 17:33:08, 1175000000, 1176000000, 1000000.00, 1, -24.59, -24.59
2026-06-28, 17:33:08, 1176000000, 1177000000, 1000000.00, 1, -24.55, -24.55
2026-06-28, 17:33:08, 1177000000, 1178000000, 1000000.00, 1, -24.51, -24.51
2026-06-28, 17:33:08, 1178000000, 1179000000, 1000000.00, 1, -24.72, -24.72
2026-06-28, 17:33:08, 1179000000, 1180000000, 1000000.00, 1, -24.71, -24.71
2026-06-28, 17:33:08, 1180000000, 1181000000, 1000000.00, 1, -24.66, -24.66
2026-06-28, 17:33:08, 1181000000, 1182000000, 1000000.00, 1, -24.55, -24.55
2026-06-28, 17:33:08, 1182000000, 1183000000, 1000000.00, 1, -24.54, -24.54
2026-06-28, 17:33:08, 1183000000, 1184000000, 1000000.00, 1, -24.58, -24.58
2026-06-28, 17:33:08, 1184000000, 1185000000, 1000000.00, 1, -24.68, -24.68
2026-06-28, 17:33:08, 1185000000, 1186000000, 1000000.00, 1, -24.71, -24.71
2026-06-28, 17:33:08, 1186000000, 1187000000, 1000000.00, 1, -24.65, -24.65
2026-06-28, 17:33:08, 1187000000, 1188000000, 1000000.00, 1, -24.59, -24.59
2026-06-28, 17:33:08, 1188000000, 1189000000, 1000000.00, 1, -24.59, -24.59
2026-06-28, 17:33:08, 1189000000, 1190000000, 1000000.00, 1, -24.50, -24.50
2026-06-28, 17:33:08, 1190000000, 1191000000, 1000000.00, 1, -24.59, -24.59
2026-06-28, 17:33:08, 1191000000, 1192000000, 1000000.00, 1, -24.70, -24.70
2026-06-28, 17:33:08, 1192000000, 1193000000, 1000000.00, 1, -24.61, -24.61
2026-06-28, 17:33:08, 1193000000, 1194000000, 1000000.00, 1, -24.64, -24.64
2026-06-28, 17:33:08, 1194000000, 1195000000, 1000000.00, 1, -24.55, -24.55
2026-06-28, 17:33:08, 1195000000, 1196000000, 1000000.00, 1, -24.56, -24.56
2026-06-28, 17:33:08, 1196000000, 1197000000, 1000000.00, 1, -24.54, -24.54
2026-06-28, 17:33:08, 1197000000, 1198000000, 1000000.00, 1, -24.72, -24.72
2026-06-28, 17:33:08, 1198000000, 1199000000, 1000000.00, 1, -24.66, -24.66
2026-06-28, 17:33:08, 1199000000, 1200000000, 1000000.00, 1, -24.65, -24.65
2026-06-28, 17:33:08, 1200000000, 1201000000, 1000000.00, 1, -24.64, -24.64
2026-06-28, 17:33:08, 1201000000, 1202000000, 1000000.00, 1, -24.62, -24.62
2026-06-28, 17:33:08, 1202000000, 1203000000, 1000000.00, 1, -24.54, -24.54
2026-06-28, 17:33:08, 1203000000, 1204000000, 1000000.00, 1, -24.69, -24.69
2026-06-28, 17:33:08, 1204000000, 1205000000, 1000000.00, 1, -24.68, -24.68
2026-06-28, 17:33:08, 1205000000, 1206000000, 1000000.00, 1, -24.66, -24.66
2026-06-28, 17:33:08, 1206000000, 1207000000, 1000000.00, 1, -24.60, -24.60
2026-06-28, 17:33:08, 1207000000, 1208000000, 1000000.00, 1, -24.60, -24.60
2026-06-28, 17:33:08, 1208000000, 1209000000, 1000000.00, 1, -24.56, -24.56
2026-06-28, 17:33:08, 1209000000, 1210000000, 1000000.00, 1, -24.50, -24.50
2026-06-28, 17:33:08, 1210000000, 1211000000, 1000000.00, 1, -24.68, -24.68
2026-06-28, 17:33:08, 1211000000, 1212000000, 1000000.00, 1, -24.60, -24.60
2026-06-28, 17:33:08, 1212000000, 1213000000, 1000000.00, 1, -24.65, -24.65
2026-06-28, 17:33:08, 1213000000, 1214000000, 1000000.00, 1, -24.57, -24.57
2026-06-28, 17:33:08, 1214000000, 1215000000, 1000000.00, 1, -24.52, -24.52
2026-06-28, 17:33:19, 960000000, 961000000, 1000000.00, 1, -24.59, -24.59
2026-06-28, 17:33:19, 961000000, 962000000, 1000000.00, 1, -24.68, -24.68
2026-06-28, 17:33:19, 962000000, 963000000, 1000000.00, 1, -24.60, -24.60
2026-06-28, 17:33:19, 963000000, 964000000, 1000000.00, 1, -24.62, -24.62
2026-06-28, 17:33:19, 964000000, 965000000, 1000000.00, 1, -24.59, -24.59
2026-06-28, 17:33:19, 965000000, 966000000, 1000000.00, 1, -24.54, -24.54
2026-06-28, 17:33:19, 966000000, 967000000, 1000000.00, 1, -24.51, -24.51
2026-06-28, 17:33:19, 967000000, 968000000, 1000000.00, 1, -24.66, -24.66
2026-06-28, 17:33:19, 968000000, 969000000, 1000000.00, 1, -24.67, -24.67
2026-06-28, 17:33:19, 969000000, 970000000, 1000000.00, 1, -24.62, -24.62
2026-06-28, 17:33:19, 970000000, 971000000, 1000000.00, 1, -24.62, -24.62
2026-06-28, 17:33:19, 971000000, 972000000, 1000000.00, 1, -24.51, -24.51
2026-06-28, 17:33:19, 972000000, 973000000, 1000000.00, 1, -24.57, -24.57
2026-06-28, 17:33:19, 973000000, 974000000, 1000000.00, 1, -24.51, -24.51
2026-06-28, 17:33:19, 974000000, 975000000, 1000000.00, 1, -24.73, -24.73
2026-06-28, 17:33:19, 975000000, 976000000, 1000000.00, 1, -24.68, -24.68
2026-06-28, 17:33:19, 976000000, 977000000, 1000000.00, 1, -24.66, -24.66
2026-06-28, 17:33:19, 977000000, 978000000, 1000000.00, 1, -24.52, -24.52
2026-06-28, 17:33:19, 978000000, 979000000, 1000000.00, 1, -24.53, -24.53
2026-06-28, 17:33:19, 979000000, 980000000, 1000000.00, 1, -24.56, -24.56
2026-06-28, 17:33:19, 980000000, 981000000, 1000000.00, 1, -24.70, -24.70
2026-06-28, 17:33:19, 981000000, 982000000, 1000000.00, 1, -24.67, -24.67
2026-06-28, 17:33:19, 982000000, 983000000, 1000000.00, 1, -24.64, -24.64
2026-06-28, 17:33:19, 983000000, 984000000, 1000000.00, 1, -24.62, -24.62
2026-06-28, 17:33:19, 984000000, 985000000, 1000000.00, 1, -24.56, -24.56
2026-06-28, 17:33:19, 985000000, 986000000, 1000000.00, 1, -24.57, -24.57
2026-06-28, 17:33:19, 986000000, 987000000, 1000000.00, 1, -24.70, -24.70
2026-06-28, 17:33:19, 987000000, 988000000, 1000000.00, 1, -24.62, -24.62
2026-06-28, 17:33:19, 988000000, 989000000, 1000000.00, 1, -24.62, -24.62
2026-06-28, 17:33:19, 989000000, 990000000, 1000000.00, 1, -24.65, -24.65
2026-06-28, 17:33:19, 990000000, 991000000, 1000000.00, 1, -24.63, -24.63
2026-06-28, 17:33:19, 991000000, 992000000, 1000000.00, 1, -24.57, -24.57
2026-06-28, 17:33:19, 992000000, 993000000, 1000000.00, 1, -24.53, -24.53
2026-06-28, 17:33:19, 993000000, 994000000, 1000000.00, 1, -24.68, -24.68
2026-06-28, 17:33:19, 994000000, 995000000, 1000000.00, 1, -24.63, -24.63
2026-06-28, 17:33:19, 995000000, 996000000, 1000000.00, 1, -24.65, -24.65
2026-06-28, 17:33:19, 996000000, 997000000, 1000000.00, 1, -24.62, -24.62
2026-06-28, 17:33:19, 997000000, 998000000, 1000000.00, 1, -24.54, -24.54
2026-06-28, 17:33:19, 998000000, 999000000, 1000000.00, 1, -24.54, -24.54
2026-06-28, 17:33:19, 999000000, 1000000000, 1000000.00, 1, -24.67, -24.67
2026-06-28, 17:33:19, 1000000000, 1001000000, 1000000.00, 1, -24.63, -24.63
2026-06-28, 17:33:19, 1001000000, 1002000000, 1000000.00, 1, -24.60, -24.60
2026-06-28, 17:33:19, 1002000000, 1003000000, 1000000.00, 1, -24.55, -24.55
2026-06-28, 17:33:19, 1003000000, 1004000000, 1000000.00, 1, -24.58, -24.58
2026-06-28, 17:33:19, 1004000000, 1005000000, 1000000.00, 1, -24.56, -24.56
2026-06-28, 17:33:19, 1005000000, 1006000000, 1000000.00, 1, -24.67, -24.67
2026-06-28, 17:33:19, 1006000000, 1007000000, 1000000.00, 1, -24.63, -24.63
2026-06-28, 17:33:19, 1007000000, 1008000000, 1000000.00, 1, -24.70, -24.70
2026-06-28, 17:33:19, 1008000000, 1009000000, 1000000.00, 1, -24.64, -24.64
2026-06-28, 17:33:19, 1009000000, 1010000000, 1000000.00, 1, -24.61, -24.61
2026-06-28, 17:33:19, 1010000000, 1011000000, 1000000.00, 1, -24.59, -24.59
2026-06-28, 17:33:19, 1011000000, 1012000000, 1000000.00, 1, -24.51, -24.51
2026-06-28, 17:33:19, 1012000000, 1013000000, 1000000.00, 1, -24.68, -24.68
2026-06-28, 17:33:19, 1013000000, 1014000000, 1000000.00, 1, -24.66, -24.66
2026-06-28, 17:33:19, 1014000000, 1015000000, 1000000.00, 1, -24.61, -24.61
2026-06-28, 17:33:19, 1015000000, 1016000000, 1000000.00, 1, -24.55, -24.55
2026-06-28, 17:33:19, 1016000000, 1017000000, 1000000.00, 1, -24.59, -24.59
2026-06-28, 17:33:19, 1017000000, 1018000000, 1000000.00, 1, -24.55, -24.55
2026-06-28, 17:33:19, 1018000000, 1019000000, 1000000.00, 1, -24.68, -24.68
2026-06-28, 17:33:19, 1019000000, 1020000000, 1000000.00, 1, -24.66, -24.66
2026-06-28, 17:33:19, 1020000000, 1021000000, 1000000.00, 1, -24.62, -24.62
2026-06-28, 17:33:19, 1021000000, 1022000000, 1000000.00, 1, -24.61, -24.61
2026-06-28, 17:33:19, 1022000000, 1023000000, 1000000.00, 1, -24.54, -24.54
2026-06-28, 17:33:19, 1023000000, 1024000000, 1000000.00, 1, -24.55, -24.55
2026-06-28, 17:33:19, 1024000000, 1025000000, 1000000.00, 1, -24.61, -24.61
2026-06-28, 17:33:19, 1025000000, 1026000000, 1000000.00, 1, -24.72, -24.72
2026-06-28, 17:33:19, 1026000000, 1027000000, 1000000.00, 1, -24.68, -24.68
2026-06-28, 17:33:19, 1027000000, 1028000000, 1000000.00, 1, -24.63, -24.63
2026-06-28, 17:33:19, 1028000000, 1029000000, 1000000.00, 1, -24.63, -24.63
2026-06-28, 17:33:19, 1029000000, 1030000000, 1000000.00, 1, -24.58, -24.58
2026-06-28, 17:33:19, 1030000000, 1031000000, 1000000.00, 1, -24.54, -24.54
2026-06-28, 17:33:19, 1031000000, 1032000000, 1000000.00, 1, -24.68, -24.68
2026-06-28, 17:33:19, 1032000000, 1033000000, 1000000.00, 1, -24.63, -24.63
2026-06-28, 17:33:19, 1033000000, 1034000000, 1000000.00, 1, -24.63, -24.63
2026-06-28, 17:33:19, 1034000000, 1035000000, 1000000.00, 1, -24.57, -24.57
2026-06-28, 17:33:19, 1035000000, 1036000000, 1000000.00, 1, -24.57, -24.57
2026-06-28, 17:33:19, 1036000000, 1037000000, 1000000.00, 1, -24.55, -24.55
2026-06-28, 17:33:19, 1037000000, 1038000000, 1000000.00, 1, -24.66, -24.66
2026-06-28, 17:33:19, 1038000000, 1039000000, 1000000.00, 1, -24.60, -24.60
2026-06-28, 17:33:19, 1039000000, 1040000000, 1000000.00, 1, -24.68, -24.68
2026-06-28, 17:33:19, 1040000000, 1041000000, 1000000.00, 1, -24.62, -24.62
2026-06-28, 17:33:19, 1041000000, 1042000000, 1000000.00, 1, -24.61, -24.61
2026-06-28, 17:33:19, 1042000000, 1043000000, 1000000.00, 1, -24.58, -24.58
2026-06-28, 17:33:19, 1043000000, 1044000000, 1000000.00, 1, -24.55, -24.55
2026-06-28, 17:33:19, 1044000000, 1045000000, 1000000.00, 1, -24.65, -24.65
2026-06-28, 17:33:19, 1045000000, 1046000000, 1000000.00, 1, -24.63, -24.63
2026-06-28, 17:33:19, 1046000000, 1047000000, 1000000.00, 1, -24.59, -24.59
2026-06-28, 17:33:19, 1047000000, 1048000000, 1000000.00, 1, -24.63, -24.63
2026-06-28, 17:33:19, 1048000000, 1049000000, 1000000.00, 1, -24.51, -24.51
2026-06-28, 17:33:19, 1049000000, 1050000000, 1000000.00, 1, -24.50, -24.50
2026-06-28, 17:33:19, 1050000000, 1051000000, 1000000.00, 1, -24.60, -24.60
2026-06-28, 17:33:19, 1051000000, 1052000000, 1000000.00, 1, -24.65, -24.65
2026-06-28, 17:33:19, 1052000000, 1053000000, 1000000.00, 1, -24.64, -24.64
2026-06-28, 17:33:19, 1053000000, 1054000000, 1000000.00, 1, -24.60, -24.60
2026-06-28, 17:33:19, 1054000000, 1055000000, 1000000.00, 1, -24.57, -24.57
2026-06-28, 17:33:19, 1055000000, 1056000000, 1000000.00, 1, -24.55, -24.55
2026-06-28, 17:33:19, 1056000000, 1057000000, 1000000.00, 1, -24.70, -24.70
2026-06-28, 17:33:19, 1057000000, 1058000000, 1000000.00, 1, -24.72, -24.72
2026-06-28, 17:33:19, 1058000000, 1059000000, 1000000.00, 1, -24.64, -24.64
2026-06-28, 17:33:19, 1059000000, 1060000000, 1000000.00, 1, -24.61, -24.61
2026-06-28, 17:33:19, 1060000000, 1061000000, 1000000.00, 1, -24.57, -24.57
2026-06-28, 17:33:19, 1061000000, 1062000000, 1000000.00, 1, -24.54, -24.54
2026-06-28, 17:33:19, 1062000000, 1063000000, 1000000.00, 1, -24.56, -24.56
2026-06-28, 17:33:19, 1063000000, 1064000000, 1000000.00, 1, -24.62, -24.62
2026-06-28, 17:33:19, 1064000000, 1065000000, 1000000.00, 1, -24.68, -24.68
2026-06-28, 17:33:19, 1065000000, 1066000000, 1000000.00, 1, -24.58, -24.58
2026-06-28, 17:33:19, 1066000000, 1067000000, 1000000.00, 1, -24.59, -24.59
2026-06-28, 17:33:19, 1067000000, 1068000000, 1000000.00, 1, -24.59, -24.59
2026-06-28, 17:33:19, 1068000000, 1069000000, 1000000.00, 1, -24.57, -24.57
2026-06-28, 17:33:19, 1069000000, 1070000000, 1000000.00, 1, -24.67, -24.67
2026-06-28, 17:33:19, 1070000000, 1071000000, 1000000.00, 1, -24.63, -24.63
2026-06-28, 17:33:19, 1071000000, 1072000000, 1000000.00, 1, -24.62, -24.62
2026-06-28, 17:33:19, 1072000000, 1073000000, 1000000.00, 1, -24.58, -24.58
2026-06-28, 17:33:19, 1073000000, 1074000000, 1000000.00, 1, -24.56, -24.56
2026-06-28, 17:33:19, 1074000000, 1075000000, 1000000.00, 1, -24.52, -24.52
2026-06-28, 17:33:19, 1075000000, 1076000000, 1000000.00, 1, -24.67, -24.67
2026-06-28, 17:33:19, 1076000000, 1077000000, 1000000.00, 1, -24.65, -24.65
2026-06-28, 17:33:19, 1077000000, 1078000000, 1000000.00, 1, -24.64, -24.64
2026-06-28, 17:33:19, 1078000000, 1079000000, 1000000.00, 1, -24.65, -24.65
2026-06-28, 17:33:19, 1079000000, 1080000000, 1000000.00, 1, -24.55, -24.55
2026-06-28, 17:33:19, 1080000000, 1081000000, 1000000.00, 1, -24.62, -24.62
2026-06-28, 17:33:19, 1081000000, 1082000000, 1000000.00, 1, -24.52, -24.52
2026-06-28, 17:33:19, 1082000000, 1083000000, 1000000.00, 1, -24.69, -24.69
2026-06-28, 17:33:19, 1083000000, 1084000000, 1000000.00, 1, -24.61, -24.61
2026-06-28, 17:33:19, 1084000000, 1085000000, 1000000.00, 1, -24.59, -24.59
2026-06-28, 17:33:19, 1085000000, 1086000000, 1000000.00, 1, -24.61, -24.61
2026-06-28, 17:33:19, 1086000000, 1087000000, 1000000.00, 1, -24.55, -24.55
2026-06-28, 17:33:19, 1087000000, 1088000000, 1000000.00, 1, -24.51, -24.51
2026-06-28, 17:33:19, 1088000000, 1089000000, 1000000.00, 1, -24.67, -24.67
2026-06-28, 17:33:19, 1089000000, 1090000000, 1000000.00, 1, -24.64, -24.64
2026-06-28, 17:33:19, 1090000000, 1091000000, 1000000.00, 1, -24.63, -24.63
2026-06-28, 17:33:19, 1091000000, 1092000000, 1000000.00, 1, -24.65, -24.65
2026-06-28, 17:33:19, 1092000000, 1093000000, 1000000.00, 1, -24.51, -24.51
2026-06-28, 17:33:19, 1093000000, 1094000000, 1000000.00, 1, -24.56, -24.56
2026-06-28, 17:33:19, 1094000000, 1095000000, 1000000.00, 1, -24.70, -24.70
2026-06-28, 17:33:19, 1095000000, 1096000000, 1000000.00, 1, -24.67, -24.67
2026-06-28, 17:33:19, 1096000000, 1097000000, 1000000.00, 1, -24.61, -24.61
2026-06-28, 17:33:19, 1097000000, 1098000000, 1000000.00, 1, -24.61, -24.61
2026-06-28, 17:33:19, 1098000000, 1099000000, 1000000.00, 1, -24.60, -24.60
2026-06-28, 17:33:19, 1099000000, 1100000000, 1000000.00, 1, -24.52, -24.52
2026-06-28, 17:33:19, 1100000000, 1101000000, 1000000.00, 1, -24.57, -24.57
2026-06-28, 17:33:19, 1101000000, 1102000000, 1000000.00, 1, -24.67, -24.67
2026-06-28, 17:33:19, 1102000000, 1103000000, 1000000.00, 1, -24.63, -24.63
2026-06-28, 17:33:19, 1103000000, 1104000000, 1000000.00, 1, -24.64, -24.64
2026-06-28, 17:33:19, 1104000000, 1105000000, 1000000.00, 1, -24.55, -24.55
2026-06-28, 17:33:19, 1105000000, 1106000000, 1000000.00, 1, -24.51, -24.51
2026-06-28, 17:33:19, 1106000000, 1107000000, 1000000.00, 1, -24.56, -24.56
2026-06-28, 17:33:19, 1107000000, 1108000000, 1000000.00, 1, -24.72, -24.72
2026-06-28, 17:33:19, 1108000000, 1109000000, 1000000.00, 1, -24.66, -24.66
2026-06-28, 17:33:19, 1109000000, 1110000000, 1000000.00, 1, -24.61, -24.61
2026-06-28, 17:33:19, 1110000000, 1111000000, 1000000.00, 1, -24.62, -24.62
2026-06-28, 17:33:19, 1111000000, 1112000000, 1000000.00, 1, -24.54, -24.54
2026-06-28, 17:33:19, 1112000000, 1113000000, 1000000.00, 1, -24.59, -24.59
2026-06-28, 17:33:19, 1113000000, 1114000000, 1000000.00, 1, -24.69, -24.69
2026-06-28, 17:33:19, 1114000000, 1115000000, 1000000.00, 1, -24.68, -24.68
2026-06-28, 17:33:19, 1115000000, 1116000000, 1000000.00, 1, -24.66, -24.66
2026-06-28, 17:33:19, 1116000000, 1117000000, 1000000.00, 1, -24.63, -24.63
2026-06-28, 17:33:19, 1117000000, 1118000000, 1000000.00, 1, -24.59, -24.59
2026-06-28, 17:33:19, 1118000000, 1119000000, 1000000.00, 1, -24.59, -24.59
2026-06-28, 17:33:19, 1119000000, 1120000000, 1000000.00, 1, -24.49, -24.49
2026-06-28, 17:33:19, 1120000000, 1121000000, 1000000.00, 1, -24.70, -24.70
2026-06-28, 17:33:19, 1121000000, 1122000000, 1000000.00, 1, -24.66, -24.66
2026-06-28, 17:33:19, 1122000000, 1123000000, 1000000.00, 1, -24.60, -24.60
2026-06-28, 17:33:19, 1123000000, 1124000000, 1000000.00, 1, -24.63, -24.63
2026-06-28, 17:33:19, 1124000000, 1125000000, 1000000.00, 1, -24.56, -24.56
2026-06-28, 17:33:19, 1125000000, 1126000000, 1000000.00, 1, -24.54, -24.54
2026-06-28, 17:33:19, 1126000000, 1127000000, 1000000.00, 1, -24.68, -24.68
2026-06-28, 17:33:19, 1127000000, 1128000000, 1000000.00, 1, -24.68, -24.68
2026-06-28, 17:33:19, 1128000000, 1129000000, 1000000.00, 1, -24.64, -24.64
2026-06-28, 17:33:19, 1129000000, 1130000000, 1000000.00, 1, -24.55, -24.55
2026-06-28, 17:33:19, 1130000000, 1131000000, 1000000.00, 1, -24.52, -24.52
2026-06-28, 17:33:19, 1131000000, 1132000000, 1000000.00, 1, -24.53, -24.53
2026-06-28, 17:33:19, 1132000000, 1133000000, 1000000.00, 1, -24.56, -24.56
2026-06-28, 17:33:19, 1133000000, 1134000000, 1000000.00, 1, -24.66, -24.66
2026-06-28, 17:33:19, 1134000000, 1135000000, 1000000.00, 1, -24.61, -24.61
2026-06-28, 17:33:19, 1135000000, 1136000000, 1000000.00, 1, -24.65, -24.65
2026-06-28, 17:33:19, 1136000000, 1137000000, 1000000.00, 1, -24.59, -24.59
2026-06-28, 17:33:19, 1137000000, 1138000000, 1000000.00, 1, -24.58, -24.58
2026-06-28, 17:33:19, 1138000000, 1139000000, 1000000.00, 1, -24.54, -24.54
2026-06-28, 17:33:19, 1139000000, 1140000000, 1000000.00, 1, -24.66, -24.66
2026-06-28, 17:33:19, 1140000000, 1141000000, 1000000.00, 1, -24.57, -24.57
2026-06-28, 17:33:19, 1141000000, 1142000000, 1000000.00, 1, -24.68, -24.68
2026-06-28, 17:33:19, 1142000000, 1143000000, 1000000.00, 1, -24.54, -24.54
2026-06-28, 17:33:19, 1143000000, 1144000000, 1000000.00, 1, -24.56, -24.56
2026-06-28, 17:33:19, 1144000000, 1145000000, 1000000.00, 1, -24.51, -24.51
2026-06-28, 17:33:19, 1145000000, 1146000000, 1000000.00, 1, -24.73, -24.73
2026-06-28, 17:33:19, 1146000000, 1147000000, 1000000.00, 1, -24.68, -24.68
2026-06-28, 17:33:19, 1147000000, 1148000000, 1000000.00, 1, -24.64, -24.64
2026-06-28, 17:33:19, 1148000000, 1149000000, 1000000.00, 1, -24.59, -24.59
2026-06-28, 17:33:19, 1149000000, 1150000000, 1000000.00, 1, -24.59, -24.59
2026-06-28, 17:33:19, 1150000000, 1151000000, 1000000.00, 1, -24.55, -24.55
2026-06-28, 17:33:19, 1151000000, 1152000000, 1000000.00, 1, -24.54, -24.54
2026-06-28, 17:33:19, 1152000000, 1153000000, 1000000.00, 1, -24.62, -24.62
2026-06-28, 17:33:19, 1153000000, 1154000000, 1000000.00, 1, -24.66, -24.66
2026-06-28, 17:33:19, 1154000000, 1155000000, 1000000.00, 1, -24.58, -24.58
2026-06-28, 17:33:19, 1155000000, 1156000000, 1000000.00, 1, -24.56, -24.56
2026-06-28, 17:33:19, 1156000000, 1157000000, 1000000.00, 1, -24.55, -24.55
2026-06-28, 17:33:19, 1157000000, 1158000000, 1000000.00, 1, -24.50, -24.50
2026-06-28, 17:33:19, 1158000000, 1159000000, 1000000.00, 1, -24.64, -24.64
2026-06-28, 17:33:19, 1159000000, 1160000000, 1000000.00, 1, -24.66, -24.66
2026-06-28, 17:33:19, 1160000000, 1161000000, 1000000.00, 1, -24.62, -24.62
2026-06-28, 17:33:19, 1161000000, 1162000000, 1000000.00, 1, -24.60, -24.60
2026-06-28, 17:33:19, 1162000000, 1163000000, 1000000.00, 1, -24.55, -24.55
2026-06-28, 17:33:19, 1163000000, 1164000000, 1000000.00, 1, -24.53, -24.53
2026-06-28, 17:33:19, 1164000000, 1165000000, 1000000.00, 1, -24.72, -24.72
2026-06-28, 17:33:19, 1165000000, 1166000000, 1000000.00, 1, -24.73, -24.73
2026-06-28, 17:33:19, 1166000000, 1167000000, 1000000.00, 1, -24.70, -24.70
2026-06-28, 17:33:19, 1167000000, 1168000000, 1000000.00, 1, -24.58, -24.58
2026-06-28, 17:33:19, 1168000000, 1169000000, 1000000.00, 1, -24.56, -24.56
2026-06-28, 17:33:19, 1169000000, 1170000000, 1000000.00, 1, -24.55, -24.55
2026-06-28, 17:33:19, 1170000000, 1171000000, 1000000.00, 1, -24.54, -24.54
2026-06-28, 17:33:19, 1171000000, 1172000000, 1000000.00, 1, -24.69, -24.69
2026-06-28, 17:33:19, 1172000000, 1173000000, 1000000.00, 1, -24.64, -24.64
2026-06-28, 17:33:19, 1173000000, 1174000000, 1000000.00, 1, -24.65, -24.65
2026-06-28, 17:33:19, 1174000000, 1175000000, 1000000.00, 1, -24.60, -24.60
2026-06-28, 17:33:19, 1175000000, 1176000000, 1000000.00, 1, -24.60, -24.60
2026-06-28, 17:33:19, 1176000000, 1177000000, 1000000.00, 1, -24.53, -24.53
2026-06-28, 17:33:19, 1177000000, 1178000000, 1000000.00, 1, -24.69, -24.69
2026-06-28, 17:33:19, 1178000000, 1179000000, 1000000.00, 1, -24.69, -24.69
2026-06-28, 17:33:19, 1179000000, 1180000000, 1000000.00, 1, -24.61, -24.61
2026-06-28, 17:33:19, 1180000000, 1181000000, 1000000.00, 1, -24.60, -24.60
2026-06-28, 17:33:19, 1181000000, 1182000000, 1000000.00, 1, -24.55, -24.55
2026-06-28, 17:33:19, 1182000000, 1183000000, 1000000.00, 1, -24.49, -24.49
2026-06-28, 17:33:19, 1183000000, 1184000000, 1000000.00, 1, -24.69, -24.69
2026-06-28, 17:33:19, 1184000000, 1185000000, 1000000.00, 1, -24.63, -24.63
2026-06-28, 17:33:19, 1185000000, 1186000000, 1000000.00, 1, -24.66, -24.66
2026-06-28, 17:33:19, 1186000000, 1187000000, 1000000.00, 1, -24.62, -24.62
2026-06-28, 17:33:19, 1187000000, 1188000000, 1000000.00, 1, -24.55, -24.55
2026-06-28, 17:33:19, 1188000000, 1189000000, 1000000.00, 1, -24.57, -24.57
2026-06-28, 17:33:19, 1189000000, 1190000000, 1000000.00, 1, -24.50, -24.50
2026-06-28, 17:33:19, 1190000000, 1191000000, 1000000.00, 1, -24.68, -24.68
2026-06-28, 17:33:19, 1191000000, 1192000000, 1000000.00, 1, -24.61, -24.61
2026-06-28, 17:33:19, 1192000000, 1193000000, 1000000.00, 1, -24.62, -24.62
2026-06-28, 17:33:19, 1193000000, 1194000000, 1000000.00, 1, -24.56, -24.56
2026-06-28, 17:33:19, 1194000000, 1195000000, 1000000.00, 1, -24.60, -24.60
2026-06-28, 17:33:19, 1195000000, 1196000000, 1000000.00, 1, -24.55, -24.55
2026-06-28, 17:33:19, 1196000000, 1197000000, 1000000.00, 1, -24.70, -24.70
2026-06-28, 17:33:19, 1197000000, 1198000000, 1000000.00, 1, -24.64, -24.64
2026-06-28, 17:33:19, 1198000000, 1199000000, 1000000.00, 1, -24.65, -24.65
2026-06-28, 17:33:19, 1199000000, 1200000000, 1000000.00, 1, -24.65, -24.65
2026-06-28, 17:33:19, 1200000000, 1201000000, 1000000.00, 1, -24.52, -24.52
2026-06-28, 17:33:19, 1201000000, 1202000000, 1000000.00, 1, -24.52, -24.52
2026-06-28, 17:33:19, 1202000000, 1203000000, 1000000.00, 1, -24.63, -24.63
2026-06-28, 17:33:19, 1203000000, 1204000000, 1000000.00, 1, -24.69, -24.69
2026-06-28, 17:33:19, 1204000000, 1205000000, 1000000.00, 1, -24.60, -24.60
2026-06-28, 17:33:19, 1205000000, 1206000000, 1000000.00, 1, -24.68, -24.68
2026-06-28, 17:33:19, 1206000000, 1207000000, 1000000.00, 1, -24.57, -24.57
2026-06-28, 17:33:19, 1207000000, 1208000000, 1000000.00, 1, -24.56, -24.56
2026-06-28, 17:33:19, 1208000000, 1209000000, 1000000.00, 1, -24.52, -24.52
2026-06-28, 17:33:19, 1209000000, 1210000000, 1000000.00, 1, -24.64, -24.64
2026-06-28, 17:33:19, 1210000000, 1211000000, 1000000.00, 1, -24.71, -24.71
2026-06-28, 17:33:19, 1211000000, 1212000000, 1000000.00, 1, -24.66, -24.66
2026-06-28, 17:33:19, 1212000000, 1213000000, 1000000.00, 1, -24.59, -24.59
2026-06-28, 17:33:19, 1213000000, 1214000000, 1000000.00, 1, -24.59, -24.59
2026-06-28, 17:33:19, 1214000000, 1215000000, 1000000.00, 1, -24.55, -24.55
2026-06-28, 17:33:29, 960000000, 961000000, 1000000.00, 1, -24.67, -24.67
2026-06-28, 17:33:29, 961000000, 962000000, 1000000.00, 1, -24.68, -24.68
2026-06-28, 17:33:29, 962000000, 963000000, 1000000.00, 1, -24.58, -24.58
2026-06-28, 17:33:29, 963000000, 964000000, 1000000.00, 1, -24.62, -24.62
2026-06-28, 17:33:29, 964000000, 965000000, 1000000.00, 1, -24.61, -24.61
2026-06-28, 17:33:29, 965000000, 966000000, 1000000.00, 1, -24.59, -24.59
2026-06-28, 17:33:29, 966000000, 967000000, 1000000.00, 1, -24.64, -24.64
2026-06-28, 17:33:29, 967000000, 968000000, 1000000.00, 1, -24.66, -24.66
2026-06-28, 17:33:29, 968000000, 969000000, 1000000.00, 1, -24.57, -24.57
2026-06-28, 17:33:29, 969000000, 970000000, 1000000.00, 1, -24.61, -24.61
2026-06-28, 17:33:29, 970000000, 971000000, 1000000.00, 1, -24.62, -24.62
2026-06-28, 17:33:29, 971000000, 972000000, 1000000.00, 1, -24.55, -24.55
2026-06-28, 17:33:29, 972000000, 973000000, 1000000.00, 1, -24.50, -24.50
2026-06-28, 17:33:29, 973000000, 974000000, 1000000.00, 1, -24.74, -24.74
2026-06-28, 17:33:29, 974000000, 975000000, 1000000.00, 1, -24.61, -24.61
2026-06-28, 17:33:29, 975000000, 976000000, 1000000.00, 1, -24.63, -24.63
2026-06-28, 17:33:29, 976000000, 977000000, 1000000.00, 1, -24.59, -24.59
2026-06-28, 17:33:29, 977000000, 978000000, 1000000.00, 1, -24.59, -24.59
2026-06-28, 17:33:29, 978000000, 979000000, 1000000.00, 1, -24.59, -24.59
2026-06-28, 17:33:29, 979000000, 980000000, 1000000.00, 1, -24.74, -24.74
2026-06-28, 17:33:29, 980000000, 981000000, 1000000.00, 1, -24.67, -24.67
2026-06-28, 17:33:29, 981000000, 982000000, 1000000.00, 1, -24.65, -24.65
2026-06-28, 17:33:29, 982000000, 983000000, 1000000.00, 1, -24.62, -24.62
2026-06-28, 17:33:29, 983000000, 984000000, 1000000.00, 1, -24.55, -24.55
2026-06-28, 17:33:29, 984000000, 985000000, 1000000.00, 1, -24.60, -24.60
2026-06-28, 17:33:29, 985000000, 986000000, 1000000.00, 1, -24.59, -24.59
2026-06-28, 17:33:29, 986000000, 987000000, 1000000.00, 1, -24.68, -24.68
2026-06-28, 17:33:29, 987000000, 988000000, 1000000.00, 1, -24.66, -24.66
2026-06-28, 17:33:29, 988000000, 989000000, 1000000.00, 1, -24.59, -24.59
2026-06-28, 17:33:29, 989000000, 990000000, 1000000.00, 1, -24.61, -24.61
2026-06-28, 17:33:29, 990000000, 991000000, 1000000.00, 1, -24.55, -24.55
2026-06-28, 17:33:29, 991000000, 992000000, 1000000.00, 1, -24.58, -24.58
2026-06-28, 17:33:29, 992000000, 993000000, 1000000.00, 1, -24.62, -24.62
2026-06-28, 17:33:29, 993000000, 994000000, 1000000.00, 1, -24.64, -24.64
2026-06-28, 17:33:29, 994000000, 995000000, 1000000.00, 1, -24.65, -24.65
2026-06-28, 17:33:29, 995000000, 996000000, 1000000.00, 1, -24.60, -24.60
2026-06-28, 17:33:29, 996000000, 997000000, 1000000.00, 1, -24.57, -24.57
2026-06-28, 17:33:29, 997000000, 998000000, 1000000.00, 1, -24.53, -24.53
2026-06-28, 17:33:29, 998000000, 999000000, 1000000.00, 1, -24.68, -24.68
2026-06-28, 17:33:29, 999000000, 1000000000, 1000000.00, 1, -24.64, -24.64
2026-06-28, 17:33:29, 1000000000, 1001000000, 1000000.00, 1, -24.64, -24.64
2026-06-28, 17:33:29, 1001000000, 1002000000, 1000000.00, 1, -24.63, -24.63
2026-06-28, 17:33:29, 1002000000, 1003000000, 1000000.00, 1, -24.57, -24.57
2026-06-28, 17:33:29, 1003000000, 1004000000, 1000000.00, 1, -24.60, -24.60
2026-06-28, 17:33:29, 1004000000, 1005000000, 1000000.00, 1, -24.52, -24.52
2026-06-28, 17:33:29, 1005000000, 1006000000, 1000000.00, 1, -24.72, -24.72
2026-06-28, 17:33:29, 1006000000, 1007000000, 1000000.00, 1, -24.66, -24.66
2026-06-28, 17:33:29, 1007000000, 1008000000, 1000000.00, 1, -24.60, -24.60
2026-06-28, 17:33:29, 1008000000, 1009000000, 1000000.00, 1, -24.54, -24.54
2026-06-28, 17:33:29, 1009000000, 1010000000, 1000000.00, 1, -24.56, -24.56
2026-06-28, 17:33:29, 1010000000, 1011000000, 1000000.00, 1, -24.51, -24.51
2026-06-28, 17:33:29, 1011000000, 1012000000, 1000000.00, 1, -24.71, -24.71
2026-06-28, 17:33:29, 1012000000, 1013000000, 1000000.00, 1, -24.64, -24.64
2026-06-28, 17:33:29, 1013000000, 1014000000, 1000000.00, 1, -24.55, -24.55
2026-06-28, 17:33:29, 1014000000, 1015000000, 1000000.00, 1, -24.62, -24.62
2026-06-28, 17:33:29, 1015000000, 1016000000, 1000000.00, 1, -24.58, -24.58
2026-06-28, 17:33:29, 1016000000, 1017000000, 1000000.00, 1, -24.52, -24.52
2026-06-28, 17:33:29, 1017000000, 1018000000, 1000000.00, 1, -24.71, -24.71
2026-06-28, 17:33:29, 1018000000, 1019000000, 1000000.00, 1, -24.67, -24.67
2026-06-28, 17:33:29, 1019000000, 1020000000, 1000000.00, 1, -24.65, -24.65
2026-06-28, 17:33:29, 1020000000, 1021000000, 1000000.00, 1, -24.59, -24.59
2026-06-28, 17:33:29, 1021000000, 1022000000, 1000000.00, 1, -24.59, -24.59
2026-06-28, 17:33:29, 1022000000, 1023000000, 1000000.00, 1, -24.60, -24.60
2026-06-28, 17:33:29, 1023000000, 1024000000, 1000000.00, 1, -24.48, -24.48
2026-06-28, 17:33:29, 1024000000, 1025000000, 1000000.00, 1, -24.66, -24.66
2026-06-28, 17:33:29, 1025000000, 1026000000, 1000000.00, 1, -24.59, -24.59
2026-06-28, 17:33:29, 1026000000, 1027000000, 1000000.00, 1, -24.62, -24.62
2026-06-28, 17:33:29, 1027000000, 1028000000, 1000000.00, 1, -24.58, -24.58
2026-06-28, 17:33:29, 1028000000, 1029000000, 1000000.00, 1, -24.62, -24.62
2026-06-28, 17:33:29, 1029000000, 1030000000, 1000000.00, 1, -24.53, -24.53
2026-06-28, 17:33:29, 1030000000, 1031000000, 1000000.00, 1, -24.69, -24.69
2026-06-28, 17:33:29, 1031000000, 1032000000, 1000000.00, 1, -24.69, -24.69
2026-06-28, 17:33:29, 1032000000, 1033000000, 1000000.00, 1, -24.60, -24.60
2026-06-28, 17:33:29, 1033000000, 1034000000, 1000000.00, 1, -24.63, -24.63
2026-06-28, 17:33:29, 1034000000, 1035000000, 1000000.00, 1, -24.54, -24.54
2026-06-28, 17:33:29, 1035000000, 1036000000, 1000000.00, 1, -24.51, -24.51
2026-06-28, 17:33:29, 1036000000, 1037000000, 1000000.00, 1, -24.74, -24.74
2026-06-28, 17:33:29, 1037000000, 1038000000, 1000000.00, 1, -24.66, -24.66
2026-06-28, 17:33:29, 1038000000, 1039000000, 1000000.00, 1, -24.59, -24.59
2026-06-28, 17:33:29, 1039000000, 1040000000, 1000000.00, 1, -24.66, -24.66
2026-06-28, 17:33:29, 1040000000, 1041000000, 1000000.00, 1, -24.57, -24.57
2026-06-28, 17:33:29, 1041000000, 1042000000, 1000000.00, 1, -24.64, -24.64
2026-06-28, 17:33:29, 1042000000, 1043000000, 1000000.00, 1, -24.53, -24.53
2026-06-28, 17:33:29, 1043000000, 1044000000, 1000000.00, 1, -24.73, -24.73
2026-06-28, 17:33:29, 1044000000, 1045000000, 1000000.00, 1, -24.66, -24.66
2026-06-28, 17:33:29, 1045000000, 1046000000, 1000000.00, 1, -24.63, -24.63
2026-06-28, 17:33:29, 1046000000, 1047000000, 1000000.00, 1, -24.60, -24.60
2026-06-28, 17:33:29, 1047000000, 1048000000, 1000000.00, 1, -24.59, -24.59
2026-06-28, 17:33:29, 1048000000, 1049000000, 1000000.00, 1, -24.57, -24.57
2026-06-28, 17:33:29, 1049000000, 1050000000, 1000000.00, 1, -24.63, -24.63
2026-06-28, 17:33:29, 1050000000, 1051000000, 1000000.00, 1, -24.64, -24.64
2026-06-28, 17:33:29, 1051000000, 1052000000, 1000000.00, 1, -24.69, -24.69
2026-06-28, 17:33:29, 1052000000, 1053000000, 1000000.00, 1, -24.57, -24.57
2026-06-28, 17:33:29, 1053000000, 1054000000, 1000000.00, 1, -24.62, -24.62
2026-06-28, 17:33:29, 1054000000, 1055000000, 1000000.00, 1, -24.51, -24.51
2026-06-28, 17:33:29, 1055000000, 1056000000, 1000000.00, 1, -24.63, -24.63
2026-06-28, 17:33:29, 1056000000, 1057000000, 1000000.00, 1, -24.67, -24.67
2026-06-28, 17:33:29, 1057000000, 1058000000, 1000000.00, 1, -24.66, -24.66
2026-06-28, 17:33:29, 1058000000, 1059000000, 1000000.00, 1, -24.62, -24.62
2026-06-28, 17:33:29, 1059000000, 1060000000, 1000000.00, 1, -24.57, -24.57
2026-06-28, 17:33:29, 1060000000, 1061000000, 1000000.00, 1, -24.55, -24.55
2026-06-28, 17:33:29, 1061000000, 1062000000, 1000000.00, 1, -24.50, -24.50
2026-06-28, 17:33:29, 1062000000, 1063000000, 1000000.00, 1, -24.65, -24.65
2026-06-28, 17:33:29, 1063000000, 1064000000, 1000000.00, 1, -24.68, -24.68
2026-06-28, 17:33:29, 1064000000, 1065000000, 1000000.00, 1, -24.62, -24.62
2026-06-28, 17:33:29, 1065000000, 1066000000, 1000000.00, 1, -24.59, -24.59
2026-06-28, 17:33:29, 1066000000, 1067000000, 1000000.00, 1, -24.59, -24.59
2026-06-28, 17:33:29, 1067000000, 1068000000, 1000000.00, 1, -24.54, -24.54
2026-06-28, 17:33:29, 1068000000, 1069000000, 1000000.00, 1, -24.71, -24.71
2026-06-28, 17:33:29, 1069000000, 1070000000, 1000000.00, 1, -24.71, -24.71
2026-06-28, 17:33:29, 1070000000, 1071000000, 1000000.00, 1, -24.59, -24.59
2026-06-28, 17:33:29, 1071000000, 1072000000, 1000000.00, 1, -24.61, -24.61
2026-06-28, 17:33:29, 1072000000, 1073000000, 1000000.00, 1, -24.58, -24.58
2026-06-28, 17:33:29, 1073000000, 1074000000, 1000000.00, 1, -24.56, -24.56
2026-06-28, 17:33:29, 1074000000, 1075000000, 1000000.00, 1, -24.53, -24.53
2026-06-28, 17:33:29, 1075000000, 1076000000, 1000000.00, 1, -24.70, -24.70
2026-06-28, 17:33:29, 1076000000, 1077000000, 1000000.00, 1, -24.61, -24.61
2026-06-28, 17:33:29, 1077000000, 1078000000, 1000000.00, 1, -24.55, -24.55
2026-06-28, 17:33:29, 1078000000, 1079000000, 1000000.00, 1, -24.59, -24.59
2026-06-28, 17:33:29, 1079000000, 1080000000, 1000000.00, 1, -24.57, -24.57
2026-06-28, 17:33:29, 1080000000, 1081000000, 1000000.00, 1, -24.56, -24.56
2026-06-28, 17:33:29, 1081000000, 1082000000, 1000000.00, 1, -24.71, -24.71
2026-06-28, 17:33:29, 1082000000, 1083000000, 1000000.00, 1, -24.69, -24.69
2026-06-28, 17:33:29, 1083000000, 1084000000, 1000000.00, 1, -24.56, -24.56
2026-06-28, 17:33:29, 1084000000, 1085000000, 1000000.00, 1, -24.58, -24.58
2026-06-28, 17:33:29, 1085000000, 1086000000, 1000000.00, 1, -24.56, -24.56
2026-06-28, 17:33:29, 1086000000, 1087000000, 1000000.00, 1, -24.56, -24.56
2026-06-28, 17:33:29, 1087000000, 1088000000, 1000000.00, 1, -24.66, -24.66
2026-06-28, 17:33:29, 1088000000, 1089000000, 1000000.00, 1, -24.64, -24.64
2026-06-28, 17:33:29, 1089000000, 1090000000, 1000000.00, 1, -24.61, -24.61
2026-06-28, 17:33:29, 1090000000, 1091000000, 1000000.00, 1, -24.58, -24.58
2026-06-28, 17:33:29, 1091000000, 1092000000, 1000000.00, 1, -24.52, -24.52
2026-06-28, 17:33:29, 1092000000, 1093000000, 1000000.00, 1, -24.53, -24.53
2026-06-28, 17:33:29, 1093000000, 1094000000, 1000000.00, 1, -24.56, -24.56
2026-06-28, 17:33:29, 1094000000, 1095000000, 1000000.00, 1, -24.62, -24.62
2026-06-28, 17:33:29, 1095000000, 1096000000, 1000000.00, 1, -24.61, -24.61
2026-06-28, 17:33:29, 1096000000, 1097000000, 1000000.00, 1, -24.63, -24.63
2026-06-28, 17:33:29, 1097000000, 1098000000, 1000000.00, 1, -24.58, -24.58
2026-06-28, 17:33:29, 1098000000, 1099000000, 1000000.00, 1, -24.53, -24.53
2026-06-28, 17:33:29, 1099000000, 1100000000, 1000000.00, 1, -24.54, -24.54
2026-06-28, 17:33:29, 1100000000, 1101000000, 1000000.00, 1, -24.69, -24.69
2026-06-28, 17:33:29, 1101000000, 1102000000, 1000000.00, 1, -24.63, -24.63
2026-06-28, 17:33:29, 1102000000, 1103000000, 1000000.00, 1, -24.56, -24.56
2026-06-28, 17:33:29, 1103000000, 1104000000, 1000000.00, 1, -24.62, -24.62
2026-06-28, 17:33:29, 1104000000, 1105000000, 1000000.00, 1, -24.59, -24.59
2026-06-28, 17:33:29, 1105000000, 1106000000, 1000000.00, 1, -24.53, -24.53
2026-06-28, 17:33:29, 1106000000, 1107000000, 1000000.00, 1, -24.73, -24.73
2026-06-28, 17:33:29, 1107000000, 1108000000, 1000000.00, 1, -24.66, -24.66
2026-06-28, 17:33:29, 1108000000, 1109000000, 1000000.00, 1, -24.64, -24.64
2026-06-28, 17:33:29, 1109000000, 1110000000, 1000000.00, 1, -24.54, -24.54
2026-06-28, 17:33:29, 1110000000, 1111000000, 1000000.00, 1, -24.56, -24.56
2026-06-28, 17:33:29, 1111000000, 1112000000, 1000000.00, 1, -24.54, -24.54
2026-06-28, 17:33:29, 1112000000, 1113000000, 1000000.00, 1, -24.53, -24.53
2026-06-28, 17:33:29, 1113000000, 1114000000, 1000000.00, 1, -24.68, -24.68
2026-06-28, 17:33:29, 1114000000, 1115000000, 1000000.00, 1, -24.60, -24.60
2026-06-28, 17:33:29, 1115000000, 1116000000, 1000000.00, 1, -24.63, -24.63
2026-06-28, 17:33:29, 1116000000, 1117000000, 1000000.00, 1, -24.60, -24.60
2026-06-28, 17:33:29, 1117000000, 1118000000, 1000000.00, 1, -24.58, -24.58
2026-06-28, 17:33:29, 1118000000, 1119000000, 1000000.00, 1, -24.49, -24.49
2026-06-28, 17:33:29, 1119000000, 1120000000, 1000000.00, 1, -24.68, -24.68
2026-06-28, 17:33:29, 1120000000, 1121000000, 1000000.00, 1, -24.70, -24.70
2026-06-28, 17:33:29, 1121000000, 1122000000, 1000000.00, 1, -24.65, -24.65
2026-06-28, 17:33:29, 1122000000, 1123000000, 1000000.00, 1, -24.59, -24.59
2026-06-28, 17:33:29, 1123000000, 1124000000, 1000000.00, 1, -24.55, -24.55
2026-06-28, 17:33:29, 1124000000, 1125000000, 1000000.00, 1, -24.51, -24.51
2026-06-28, 17:33:29, 1125000000, 1126000000, 1000000.00, 1, -24.64, -24.64
2026-06-28, 17:33:29, 1126000000, 1127000000, 1000000.00, 1, -24.70, -24.70
2026-06-28, 17:33:29, 1127000000, 1128000000, 1000000.00, 1, -24.66, -24.66
2026-06-28, 17:33:29, 1128000000, 1129000000, 1000000.00, 1, -24.59, -24.59
2026-06-28, 17:33:29, 1129000000, 1130000000, 1000000.00, 1, -24.57, -24.57
2026-06-28, 17:33:29, 1130000000, 1131000000, 1000000.00, 1, -24.51, -24.51
2026-06-28, 17:33:29, 1131000000, 1132000000, 1000000.00, 1, -24.56, -24.56
2026-06-28, 17:33:29, 1132000000, 1133000000, 1000000.00, 1, -24.70, -24.70
2026-06-28, 17:33:29, 1133000000, 1134000000, 1000000.00, 1, -24.63, -24.63
2026-06-28, 17:33:29, 1134000000, 1135000000, 1000000.00, 1, -24.55, -24.55
2026-06-28, 17:33:29, 1135000000, 1136000000, 1000000.00, 1, -24.62, -24.62
2026-06-28, 17:33:29, 1136000000, 1137000000, 1000000.00, 1, -24.54, -24.54
2026-06-28, 17:33:29, 1137000000, 1138000000, 1000000.00, 1, -24.60, -24.60
2026-06-28, 17:33:29, 1138000000, 1139000000, 1000000.00, 1, -24.66, -24.66
2026-06-28, 17:33:29, 1139000000, 1140000000, 1000000.00, 1, -24.66, -24.66
2026-06-28, 17:33:29, 1140000000, 1141000000, 1000000.00, 1, -24.63, -24.63
2026-06-28, 17:33:29, 1141000000, 1142000000, 1000000.00, 1, -24.61, -24.61
2026-06-28, 17:33:29, 1142000000, 1143000000, 1000000.00, 1, -24.56, -24.56
2026-06-28, 17:33:29, 1143000000, 1144000000, 1000000.00, 1, -24.55, -24.55
2026-06-28, 17:33:29, 1144000000, 1145000000, 1000000.00, 1, -24.63, -24.63
2026-06-28, 17:33:29, 1145000000, 1146000000, 1000000.00, 1, -24.65, -24.65
2026-06-28, 17:33:29, 1146000000, 1147000000, 1000000.00, 1, -24.64, -24.64
2026-06-28, 17:33:29, 1147000000, 1148000000, 1000000.00, 1, -24.58, -24.58
2026-06-28, 17:33:29, 1148000000, 1149000000, 1000000.00, 1, -24.54, -24.54
2026-06-28, 17:33:29, 1149000000, 1150000000, 1000000.00, 1, -24.56, -24.56
2026-06-28, 17:33:29, 1150000000, 1151000000, 1000000.00, 1, -24.52, -24.52
2026-06-28, 17:33:29, 1151000000, 1152000000, 1000000.00, 1, -24.62, -24.62
2026-06-28, 17:33:29, 1152000000, 1153000000, 1000000.00, 1, -24.63, -24.63
2026-06-28, 17:33:29, 1153000000, 1154000000, 1000000.00, 1, -24.55, -24.55
2026-06-28, 17:33:29, 1154000000, 1155000000, 1000000.00, 1, -24.55, -24.55
2026-06-28, 17:33:29, 1155000000, 1156000000, 1000000.00, 1, -24.53, -24.53
2026-06-28, 17:33:29, 1156000000, 1157000000, 1000000.00, 1, -24.55, -24.55
2026-06-28, 17:33:29, 1157000000, 1158000000, 1000000.00, 1, -24.71, -24.71
2026-06-28, 17:33:29, 1158000000, 1159000000, 1000000.00, 1, -24.68, -24.68
2026-06-28, 17:33:29, 1159000000, 1160000000, 1000000.00, 1, -24.66, -24.66
2026-06-28, 17:33:29, 1160000000, 1161000000, 1000000.00, 1, -24.61, -24.61
2026-06-28, 17:33:29, 1161000000, 1162000000, 1000000.00, 1, -24.56, -24.56
2026-06-28, 17:33:29, 1162000000, 1163000000, 1000000.00, 1, -24.55, -24.55
2026-06-28, 17:33:29, 1163000000, 1164000000, 1000000.00, 1, -24.55, -24.55
2026-06-28, 17:33:29, 1164000000, 1165000000, 1000000.00, 1, -24.65, -24.65
2026-06-28, 17:33:29, 1165000000, 1166000000, 1000000.00, 1, -24.69, -24.69
2026-06-28, 17:33:29, 1166000000, 1167000000, 1000000.00, 1, -24.62, -24.62
2026-06-28, 17:33:29, 1167000000, 1168000000, 1000000.00, 1, -24.61, -24.61
2026-06-28, 17:33:29, 1168000000, 1169000000, 1000000.00, 1, -24.53, -24.53
2026-06-28, 17:33:29, 1169000000, 1170000000, 1000000.00, 1, -24.55, -24.55
2026-06-28, 17:33:29, 1170000000, 1171000000, 1000000.00, 1, -24.68, -24.68
2026-06-28, 17:33:29, 1171000000, 1172000000, 1000000.00, 1, -24.66, -24.66
2026-06-28, 17:33:29, 1172000000, 1173000000, 1000000.00, 1, -24.67, -24.67
2026-06-28, 17:33:29, 1173000000, 1174000000, 1000000.00, 1, -24.57, -24.57
2026-06-28, 17:33:29, 1174000000, 1175000000, 1000000.00, 1, -24.56, -24.56
2026-06-28, 17:33:29, 1175000000, 1176000000, 1000000.00, 1, -24.52, -24.52
2026-06-28, 17:33:29, 1176000000, 1177000000, 1000000.00, 1, -24.71, -24.71
2026-06-28, 17:33:29, 1177000000, 1178000000, 1000000.00, 1, -24.66, -24.66
2026-06-28, 17:33:29, 1178000000, 1179000000, 1000000.00, 1, -24.57, -24.57
2026-06-28, 17:33:29, 1179000000, 1180000000, 1000000.00, 1, -24.63, -24.63
2026-06-28, 17:33:29, 1180000000, 1181000000, 1000000.00, 1, -24.52, -24.52
2026-06-28, 17:33:29, 1181000000, 1182000000, 1000000.00, 1, -24.55, -24.55
2026-06-28, 17:33:29, 1182000000, 1183000000, 1000000.00, 1, -24.52, -24.52
2026-06-28, 17:33:29, 1183000000, 1184000000, 1000000.00, 1, -24.59, -24.59
2026-06-28, 17:33:29, 1184000000, 1185000000, 1000000.00, 1, -24.62, -24.62
2026-06-28, 17:33:29, 1185000000, 1186000000, 1000000.00, 1, -24.58, -24.58
2026-06-28, 17:33:29, 1186000000, 1187000000, 1000000.00, 1, -24.53, -24.53
2026-06-28, 17:33:29, 1187000000, 1188000000, 1000000.00, 1, -24.55, -24.55
2026-06-28, 17:33:29, 1188000000, 1189000000, 1000000.00, 1, -24.51, -24.51
2026-06-28, 17:33:29, 1189000000, 1190000000, 1000000.00, 1, -24.71, -24.71
2026-06-28, 17:33:29, 1190000000, 1191000000, 1000000.00, 1, -24.60, -24.60
2026-06-28, 17:33:29, 1191000000, 1192000000, 1000000.00, 1, -24.61, -24.61
2026-06-28, 17:33:29, 1192000000, 1193000000, 1000000.00, 1, -24.60, -24.60
2026-06-28, 17:33:29, 1193000000, 1194000000, 1000000.00, 1, -24.59, -24.59
2026-06-28, 17:33:29, 1194000000, 1195000000, 1000000.00, 1, -24.52, -24.52
2026-06-28, 17:33:29, 1195000000, 1196000000, 1000000.00, 1, -24.74, -24.74
2026-06-28, 17:33:29, 1196000000, 1197000000, 1000000.00, 1, -24.67, -24.67
2026-06-28, 17:33:29, 1197000000, 1198000000, 1000000.00, 1, -24.63, -24.63
2026-06-28, 17:33:29, 1198000000, 1199000000, 1000000.00, 1, -24.60, -24.60
2026-06-28, 17:33:29, 1199000000, 1200000000, 1000000.00, 1, -24.63, -24.63
2026-06-28, 17:33:29, 1200000000, 1201000000, 1000000.00, 1, -24.52, -24.52
2026-06-28, 17:33:29, 1201000000, 1202000000, 1000000.00, 1, -24.54, -24.54
2026-06-28, 17:33:29, 1202000000, 1203000000, 1000000.00, 1, -24.68, -24.68
2026-06-28, 17:33:29, 1203000000, 1204000000, 1000000.00, 1, -24.65, -24.65
2026-06-28, 17:33:29, 1204000000, 1205000000, 1000000.00, 1, -24.61, -24.61
2026-06-28, 17:33:29, 1205000000, 1206000000, 1000000.00, 1, -24.62, -24.62
2026-06-28, 17:33:29, 1206000000, 1207000000, 1000000.00, 1, -24.57, -24.57
2026-06-28, 17:33:29, 1207000000, 1208000000, 1000000.00, 1, -24.55, -24.55
2026-06-28, 17:33:29, 1208000000, 1209000000, 1000000.00, 1, -24.71, -24.71
2026-06-28, 17:33:29, 1209000000, 1210000000, 1000000.00, 1, -24.68, -24.68
2026-06-28, 17:33:29, 1210000000, 1211000000, 1000000.00, 1, -24.62, -24.62
2026-06-28, 17:33:29, 1211000000, 1212000000, 1000000.00, 1, -24.57, -24.57
2026-06-28, 17:33:29, 1212000000, 1213000000, 1000000.00, 1, -24.52, -24.52
2026-06-28, 17:33:29, 1213000000, 1214000000, 1000000.00, 1, -24.54, -24.54
2026-06-28, 17:33:29, 1214000000, 1215000000, 1000000.00, 1, -24.68, -24.68
2026-06-28, 17:33:40, 960000000, 961000000, 1000000.00, 1, -24.64, -24.64
2026-06-28, 17:33:40, 961000000, 962000000, 1000000.00, 1, -24.63, -24.63
2026-06-28, 17:33:40, 962000000, 963000000, 1000000.00, 1, -24.59, -24.59
2026-06-28, 17:33:40, 963000000, 964000000, 1000000.00, 1, -24.59, -24.59
2026-06-28, 17:33:40, 964000000, 965000000, 1000000.00, 1, -24.54, -24.54
2026-06-28, 17:33:40, 965000000, 966000000, 1000000.00, 1, -24.55, -24.55
2026-06-28, 17:33:40, 966000000, 967000000, 1000000.00, 1, -24.68, -24.68
2026-06-28, 17:33:40, 967000000, 968000000, 1000000.00, 1, -24.63, -24.63
2026-06-28, 17:33:40, 968000000, 969000000, 1000000.00, 1, -24.61, -24.61
2026-06-28, 17:33:40, 969000000, 970000000, 1000000.00, 1, -24.55, -24.55
2026-06-28, 17:33:40, 970000000, 971000000, 1000000.00, 1, -24.55, -24.55
2026-06-28, 17:33:40, 971000000, 972000000, 1000000.00, 1, -24.54, -24.54
2026-06-28, 17:33:40, 972000000, 973000000, 1000000.00, 1, -24.67, -24.67
2026-06-28, 17:33:40, 973000000, 974000000, 1000000.00, 1, -24.66, -24.66
2026-06-28, 17:33:40, 974000000, 975000000, 1000000.00, 1, -24.60, -24.60
2026-06-28, 17:33:40, 975000000, 976000000, 1000000.00, 1, -24.62, -24.62
2026-06-28, 17:33:40, 976000000, 977000000, 1000000.00, 1, -24.62, -24.62
2026-06-28, 17:33:40, 977000000, 978000000, 1000000.00, 1, -24.58, -24.58
2026-06-28, 17:33:40, 978000000, 979000000, 1000000.00, 1, -24.71, -24.71
2026-06-28, 17:33:40, 979000000, 980000000, 1000000.00, 1, -24.70, -24.70
2026-06-28, 17:33:40, 980000000, 981000000, 1000000.00, 1, -24.62, -24.62
2026-06-28, 17:33:40, 981000000, 982000000, 1000000.00, 1, -24.67, -24.67
2026-06-28, 17:33:40, 982000000, 983000000, 1000000.00, 1, -24.58, -24.58
2026-06-28, 17:33:40, 983000000, 984000000, 1000000.00, 1, -24.48, -24.48
2026-06-28, 17:33:40, 984000000, 985000000, 1000000.00, 1, -24.52, -24.52
2026-06-28, 17:33:40, 985000000, 986000000, 1000000.00, 1, -24.65, -24.65
2026-06-28, 17:33:40, 986000000, 987000000, 1000000.00, 1, -24.63, -24.63
2026-06-28, 17:33:40, 987000000, 988000000, 1000000.00, 1, -24.63, -24.63
2026-06-28, 17:33:40, 988000000, 989000000, 1000000.00, 1, -24.55, -24.55
2026-06-28, 17:33:40, 989000000, 990000000, 1000000.00, 1, -24.51, -24.51
2026-06-28, 17:33:40, 990000000, 991000000, 1000000.00, 1, -24.52, -24.52
2026-06-28, 17:33:40, 991000000, 992000000, 1000000.00, 1, -24.66, -24.66
2026-06-28, 17:33:40, 992000000, 993000000, 1000000.00, 1, -24.74, -24.74
2026-06-28, 17:33:40, 993000000, 994000000, 1000000.00, 1, -24.63, -24.63
2026-06-28, 17:33:40, 994000000, 995000000, 1000000.00, 1, -24.64, -24.64
2026-06-28, 17:33:40, 995000000, 996000000, 1000000.00, 1, -24.54, -24.54
2026-06-28, 17:33:40, 996000000, 997000000, 1000000.00, 1, -24.59, -24.59
2026-06-28, 17:33:40, 997000000, 998000000, 1000000.00, 1, -24.61, -24.61
2026-06-28, 17:33:40, 998000000, 999000000, 1000000.00, 1, -24.67, -24.67
2026-06-28, 17:33:40, 999000000, 1000000000, 1000000.00, 1, -24.62, -24.62
2026-06-28, 17:33:40, 1000000000, 1001000000, 1000000.00, 1, -24.59, -24.59
2026-06-28, 17:33:40, 1001000000, 1002000000, 1000000.00, 1, -24.61, -24.61
2026-06-28, 17:33:40, 1002000000, 1003000000, 1000000.00, 1, -24.57, -24.57
2026-06-28, 17:33:40, 1003000000, 1004000000, 1000000.00, 1, -24.52, -24.52
2026-06-28, 17:33:40, 1004000000, 1005000000, 1000000.00, 1, -24.64, -24.64
2026-06-28, 17:33:40, 1005000000, 1006000000, 1000000.00, 1, -24.62, -24.62
2026-06-28, 17:33:40, 1006000000, 1007000000, 1000000.00, 1, -24.59, -24.59
2026-06-28, 17:33:40, 1007000000, 1008000000, 1000000.00, 1, -24.62, -24.62
2026-06-28, 17:33:40, 1008000000, 1009000000, 1000000.00, 1, -24.61, -24.61
2026-06-28, 17:33:40, 1009000000, 1010000000, 1000000.00, 1, -24.51, -24.51
2026-06-28, 17:33:40, 1010000000, 1011000000, 1000000.00, 1, -24.65, -24.65
2026-06-28, 17:33:40, 1011000000, 1012000000, 1000000.00, 1, -24.67, -24.67
2026-06-28, 17:33:40, 1012000000, 1013000000, 1000000.00, 1, -24.71, -24.71
2026-06-28, 17:33:40, 1013000000, 1014000000, 1000000.00, 1, -24.67, -24.67
2026-06-28, 17:33:40, 1014000000, 1015000000, 1000000.00, 1, -24.56, -24.56
2026-06-28, 17:33:40, 1015000000, 1016000000, 1000000.00, 1, -24.55, -24.55
2026-06-28, 17:33:40, 1016000000, 1017000000, 1000000.00, 1, -24.54, -24.54
2026-06-28, 17:33:40, 1017000000, 1018000000, 1000000.00, 1, -24.68, -24.68
2026-06-28, 17:33:40, 1018000000, 1019000000, 1000000.00, 1, -24.66, -24.66
2026-06-28, 17:33:40, 1019000000, 1020000000, 1000000.00, 1, -24.56, -24.56
2026-06-28, 17:33:40, 1020000000, 1021000000, 1000000.00, 1, -24.59, -24.59
2026-06-28, 17:33:40, 1021000000, 1022000000, 1000000.00, 1, -24.57, -24.57
2026-06-28, 17:33:40, 1022000000, 1023000000, 1000000.00, 1, -24.50, -24.50
2026-06-28, 17:33:40, 1023000000, 1024000000, 1000000.00, 1, -24.67, -24.67
2026-06-28, 17:33:40, 1024000000, 1025000000, 1000000.00, 1, -24.70, -24.70
2026-06-28, 17:33:40, 1025000000, 1026000000, 1000000.00, 1, -24.63, -24.63
2026-06-28, 17:33:40, 1026000000, 1027000000, 1000000.00, 1, -24.57, -24.57
2026-06-28, 17:33:40, 1027000000, 1028000000, 1000000.00, 1, -24.59, -24.59
2026-06-28, 17:33:40, 1028000000, 1029000000, 1000000.00, 1, -24.55, -24.55
2026-06-28, 17:33:40, 1029000000, 1030000000, 1000000.00, 1, -24.67, -24.67
2026-06-28, 17:33:40, 1030000000, 1031000000, 1000000.00, 1, -24.72, -24.72
2026-06-28, 17:33:40, 1031000000, 1032000000, 1000000.00, 1, -24.66, -24.66
2026-06-28, 17:33:40, 1032000000, 1033000000, 1000000.00, 1, -24.61, -24.61
2026-06-28, 17:33:40, 1033000000, 1034000000, 1000000.00, 1, -24.54, -24.54
2026-06-28, 17:33:40, 1034000000, 1035000000, 1000000.00, 1, -24.54, -24.54
2026-06-28, 17:33:40, 1035000000, 1036000000, 1000000.00, 1, -24.53, -24.53
2026-06-28, 17:33:40, 1036000000, 1037000000, 1000000.00, 1, -24.68, -24.68
2026-06-28, 17:33:40, 1037000000, 1038000000, 1000000.00, 1, -24.62, -24.62
2026-06-28, 17:33:40, 1038000000, 1039000000, 1000000.00, 1, -24.64, -24.64
2026-06-28, 17:33:40, 1039000000, 1040000000, 1000000.00, 1, -24.60, -24.60
2026-06-28, 17:33:40, 1040000000, 1041000000, 1000000.00, 1, -24.55, -24.55
2026-06-28, 17:33:40, 1041000000, 1042000000, 1000000.00, 1, -24.48, -24.48
2026-06-28, 17:33:40, 1042000000, 1043000000, 1000000.00, 1, -24.74, -24.74
2026-06-28, 17:33:40, 1043000000, 1044000000, 1000000.00, 1, -24.66, -24.66
2026-06-28, 17:33:40, 1044000000, 1045000000, 1000000.00, 1, -24.68, -24.68
2026-06-28, 17:33:40, 1045000000, 1046000000, 1000000.00, 1, -24.58, -24.58
2026-06-28, 17:33:40, 1046000000, 1047000000, 1000000.00, 1, -24.55, -24.55
2026-06-28, 17:33:40, 1047000000, 1048000000, 1000000.00, 1, -24.48, -24.48
2026-06-28, 17:33:40, 1048000000, 1049000000, 1000000.00, 1, -24.70, -24.70
2026-06-28, 17:33:40, 1049000000, 1050000000, 1000000.00, 1, -24.72, -24.72
2026-06-28, 17:33:40, 1050000000, 1051000000, 1000000.00, 1, -24.62, -24.62
2026-06-28, 17:33:40, 1051000000, 1052000000, 1000000.00, 1, -24.63, -24.63
2026-06-28, 17:33:40, 1052000000, 1053000000, 1000000.00, 1, -24.59, -24.59
2026-06-28, 17:33:40, 1053000000, 1054000000, 1000000.00, 1, -24.55, -24.55
2026-06-28, 17:33:40, 1054000000, 1055000000, 1000000.00, 1, -24.48, -24.48
2026-06-28, 17:33:40, 1055000000, 1056000000, 1000000.00, 1, -24.61, -24.61
2026-06-28, 17:33:40, 1056000000, 1057000000, 1000000.00, 1, -24.65, -24.65
2026-06-28, 17:33:40, 1057000000, 1058000000, 1000000.00, 1, -24.59, -24.59
2026-06-28, 17:33:40, 1058000000, 1059000000, 1000000.00, 1, -24.61, -24.61
2026-06-28, 17:33:40, 1059000000, 1060000000, 1000000.00, 1, -24.58, -24.58
2026-06-28, 17:33:40, 1060000000, 1061000000, 1000000.00, 1, -24.55, -24.55
2026-06-28, 17:33:40, 1061000000, 1062000000, 1000000.00, 1, -24.65, -24.65
2026-06-28, 17:33:40, 1062000000, 1063000000, 1000000.00, 1, -24.62, -24.62
2026-06-28, 17:33:40, 1063000000, 1064000000, 1000000.00, 1, -24.61, -24.61
2026-06-28, 17:33:40, 1064000000, 1065000000, 1000000.00, 1, -24.62, -24.62
2026-06-28, 17:33:40, 1065000000, 1066000000, 1000000.00, 1, -24.60, -24.60
2026-06-28, 17:33:40, 1066000000, 1067000000, 1000000.00, 1, -24.48, -24.48
2026-06-28, 17:33:40, 1067000000, 1068000000, 1000000.00, 1, -24.71, -24.71
2026-06-28, 17:33:40, 1068000000, 1069000000, 1000000.00, 1, -24.70, -24.70
2026-06-28, 17:33:40, 1069000000, 1070000000, 1000000.00, 1, -24.63, -24.63
2026-06-28, 17:33:40, 1070000000, 1071000000, 1000000.00, 1, -24.55, -24.55
2026-06-28, 17:33:40, 1071000000, 1072000000, 1000000.00, 1, -24.61, -24.61
2026-06-28, 17:33:40, 1072000000, 1073000000, 1000000.00, 1, -24.57, -24.57
2026-06-28, 17:33:40, 1073000000, 1074000000, 1000000.00, 1, -24.52, -24.52
2026-06-28, 17:33:40, 1074000000, 1075000000, 1000000.00, 1, -24.65, -24.65
2026-06-28, 17:33:40, 1075000000, 1076000000, 1000000.00, 1, -24.60, -24.60
2026-06-28, 17:33:40, 1076000000, 1077000000, 1000000.00, 1, -24.63, -24.63
2026-06-28, 17:33:40, 1077000000, 1078000000, 1000000.00, 1, -24.60, -24.60
2026-06-28, 17:33:40, 1078000000, 1079000000, 1000000.00, 1, -24.59, -24.59
2026-06-28, 17:33:40, 1079000000, 1080000000, 1000000.00, 1, -24.54, -24.54
2026-06-28, 17:33:40, 1080000000, 1081000000, 1000000.00, 1, -24.67, -24.67
2026-06-28, 17:33:40, 1081000000, 1082000000, 1000000.00, 1, -24.66, -24.66
2026-06-28, 17:33:40, 1082000000, 1083000000, 1000000.00, 1, -24.69, -24.69
2026-06-28, 17:33:40, 1083000000, 1084000000, 1000000.00, 1, -24.57, -24.57
2026-06-28, 17:33:40, 1084000000, 1085000000, 1000000.00, 1, -24.61, -24.61
2026-06-28, 17:33:40, 1085000000, 1086000000, 1000000.00, 1, -24.57, -24.57
2026-06-28, 17:33:40, 1086000000, 1087000000, 1000000.00, 1, -24.70, -24.70
2026-06-28, 17:33:40, 1087000000, 1088000000, 1000000.00, 1, -24.64, -24.64
2026-06-28, 17:33:40, 1088000000, 1089000000, 1000000.00, 1, -24.58, -24.58
2026-06-28, 17:33:40, 1089000000, 1090000000, 1000000.00, 1, -24.61, -24.61
2026-06-28, 17:33:40, 1090000000, 1091000000, 1000000.00, 1, -24.57, -24.57
2026-06-28, 17:33:40, 1091000000, 1092000000, 1000000.00, 1, -24.61, -24.61
2026-06-28, 17:33:40, 1092000000, 1093000000, 1000000.00, 1, -24.50, -24.50
2026-06-28, 17:33:40, 1093000000, 1094000000, 1000000.00, 1, -24.65, -24.65
2026-06-28, 17:33:40, 1094000000, 1095000000, 1000000.00, 1, -24.61, -24.61
2026-06-28, 17:33:40, 1095000000, 1096000000, 1000000.00, 1, -24.61, -24.61
2026-06-28, 17:33:40, 1096000000, 1097000000, 1000000.00, 1, -24.57, -24.57
2026-06-28, 17:33:40, 1097000000, 1098000000, 1000000.00, 1, -24.56, -24.56
2026-06-28, 17:33:40, 1098000000, 1099000000, 1000000.00, 1, -24.52, -24.52
2026-06-28, 17:33:40, 1099000000, 1100000000, 1000000.00, 1, -24.71, -24.71
2026-06-28, 17:33:40, 1100000000, 1101000000, 1000000.00, 1, -24.67, -24.67
2026-06-28, 17:33:40, 1101000000, 1102000000, 1000000.00, 1, -24.67, -24.67
2026-06-28, 17:33:40, 1102000000, 1103000000, 1000000.00, 1, -24.57, -24.57
2026-06-28, 17:33:40, 1103000000, 1104000000, 1000000.00, 1, -24.58, -24.58
2026-06-28, 17:33:40, 1104000000, 1105000000, 1000000.00, 1, -24.59, -24.59
2026-06-28, 17:33:40, 1105000000, 1106000000, 1000000.00, 1, -24.59, -24.59
2026-06-28, 17:33:40, 1106000000, 1107000000, 1000000.00, 1, -24.66, -24.66
2026-06-28, 17:33:40, 1107000000, 1108000000, 1000000.00, 1, -24.63, -24.63
2026-06-28, 17:33:40, 1108000000, 1109000000, 1000000.00, 1, -24.68, -24.68
2026-06-28, 17:33:40, 1109000000, 1110000000, 1000000.00, 1, -24.58, -24.58
2026-06-28, 17:33:40, 1110000000, 1111000000, 1000000.00, 1, -24.56, -24.56
2026-06-28, 17:33:40, 1111000000, 1112000000, 1000000.00, 1, -24.50, -24.50
2026-06-28, 17:33:40, 1112000000, 1113000000, 1000000.00, 1, -24.69, -24.69
2026-06-28, 17:33:40, 1113000000, 1114000000, 1000000.00, 1, -24.61, -24.61
2026-06-28, 17:33:40, 1114000000, 1115000000, 1000000.00, 1, -24.59, -24.59
2026-06-28, 17:33:40, 1115000000, 1116000000, 1000000.00, 1, -24.59, -24.59
2026-06-28, 17:33:40, 1116000000, 1117000000, 1000000.00, 1, -24.59, -24.59
2026-06-28, 17:33:40, 1117000000, 1118000000, 1000000.00, 1, -24.53, -24.53
2026-06-28, 17:33:40, 1118000000, 1119000000, 1000000.00, 1, -24.73, -24.73
2026-06-28, 17:33:40, 1119000000, 1120000000, 1000000.00, 1, -24.71, -24.71
2026-06-28, 17:33:40, 1120000000, 1121000000, 1000000.00, 1, -24.67, -24.67
2026-06-28, 17:33:40, 1121000000, 1122000000, 1000000.00, 1, -24.59, -24.59
2026-06-28, 17:33:40, 1122000000, 1123000000, 1000000.00, 1, -24.59, -24.59
2026-06-28, 17:33:40, 1123000000, 1124000000, 1000000.00, 1, -24.52, -24.52
2026-06-28, 17:33:40, 1124000000, 1125000000, 1000000.00, 1, -24.50, -24.50
2026-06-28, 17:33:40, 1125000000, 1126000000, 1000000.00, 1, -24.72, -24.72
2026-06-28, 17:33:40, 1126000000, 1127000000, 1000000.00, 1, -24.67, -24.67
2026-06-28, 17:33:40, 1127000000, 1128000000, 1000000.00, 1, -24.60, -24.60
2026-06-28, 17:33:40, 1128000000, 1129000000, 1000000.00, 1, -24.59, -24.59
2026-06-28, 17:33:40, 1129000000, 1130000000, 1000000.00, 1, -24.57, -24.57
2026-06-28, 17:33:40, 1130000000, 1131000000, 1000000.00, 1, -24.51, -24.51
2026-06-28, 17:33:40, 1131000000, 1132000000, 1000000.00, 1, -24.65, -24.65
2026-06-28, 17:33:40, 1132000000, 1133000000, 1000000.00, 1, -24.63, -24.63
2026-06-28, 17:33:40, 1133000000, 1134000000, 1000000.00, 1, -24.65, -24.65
2026-06-28, 17:33:40, 1134000000, 1135000000, 1000000.00, 1, -24.59, -24.59
2026-06-28, 17:33:40, 1135000000, 1136000000, 1000000.00, 1, -24.56, -24.56
2026-06-28, 17:33:40, 1136000000, 1137000000, 1000000.00, 1, -24.51, -24.51
2026-06-28, 17:33:40, 1137000000, 1138000000, 1000000.00, 1, -24.67, -24.67
2026-06-28, 17:33:40, 1138000000, 1139000000, 1000000.00, 1, -24.69, -24.69
2026-06-28, 17:33:40, 1139000000, 1140000000, 1000000.00, 1, -24.63, -24.63
2026-06-28, 17:33:40, 1140000000, 1141000000, 1000000.00, 1, -24.64, -24.64
2026-06-28, 17:33:40, 1141000000, 1142000000, 1000000.00, 1, -24.64, -24.64
2026-06-28, 17:33:40, 1142000000, 1143000000, 1000000.00, 1, -24.55, -24.55
2026-06-28, 17:33:40, 1143000000, 1144000000, 1000000.00, 1, -24.51, -24.51
2026-06-28, 17:33:40, 1144000000, 1145000000, 1000000.00, 1, -24.67, -24.67
2026-06-28, 17:33:40, 1145000000, 1146000000, 1000000.00, 1, -24.64, -24.64
2026-06-28, 17:33:40, 1146000000, 1147000000, 1000000.00, 1, -24.62, -24.62
2026-06-28, 17:33:40, 1147000000, 1148000000, 1000000.00, 1, -24.60, -24.60
2026-06-28, 17:33:40, 1148000000, 1149000000, 1000000.00, 1, -24.55, -24.55
2026-06-28, 17:33:40, 1149000000, 1150000000, 1000000.00, 1, -24.55, -24.55
2026-06-28, 17:33:40, 1150000000, 1151000000, 1000000.00, 1, -24.66, -24.66
2026-06-28, 17:33:40, 1151000000, 1152000000, 1000000.00, 1, -24.70, -24.70
2026-06-28, 17:33:40, 1152000000, 1153000000, 1000000.00, 1, -24.52, -24.52
2026-06-28, 17:33:40, 1153000000, 1154000000, 1000000.00, 1, -24.58, -24.58
2026-06-28, 17:33:40, 1154000000, 1155000000, 1000000.00, 1, -24.53, -24.53
2026-06-28, 17:33:40, 1155000000, 1156000000, 1000000.00, 1, -24.49, -24.49
2026-06-28, 17:33:40, 1156000000, 1157000000, 1000000.00, 1, -24.65, -24.65
2026-06-28, 17:33:40, 1157000000, 1158000000, 1000000.00, 1, -24.67, -24.67
2026-06-28, 17:33:40, 1158000000, 1159000000, 1000000.00, 1, -24.66, -24.66
2026-06-28, 17:33:40, 1159000000, 1160000000, 1000000.00, 1, -24.66, -24.66
2026-06-28, 17:33:40, 1160000000, 1161000000, 1000000.00, 1, -24.56, -24.56
2026-06-28, 17:33:40, 1161000000, 1162000000, 1000000.00, 1, -24.63, -24.63
2026-06-28, 17:33:40, 1162000000, 1163000000, 1000000.00, 1, -24.53, -24.53
2026-06-28, 17:33:40, 1163000000, 1164000000, 1000000.00, 1, -24.68, -24.68
2026-06-28, 17:33:40, 1164000000, 1165000000, 1000000.00, 1, -24.68, -24.68
2026-06-28, 17:33:40, 1165000000, 1166000000, 1000000.00, 1, -24.69, -24.69
2026-06-28, 17:33:40, 1166000000, 1167000000, 1000000.00, 1, -24.52, -24.52
2026-06-28, 17:33:40, 1167000000, 1168000000, 1000000.00, 1, -24.56, -24.56
2026-06-28, 17:33:40, 1168000000, 1169000000, 1000000.00, 1, -24.55, -24.55
2026-06-28, 17:33:40, 1169000000, 1170000000, 1000000.00, 1, -24.69, -24.69
2026-06-28, 17:33:40, 1170000000, 1171000000, 1000000.00, 1, -24.66, -24.66
2026-06-28, 17:33:40, 1171000000, 1172000000, 1000000.00, 1, -24.61, -24.61
2026-06-28, 17:33:40, 1172000000, 1173000000, 1000000.00, 1, -24.60, -24.60
2026-06-28, 17:33:40, 1173000000, 1174000000, 1000000.00, 1, -24.55, -24.55
2026-06-28, 17:33:40, 1174000000, 1175000000, 1000000.00, 1, -24.56, -24.56
2026-06-28, 17:33:40, 1175000000, 1176000000, 1000000.00, 1, -24.63, -24.63
2026-06-28, 17:33:40, 1176000000, 1177000000, 1000000.00, 1, -24.70, -24.70
2026-06-28, 17:33:40, 1177000000, 1178000000, 1000000.00, 1, -24.57, -24.57
2026-06-28, 17:33:40, 1178000000, 1179000000, 1000000.00, 1, -24.59, -24.59
2026-06-28, 17:33:40, 1179000000, 1180000000, 1000000.00, 1, -24.58, -24.58
2026-06-28, 17:33:40, 1180000000, 1181000000, 1000000.00, 1, -24.54, -24.54
2026-06-28, 17:33:40, 1181000000, 1182000000, 1000000.00, 1, -24.53, -24.53
2026-06-28, 17:33:40, 1182000000, 1183000000, 1000000.00, 1, -24.66, -24.66
2026-06-28, 17:33:40, 1183000000, 1184000000, 1000000.00, 1, -24.68, -24.68
2026-06-28, 17:33:40, 1184000000, 1185000000, 1000000.00, 1, -24.65, -24.65
2026-06-28, 17:33:40, 1185000000, 1186000000, 1000000.00, 1, -24.60, -24.60
2026-06-28, 17:33:40, 1186000000, 1187000000, 1000000.00, 1, -24.55, -24.55
2026-06-28, 17:33:40, 1187000000, 1188000000, 1000000.00, 1, -24.54, -24.54
2026-06-28, 17:33:40, 1188000000, 1189000000, 1000000.00, 1, -24.70, -24.70
2026-06-28, 17:33:40, 1189000000, 1190000000, 1000000.00, 1, -24.72, -24.72
2026-06-28, 17:33:40, 1190000000, 1191000000, 1000000.00, 1, -24.66, -24.66
2026-06-28, 17:33:40, 1191000000, 1192000000, 1000000.00, 1, -24.60, -24.60
2026-06-28, 17:33:40, 1192000000, 1193000000, 1000000.00, 1, -24.57, -24.57
2026-06-28, 17:33:40, 1193000000, 1194000000, 1000000.00, 1, -24.53, -24.53
2026-06-28, 17:33:40, 1194000000, 1195000000, 1000000.00, 1, -24.60, -24.60
2026-06-28, 17:33:40, 1195000000, 1196000000, 1000000.00, 1, -24.60, -24.60
2026-06-28, 17:33:40, 1196000000, 1197000000, 1000000.00, 1, -24.66, -24.66
2026-06-28, 17:33:40, 1197000000, 1198000000, 1000000.00, 1, -24.62, -24.62
2026-06-28, 17:33:40, 1198000000, 1199000000, 1000000.00, 1, -24.62, -24.62
2026-06-28, 17:33:40, 1199000000, 1200000000, 1000000.00, 1, -24.59, -24.59
2026-06-28, 17:33:40, 1200000000, 1201000000, 1000000.00, 1, -24.54, -24.54
2026-06-28, 17:33:40, 1201000000, 1202000000, 1000000.00, 1, -24.68, -24.68
2026-06-28, 17:33:40, 1202000000, 1203000000, 1000000.00, 1, -24.65, -24.65
2026-06-28, 17:33:40, 1203000000, 1204000000, 1000000.00, 1, -24.66, -24.66
2026-06-28, 17:33:40, 1204000000, 1205000000, 1000000.00, 1, -24.58, -24.58
2026-06-28, 17:33:40, 1205000000, 1206000000, 1000000.00, 1, -24.61, -24.61
2026-06-28, 17:33:40, 1206000000, 1207000000, 1000000.00, 1, -24.49, -24.49
2026-06-28, 17:33:40, 1207000000, 1208000000, 1000000.00, 1, -24.70, -24.70
2026-06-28, 17:33:40, 1208000000, 1209000000, 1000000.00, 1, -24.66, -24.66
2026-06-28, 17:33:40, 1209000000, 1210000000, 1000000.00, 1, -24.67, -24.67
2026-06-28, 17:33:40, 1210000000, 1211000000, 1000000.00, 1, -24.61, -24.61
2026-06-28, 17:33:40, 1211000000, 1212000000, 1000000.00, 1, -24.59, -24.59
2026-06-28, 17:33:40, 1212000000, 1213000000, 1000000.00, 1, -24.57, -24.57
2026-06-28, 17:33:40, 1213000000, 1214000000, 1000000.00, 1, -24.55, -24.55
2026-06-28, 17:33:40, 1214000000, 1215000000, 1000000.00, 1, -24.66, -24.66
2026-06-28, 17:33:50, 960000000, 961000000, 1000000.00, 1, -24.66, -24.66
2026-06-28, 17:33:50, 961000000, 962000000, 1000000.00, 1, -24.61, -24.61
2026-06-28, 17:33:50, 962000000, 963000000, 1000000.00, 1, -24.54, -24.54
2026-06-28, 17:33:50, 963000000, 964000000, 1000000.00, 1, -24.54, -24.54
2026-06-28, 17:33:50, 964000000, 965000000, 1000000.00, 1, -24.56, -24.56
2026-06-28, 17:33:50, 965000000, 966000000, 1000000.00, 1, -24.69, -24.69
2026-06-28, 17:33:50, 966000000, 967000000, 1000000.00, 1, -24.66, -24.66
2026-06-28, 17:33:50, 967000000, 968000000, 1000000.00, 1, -24.58, -24.58
2026-06-28, 17:33:50, 968000000, 969000000, 1000000.00, 1, -24.61, -24.61
2026-06-28, 17:33:50, 969000000, 970000000, 1000000.00, 1, -24.59, -24.59
2026-06-28, 17:33:50, 970000000, 971000000, 1000000.00, 1, -24.53, -24.53
2026-06-28, 17:33:50, 971000000, 972000000, 1000000.00, 1, -24.69, -24.69
2026-06-28, 17:33:50, 972000000, 973000000, 1000000.00, 1, -24.63, -24.63
2026-06-28, 17:33:50, 973000000, 974000000, 1000000.00, 1, -24.63, -24.63
2026-06-28, 17:33:50, 974000000, 975000000, 1000000.00, 1, -24.59, -24.59
2026-06-28, 17:33:50, 975000000, 976000000, 1000000.00, 1, -24.54, -24.54
2026-06-28, 17:33:50, 976000000, 977000000, 1000000.00, 1, -24.54, -24.54
2026-06-28, 17:33:50, 977000000, 978000000, 1000000.00, 1, -24.49, -24.49
2026-06-28, 17:33:50, 978000000, 979000000, 1000000.00, 1, -24.69, -24.69
2026-06-28, 17:33:50, 979000000, 980000000, 1000000.00, 1, -24.59, -24.59
2026-06-28, 17:33:50, 980000000, 981000000, 1000000.00, 1, -24.64, -24.64
2026-06-28, 17:33:50, 981000000, 982000000, 1000000.00, 1, -24.55, -24.55
2026-06-28, 17:33:50, 982000000, 983000000, 1000000.00, 1, -24.53, -24.53
2026-06-28, 17:33:50, 983000000, 984000000, 1000000.00, 1, -24.56, -24.56
2026-06-28, 17:33:50, 984000000, 985000000, 1000000.00, 1, -24.67, -24.67
2026-06-28, 17:33:50, 985000000, 986000000, 1000000.00, 1, -24.70, -24.70
2026-06-28, 17:33:50, 986000000, 987000000, 1000000.00, 1, -24.62, -24.62
2026-06-28, 17:33:50, 987000000, 988000000, 1000000.00, 1, -24.56, -24.56
2026-06-28, 17:33:50, 988000000, 989000000, 1000000.00, 1, -24.58, -24.58
2026-06-28, 17:33:50, 989000000, 990000000, 1000000.00, 1, -24.55, -24.55
2026-06-28, 17:33:50, 990000000, 991000000, 1000000.00, 1, -24.69, -24.69
2026-06-28, 17:33:50, 991000000, 992000000, 1000000.00, 1, -24.61, -24.61
2026-06-28, 17:33:50, 992000000, 993000000, 1000000.00, 1, -24.63, -24.63
2026-06-28, 17:33:50, 993000000, 994000000, 1000000.00, 1, -24.61, -24.61
2026-06-28, 17:33:50, 994000000, 995000000, 1000000.00, 1, -24.54, -24.54
2026-06-28, 17:33:50, 995000000, 996000000, 1000000.00, 1, -24.54, -24.54
2026-06-28, 17:33:50, 996000000, 997000000, 1000000.00, 1, -24.54, -24.54
2026-06-28, 17:33:50, 997000000, 998000000, 1000000.00, 1, -24.60, -24.60
2026-06-28, 17:33:50, 998000000, 999000000, 1000000.00, 1, -24.66, -24.66
2026-06-28, 17:33:50, 999000000, 1000000000, 1000000.00, 1, -24.64, -24.64
2026-06-28, 17:33:50, 1000000000, 1001000000, 1000000.00, 1, -24.60, -24.60
2026-06-28, 17:33:50, 1001000000, 1002000000, 1000000.00, 1, -24.61, -24.61
2026-06-28, 17:33:50, 1002000000, 1003000000, 1000000.00, 1, -24.52, -24.52
2026-06-28, 17:33:50, 1003000000, 1004000000, 1000000.00, 1, -24.67, -24.67
2026-06-28, 17:33:50, 1004000000, 1005000000, 1000000.00, 1, -24.66, -24.66
2026-06-28, 17:33:50, 1005000000, 1006000000, 1000000.00, 1, -24.61, -24.61
2026-06-28, 17:33:50, 1006000000, 1007000000, 1000000.00, 1, -24.53, -24.53
2026-06-28, 17:33:50, 1007000000, 1008000000, 1000000.00, 1, -24.57, -24.57
2026-06-28, 17:33:50, 1008000000, 1009000000, 1000000.00, 1, -24.52, -24.52
2026-06-28, 17:33:50, 1009000000, 1010000000, 1000000.00, 1, -24.72, -24.72
2026-06-28, 17:33:50, 1010000000, 1011000000, 1000000.00, 1, -24.68, -24.68
2026-06-28, 17:33:50, 1011000000, 1012000000, 1000000.00, 1, -24.65, -24.65
2026-06-28, 17:33:50, 1012000000, 1013000000, 1000000.00, 1, -24.60, -24.60
2026-06-28, 17:33:50, 1013000000, 1014000000, 1000000.00, 1, -24.58, -24.58
2026-06-28, 17:33:50, 1014000000, 1015000000, 1000000.00, 1, -24.60, -24.60
2026-06-28, 17:33:50, 1015000000, 1016000000, 1000000.00, 1, -24.50, -24.50
2026-06-28, 17:33:50, 1016000000, 1017000000, 1000000.00, 1, -24.71, -24.71
2026-06-28, 17:33:50, 1017000000, 1018000000, 1000000.00, 1, -24.67, -24.67
2026-06-28, 17:33:50, 1018000000, 1019000000, 1000000.00, 1, -24.61, -24.61
2026-06-28, 17:33:50, 1019000000, 1020000000, 1000000.00, 1, -24.61, -24.61
2026-06-28, 17:33:50, 1020000000, 1021000000, 1000000.00, 1, -24.55, -24.55
2026-06-28, 17:33:50, 1021000000, 1022000000, 1000000.00, 1, -24.54, -24.54
2026-06-28, 17:33:50, 1022000000, 1023000000, 1000000.00, 1, -24.65, -24.65
2026-06-28, 17:33:50, 1023000000, 1024000000, 1000000.00, 1, -24.71, -24.71
2026-06-28, 17:33:50, 1024000000, 1025000000, 1000000.00, 1, -24.60, -24.60
2026-06-28, 17:33:50, 1025000000, 1026000000, 1000000.00, 1, -24.59, -24.59
2026-06-28, 17:33:50, 1026000000, 1027000000, 1000000.00, 1, -24.61, -24.61
2026-06-28, 17:33:50, 1027000000, 1028000000, 1000000.00, 1, -24.54, -24.54
2026-06-28, 17:33:50, 1028000000, 1029000000, 1000000.00, 1, -24.65, -24.65
2026-06-28, 17:33:50, 1029000000, 1030000000, 1000000.00, 1, -24.66, -24.66
2026-06-28, 17:33:50, 1030000000, 1031000000, 1000000.00, 1, -24.65, -24.65
2026-06-28, 17:33:50, 1031000000, 1032000000, 1000000.00, 1, -24.60, -24.60
2026-06-28, 17:33:50, 1032000000, 1033000000, 1000000.00, 1, -24.58, -24.58
2026-06-28, 17:33:50, 1033000000, 1034000000, 1000000.00, 1, -24.51, -24.51
2026-06-28, 17:33:50, 1034000000, 1035000000, 1000000.00, 1, -24.52, -24.52
2026-06-28, 17:33:50, 1035000000, 1036000000, 1000000.00, 1, -24.72, -24.72
2026-06-28, 17:33:50, 1036000000, 1037000000, 1000000.00, 1, -24.61, -24.61
2026-06-28, 17:33:50, 1037000000, 1038000000, 1000000.00, 1, -24.63, -24.63
2026-06-28, 17:33:50, 1038000000, 1039000000, 1000000.00, 1, -24.56, -24.56
2026-06-28, 17:33:50, 1039000000, 1040000000, 1000000.00, 1, -24.55, -24.55
2026-06-28, 17:33:50, 1040000000, 1041000000, 1000000.00, 1, -24.56, -24.56
2026-06-28, 17:33:50, 1041000000, 1042000000, 1000000.00, 1, -24.73, -24.73
2026-06-28, 17:33:50, 1042000000, 1043000000, 1000000.00, 1, -24.59, -24.59
2026-06-28, 17:33:50, 1043000000, 1044000000, 1000000.00, 1, -24.60, -24.60
2026-06-28, 17:33:50, 1044000000, 1045000000, 1000000.00, 1, -24.55, -24.55
2026-06-28, 17:33:50, 1045000000, 1046000000, 1000000.00, 1, -24.59, -24.59
2026-06-28, 17:33:50, 1046000000, 1047000000, 1000000.00, 1, -24.57, -24.57
2026-06-28, 17:33:50, 1047000000, 1048000000, 1000000.00, 1, -24.58, -24.58
2026-06-28, 17:33:50, 1048000000, 1049000000, 1000000.00, 1, -24.71, -24.71
2026-06-28, 17:33:50, 1049000000, 1050000000, 1000000.00, 1, -24.59, -24.59
2026-06-28, 17:33:50, 1050000000, 1051000000, 1000000.00, 1, -24.62, -24.62
2026-06-28, 17:33:50, 1051000000, 1052000000, 1000000.00, 1, -24.59, -24.59
2026-06-28, 17:33:50, 1052000000, 1053000000, 1000000.00, 1, -24.57, -24.57
2026-06-28, 17:33:50, 1053000000, 1054000000, 1000000.00, 1, -24.53, -24.53
2026-06-28, 17:33:50, 1054000000, 1055000000, 1000000.00, 1, -24.67, -24.67
2026-06-28, 17:33:50, 1055000000, 1056000000, 1000000.00, 1, -24.69, -24.69
2026-06-28, 17:33:50, 1056000000, 1057000000, 1000000.00, 1, -24.66, -24.66
2026-06-28, 17:33:50, 1057000000, 1058000000, 1000000.00, 1, -24.54, -24.54
2026-06-28, 17:33:50, 1058000000, 1059000000, 1000000.00, 1, -24.56, -24.56
2026-06-28, 17:33:50, 1059000000, 1060000000, 1000000.00, 1, -24.55, -24.55
2026-06-28, 17:33:50, 1060000000, 1061000000, 1000000.00, 1, -24.65, -24.65
2026-06-28, 17:33:50, 1061000000, 1062000000, 1000000.00, 1, -24.68, -24.68
2026-06-28, 17:33:50, 1062000000, 1063000000, 1000000.00, 1, -24.64, -24.64
2026-06-28, 17:33:50, 1063000000, 1064000000, 1000000.00, 1, -24.66, -24.66
2026-06-28, 17:33:50, 1064000000, 1065000000, 1000000.00, 1, -24.59, -24.59
2026-06-28, 17:33:50, 1065000000, 1066000000, 1000000.00, 1, -24.51, -24.51
2026-06-28, 17:33:50, 1066000000, 1067000000, 1000000.00, 1, -24.53, -24.53
2026-06-28, 17:33:50, 1067000000, 1068000000, 1000000.00, 1, -24.66, -24.66
2026-06-28, 17:33:50, 1068000000, 1069000000, 1000000.00, 1, -24.52, -24.52
2026-06-28, 17:33:50, 1069000000, 1070000000, 1000000.00, 1, -24.66, -24.66
2026-06-28, 17:33:50, 1070000000, 1071000000, 1000000.00, 1, -24.66, -24.66
2026-06-28, 17:33:50, 1071000000, 1072000000, 1000000.00, 1, -24.56, -24.56
2026-06-28, 17:33:50, 1072000000, 1073000000, 1000000.00, 1, -24.52, -24.52
2026-06-28, 17:33:50, 1073000000, 1074000000, 1000000.00, 1, -24.72, -24.72
2026-06-28, 17:33:50, 1074000000, 1075000000, 1000000.00, 1, -24.66, -24.66
2026-06-28, 17:33:50, 1075000000, 1076000000, 1000000.00, 1, -24.57, -24.57
2026-06-28, 17:33:50, 1076000000, 1077000000, 1000000.00, 1, -24.55, -24.55
2026-06-28, 17:33:50, 1077000000, 1078000000, 1000000.00, 1, -24.56, -24.56
2026-06-28, 17:33:50, 1078000000, 1079000000, 1000000.00, 1, -24.51, -24.51
2026-06-28, 17:33:50, 1079000000, 1080000000, 1000000.00, 1, -24.68, -24.68
2026-06-28, 17:33:50, 1080000000, 1081000000, 1000000.00, 1, -24.66, -24.66
2026-06-28, 17:33:50, 1081000000, 1082000000, 1000000.00, 1, -24.59, -24.59
2026-06-28, 17:33:50, 1082000000, 1083000000, 1000000.00, 1, -24.59, -24.59
2026-06-28, 17:33:50, 1083000000, 1084000000, 1000000.00, 1, -24.61, -24.61
2026-06-28, 17:33:50, 1084000000, 1085000000, 1000000.00, 1, -24.52, -24.52
2026-06-28, 17:33:50, 1085000000, 1086000000, 1000000.00, 1, -24.50, -24.50
2026-06-28, 17:33:50, 1086000000, 1087000000, 1000000.00, 1, -24.66, -24.66
2026-06-28, 17:33:50, 1087000000, 1088000000, 1000000.00, 1, -24.57, -24.57
2026-06-28, 17:33:50, 1088000000, 1089000000, 1000000.00, 1, -24.67, -24.67
2026-06-28, 17:33:50, 1089000000, 1090000000, 1000000.00, 1, -24.51, -24.51
2026-06-28, 17:33:50, 1090000000, 1091000000, 1000000.00, 1, -24.56, -24.56
2026-06-28, 17:33:50, 1091000000, 1092000000, 1000000.00, 1, -24.49, -24.49
2026-06-28, 17:33:50, 1092000000, 1093000000, 1000000.00, 1, -24.71, -24.71
2026-06-28, 17:33:50, 1093000000, 1094000000, 1000000.00, 1, -24.64, -24.64
2026-06-28, 17:33:50, 1094000000, 1095000000, 1000000.00, 1, -24.62, -24.62
2026-06-28, 17:33:50, 1095000000, 1096000000, 1000000.00, 1, -24.61, -24.61
2026-06-28, 17:33:50, 1096000000, 1097000000, 1000000.00, 1, -24.58, -24.58
2026-06-28, 17:33:50, 1097000000, 1098000000, 1000000.00, 1, -24.51, -24.51
2026-06-28, 17:33:50, 1098000000, 1099000000, 1000000.00, 1, -24.65, -24.65
2026-06-28, 17:33:50, 1099000000, 1100000000, 1000000.00, 1, -24.66, -24.66
2026-06-28, 17:33:50, 1100000000, 1101000000, 1000000.00, 1, -24.67, -24.67
2026-06-28, 17:33:50, 1101000000, 1102000000, 1000000.00, 1, -24.62, -24.62
2026-06-28, 17:33:50, 1102000000, 1103000000, 1000000.00, 1, -24.55, -24.55
2026-06-28, 17:33:50, 1103000000, 1104000000, 1000000.00, 1, -24.59, -24.59
2026-06-28, 17:33:50, 1104000000, 1105000000, 1000000.00, 1, -24.58, -24.58
2026-06-28, 17:33:50, 1105000000, 1106000000, 1000000.00, 1, -24.66, -24.66
2026-06-28, 17:33:50, 1106000000, 1107000000, 1000000.00, 1, -24.62, -24.62
2026-06-28, 17:33:50, 1107000000, 1108000000, 1000000.00, 1, -24.59, -24.59
2026-06-28, 17:33:50, 1108000000, 1109000000, 1000000.00, 1, -24.59, -24.59
2026-06-28, 17:33:50, 1109000000, 1110000000, 1000000.00, 1, -24.54, -24.54
2026-06-28, 17:33:50, 1110000000, 1111000000, 1000000.00, 1, -24.50, -24.50
2026-06-28, 17:33:50, 1111000000, 1112000000, 1000000.00, 1, -24.64, -24.64
2026-06-28, 17:33:50, 1112000000, 1113000000, 1000000.00, 1, -24.65, -24.65
2026-06-28, 17:33:50, 1113000000, 1114000000, 1000000.00, 1, -24.58, -24.58
2026-06-28, 17:33:50, 1114000000, 1115000000, 1000000.00, 1, -24.61, -24.61
2026-06-28, 17:33:50, 1115000000, 1116000000, 1000000.00, 1, -24.57, -24.57
2026-06-28, 17:33:50, 1116000000, 1117000000, 1000000.00, 1, -24.55, -24.55
2026-06-28, 17:33:50, 1117000000, 1118000000, 1000000.00, 1, -24.65, -24.65
2026-06-28, 17:33:50, 1118000000, 1119000000, 1000000.00, 1, -24.70, -24.70
2026-06-28, 17:33:50, 1119000000, 1120000000, 1000000.00, 1, -24.63, -24.63
2026-06-28, 17:33:50, 1120000000, 1121000000, 1000000.00, 1, -24.59, -24.59
2026-06-28, 17:33:50, 1121000000, 1122000000, 1000000.00, 1, -24.60, -24.60
2026-06-28, 17:33:50, 1122000000, 1123000000, 1000000.00, 1, -24.55, -24.55
2026-06-28, 17:33:50, 1123000000, 1124000000, 1000000.00, 1, -24.52, -24.52
2026-06-28, 17:33:50, 1124000000, 1125000000, 1000000.00, 1, -24.67, -24.67
2026-06-28, 17:33:50, 1125000000, 1126000000, 1000000.00, 1, -24.67, -24.67
2026-06-28, 17:33:50, 1126000000, 1127000000, 1000000.00, 1, -24.61, -24.61
2026-06-28, 17:33:50, 1127000000, 1128000000, 1000000.00, 1, -24.58, -24.58
2026-06-28, 17:33:50, 1128000000, 1129000000, 1000000.00, 1, -24.53, -24.53
2026-06-28, 17:33:50, 1129000000, 1130000000, 1000000.00, 1, -24.48, -24.48
2026-06-28, 17:33:50, 1130000000, 1131000000, 1000000.00, 1, -24.72, -24.72
2026-06-28, 17:33:50, 1131000000, 1132000000, 1000000.00, 1, -24.67, -24.67
2026-06-28, 17:33:50, 1132000000, 1133000000, 1000000.00, 1, -24.64, -24.64
2026-06-28, 17:33:50, 1133000000, 1134000000, 1000000.00, 1, -24.59, -24.59
2026-06-28, 17:33:50, 1134000000, 1135000000, 1000000.00, 1, -24.54, -24.54
2026-06-28, 17:33:50, 1135000000, 1136000000, 1000000.00, 1, -24.57, -24.57
2026-06-28, 17:33:50, 1136000000, 1137000000, 1000000.00, 1, -24.67, -24.67
2026-06-28, 17:33:50, 1137000000, 1138000000, 1000000.00, 1, -24.68, -24.68
2026-06-28, 17:33:50, 1138000000, 1139000000, 1000000.00, 1, -24.62, -24.62
2026-06-28, 17:33:50, 1139000000, 1140000000, 1000000.00, 1, -24.64, -24.64
2026-06-28, 17:33:50, 1140000000, 1141000000, 1000000.00, 1, -24.51, -24.51
2026-06-28, 17:33:50, 1141000000, 1142000000, 1000000.00, 1, -24.57, -24.57
2026-06-28, 17:33:50, 1142000000, 1143000000, 1000000.00, 1, -24.51, -24.51
2026-06-28, 17:33:50, 1143000000, 1144000000, 1000000.00, 1, -24.70, -24.70
2026-06-28, 17:33:50, 1144000000, 1145000000, 1000000.00, 1, -24.63, -24.63
2026-06-28, 17:33:50, 1145000000, 1146000000, 1000000.00, 1, -24.61, -24.61
2026-06-28, 17:33:50, 1146000000, 1147000000, 1000000.00, 1, -24.56, -24.56
2026-06-28, 17:33:50, 1147000000, 1148000000, 1000000.00, 1, -24.53, -24.53
2026-06-28, 17:33:50, 1148000000, 1149000000, 1000000.00, 1, -24.56, -24.56
2026-06-28, 17:33:50, 1149000000, 1150000000, 1000000.00, 1, -24.69, -24.69
2026-06-28, 17:33:50, 1150000000, 1151000000, 1000000.00, 1, -24.70, -24.70
2026-06-28, 17:33:50, 1151000000, 1152000000, 1000000.00, 1, -24.66, -24.66
2026-06-28, 17:33:50, 1152000000, 1153000000, 1000000.00, 1, -24.64, -24.64
2026-06-28, 17:33:50, 1153000000, 1154000000, 1000000.00, 1, -24.60, -24.60
2026-06-28, 17:33:50, 1154000000, 1155000000, 1000000.00, 1, -24.52, -24.52
2026-06-28, 17:33:50, 1155000000, 1156000000, 1000000.00, 1, -24.68, -24.68
2026-06-28, 17:33:50, 1156000000, 1157000000, 1000000.00, 1, -24.70, -24.70
2026-06-28, 17:33:50, 1157000000, 1158000000, 1000000.00, 1, -24.61, -24.61
2026-06-28, 17:33:50, 1158000000, 1159000000, 1000000.00, 1, -24.59, -24.59
2026-06-28, 17:33:50, 1159000000, 1160000000, 1000000.00, 1, -24.57, -24.57
2026-06-28, 17:33:50, 1160000000, 1161000000, 1000000.00, 1, -24.51, -24.51
2026-06-28, 17:33:50, 1161000000, 1162000000, 1000000.00, 1, -24.49, -24.49
2026-06-28, 17:33:50, 1162000000, 1163000000, 1000000.00, 1, -24.76, -24.76
2026-06-28, 17:33:50, 1163000000, 1164000000, 1000000.00, 1, -24.67, -24.67
2026-06-28, 17:33:50, 1164000000, 1165000000, 1000000.00, 1, -24.66, -24.66
2026-06-28, 17:33:50, 1165000000, 1166000000, 1000000.00, 1, -24.59, -24.59
2026-06-28, 17:33:50, 1166000000, 1167000000, 1000000.00, 1, -24.62, -24.62
2026-06-28, 17:33:50, 1167000000, 1168000000, 1000000.00, 1, -24.52, -24.52
2026-06-28, 17:33:50, 1168000000, 1169000000, 1000000.00, 1, -24.71, -24.71
2026-06-28, 17:33:50, 1169000000, 1170000000, 1000000.00, 1, -24.69, -24.69
2026-06-28, 17:33:50, 1170000000, 1171000000, 1000000.00, 1, -24.61, -24.61
2026-06-28, 17:33:50, 1171000000, 1172000000, 1000000.00, 1, -24.59, -24.59
2026-06-28, 17:33:50, 1172000000, 1173000000, 1000000.00, 1, -24.58, -24.58
2026-06-28, 17:33:50, 1173000000, 1174000000, 1000000.00, 1, -24.53, -24.53
2026-06-28, 17:33:50, 1174000000, 1175000000, 1000000.00, 1, -24.55, -24.55
2026-06-28, 17:33:50, 1175000000, 1176000000, 1000000.00, 1, -24.68, -24.68
2026-06-28, 17:33:50, 1176000000, 1177000000, 1000000.00, 1, -24.69, -24.69
2026-06-28, 17:33:50, 1177000000, 1178000000, 1000000.00, 1, -24.60, -24.60
2026-06-28, 17:33:50, 1178000000, 1179000000, 1000000.00, 1, -24.63, -24.63
2026-06-28, 17:33:50, 1179000000, 1180000000, 1000000.00, 1, -24.59, -24.59
2026-06-28, 17:33:50, 1180000000, 1181000000, 1000000.00, 1, -24.52, -24.52
2026-06-28, 17:33:50, 1181000000, 1182000000, 1000000.00, 1, -24.72, -24.72
2026-06-28, 17:33:50, 1182000000, 1183000000, 1000000.00, 1, -24.66, -24.66
2026-06-28, 17:33:50, 1183000000, 1184000000, 1000000.00, 1, -24.64, -24.64
2026-06-28, 17:33:50, 1184000000, 1185000000, 1000000.00, 1, -24.56, -24.56
2026-06-28, 17:33:50, 1185000000, 1186000000, 1000000.00, 1, -24.54, -24.54
2026-06-28, 17:33:50, 1186000000, 1187000000, 1000000.00, 1, -24.51, -24.51
2026-06-28, 17:33:50, 1187000000, 1188000000, 1000000.00, 1, -24.73, -24.73
2026-06-28, 17:33:50, 1188000000, 1189000000, 1000000.00, 1, -24.68, -24.68
2026-06-28, 17:33:50, 1189000000, 1190000000, 1000000.00, 1, -24.67, -24.67
2026-06-28, 17:33:50, 1190000000, 1191000000, 1000000.00, 1, -24.56, -24.56
2026-06-28, 17:33:50, 1191000000, 1192000000, 1000000.00, 1, -24.60, -24.60
2026-06-28, 17:33:50, 1192000000, 1193000000, 1000000.00, 1, -24.54, -24.54
2026-06-28, 17:33:50, 1193000000, 1194000000, 1000000.00, 1, -24.58, -24.58
2026-06-28, 17:33:50, 1194000000, 1195000000, 1000000.00, 1, -24.69, -24.69
2026-06-28, 17:33:50, 1195000000, 1196000000, 1000000.00, 1, -24.64, -24.64
2026-06-28, 17:33:50, 1196000000, 1197000000, 1000000.00, 1, -24.65, -24.65
2026-06-28, 17:33:50, 1197000000, 1198000000, 1000000.00, 1, -24.62, -24.62
2026-06-28, 17:33:50, 1198000000, 1199000000, 1000000.00, 1, -24.60, -24.60
2026-06-28, 17:33:50, 1199000000, 1200000000, 1000000.00, 1, -24.53, -24.53
2026-06-28, 17:33:50, 1200000000, 1201000000, 1000000.00, 1, -24.68, -24.68
2026-06-28, 17:33:50, 1201000000, 1202000000, 1000000.00, 1, -24.69, -24.69
2026-06-28, 17:33:50, 1202000000, 1203000000, 1000000.00, 1, -24.63, -24.63
2026-06-28, 17:33:50, 1203000000, 1204000000, 1000000.00, 1, -24.59, -24.59
2026-06-28, 17:33:50, 1204000000, 1205000000, 1000000.00, 1, -24.55, -24.55
2026-06-28, 17:33:50, 1205000000, 1206000000, 1000000.00, 1, -24.50, -24.50
2026-06-28, 17:33:50, 1206000000, 1207000000, 1000000.00, 1, -24.68, -24.68
2026-06-28, 17:33:50, 1207000000, 1208000000, 1000000.00, 1, -24.63, -24.63
2026-06-28, 17:33:50, 1208000000, 1209000000, 1000000.00, 1, -24.63, -24.63
2026-06-28, 17:33:50, 1209000000, 1210000000, 1000000.00, 1, -24.62, -24.62
2026-06-28, 17:33:50, 1210000000, 1211000000, 1000000.00, 1, -24.60, -24.60
2026-06-28, 17:33:50, 1211000000, 1212000000, 1000000.00, 1, -24.55, -24.55
2026-06-28, 17:33:50, 1212000000, 1213000000, 1000000.00, 1, -24.55, -24.55
2026-06-28, 17:33:50, 1213000000, 1214000000, 1000000.00, 1, -24.70, -24.70
2026-06-28, 17:33:50, 1214000000, 1215000000, 1000000.00, 1, -24.69, -24.69
2026-06-28, 17:34:01, 960000000, 961000000, 1000000.00, 1, -24.63, -24.63
2026-06-28, 17:34:01, 961000000, 962000000, 1000000.00, 1, -24.61, -24.61
2026-06-28, 17:34:01, 962000000, 963000000, 1000000.00, 1, -24.57, -24.57
2026-06-28, 17:34:01, 963000000, 964000000, 1000000.00, 1, -24.55, -24.55
2026-06-28, 17:34:01, 964000000, 965000000, 1000000.00, 1, -24.67, -24.67
2026-06-28, 17:34:01, 965000000, 966000000, 1000000.00, 1, -24.71, -24.71
2026-06-28, 17:34:01, 966000000, 967000000, 1000000.00, 1, -24.69, -24.69
2026-06-28, 17:34:01, 967000000, 968000000, 1000000.00, 1, -24.62, -24.62
2026-06-28, 17:34:01, 968000000, 969000000, 1000000.00, 1, -24.60, -24.60
2026-06-28, 17:34:01, 969000000, 970000000, 1000000.00, 1, -24.58, -24.58
2026-06-28, 17:34:01, 970000000, 971000000, 1000000.00, 1, -24.65, -24.65
2026-06-28, 17:34:01, 971000000, 972000000, 1000000.00, 1, -24.68, -24.68
2026-06-28, 17:34:01, 972000000, 973000000, 1000000.00, 1, -24.68, -24.68
2026-06-28, 17:34:01, 973000000, 974000000, 1000000.00, 1, -24.68, -24.68
2026-06-28, 17:34:01, 974000000, 975000000, 1000000.00, 1, -24.59, -24.59
2026-06-28, 17:34:01, 975000000, 976000000, 1000000.00, 1, -24.56, -24.56
2026-06-28, 17:34:01, 976000000, 977000000, 1000000.00, 1, -24.50, -24.50
2026-06-28, 17:34:01, 977000000, 978000000, 1000000.00, 1, -24.70, -24.70
2026-06-28, 17:34:01, 978000000, 979000000, 1000000.00, 1, -24.62, -24.62
2026-06-28, 17:34:01, 979000000, 980000000, 1000000.00, 1, -24.58, -24.58
2026-06-28, 17:34:01, 980000000, 981000000, 1000000.00, 1, -24.57, -24.57
2026-06-28, 17:34:01, 981000000, 982000000, 1000000.00, 1, -24.64, -24.64
2026-06-28, 17:34:01, 982000000, 983000000, 1000000.00, 1, -24.53, -24.53
2026-06-28, 17:34:01, 983000000, 984000000, 1000000.00, 1, -24.69, -24.69
2026-06-28, 17:34:01, 984000000, 985000000, 1000000.00, 1, -24.64, -24.64
2026-06-28, 17:34:01, 985000000, 986000000, 1000000.00, 1, -24.58, -24.58
2026-06-28, 17:34:01, 986000000, 987000000, 1000000.00, 1, -24.57, -24.57
2026-06-28, 17:34:01, 987000000, 988000000, 1000000.00, 1, -24.55, -24.55
2026-06-28, 17:34:01, 988000000, 989000000, 1000000.00, 1, -24.51, -24.51
2026-06-28, 17:34:01, 989000000, 990000000, 1000000.00, 1, -24.56, -24.56
2026-06-28, 17:34:01, 990000000, 991000000, 1000000.00, 1, -24.70, -24.70
2026-06-28, 17:34:01, 991000000, 992000000, 1000000.00, 1, -24.61, -24.61
2026-06-28, 17:34:01, 992000000, 993000000, 1000000.00, 1, -24.66, -24.66
2026-06-28, 17:34:01, 993000000, 994000000, 1000000.00, 1, -24.55, -24.55
2026-06-28, 17:34:01, 994000000, 995000000, 1000000.00, 1, -24.57, -24.57
2026-06-28, 17:34:01, 995000000, 996000000, 1000000.00, 1, -24.59, -24.59
2026-06-28, 17:34:01, 996000000, 997000000, 1000000.00, 1, -24.74, -24.74
2026-06-28, 17:34:01, 997000000, 998000000, 1000000.00, 1, -24.65, -24.65
2026-06-28, 17:34:01, 998000000, 999000000, 1000000.00, 1, -24.60, -24.60
2026-06-28, 17:34:01, 999000000, 1000000000, 1000000.00, 1, -24.54, -24.54
2026-06-28, 17:34:01, 1000000000, 1001000000, 1000000.00, 1, -24.57, -24.57
2026-06-28, 17:34:01, 1001000000, 1002000000, 1000000.00, 1, -24.54, -24.54
2026-06-28, 17:34:01, 1002000000, 1003000000, 1000000.00, 1, -24.70, -24.70
2026-06-28, 17:34:01, 1003000000, 1004000000, 1000000.00, 1, -24.61, -24.61
2026-06-28, 17:34:01, 1004000000, 1005000000, 1000000.00, 1, -24.63, -24.63
2026-06-28, 17:34:01, 1005000000, 1006000000, 1000000.00, 1, -24.59, -24.59
2026-06-28, 17:34:01, 1006000000, 1007000000, 1000000.00, 1, -24.59, -24.59
2026-06-28, 17:34:01, 1007000000, 1008000000, 1000000.00, 1, -24.54, -24.54
2026-06-28, 17:34:01, 1008000000, 1009000000, 1000000.00, 1, -24.59, -24.59
2026-06-28, 17:34:01, 1009000000, 1010000000, 1000000.00, 1, -24.63, -24.63
2026-06-28, 17:34:01, 1010000000, 1011000000, 1000000.00, 1, -24.60, -24.60
2026-06-28, 17:34:01, 1011000000, 1012000000, 1000000.00, 1, -24.62, -24.62
2026-06-28, 17:34:01, 1012000000, 1013000000, 1000000.00, 1, -24.62, -24.62
2026-06-28, 17:34:01, 1013000000, 1014000000, 1000000.00, 1, -24.53, -24.53
2026-06-28, 17:34:01, 1014000000, 1015000000, 1000000.00, 1, -24.52, -24.52
2026-06-28, 17:34:01, 1015000000, 1016000000, 1000000.00, 1, -24.72, -24.72
2026-06-28, 17:34:01, 1016000000, 1017000000, 1000000.00, 1, -24.65, -24.65
2026-06-28, 17:34:01, 1017000000, 1018000000, 1000000.00, 1, -24.63, -24.63
2026-06-28, 17:34:01, 1018000000, 1019000000, 1000000.00, 1, -24.59, -24.59
2026-06-28, 17:34:01, 1019000000, 1020000000, 1000000.00, 1, -24.54, -24.54
2026-06-28, 17:34:01, 1020000000, 1021000000, 1000000.00, 1, -24.49, -24.49
2026-06-28, 17:34:01, 1021000000, 1022000000, 1000000.00, 1, -24.70, -24.70
2026-06-28, 17:34:01, 1022000000, 1023000000, 1000000.00, 1, -24.66, -24.66
2026-06-28, 17:34:01, 1023000000, 1024000000, 1000000.00, 1, -24.65, -24.65
2026-06-28, 17:34:01, 1024000000, 1025000000, 1000000.00, 1, -24.56, -24.56
2026-06-28, 17:34:01, 1025000000, 1026000000, 1000000.00, 1, -24.59, -24.59
2026-06-28, 17:34:01, 1026000000, 1027000000, 1000000.00, 1, -24.53, -24.53
2026-06-28, 17:34:01, 1027000000, 1028000000, 1000000.00, 1, -24.54, -24.54
2026-06-28, 17:34:01, 1028000000, 1029000000, 1000000.00, 1, -24.63, -24.63
2026-06-28, 17:34:01, 1029000000, 1030000000, 1000000.00, 1, -24.64, -24.64
2026-06-28, 17:34:01, 1030000000, 1031000000, 1000000.00, 1, -24.60, -24.60
2026-06-28, 17:34:01, 1031000000, 1032000000, 1000000.00, 1, -24.55, -24.55
2026-06-28, 17:34:01, 1032000000, 1033000000, 1000000.00, 1, -24.56, -24.56
2026-06-28, 17:34:01, 1033000000, 1034000000, 1000000.00, 1, -24.50, -24.50
2026-06-28, 17:34:01, 1034000000, 1035000000, 1000000.00, 1, -24.70, -24.70
2026-06-28, 17:34:01, 1035000000, 1036000000, 1000000.00, 1, -24.69, -24.69
2026-06-28, 17:34:01, 1036000000, 1037000000, 1000000.00, 1, -24.59, -24.59
2026-06-28, 17:34:01, 1037000000, 1038000000, 1000000.00, 1, -24.53, -24.53
2026-06-28, 17:34:01, 1038000000, 1039000000, 1000000.00, 1, -24.57, -24.57
2026-06-28, 17:34:01, 1039000000, 1040000000, 1000000.00, 1, -24.54, -24.54
2026-06-28, 17:34:01, 1040000000, 1041000000, 1000000.00, 1, -24.71, -24.71
2026-06-28, 17:34:01, 1041000000, 1042000000, 1000000.00, 1, -24.77, -24.77
2026-06-28, 17:34:01, 1042000000, 1043000000, 1000000.00, 1, -24.63, -24.63
2026-06-28, 17:34:01, 1043000000, 1044000000, 1000000.00, 1, -24.61, -24.61
2026-06-28, 17:34:01, 1044000000, 1045000000, 1000000.00, 1, -24.53, -24.53
2026-06-28, 17:34:01, 1045000000, 1046000000, 1000000.00, 1, -24.54, -24.54
2026-06-28, 17:34:01, 1046000000, 1047000000, 1000000.00, 1, -24.50, -24.50
2026-06-28, 17:34:01, 1047000000, 1048000000, 1000000.00, 1, -24.66, -24.66
2026-06-28, 17:34:01, 1048000000, 1049000000, 1000000.00, 1, -24.66, -24.66
2026-06-28, 17:34:01, 1049000000, 1050000000, 1000000.00, 1, -24.61, -24.61
2026-06-28, 17:34:01, 1050000000, 1051000000, 1000000.00, 1, -24.58, -24.58
2026-06-28, 17:34:01, 1051000000, 1052000000, 1000000.00, 1, -24.56, -24.56
2026-06-28, 17:34:01, 1052000000, 1053000000, 1000000.00, 1, -24.51, -24.51
2026-06-28, 17:34:01, 1053000000, 1054000000, 1000000.00, 1, -24.72, -24.72
2026-06-28, 17:34:01, 1054000000, 1055000000, 1000000.00, 1, -24.73, -24.73
2026-06-28, 17:34:01, 1055000000, 1056000000, 1000000.00, 1, -24.56, -24.56
2026-06-28, 17:34:01, 1056000000, 1057000000, 1000000.00, 1, -24.56, -24.56
2026-06-28, 17:34:01, 1057000000, 1058000000, 1000000.00, 1, -24.60, -24.60
2026-06-28, 17:34:01, 1058000000, 1059000000, 1000000.00, 1, -24.57, -24.57
2026-06-28, 17:34:01, 1059000000, 1060000000, 1000000.00, 1, -24.67, -24.67
2026-06-28, 17:34:01, 1060000000, 1061000000, 1000000.00, 1, -24.69, -24.69
2026-06-28, 17:34:01, 1061000000, 1062000000, 1000000.00, 1, -24.62, -24.62
2026-06-28, 17:34:01, 1062000000, 1063000000, 1000000.00, 1, -24.62, -24.62
2026-06-28, 17:34:01, 1063000000, 1064000000, 1000000.00, 1, -24.57, -24.57
2026-06-28, 17:34:01, 1064000000, 1065000000, 1000000.00, 1, -24.54, -24.54
2026-06-28, 17:34:01, 1065000000, 1066000000, 1000000.00, 1, -24.49, -24.49
2026-06-28, 17:34:01, 1066000000, 1067000000, 1000000.00, 1, -24.70, -24.70
2026-06-28, 17:34:01, 1067000000, 1068000000, 1000000.00, 1, -24.64, -24.64
2026-06-28, 17:34:01, 1068000000, 1069000000, 1000000.00, 1, -24.61, -24.61
2026-06-28, 17:34:01, 1069000000, 1070000000, 1000000.00, 1, -24.60, -24.60
2026-06-28, 17:34:01, 1070000000, 1071000000, 1000000.00, 1, -24.58, -24.58
2026-06-28, 17:34:01, 1071000000, 1072000000, 1000000.00, 1, -24.50, -24.50
2026-06-28, 17:34:01, 1072000000, 1073000000, 1000000.00, 1, -24.70, -24.70
2026-06-28, 17:34:01, 1073000000, 1074000000, 1000000.00, 1, -24.64, -24.64
2026-06-28, 17:34:01, 1074000000, 1075000000, 1000000.00, 1, -24.66, -24.66
2026-06-28, 17:34:01, 1075000000, 1076000000, 1000000.00, 1, -24.59, -24.59
2026-06-28, 17:34:01, 1076000000, 1077000000, 1000000.00, 1, -24.55, -24.55
2026-06-28, 17:34:01, 1077000000, 1078000000, 1000000.00, 1, -24.53, -24.53
2026-06-28, 17:34:01, 1078000000, 1079000000, 1000000.00, 1, -24.59, -24.59
2026-06-28, 17:34:01, 1079000000, 1080000000, 1000000.00, 1, -24.66, -24.66
2026-06-28, 17:34:01, 1080000000, 1081000000, 1000000.00, 1, -24.67, -24.67
2026-06-28, 17:34:01, 1081000000, 1082000000, 1000000.00, 1, -24.62, -24.62
2026-06-28, 17:34:01, 1082000000, 1083000000, 1000000.00, 1, -24.58, -24.58
2026-06-28, 17:34:01, 1083000000, 1084000000, 1000000.00, 1, -24.49, -24.49
2026-06-28, 17:34:01, 1084000000, 1085000000, 1000000.00, 1, -24.56, -24.56
2026-06-28, 17:34:01, 1085000000, 1086000000, 1000000.00, 1, -24.65, -24.65
2026-06-28, 17:34:01, 1086000000, 1087000000, 1000000.00, 1, -24.65, -24.65
2026-06-28, 17:34:01, 1087000000, 1088000000, 1000000.00, 1, -24.64, -24.64
2026-06-28, 17:34:01, 1088000000, 1089000000, 1000000.00, 1, -24.55, -24.55
2026-06-28, 17:34:01, 1089000000, 1090000000, 1000000.00, 1, -24.54, -24.54
2026-06-28, 17:34:01, 1090000000, 1091000000, 1000000.00, 1, -24.52, -24.52
2026-06-28, 17:34:01, 1091000000, 1092000000, 1000000.00, 1, -24.70, -24.70
2026-06-28, 17:34:01, 1092000000, 1093000000, 1000000.00, 1, -24.70, -24.70
2026-06-28, 17:34:01, 1093000000, 1094000000, 1000000.00, 1, -24.62, -24.62
2026-06-28, 17:34:01, 1094000000, 1095000000, 1000000.00, 1, -24.59, -24.59
2026-06-28, 17:34:01, 1095000000, 1096000000, 1000000.00, 1, -24.57, -24.57
2026-06-28, 17:34:01, 1096000000, 1097000000, 1000000.00, 1, -24.56, -24.56
2026-06-28, 17:34:01, 1097000000, 1098000000, 1000000.00, 1, -24.52, -24.52
2026-06-28, 17:34:01, 1098000000, 1099000000, 1000000.00, 1, -24.67, -24.67
2026-06-28, 17:34:01, 1099000000, 1100000000, 1000000.00, 1, -24.67, -24.67
2026-06-28, 17:34:01, 1100000000, 1101000000, 1000000.00, 1, -24.62, -24.62
2026-06-28, 17:34:01, 1101000000, 1102000000, 1000000.00, 1, -24.57, -24.57
2026-06-28, 17:34:01, 1102000000, 1103000000, 1000000.00, 1, -24.59, -24.59
2026-06-28, 17:34:01, 1103000000, 1104000000, 1000000.00, 1, -24.59, -24.59
2026-06-28, 17:34:01, 1104000000, 1105000000, 1000000.00, 1, -24.69, -24.69
2026-06-28, 17:34:01, 1105000000, 1106000000, 1000000.00, 1, -24.61, -24.61
2026-06-28, 17:34:01, 1106000000, 1107000000, 1000000.00, 1, -24.65, -24.65
2026-06-28, 17:34:01, 1107000000, 1108000000, 1000000.00, 1, -24.61, -24.61
2026-06-28, 17:34:01, 1108000000, 1109000000, 1000000.00, 1, -24.52, -24.52
2026-06-28, 17:34:01, 1109000000, 1110000000, 1000000.00, 1, -24.55, -24.55
2026-06-28, 17:34:01, 1110000000, 1111000000, 1000000.00, 1, -24.65, -24.65
2026-06-28, 17:34:01, 1111000000, 1112000000, 1000000.00, 1, -24.74, -24.74
2026-06-28, 17:34:01, 1112000000, 1113000000, 1000000.00, 1, -24.56, -24.56
2026-06-28, 17:34:01, 1113000000, 1114000000, 1000000.00, 1, -24.66, -24.66
2026-06-28, 17:34:01, 1114000000, 1115000000, 1000000.00, 1, -24.58, -24.58
2026-06-28, 17:34:01, 1115000000, 1116000000, 1000000.00, 1, -24.52, -24.52
2026-06-28, 17:34:01, 1116000000, 1117000000, 1000000.00, 1, -24.51, -24.51
2026-06-28, 17:34:01, 1117000000, 1118000000, 1000000.00, 1, -24.65, -24.65
2026-06-28, 17:34:01, 1118000000, 1119000000, 1000000.00, 1, -24.60, -24.60
2026-06-28, 17:34:01, 1119000000, 1120000000, 1000000.00, 1, -24.58, -24.58
2026-06-28, 17:34:01, 1120000000, 1121000000, 1000000.00, 1, -24.58, -24.58
2026-06-28, 17:34:01, 1121000000, 1122000000, 1000000.00, 1, -24.54, -24.54
2026-06-28, 17:34:01, 1122000000, 1123000000, 1000000.00, 1, -24.48, -24.48
2026-06-28, 17:34:01, 1123000000, 1124000000, 1000000.00, 1, -24.66, -24.66
2026-06-28, 17:34:01, 1124000000, 1125000000, 1000000.00, 1, -24.63, -24.63
2026-06-28, 17:34:01, 1125000000, 1126000000, 1000000.00, 1, -24.64, -24.64
2026-06-28, 17:34:01, 1126000000, 1127000000, 1000000.00, 1, -24.58, -24.58
2026-06-28, 17:34:01, 1127000000, 1128000000, 1000000.00, 1, -24.50, -24.50
2026-06-28, 17:34:01, 1128000000, 1129000000, 1000000.00, 1, -24.54, -24.54
2026-06-28, 17:34:01, 1129000000, 1130000000, 1000000.00, 1, -24.67, -24.67
2026-06-28, 17:34:01, 1130000000, 1131000000, 1000000.00, 1, -24.61, -24.61
2026-06-28, 17:34:01, 1131000000, 1132000000, 1000000.00, 1, -24.57, -24.57
2026-06-28, 17:34:01, 1132000000, 1133000000, 1000000.00, 1, -24.66, -24.66
2026-06-28, 17:34:01, 1133000000, 1134000000, 1000000.00, 1, -24.60, -24.60
2026-06-28, 17:34:01, 1134000000, 1135000000, 1000000.00, 1, -24.52, -24.52
2026-06-28, 17:34:01, 1135000000, 1136000000, 1000000.00, 1, -24.58, -24.58
2026-06-28, 17:34:01, 1136000000, 1137000000, 1000000.00, 1, -24.73, -24.73
2026-06-28, 17:34:01, 1137000000, 1138000000, 1000000.00, 1, -24.61, -24.61
2026-06-28, 17:34:01, 1138000000, 1139000000, 1000000.00, 1, -24.62, -24.62
2026-06-28, 17:34:01, 1139000000, 1140000000, 1000000.00, 1, -24.58, -24.58
2026-06-28, 17:34:01, 1140000000, 1141000000, 1000000.00, 1, -24.61, -24.61
2026-06-28, 17:34:01, 1141000000, 1142000000, 1000000.00, 1, -24.56, -24.56
2026-06-28, 17:34:01, 1142000000, 1143000000, 1000000.00, 1, -24.73, -24.73
2026-06-28, 17:34:01, 1143000000, 1144000000, 1000000.00, 1, -24.69, -24.69
2026-06-28, 17:34:01, 1144000000, 1145000000, 1000000.00, 1, -24.64, -24.64
2026-06-28, 17:34:01, 1145000000, 1146000000, 1000000.00, 1, -24.56, -24.56
2026-06-28, 17:34:01, 1146000000, 1147000000, 1000000.00, 1, -24.62, -24.62
2026-06-28, 17:34:01, 1147000000, 1148000000, 1000000.00, 1, -24.52, -24.52
2026-06-28, 17:34:01, 1148000000, 1149000000, 1000000.00, 1, -24.68, -24.68
2026-06-28, 17:34:01, 1149000000, 1150000000, 1000000.00, 1, -24.69, -24.69
2026-06-28, 17:34:01, 1150000000, 1151000000, 1000000.00, 1, -24.60, -24.60
2026-06-28, 17:34:01, 1151000000, 1152000000, 1000000.00, 1, -24.60, -24.60
2026-06-28, 17:34:01, 1152000000, 1153000000, 1000000.00, 1, -24.61, -24.61
2026-06-28, 17:34:01, 1153000000, 1154000000, 1000000.00, 1, -24.50, -24.50
2026-06-28, 17:34:01, 1154000000, 1155000000, 1000000.00, 1, -24.52, -24.52
2026-06-28, 17:34:01, 1155000000, 1156000000, 1000000.00, 1, -24.68, -24.68
2026-06-28, 17:34:01, 1156000000, 1157000000, 1000000.00, 1, -24.62, -24.62
2026-06-28, 17:34:01, 1157000000, 1158000000, 1000000.00, 1, -24.63, -24.63
2026-06-28, 17:34:01, 1158000000, 1159000000, 1000000.00, 1, -24.61, -24.61
2026-06-28, 17:34:01, 1159000000, 1160000000, 1000000.00, 1, -24.54, -24.54
2026-06-28, 17:34:01, 1160000000, 1161000000, 1000000.00, 1, -24.52, -24.52
2026-06-28, 17:34:01, 1161000000, 1162000000, 1000000.00, 1, -24.76, -24.76
2026-06-28, 17:34:01, 1162000000, 1163000000, 1000000.00, 1, -24.70, -24.70
2026-06-28, 17:34:01, 1163000000, 1164000000, 1000000.00, 1, -24.65, -24.65
2026-06-28, 17:34:01, 1164000000, 1165000000, 1000000.00, 1, -24.63, -24.63
2026-06-28, 17:34:01, 1165000000, 1166000000, 1000000.00, 1, -24.57, -24.57
2026-06-28, 17:34:01, 1166000000, 1167000000, 1000000.00, 1, -24.57, -24.57
2026-06-28, 17:34:01, 1167000000, 1168000000, 1000000.00, 1, -24.64, -24.64
2026-06-28, 17:34:01, 1168000000, 1169000000, 1000000.00, 1, -24.68, -24.68
2026-06-28, 17:34:01, 1169000000, 1170000000, 1000000.00, 1, -24.64, -24.64
2026-06-28, 17:34:01, 1170000000, 1171000000, 1000000.00, 1, -24.65, -24.65
2026-06-28, 17:34:01, 1171000000, 1172000000, 1000000.00, 1, -24.60, -24.60
2026-06-28, 17:34:01, 1172000000, 1173000000, 1000000.00, 1, -24.55, -24.55
2026-06-28, 17:34:01, 1173000000, 1174000000, 1000000.00, 1, -24.47, -24.47
2026-06-28, 17:34:01, 1174000000, 1175000000, 1000000.00, 1, -24.73, -24.73
2026-06-28, 17:34:01, 1175000000, 1176000000, 1000000.00, 1, -24.66, -24.66
2026-06-28, 17:34:01, 1176000000, 1177000000, 1000000.00, 1, -24.66, -24.66
2026-06-28, 17:34:01, 1177000000, 1178000000, 1000000.00, 1, -24.57, -24.57
2026-06-28, 17:34:01, 1178000000, 1179000000, 1000000.00, 1, -24.56, -24.56
2026-06-28, 17:34:01, 1179000000, 1180000000, 1000000.00, 1, -24.55, -24.55
2026-06-28, 17:34:01, 1180000000, 1181000000, 1000000.00, 1, -24.69, -24.69
2026-06-28, 17:34:01, 1181000000, 1182000000, 1000000.00, 1, -24.67, -24.67
2026-06-28, 17:34:01, 1182000000, 1183000000, 1000000.00, 1, -24.63, -24.63
2026-06-28, 17:34:01, 1183000000, 1184000000, 1000000.00, 1, -24.58, -24.58
2026-06-28, 17:34:01, 1184000000, 1185000000, 1000000.00, 1, -24.58, -24.58
2026-06-28, 17:34:01, 1185000000, 1186000000, 1000000.00, 1, -24.56, -24.56
2026-06-28, 17:34:01, 1186000000, 1187000000, 1000000.00, 1, -24.54, -24.54
2026-06-28, 17:34:01, 1187000000, 1188000000, 1000000.00, 1, -24.71, -24.71
2026-06-28, 17:34:01, 1188000000, 1189000000, 1000000.00, 1, -24.63, -24.63
2026-06-28, 17:34:01, 1189000000, 1190000000, 1000000.00, 1, -24.64, -24.64
2026-06-28, 17:34:01, 1190000000, 1191000000, 1000000.00, 1, -24.59, -24.59
2026-06-28, 17:34:01, 1191000000, 1192000000, 1000000.00, 1, -24.60, -24.60
2026-06-28, 17:34:01, 1192000000, 1193000000, 1000000.00, 1, -24.60, -24.60
2026-06-28, 17:34:01, 1193000000, 1194000000, 1000000.00, 1, -24.70, -24.70
2026-06-28, 17:34:01, 1194000000, 1195000000, 1000000.00, 1, -24.60, -24.60
2026-06-28, 17:34:01, 1195000000, 1196000000, 1000000.00, 1, -24.68, -24.68
2026-06-28, 17:34:01, 1196000000, 1197000000, 1000000.00, 1, -24.64, -24.64
2026-06-28, 17:34:01, 1197000000, 1198000000, 1000000.00, 1, -24.53, -24.53
2026-06-28, 17:34:01, 1198000000, 1199000000, 1000000.00, 1, -24.55, -24.55
2026-06-28, 17:34:01, 1199000000, 1200000000, 1000000.00, 1, -24.68, -24.68
2026-06-28, 17:34:01, 1200000000, 1201000000, 1000000.00, 1, -24.71, -24.71
2026-06-28, 17:34:01, 1201000000, 1202000000, 1000000.00, 1, -24.59, -24.59
2026-06-28, 17:34:01, 1202000000, 1203000000, 1000000.00, 1, -24.58, -24.58
2026-06-28, 17:34:01, 1203000000, 1204000000, 1000000.00, 1, -24.57, -24.57
2026-06-28, 17:34:01, 1204000000, 1205000000, 1000000.00, 1, -24.52, -24.52
2026-06-28, 17:34:01, 1205000000, 1206000000, 1000000.00, 1, -24.50, -24.50
2026-06-28, 17:34:01, 1206000000, 1207000000, 1000000.00, 1, -24.63, -24.63
2026-06-28, 17:34:01, 1207000000, 1208000000, 1000000.00, 1, -24.62, -24.62
2026-06-28, 17:34:01, 1208000000, 1209000000, 1000000.00, 1, -24.60, -24.60
2026-06-28, 17:34:01, 1209000000, 1210000000, 1000000.00, 1, -24.58, -24.58
2026-06-28, 17:34:01, 1210000000, 1211000000, 1000000.00, 1, -24.58, -24.58
2026-06-28, 17:34:01, 1211000000, 1212000000, 1000000.00, 1, -24.53, -24.53
2026-06-28, 17:34:01, 1212000000, 1213000000, 1000000.00, 1, -24.70, -24.70
2026-06-28, 17:34:01, 1213000000, 1214000000, 1000000.00, 1, -24.70, -24.70
2026-06-28, 17:34:01, 1214000000, 1215000000, 1000000.00, 1, -24.60, -24.60
2026-06-28, 17:34:11, 960000000, 961000000, 1000000.00, 1, -24.60, -24.60
2026-06-28, 17:34:11, 961000000, 962000000, 1000000.00, 1, -24.54, -24.54
2026-06-28, 17:34:11, 962000000, 963000000, 1000000.00, 1, -24.54, -24.54
2026-06-28, 17:34:11, 963000000, 964000000, 1000000.00, 1, -24.68, -24.68
2026-06-28, 17:34:11, 964000000, 965000000, 1000000.00, 1, -24.64, -24.64
2026-06-28, 17:34:11, 965000000, 966000000, 1000000.00, 1, -24.62, -24.62
2026-06-28, 17:34:11, 966000000, 967000000, 1000000.00, 1, -24.61, -24.61
2026-06-28, 17:34:11, 967000000, 968000000, 1000000.00, 1, -24.54, -24.54
2026-06-28, 17:34:11, 968000000, 969000000, 1000000.00, 1, -24.55, -24.55
2026-06-28, 17:34:11, 969000000, 970000000, 1000000.00, 1, -24.57, -24.57
2026-06-28, 17:34:11, 970000000, 971000000, 1000000.00, 1, -24.65, -24.65
2026-06-28, 17:34:11, 971000000, 972000000, 1000000.00, 1, -24.65, -24.65
2026-06-28, 17:34:11, 972000000, 973000000, 1000000.00, 1, -24.60, -24.60
2026-06-28, 17:34:11, 973000000, 974000000, 1000000.00, 1, -24.60, -24.60
2026-06-28, 17:34:11, 974000000, 975000000, 1000000.00, 1, -24.58, -24.58
2026-06-28, 17:34:11, 975000000, 976000000, 1000000.00, 1, -24.52, -24.52
2026-06-28, 17:34:11, 976000000, 977000000, 1000000.00, 1, -24.66, -24.66
2026-06-28, 17:34:11, 977000000, 978000000, 1000000.00, 1, -24.67, -24.67
2026-06-28, 17:34:11, 978000000, 979000000, 1000000.00, 1, -24.67, -24.67
2026-06-28, 17:34:11, 979000000, 980000000, 1000000.00, 1, -24.60, -24.60
2026-06-28, 17:34:11, 980000000, 981000000, 1000000.00, 1, -24.51, -24.51
2026-06-28, 17:34:11, 981000000, 982000000, 1000000.00, 1, -24.47, -24.47
2026-06-28, 17:34:11, 982000000, 983000000, 1000000.00, 1, -24.73, -24.73
2026-06-28, 17:34:11, 983000000, 984000000, 1000000.00, 1, -24.70, -24.70
2026-06-28, 17:34:11, 984000000, 985000000, 1000000.00, 1, -24.66, -24.66
2026-06-28, 17:34:11, 985000000, 986000000, 1000000.00, 1, -24.59, -24.59
2026-06-28, 17:34:11, 986000000, 987000000, 1000000.00, 1, -24.57, -24.57
2026-06-28, 17:34:11, 987000000, 988000000, 1000000.00, 1, -24.56, -24.56
2026-06-28, 17:34:11, 988000000, 989000000, 1000000.00, 1, -24.51, -24.51
2026-06-28, 17:34:11, 989000000, 990000000, 1000000.00, 1, -24.69, -24.69
2026-06-28, 17:34:11, 990000000, 991000000, 1000000.00, 1, -24.64, -24.64
2026-06-28, 17:34:11, 991000000, 992000000, 1000000.00, 1, -24.62, -24.62
2026-06-28, 17:34:11, 992000000, 993000000, 1000000.00, 1, -24.55, -24.55
2026-06-28, 17:34:11, 993000000, 994000000, 1000000.00, 1, -24.56, -24.56
2026-06-28, 17:34:11, 994000000, 995000000, 1000000.00, 1, -24.53, -24.53
2026-06-28, 17:34:11, 995000000, 996000000, 1000000.00, 1, -24.69, -24.69
2026-06-28, 17:34:11, 996000000, 997000000, 1000000.00, 1, -24.70, -24.70
2026-06-28, 17:34:11, 997000000, 998000000, 1000000.00, 1, -24.59, -24.59
2026-06-28, 17:34:11, 998000000, 999000000, 1000000.00, 1, -24.56, -24.56
2026-06-28, 17:34:11, 999000000, 1000000000, 1000000.00, 1, -24.57, -24.57
2026-06-28, 17:34:11, 1000000000, 1001000000, 1000000.00, 1, -24.55, -24.55
2026-06-28, 17:34:11, 1001000000, 1002000000, 1000000.00, 1, -24.67, -24.67
2026-06-28, 17:34:11, 1002000000, 1003000000, 1000000.00, 1, -24.63, -24.63
2026-06-28, 17:34:11, 1003000000, 1004000000, 1000000.00, 1, -24.65, -24.65
2026-06-28, 17:34:11, 1004000000, 1005000000, 1000000.00, 1, -24.63, -24.63
2026-06-28, 17:34:11, 1005000000, 1006000000, 1000000.00, 1, -24.59, -24.59
2026-06-28, 17:34:11, 1006000000, 1007000000, 1000000.00, 1, -24.54, -24.54
2026-06-28, 17:34:11, 1007000000, 1008000000, 1000000.00, 1, -24.52, -24.52
2026-06-28, 17:34:11, 1008000000, 1009000000, 1000000.00, 1, -24.64, -24.64
2026-06-28, 17:34:11, 1009000000, 1010000000, 1000000.00, 1, -24.62, -24.62
2026-06-28, 17:34:11, 1010000000, 1011000000, 1000000.00, 1, -24.65, -24.65
2026-06-28, 17:34:11, 1011000000, 1012000000, 1000000.00, 1, -24.55, -24.55
2026-06-28, 17:34:11, 1012000000, 1013000000, 1000000.00, 1, -24.54, -24.54
2026-06-28, 17:34:11, 1013000000, 1014000000, 1000000.00, 1, -24.56, -24.56
2026-06-28, 17:34:11, 1014000000, 1015000000, 1000000.00, 1, -24.68, -24.68
2026-06-28, 17:34:11, 1015000000, 1016000000, 1000000.00, 1, -24.65, -24.65
2026-06-28, 17:34:11, 1016000000, 1017000000, 1000000.00, 1, -24.58, -24.58
2026-06-28, 17:34:11, 1017000000, 1018000000, 1000000.00, 1, -24.58, -24.58
2026-06-28, 17:34:11, 1018000000, 1019000000, 1000000.00, 1, -24.56, -24.56
2026-06-28, 17:34:11, 1019000000, 1020000000, 1000000.00, 1, -24.54, -24.54
2026-06-28, 17:34:11, 1020000000, 1021000000, 1000000.00, 1, -24.61, -24.61
2026-06-28, 17:34:11, 1021000000, 1022000000, 1000000.00, 1, -24.68, -24.68
2026-06-28, 17:34:11, 1022000000, 1023000000, 1000000.00, 1, -24.65, -24.65
2026-06-28, 17:34:11, 1023000000, 1024000000, 1000000.00, 1, -24.64, -24.64
2026-06-28, 17:34:11, 1024000000, 1025000000, 1000000.00, 1, -24.59, -24.59
2026-06-28, 17:34:11, 1025000000, 1026000000, 1000000.00, 1, -24.62, -24.62
2026-06-28, 17:34:11, 1026000000, 1027000000, 1000000.00, 1, -24.51, -24.51
2026-06-28, 17:34:11, 1027000000, 1028000000, 1000000.00, 1, -24.66, -24.66
2026-06-28, 17:34:11, 1028000000, 1029000000, 1000000.00, 1, -24.62, -24.62
2026-06-28, 17:34:11, 1029000000, 1030000000, 1000000.00, 1, -24.60, -24.60
2026-06-28, 17:34:11, 1030000000, 1031000000, 1000000.00, 1, -24.59, -24.59
2026-06-28, 17:34:11, 1031000000, 1032000000, 1000000.00, 1, -24.55, -24.55
2026-06-28, 17:34:11, 1032000000, 1033000000, 1000000.00, 1, -24.55, -24.55
2026-06-28, 17:34:11, 1033000000, 1034000000, 1000000.00, 1, -24.70, -24.70
2026-06-28, 17:34:11, 1034000000, 1035000000, 1000000.00, 1, -24.64, -24.64
2026-06-28, 17:34:11, 1035000000, 1036000000, 1000000.00, 1, -24.65, -24.65
2026-06-28, 17:34:11, 1036000000, 1037000000, 1000000.00, 1, -24.54, -24.54
2026-06-28, 17:34:11, 1037000000, 1038000000, 1000000.00, 1, -24.57, -24.57
2026-06-28, 17:34:11, 1038000000, 1039000000, 1000000.00, 1, -24.55, -24.55
2026-06-28, 17:34:11, 1039000000, 1040000000, 1000000.00, 1, -24.56, -24.56
2026-06-28, 17:34:11, 1040000000, 1041000000, 1000000.00, 1, -24.66, -24.66
2026-06-28, 17:34:11, 1041000000, 1042000000, 1000000.00, 1, -24.63, -24.63
2026-06-28, 17:34:11, 1042000000, 1043000000, 1000000.00, 1, -24.65, -24.65
2026-06-28, 17:34:11, 1043000000, 1044000000, 1000000.00, 1, -24.58, -24.58
2026-06-28, 17:34:11, 1044000000, 1045000000, 1000000.00, 1, -24.55, -24.55
2026-06-28, 17:34:11, 1045000000, 1046000000, 1000000.00, 1, -24.55, -24.55
2026-06-28, 17:34:11, 1046000000, 1047000000, 1000000.00, 1, -24.71, -24.71
2026-06-28, 17:34:11, 1047000000, 1048000000, 1000000.00, 1, -24.66, -24.66
2026-06-28, 17:34:11, 1048000000, 1049000000, 1000000.00, 1, -24.58, -24.58
2026-06-28, 17:34:11, 1049000000, 1050000000, 1000000.00, 1, -24.63, -24.63
2026-06-28, 17:34:11, 1050000000, 1051000000, 1000000.00, 1, -24.59, -24.59
2026-06-28, 17:34:11, 1051000000, 1052000000, 1000000.00, 1, -24.51, -24.51
2026-06-28, 17:34:11, 1052000000, 1053000000, 1000000.00, 1, -24.78, -24.78
2026-06-28, 17:34:11, 1053000000, 1054000000, 1000000.00, 1, -24.64, -24.64
2026-06-28, 17:34:11, 1054000000, 1055000000, 1000000.00, 1, -24.62, -24.62
2026-06-28, 17:34:11, 1055000000, 1056000000, 1000000.00, 1, -24.62, -24.62
2026-06-28, 17:34:11, 1056000000, 1057000000, 1000000.00, 1, -24.58, -24.58
2026-06-28, 17:34:11, 1057000000, 1058000000, 1000000.00, 1, -24.56, -24.56
2026-06-28, 17:34:11, 1058000000, 1059000000, 1000000.00, 1, -24.51, -24.51
2026-06-28, 17:34:11, 1059000000, 1060000000, 1000000.00, 1, -24.66, -24.66
2026-06-28, 17:34:11, 1060000000, 1061000000, 1000000.00, 1, -24.62, -24.62
2026-06-28, 17:34:11, 1061000000, 1062000000, 1000000.00, 1, -24.61, -24.61
2026-06-28, 17:34:11, 1062000000, 1063000000, 1000000.00, 1, -24.59, -24.59
2026-06-28, 17:34:11, 1063000000, 1064000000, 1000000.00, 1, -24.55, -24.55
2026-06-28, 17:34:11, 1064000000, 1065000000, 1000000.00, 1, -24.54, -24.54
2026-06-28, 17:34:11, 1065000000, 1066000000, 1000000.00, 1, -24.70, -24.70
2026-06-28, 17:34:11, 1066000000, 1067000000, 1000000.00, 1, -24.70, -24.70
2026-06-28, 17:34:11, 1067000000, 1068000000, 1000000.00, 1, -24.62, -24.62
2026-06-28, 17:34:11, 1068000000, 1069000000, 1000000.00, 1, -24.61, -24.61
2026-06-28, 17:34:11, 1069000000, 1070000000, 1000000.00, 1, -24.58, -24.58
2026-06-28, 17:34:11, 1070000000, 1071000000, 1000000.00, 1, -24.52, -24.52
2026-06-28, 17:34:11, 1071000000, 1072000000, 1000000.00, 1, -24.71, -24.71
2026-06-28, 17:34:11, 1072000000, 1073000000, 1000000.00, 1, -24.67, -24.67
2026-06-28, 17:34:11, 1073000000, 1074000000, 1000000.00, 1, -24.63, -24.63
2026-06-28, 17:34:11, 1074000000, 1075000000, 1000000.00, 1, -24.56, -24.56
2026-06-28, 17:34:11, 1075000000, 1076000000, 1000000.00, 1, -24.57, -24.57
2026-06-28, 17:34:11, 1076000000, 1077000000, 1000000.00, 1, -24.58, -24.58
2026-06-28, 17:34:11, 1077000000, 1078000000, 1000000.00, 1, -24.54, -24.54
2026-06-28, 17:34:11, 1078000000, 1079000000, 1000000.00, 1, -24.68, -24.68
2026-06-28, 17:34:11, 1079000000, 1080000000, 1000000.00, 1, -24.63, -24.63
2026-06-28, 17:34:11, 1080000000, 1081000000, 1000000.00, 1, -24.62, -24.62
2026-06-28, 17:34:11, 1081000000, 1082000000, 1000000.00, 1, -24.60, -24.60
2026-06-28, 17:34:11, 1082000000, 1083000000, 1000000.00, 1, -24.55, -24.55
2026-06-28, 17:34:11, 1083000000, 1084000000, 1000000.00, 1, -24.51, -24.51
2026-06-28, 17:34:11, 1084000000, 1085000000, 1000000.00, 1, -24.70, -24.70
2026-06-28, 17:34:11, 1085000000, 1086000000, 1000000.00, 1, -24.62, -24.62
2026-06-28, 17:34:11, 1086000000, 1087000000, 1000000.00, 1, -24.63, -24.63
2026-06-28, 17:34:11, 1087000000, 1088000000, 1000000.00, 1, -24.60, -24.60
2026-06-28, 17:34:11, 1088000000, 1089000000, 1000000.00, 1, -24.55, -24.55
2026-06-28, 17:34:11, 1089000000, 1090000000, 1000000.00, 1, -24.58, -24.58
2026-06-28, 17:34:11, 1090000000, 1091000000, 1000000.00, 1, -24.60, -24.60
2026-06-28, 17:34:11, 1091000000, 1092000000, 1000000.00, 1, -24.66, -24.66
2026-06-28, 17:34:11, 1092000000, 1093000000, 1000000.00, 1, -24.65, -24.65
2026-06-28, 17:34:11, 1093000000, 1094000000, 1000000.00, 1, -24.65, -24.65
2026-06-28, 17:34:11, 1094000000, 1095000000, 1000000.00, 1, -24.56, -24.56
2026-06-28, 17:34:11, 1095000000, 1096000000, 1000000.00, 1, -24.59, -24.59
2026-06-28, 17:34:11, 1096000000, 1097000000, 1000000.00, 1, -24.50, -24.50
2026-06-28, 17:34:11, 1097000000, 1098000000, 1000000.00, 1, -24.71, -24.71
2026-06-28, 17:34:11, 1098000000, 1099000000, 1000000.00, 1, -24.57, -24.57
2026-06-28, 17:34:11, 1099000000, 1100000000, 1000000.00, 1, -24.64, -24.64
2026-06-28, 17:34:11, 1100000000, 1101000000, 1000000.00, 1, -24.56, -24.56
2026-06-28, 17:34:11, 1101000000, 1102000000, 1000000.00, 1, -24.57, -24.57
2026-06-28, 17:34:11, 1102000000, 1103000000, 1000000.00, 1, -24.57, -24.57
2026-06-28, 17:34:11, 1103000000, 1104000000, 1000000.00, 1, -24.70, -24.70
2026-06-28, 17:34:11, 1104000000, 1105000000, 1000000.00, 1, -24.67, -24.67
2026-06-28, 17:34:11, 1105000000, 1106000000, 1000000.00, 1, -24.63, -24.63
2026-06-28, 17:34:11, 1106000000, 1107000000, 1000000.00, 1, -24.55, -24.55
2026-06-28, 17:34:11, 1107000000, 1108000000, 1000000.00, 1, -24.55, -24.55
2026-06-28, 17:34:11, 1108000000, 1109000000, 1000000.00, 1, -24.50, -24.50
2026-06-28, 17:34:11, 1109000000, 1110000000, 1000000.00, 1, -24.56, -24.56
2026-06-28, 17:34:11, 1110000000, 1111000000, 1000000.00, 1, -24.68, -24.68
2026-06-28, 17:34:11, 1111000000, 1112000000, 1000000.00, 1, -24.63, -24.63
2026-06-28, 17:34:11, 1112000000, 1113000000, 1000000.00, 1, -24.65, -24.65
2026-06-28, 17:34:11, 1113000000, 1114000000, 1000000.00, 1, -24.58, -24.58
2026-06-28, 17:34:11, 1114000000, 1115000000, 1000000.00, 1, -24.57, -24.57
2026-06-28, 17:34:11, 1115000000, 1116000000, 1000000.00, 1, -24.51, -24.51
2026-06-28, 17:34:11, 1116000000, 1117000000, 1000000.00, 1, -24.73, -24.73
2026-06-28, 17:34:11, 1117000000, 1118000000, 1000000.00, 1, -24.66, -24.66
2026-06-28, 17:34:11, 1118000000, 1119000000, 1000000.00, 1, -24.66, -24.66
2026-06-28, 17:34:11, 1119000000, 1120000000, 1000000.00, 1, -24.55, -24.55
2026-06-28, 17:34:11, 1120000000, 1121000000, 1000000.00, 1, -24.53, -24.53
2026-06-28, 17:34:11, 1121000000, 1122000000, 1000000.00, 1, -24.58, -24.58
2026-06-28, 17:34:11, 1122000000, 1123000000, 1000000.00, 1, -24.70, -24.70
2026-06-28, 17:34:11, 1123000000, 1124000000, 1000000.00, 1, -24.66, -24.66
2026-06-28, 17:34:11, 1124000000, 1125000000, 1000000.00, 1, -24.63, -24.63
2026-06-28, 17:34:11, 1125000000, 1126000000, 1000000.00, 1, -24.62, -24.62
2026-06-28, 17:34:11, 1126000000, 1127000000, 1000000.00, 1, -24.57, -24.57
2026-06-28, 17:34:11, 1127000000, 1128000000, 1000000.00, 1, -24.53, -24.53
2026-06-28, 17:34:11, 1128000000, 1129000000, 1000000.00, 1, -24.60, -24.60
2026-06-28, 17:34:11, 1129000000, 1130000000, 1000000.00, 1, -24.70, -24.70
2026-06-28, 17:34:11, 1130000000, 1131000000, 1000000.00, 1, -24.60, -24.60
2026-06-28, 17:34:11, 1131000000, 1132000000, 1000000.00, 1, -24.59, -24.59
2026-06-28, 17:34:11, 1132000000, 1133000000, 1000000.00, 1, -24.57, -24.57
2026-06-28, 17:34:11, 1133000000, 1134000000, 1000000.00, 1, -24.61, -24.61
2026-06-28, 17:34:11, 1134000000, 1135000000, 1000000.00, 1, -24.58, -24.58
2026-06-28, 17:34:11, 1135000000, 1136000000, 1000000.00, 1, -24.61, -24.61
2026-06-28, 17:34:11, 1136000000, 1137000000, 1000000.00, 1, -24.69, -24.69
2026-06-28, 17:34:11, 1137000000, 1138000000, 1000000.00, 1, -24.64, -24.64
2026-06-28, 17:34:11, 1138000000, 1139000000, 1000000.00, 1, -24.53, -24.53
2026-06-28, 17:34:11, 1139000000, 1140000000, 1000000.00, 1, -24.54, -24.54
2026-06-28, 17:34:11, 1140000000, 1141000000, 1000000.00, 1, -24.53, -24.53
2026-06-28, 17:34:11, 1141000000, 1142000000, 1000000.00, 1, -24.67, -24.67
2026-06-28, 17:34:11, 1142000000, 1143000000, 1000000.00, 1, -24.64, -24.64
2026-06-28, 17:34:11, 1143000000, 1144000000, 1000000.00, 1, -24.64, -24.64
2026-06-28, 17:34:11, 1144000000, 1145000000, 1000000.00, 1, -24.67, -24.67
2026-06-28, 17:34:11, 1145000000, 1146000000, 1000000.00, 1, -24.60, -24.60
2026-06-28, 17:34:11, 1146000000, 1147000000, 1000000.00, 1, -24.59, -24.59
2026-06-28, 17:34:11, 1147000000, 1148000000, 1000000.00, 1, -24.55, -24.55
2026-06-28, 17:34:11, 1148000000, 1149000000, 1000000.00, 1, -24.64, -24.64
2026-06-28, 17:34:11, 1149000000, 1150000000, 1000000.00, 1, -24.64, -24.64
2026-06-28, 17:34:11, 1150000000, 1151000000, 1000000.00, 1, -24.61, -24.61
2026-06-28, 17:34:11, 1151000000, 1152000000, 1000000.00, 1, -24.53, -24.53
2026-06-28, 17:34:11, 1152000000, 1153000000, 1000000.00, 1, -24.59, -24.59
2026-06-28, 17:34:11, 1153000000, 1154000000, 1000000.00, 1, -24.53, -24.53
2026-06-28, 17:34:11, 1154000000, 1155000000, 1000000.00, 1, -24.63, -24.63
2026-06-28, 17:34:11, 1155000000, 1156000000, 1000000.00, 1, -24.67, -24.67
2026-06-28, 17:34:11, 1156000000, 1157000000, 1000000.00, 1, -24.66, -24.66
2026-06-28, 17:34:11, 1157000000, 1158000000, 1000000.00, 1, -24.59, -24.59
2026-06-28, 17:34:11, 1158000000, 1159000000, 1000000.00, 1, -24.56, -24.56
2026-06-28, 17:34:11, 1159000000, 1160000000, 1000000.00, 1, -24.53, -24.53
2026-06-28, 17:34:11, 1160000000, 1161000000, 1000000.00, 1, -24.71, -24.71
2026-06-28, 17:34:11, 1161000000, 1162000000, 1000000.00, 1, -24.71, -24.71
2026-06-28, 17:34:11, 1162000000, 1163000000, 1000000.00, 1, -24.64, -24.64
2026-06-28, 17:34:11, 1163000000, 1164000000, 1000000.00, 1, -24.62, -24.62
2026-06-28, 17:34:11, 1164000000, 1165000000, 1000000.00, 1, -24.56, -24.56
2026-06-28, 17:34:11, 1165000000, 1166000000, 1000000.00, 1, -24.52, -24.52
2026-06-28, 17:34:11, 1166000000, 1167000000, 1000000.00, 1, -24.53, -24.53
2026-06-28, 17:34:11, 1167000000, 1168000000, 1000000.00, 1, -24.72, -24.72
2026-06-28, 17:34:11, 1168000000, 1169000000, 1000000.00, 1, -24.64, -24.64
2026-06-28, 17:34:11, 1169000000, 1170000000, 1000000.00, 1, -24.63, -24.63
2026-06-28, 17:34:11, 1170000000, 1171000000, 1000000.00, 1, -24.65, -24.65
2026-06-28, 17:34:11, 1171000000, 1172000000, 1000000.00, 1, -24.56, -24.56
2026-06-28, 17:34:11, 1172000000, 1173000000, 1000000.00, 1, -24.58, -24.58
2026-06-28, 17:34:11, 1173000000, 1174000000, 1000000.00, 1, -24.68, -24.68
2026-06-28, 17:34:11, 1174000000, 1175000000, 1000000.00, 1, -24.64, -24.64
2026-06-28, 17:34:11, 1175000000, 1176000000, 1000000.00, 1, -24.65, -24.65
2026-06-28, 17:34:11, 1176000000, 1177000000, 1000000.00, 1, -24.65, -24.65
2026-06-28, 17:34:11, 1177000000, 1178000000, 1000000.00, 1, -24.52, -24.52
2026-06-28, 17:34:11, 1178000000, 1179000000, 1000000.00, 1, -24.55, -24.55
2026-06-28, 17:34:11, 1179000000, 1180000000, 1000000.00, 1, -24.71, -24.71
2026-06-28, 17:34:11, 1180000000, 1181000000, 1000000.00, 1, -24.70, -24.70
2026-06-28, 17:34:11, 1181000000, 1182000000, 1000000.00, 1, -24.59, -24.59
2026-06-28, 17:34:11, 1182000000, 1183000000, 1000000.00, 1, -24.66, -24.66
2026-06-28, 17:34:11, 1183000000, 1184000000, 1000000.00, 1, -24.54, -24.54
2026-06-28, 17:34:11, 1184000000, 1185000000, 1000000.00, 1, -24.51, -24.51
2026-06-28, 17:34:11, 1185000000, 1186000000, 1000000.00, 1, -24.52, -24.52
2026-06-28, 17:34:11, 1186000000, 1187000000, 1000000.00, 1, -24.72, -24.72
2026-06-28, 17:34:11, 1187000000, 1188000000, 1000000.00, 1, -24.63, -24.63
2026-06-28, 17:34:11, 1188000000, 1189000000, 1000000.00, 1, -24.66, -24.66
2026-06-28, 17:34:11, 1189000000, 1190000000, 1000000.00, 1, -24.68, -24.68
2026-06-28, 17:34:11, 1190000000, 1191000000, 1000000.00, 1, -24.54, -24.54
2026-06-28, 17:34:11, 1191000000, 1192000000, 1000000.00, 1, -24.54, -24.54
2026-06-28, 17:34:11, 1192000000, 1193000000, 1000000.00, 1, -24.70, -24.70
2026-06-28, 17:34:11, 1193000000, 1194000000, 1000000.00, 1, -24.65, -24.65
2026-06-28, 17:34:11, 1194000000, 1195000000, 1000000.00, 1, -24.64, -24.64
2026-06-28, 17:34:11, 1195000000, 1196000000, 1000000.00, 1, -24.61, -24.61
2026-06-28, 17:34:11, 1196000000, 1197000000, 1000000.00, 1, -24.56, -24.56
2026-06-28, 17:34:11, 1197000000, 1198000000, 1000000.00, 1, -24.51, -24.51
2026-06-28, 17:34:11, 1198000000, 1199000000, 1000000.00, 1, -24.65, -24.65
2026-06-28, 17:34:11, 1199000000, 1200000000, 1000000.00, 1, -24.66, -24.66
2026-06-28, 17:34:11, 1200000000, 1201000000, 1000000.00, 1, -24.62, -24.62
2026-06-28, 17:34:11, 1201000000, 1202000000, 1000000.00, 1, -24.57, -24.57
2026-06-28, 17:34:11, 1202000000, 1203000000, 1000000.00, 1, -24.58, -24.58
2026-06-28, 17:34:11, 1203000000, 1204000000, 1000000.00, 1, -24.56, -24.56
2026-06-28, 17:34:11, 1204000000, 1205000000, 1000000.00, 1, -24.56, -24.56
2026-06-28, 17:34:11, 1205000000, 1206000000, 1000000.00, 1, -24.70, -24.70
2026-06-28, 17:34:11, 1206000000, 1207000000, 1000000.00, 1, -24.67, -24.67
2026-06-28, 17:34:11, 1207000000, 1208000000, 1000000.00, 1, -24.66, -24.66
2026-06-28, 17:34:11, 1208000000, 1209000000, 1000000.00, 1, -24.59, -24.59
2026-06-28, 17:34:11, 1209000000, 1210000000, 1000000.00, 1, -24.51, -24.51
2026-06-28, 17:34:11, 1210000000, 1211000000, 1000000.00, 1, -24.54, -24.54
2026-06-28, 17:34:11, 1211000000, 1212000000, 1000000.00, 1, -24.68, -24.68
2026-06-28, 17:34:11, 1212000000, 1213000000, 1000000.00, 1, -24.70, -24.70
2026-06-28, 17:34:11, 1213000000, 1214000000, 1000000.00, 1, -24.59, -24.59
2026-06-28, 17:34:11, 1214000000, 1215000000, 1000000.00, 1, -24.62, -24.62
2026-06-28, 17:34:22, 960000000, 961000000, 1000000.00, 1, -24.60, -24.60
2026-06-28, 17:34:22, 961000000, 962000000, 1000000.00, 1, -24.53, -24.53
2026-06-28, 17:34:22, 962000000, 963000000, 1000000.00, 1, -24.59, -24.59
2026-06-28, 17:34:22, 963000000, 964000000, 1000000.00, 1, -24.67, -24.67
2026-06-28, 17:34:22, 964000000, 965000000, 1000000.00, 1, -24.69, -24.69
2026-06-28, 17:34:22, 965000000, 966000000, 1000000.00, 1, -24.66, -24.66
2026-06-28, 17:34:22, 966000000, 967000000, 1000000.00, 1, -24.59, -24.59
2026-06-28, 17:34:22, 967000000, 968000000, 1000000.00, 1, -24.63, -24.63
2026-06-28, 17:34:22, 968000000, 969000000, 1000000.00, 1, -24.56, -24.56
2026-06-28, 17:34:22, 969000000, 970000000, 1000000.00, 1, -24.74, -24.74
2026-06-28, 17:34:22, 970000000, 971000000, 1000000.00, 1, -24.63, -24.63
2026-06-28, 17:34:22, 971000000, 972000000, 1000000.00, 1, -24.64, -24.64
2026-06-28, 17:34:22, 972000000, 973000000, 1000000.00, 1, -24.56, -24.56
2026-06-28, 17:34:22, 973000000, 974000000, 1000000.00, 1, -24.52, -24.52
2026-06-28, 17:34:22, 974000000, 975000000, 1000000.00, 1, -24.54, -24.54
2026-06-28, 17:34:22, 975000000, 976000000, 1000000.00, 1, -24.63, -24.63
2026-06-28, 17:34:22, 976000000, 977000000, 1000000.00, 1, -24.72, -24.72
2026-06-28, 17:34:22, 977000000, 978000000, 1000000.00, 1, -24.66, -24.66
2026-06-28, 17:34:22, 978000000, 979000000, 1000000.00, 1, -24.62, -24.62
2026-06-28, 17:34:22, 979000000, 980000000, 1000000.00, 1, -24.54, -24.54
2026-06-28, 17:34:22, 980000000, 981000000, 1000000.00, 1, -24.54, -24.54
2026-06-28, 17:34:22, 981000000, 982000000, 1000000.00, 1, -24.51, -24.51
2026-06-28, 17:34:22, 982000000, 983000000, 1000000.00, 1, -24.67, -24.67
2026-06-28, 17:34:22, 983000000, 984000000, 1000000.00, 1, -24.64, -24.64
2026-06-28, 17:34:22, 984000000, 985000000, 1000000.00, 1, -24.58, -24.58
2026-06-28, 17:34:22, 985000000, 986000000, 1000000.00, 1, -24.58, -24.58
2026-06-28, 17:34:22, 986000000, 987000000, 1000000.00, 1, -24.55, -24.55
2026-06-28, 17:34:22, 987000000, 988000000, 1000000.00, 1, -24.52, -24.52
2026-06-28, 17:34:22, 988000000, 989000000, 1000000.00, 1, -24.67, -24.67
2026-06-28, 17:34:22, 989000000, 990000000, 1000000.00, 1, -24.64, -24.64
2026-06-28, 17:34:22, 990000000, 991000000, 1000000.00, 1, -24.64, -24.64
2026-06-28, 17:34:22, 991000000, 992000000, 1000000.00, 1, -24.56, -24.56
2026-06-28, 17:34:22, 992000000, 993000000, 1000000.00, 1, -24.58, -24.58
2026-06-28, 17:34:22, 993000000, 994000000, 1000000.00, 1, -24.51, -24.51
2026-06-28, 17:34:22, 994000000, 995000000, 1000000.00, 1, -24.73, -24.73
2026-06-28, 17:34:22, 995000000, 996000000, 1000000.00, 1, -24.71, -24.71
2026-06-28, 17:34:22, 996000000, 997000000, 1000000.00, 1, -24.65, -24.65
2026-06-28, 17:34:22, 997000000, 998000000, 1000000.00, 1, -24.56, -24.56
2026-06-28, 17:34:22, 998000000, 999000000, 1000000.00, 1, -24.63, -24.63
2026-06-28, 17:34:22, 999000000, 1000000000, 1000000.00, 1, -24.61, -24.61
2026-06-28, 17:34:22, 1000000000, 1001000000, 1000000.00, 1, -24.52, -24.52
2026-06-28, 17:34:22, 1001000000, 1002000000, 1000000.00, 1, -24.65, -24.65
2026-06-28, 17:34:22, 1002000000, 1003000000, 1000000.00, 1, -24.57, -24.57
2026-06-28, 17:34:22, 1003000000, 1004000000, 1000000.00, 1, -24.61, -24.61
2026-06-28, 17:34:22, 1004000000, 1005000000, 1000000.00, 1, -24.58, -24.58
2026-06-28, 17:34:22, 1005000000, 1006000000, 1000000.00, 1, -24.54, -24.54
2026-06-28, 17:34:22, 1006000000, 1007000000, 1000000.00, 1, -24.54, -24.54
2026-06-28, 17:34:22, 1007000000, 1008000000, 1000000.00, 1, -24.71, -24.71
2026-06-28, 17:34:22, 1008000000, 1009000000, 1000000.00, 1, -24.71, -24.71
2026-06-28, 17:34:22, 1009000000, 1010000000, 1000000.00, 1, -24.65, -24.65
2026-06-28, 17:34:22, 1010000000, 1011000000, 1000000.00, 1, -24.59, -24.59
2026-06-28, 17:34:22, 1011000000, 1012000000, 1000000.00, 1, -24.59, -24.59
2026-06-28, 17:34:22, 1012000000, 1013000000, 1000000.00, 1, -24.55, -24.55
2026-06-28, 17:34:22, 1013000000, 1014000000, 1000000.00, 1, -24.72, -24.72
2026-06-28, 17:34:22, 1014000000, 1015000000, 1000000.00, 1, -24.65, -24.65
2026-06-28, 17:34:22, 1015000000, 1016000000, 1000000.00, 1, -24.64, -24.64
2026-06-28, 17:34:22, 1016000000, 1017000000, 1000000.00, 1, -24.68, -24.68
2026-06-28, 17:34:22, 1017000000, 1018000000, 1000000.00, 1, -24.61, -24.61
2026-06-28, 17:34:22, 1018000000, 1019000000, 1000000.00, 1, -24.58, -24.58
2026-06-28, 17:34:22, 1019000000, 1020000000, 1000000.00, 1, -24.54, -24.54
2026-06-28, 17:34:22, 1020000000, 1021000000, 1000000.00, 1, -24.67, -24.67
2026-06-28, 17:34:22, 1021000000, 1022000000, 1000000.00, 1, -24.67, -24.67
2026-06-28, 17:34:22, 1022000000, 1023000000, 1000000.00, 1, -24.62, -24.62
2026-06-28, 17:34:22, 1023000000, 1024000000, 1000000.00, 1, -24.65, -24.65
2026-06-28, 17:34:22, 1024000000, 1025000000, 1000000.00, 1, -24.59, -24.59
2026-06-28, 17:34:22, 1025000000, 1026000000, 1000000.00, 1, -24.53, -24.53
2026-06-28, 17:34:22, 1026000000, 1027000000, 1000000.00, 1, -24.66, -24.66
2026-06-28, 17:34:22, 1027000000, 1028000000, 1000000.00, 1, -24.65, -24.65
2026-06-28, 17:34:22, 1028000000, 1029000000, 1000000.00, 1, -24.69, -24.69
2026-06-28, 17:34:22, 1029000000, 1030000000, 1000000.00, 1, -24.63, -24.63
2026-06-28, 17:34:22, 1030000000, 1031000000, 1000000.00, 1, -24.58, -24.58
2026-06-28, 17:34:22, 1031000000, 1032000000, 1000000.00, 1, -24.55, -24.55
2026-06-28, 17:34:22, 1032000000, 1033000000, 1000000.00, 1, -24.70, -24.70
2026-06-28, 17:34:22, 1033000000, 1034000000, 1000000.00, 1, -24.65, -24.65
2026-06-28, 17:34:22, 1034000000, 1035000000, 1000000.00, 1, -24.63, -24.63
2026-06-28, 17:34:22, 1035000000, 1036000000, 1000000.00, 1, -24.57, -24.57
2026-06-28, 17:34:22, 1036000000, 1037000000, 1000000.00, 1, -24.61, -24.61
2026-06-28, 17:34:22, 1037000000, 1038000000, 1000000.00, 1, -24.57, -24.57
2026-06-28, 17:34:22, 1038000000, 1039000000, 1000000.00, 1, -24.49, -24.49
2026-06-28, 17:34:22, 1039000000, 1040000000, 1000000.00, 1, -24.72, -24.72
2026-06-28, 17:34:22, 1040000000, 1041000000, 1000000.00, 1, -24.68, -24.68
2026-06-28, 17:34:22, 1041000000, 1042000000, 1000000.00, 1, -24.61, -24.61
2026-06-28, 17:34:22, 1042000000, 1043000000, 1000000.00, 1, -24.60, -24.60
2026-06-28, 17:34:22, 1043000000, 1044000000, 1000000.00, 1, -24.52, -24.52
2026-06-28, 17:34:22, 1044000000, 1045000000, 1000000.00, 1, -24.53, -24.53
2026-06-28, 17:34:22, 1045000000, 1046000000, 1000000.00, 1, -24.69, -24.69
2026-06-28, 17:34:22, 1046000000, 1047000000, 1000000.00, 1, -24.65, -24.65
2026-06-28, 17:34:22, 1047000000, 1048000000, 1000000.00, 1, -24.67, -24.67
2026-06-28, 17:34:22, 1048000000, 1049000000, 1000000.00, 1, -24.56, -24.56
2026-06-28, 17:34:22, 1049000000, 1050000000, 1000000.00, 1, -24.55, -24.55
2026-06-28, 17:34:22, 1050000000, 1051000000, 1000000.00, 1, -24.60, -24.60
2026-06-28, 17:34:22, 1051000000, 1052000000, 1000000.00, 1, -24.62, -24.62
2026-06-28, 17:34:22, 1052000000, 1053000000, 1000000.00, 1, -24.66, -24.66
2026-06-28, 17:34:22, 1053000000, 1054000000, 1000000.00, 1, -24.64, -24.64
2026-06-28, 17:34:22, 1054000000, 1055000000, 1000000.00, 1, -24.67, -24.67
2026-06-28, 17:34:22, 1055000000, 1056000000, 1000000.00, 1, -24.62, -24.62
2026-06-28, 17:34:22, 1056000000, 1057000000, 1000000.00, 1, -24.56, -24.56
2026-06-28, 17:34:22, 1057000000, 1058000000, 1000000.00, 1, -24.52, -24.52
2026-06-28, 17:34:22, 1058000000, 1059000000, 1000000.00, 1, -24.70, -24.70
2026-06-28, 17:34:22, 1059000000, 1060000000, 1000000.00, 1, -24.66, -24.66
2026-06-28, 17:34:22, 1060000000, 1061000000, 1000000.00, 1, -24.69, -24.69
2026-06-28, 17:34:22, 1061000000, 1062000000, 1000000.00, 1, -24.52, -24.52
2026-06-28, 17:34:22, 1062000000, 1063000000, 1000000.00, 1, -24.58, -24.58
2026-06-28, 17:34:22, 1063000000, 1064000000, 1000000.00, 1, -24.53, -24.53
2026-06-28, 17:34:22, 1064000000, 1065000000, 1000000.00, 1, -24.70, -24.70
2026-06-28, 17:34:22, 1065000000, 1066000000, 1000000.00, 1, -24.71, -24.71
2026-06-28, 17:34:22, 1066000000, 1067000000, 1000000.00, 1, -24.68, -24.68
2026-06-28, 17:34:22, 1067000000, 1068000000, 1000000.00, 1, -24.58, -24.58
2026-06-28, 17:34:22, 1068000000, 1069000000, 1000000.00, 1, -24.50, -24.50
2026-06-28, 17:34:22, 1069000000, 1070000000, 1000000.00, 1, -24.55, -24.55
2026-06-28, 17:34:22, 1070000000, 1071000000, 1000000.00, 1, -24.60, -24.60
2026-06-28, 17:34:22, 1071000000, 1072000000, 1000000.00, 1, -24.65, -24.65
2026-06-28, 17:34:22, 1072000000, 1073000000, 1000000.00, 1, -24.58, -24.58
2026-06-28, 17:34:22, 1073000000, 1074000000, 1000000.00, 1, -24.57, -24.57
2026-06-28, 17:34:22, 1074000000, 1075000000, 1000000.00, 1, -24.53, -24.53
2026-06-28, 17:34:22, 1075000000, 1076000000, 1000000.00, 1, -24.54, -24.54
2026-06-28, 17:34:22, 1076000000, 1077000000, 1000000.00, 1, -24.50, -24.50
2026-06-28, 17:34:22, 1077000000, 1078000000, 1000000.00, 1, -24.66, -24.66
2026-06-28, 17:34:22, 1078000000, 1079000000, 1000000.00, 1, -24.68, -24.68
2026-06-28, 17:34:22, 1079000000, 1080000000, 1000000.00, 1, -24.65, -24.65
2026-06-28, 17:34:22, 1080000000, 1081000000, 1000000.00, 1, -24.59, -24.59
2026-06-28, 17:34:22, 1081000000, 1082000000, 1000000.00, 1, -24.51, -24.51
2026-06-28, 17:34:22, 1082000000, 1083000000, 1000000.00, 1, -24.51, -24.51
2026-06-28, 17:34:22, 1083000000, 1084000000, 1000000.00, 1, -24.70, -24.70
2026-06-28, 17:34:22, 1084000000, 1085000000, 1000000.00, 1, -24.66, -24.66
2026-06-28, 17:34:22, 1085000000, 1086000000, 1000000.00, 1, -24.61, -24.61
2026-06-28, 17:34:22, 1086000000, 1087000000, 1000000.00, 1, -24.63, -24.63
2026-06-28, 17:34:22, 1087000000, 1088000000, 1000000.00, 1, -24.54, -24.54
2026-06-28, 17:34:22, 1088000000, 1089000000, 1000000.00, 1, -24.53, -24.53
2026-06-28, 17:34:22, 1089000000, 1090000000, 1000000.00, 1, -24.51, -24.51
2026-06-28, 17:34:22, 1090000000, 1091000000, 1000000.00, 1, -24.71, -24.71
2026-06-28, 17:34:22, 1091000000, 1092000000, 1000000.00, 1, -24.65, -24.65
2026-06-28, 17:34:22, 1092000000, 1093000000, 1000000.00, 1, -24.64, -24.64
2026-06-28, 17:34:22, 1093000000, 1094000000, 1000000.00, 1, -24.56, -24.56
2026-06-28, 17:34:22, 1094000000, 1095000000, 1000000.00, 1, -24.51, -24.51
2026-06-28, 17:34:22, 1095000000, 1096000000, 1000000.00, 1, -24.48, -24.48
2026-06-28, 17:34:22, 1096000000, 1097000000, 1000000.00, 1, -24.68, -24.68
2026-06-28, 17:34:22, 1097000000, 1098000000, 1000000.00, 1, -24.66, -24.66
2026-06-28, 17:34:22, 1098000000, 1099000000, 1000000.00, 1, -24.60, -24.60
2026-06-28, 17:34:22, 1099000000, 1100000000, 1000000.00, 1, -24.55, -24.55
2026-06-28, 17:34:22, 1100000000, 1101000000, 1000000.00, 1, -24.54, -24.54
2026-06-28, 17:34:22, 1101000000, 1102000000, 1000000.00, 1, -24.54, -24.54
2026-06-28, 17:34:22, 1102000000, 1103000000, 1000000.00, 1, -24.69, -24.69
2026-06-28, 17:34:22, 1103000000, 1104000000, 1000000.00, 1, -24.70, -24.70
2026-06-28, 17:34:22, 1104000000, 1105000000, 1000000.00, 1, -24.65, -24.65
2026-06-28, 17:34:22, 1105000000, 1106000000, 1000000.00, 1, -24.54, -24.54
2026-06-28, 17:34:22, 1106000000, 1107000000, 1000000.00, 1, -24.61, -24.61
2026-06-28, 17:34:22, 1107000000, 1108000000, 1000000.00, 1, -24.51, -24.51
2026-06-28, 17:34:22, 1108000000, 1109000000, 1000000.00, 1, -24.51, -24.51
2026-06-28, 17:34:22, 1109000000, 1110000000, 1000000.00, 1, -24.64, -24.64
2026-06-28, 17:34:22, 1110000000, 1111000000, 1000000.00, 1, -24.61, -24.61
2026-06-28, 17:34:22, 1111000000, 1112000000, 1000000.00, 1, -24.61, -24.61
2026-06-28, 17:34:22, 1112000000, 1113000000, 1000000.00, 1, -24.59, -24.59
2026-06-28, 17:34:22, 1113000000, 1114000000, 1000000.00, 1, -24.53, -24.53
2026-06-28, 17:34:22, 1114000000, 1115000000, 1000000.00, 1, -24.58, -24.58
2026-06-28, 17:34:22, 1115000000, 1116000000, 1000000.00, 1, -24.73, -24.73
2026-06-28, 17:34:22, 1116000000, 1117000000, 1000000.00, 1, -24.66, -24.66
2026-06-28, 17:34:22, 1117000000, 1118000000, 1000000.00, 1, -24.64, -24.64
2026-06-28, 17:34:22, 1118000000, 1119000000, 1000000.00, 1, -24.58, -24.58
2026-06-28, 17:34:22, 1119000000, 1120000000, 1000000.00, 1, -24.52, -24.52
2026-06-28, 17:34:22, 1120000000, 1121000000, 1000000.00, 1, -24.53, -24.53
2026-06-28, 17:34:22, 1121000000, 1122000000, 1000000.00, 1, -24.69, -24.69
2026-06-28, 17:34:22, 1122000000, 1123000000, 1000000.00, 1, -24.70, -24.70
2026-06-28, 17:34:22, 1123000000, 1124000000, 1000000.00, 1, -24.63, -24.63
2026-06-28, 17:34:22, 1124000000, 1125000000, 1000000.00, 1, -24.61, -24.61
2026-06-28, 17:34:22, 1125000000, 1126000000, 1000000.00, 1, -24.57, -24.57
2026-06-28, 17:34:22, 1126000000, 1127000000, 1000000.00, 1, -24.54, -24.54
2026-06-28, 17:34:22, 1127000000, 1128000000, 1000000.00, 1, -24.49, -24.49
2026-06-28, 17:34:22, 1128000000, 1129000000, 1000000.00, 1, -24.73, -24.73
2026-06-28, 17:34:22, 1129000000, 1130000000, 1000000.00, 1, -24.59, -24.59
2026-06-28, 17:34:22, 1130000000, 1131000000, 1000000.00, 1, -24.57, -24.57
2026-06-28, 17:34:22, 1131000000, 1132000000, 1000000.00, 1, -24.53, -24.53
2026-06-28, 17:34:22, 1132000000, 1133000000, 1000000.00, 1, -24.57, -24.57
2026-06-28, 17:34:22, 1133000000, 1134000000, 1000000.00, 1, -24.51, -24.51
2026-06-28, 17:34:22, 1134000000, 1135000000, 1000000.00, 1, -24.65, -24.65
2026-06-28, 17:34:22, 1135000000, 1136000000, 1000000.00, 1, -24.72, -24.72
2026-06-28, 17:34:22, 1136000000, 1137000000, 1000000.00, 1, -24.60, -24.60
2026-06-28, 17:34:22, 1137000000, 1138000000, 1000000.00, 1, -24.59, -24.59
2026-06-28, 17:34:22, 1138000000, 1139000000, 1000000.00, 1, -24.62, -24.62
2026-06-28, 17:34:22, 1139000000, 1140000000, 1000000.00, 1, -24.59, -24.59
2026-06-28, 17:34:22, 1140000000, 1141000000, 1000000.00, 1, -24.61, -24.61
2026-06-28, 17:34:22, 1141000000, 1142000000, 1000000.00, 1, -24.65, -24.65
2026-06-28, 17:34:22, 1142000000, 1143000000, 1000000.00, 1, -24.62, -24.62
2026-06-28, 17:34:22, 1143000000, 1144000000, 1000000.00, 1, -24.66, -24.66
2026-06-28, 17:34:22, 1144000000, 1145000000, 1000000.00, 1, -24.60, -24.60
2026-06-28, 17:34:22, 1145000000, 1146000000, 1000000.00, 1, -24.56, -24.56
2026-06-28, 17:34:22, 1146000000, 1147000000, 1000000.00, 1, -24.52, -24.52
2026-06-28, 17:34:22, 1147000000, 1148000000, 1000000.00, 1, -24.68, -24.68
2026-06-28, 17:34:22, 1148000000, 1149000000, 1000000.00, 1, -24.63, -24.63
2026-06-28, 17:34:22, 1149000000, 1150000000, 1000000.00, 1, -24.60, -24.60
2026-06-28, 17:34:22, 1150000000, 1151000000, 1000000.00, 1, -24.63, -24.63
2026-06-28, 17:34:22, 1151000000, 1152000000, 1000000.00, 1, -24.58, -24.58
2026-06-28, 17:34:22, 1152000000, 1153000000, 1000000.00, 1, -24.56, -24.56
2026-06-28, 17:34:22, 1153000000, 1154000000, 1000000.00, 1, -24.64, -24.64
2026-06-28, 17:34:22, 1154000000, 1155000000, 1000000.00, 1, -24.66, -24.66
2026-06-28, 17:34:22, 1155000000, 1156000000, 1000000.00, 1, -24.64, -24.64
2026-06-28, 17:34:22, 1156000000, 1157000000, 1000000.00, 1, -24.60, -24.60
2026-06-28, 17:34:22, 1157000000, 1158000000, 1000000.00, 1, -24.54, -24.54
2026-06-28, 17:34:22, 1158000000, 1159000000, 1000000.00, 1, -24.58, -24.58
2026-06-28, 17:34:22, 1159000000, 1160000000, 1000000.00, 1, -24.54, -24.54
2026-06-28, 17:34:22, 1160000000, 1161000000, 1000000.00, 1, -24.73, -24.73
2026-06-28, 17:34:22, 1161000000, 1162000000, 1000000.00, 1, -24.61, -24.61
2026-06-28, 17:34:22, 1162000000, 1163000000, 1000000.00, 1, -24.68, -24.68
2026-06-28, 17:34:22, 1163000000, 1164000000, 1000000.00, 1, -24.61, -24.61
2026-06-28, 17:34:22, 1164000000, 1165000000, 1000000.00, 1, -24.51, -24.51
2026-06-28, 17:34:22, 1165000000, 1166000000, 1000000.00, 1, -24.47, -24.47
2026-06-28, 17:34:22, 1166000000, 1167000000, 1000000.00, 1, -24.69, -24.69
2026-06-28, 17:34:22, 1167000000, 1168000000, 1000000.00, 1, -24.69, -24.69
2026-06-28, 17:34:22, 1168000000, 1169000000, 1000000.00, 1, -24.69, -24.69
2026-06-28, 17:34:22, 1169000000, 1170000000, 1000000.00, 1, -24.60, -24.60
2026-06-28, 17:34:22, 1170000000, 1171000000, 1000000.00, 1, -24.57, -24.57
2026-06-28, 17:34:22, 1171000000, 1172000000, 1000000.00, 1, -24.51, -24.51
2026-06-28, 17:34:22, 1172000000, 1173000000, 1000000.00, 1, -24.73, -24.73
2026-06-28, 17:34:22, 1173000000, 1174000000, 1000000.00, 1, -24.69, -24.69
2026-06-28, 17:34:22, 1174000000, 1175000000, 1000000.00, 1, -24.64, -24.64
2026-06-28, 17:34:22, 1175000000, 1176000000, 1000000.00, 1, -24.59, -24.59
2026-06-28, 17:34:22, 1176000000, 1177000000, 1000000.00, 1, -24.59, -24.59
2026-06-28, 17:34:22, 1177000000, 1178000000, 1000000.00, 1, -24.53, -24.53
2026-06-28, 17:34:22, 1178000000, 1179000000, 1000000.00, 1, -24.52, -24.52
2026-06-28, 17:34:22, 1179000000, 1180000000, 1000000.00, 1, -24.76, -24.76
2026-06-28, 17:34:22, 1180000000, 1181000000, 1000000.00, 1, -24.68, -24.68
2026-06-28, 17:34:22, 1181000000, 1182000000, 1000000.00, 1, -24.61, -24.61
2026-06-28, 17:34:22, 1182000000, 1183000000, 1000000.00, 1, -24.65, -24.65
2026-06-28, 17:34:22, 1183000000, 1184000000, 1000000.00, 1, -24.55, -24.55
2026-06-28, 17:34:22, 1184000000, 1185000000, 1000000.00, 1, -24.51, -24.51
2026-06-28, 17:34:22, 1185000000, 1186000000, 1000000.00, 1, -24.74, -24.74
2026-06-28, 17:34:22, 1186000000, 1187000000, 1000000.00, 1, -24.70, -24.70
2026-06-28, 17:34:22, 1187000000, 1188000000, 1000000.00, 1, -24.61, -24.61
2026-06-28, 17:34:22, 1188000000, 1189000000, 1000000.00, 1, -24.57, -24.57
2026-06-28, 17:34:22, 1189000000, 1190000000, 1000000.00, 1, -24.55, -24.55
2026-06-28, 17:34:22, 1190000000, 1191000000, 1000000.00, 1, -24.50, -24.50
2026-06-28, 17:34:22, 1191000000, 1192000000, 1000000.00, 1, -24.74, -24.74
2026-06-28, 17:34:22, 1192000000, 1193000000, 1000000.00, 1, -24.64, -24.64
2026-06-28, 17:34:22, 1193000000, 1194000000, 1000000.00, 1, -24.60, -24.60
2026-06-28, 17:34:22, 1194000000, 1195000000, 1000000.00, 1, -24.56, -24.56
2026-06-28, 17:34:22, 1195000000, 1196000000, 1000000.00, 1, -24.56, -24.56
2026-06-28, 17:34:22, 1196000000, 1197000000, 1000000.00, 1, -24.62, -24.62
2026-06-28, 17:34:22, 1197000000, 1198000000, 1000000.00, 1, -24.49, -24.49
2026-06-28, 17:34:22, 1198000000, 1199000000, 1000000.00, 1, -24.69, -24.69
2026-06-28, 17:34:22, 1199000000, 1200000000, 1000000.00, 1, -24.62, -24.62
2026-06-28, 17:34:22, 1200000000, 1201000000, 1000000.00, 1, -24.65, -24.65
2026-06-28, 17:34:22, 1201000000, 1202000000, 1000000.00, 1, -24.59, -24.59
2026-06-28, 17:34:22, 1202000000, 1203000000, 1000000.00, 1, -24.59, -24.59
2026-06-28, 17:34:22, 1203000000, 1204000000, 1000000.00, 1, -24.50, -24.50
2026-06-28, 17:34:22, 1204000000, 1205000000, 1000000.00, 1, -24.64, -24.64
2026-06-28, 17:34:22, 1205000000, 1206000000, 1000000.00, 1, -24.70, -24.70
2026-06-28, 17:34:22, 1206000000, 1207000000, 1000000.00, 1, -24.62, -24.62
2026-06-28, 17:34:22, 1207000000, 1208000000, 1000000.00, 1, -24.66, -24.66
2026-06-28, 17:34:22, 1208000000, 1209000000, 1000000.00, 1, -24.59, -24.59
2026-06-28, 17:34:22, 1209000000, 1210000000, 1000000.00, 1, -24.52, -24.52
2026-06-28, 17:34:22, 1210000000, 1211000000, 1000000.00, 1, -24.66, -24.66
2026-06-28, 17:34:22, 1211000000, 1212000000, 1000000.00, 1, -24.70, -24.70
2026-06-28, 17:34:22, 1212000000, 1213000000, 1000000.00, 1, -24.64, -24.64
2026-06-28, 17:34:22, 1213000000, 1214000000, 1000000.00, 1, -24.63, -24.63
2026-06-28, 17:34:22, 1214000000, 1215000000, 1000000.00, 1, -24.54, -24.54
2026-06-28, 17:34:32, 960000000, 961000000, 1000000.00, 1, -24.57, -24.57
2026-06-28, 17:34:32, 961000000, 962000000, 1000000.00, 1, -24.49, -24.49
2026-06-28, 17:34:32, 962000000, 963000000, 1000000.00, 1, -24.69, -24.69
2026-06-28, 17:34:32, 963000000, 964000000, 1000000.00, 1, -24.66, -24.66
2026-06-28, 17:34:32, 964000000, 965000000, 1000000.00, 1, -24.56, -24.56
2026-06-28, 17:34:32, 965000000, 966000000, 1000000.00, 1, -24.57, -24.57
2026-06-28, 17:34:32, 966000000, 967000000, 1000000.00, 1, -24.58, -24.58
2026-06-28, 17:34:32, 967000000, 968000000, 1000000.00, 1, -24.56, -24.56
2026-06-28, 17:34:32, 968000000, 969000000, 1000000.00, 1, -24.66, -24.66
2026-06-28, 17:34:32, 969000000, 970000000, 1000000.00, 1, -24.67, -24.67
2026-06-28, 17:34:32, 970000000, 971000000, 1000000.00, 1, -24.61, -24.61
2026-06-28, 17:34:32, 971000000, 972000000, 1000000.00, 1, -24.66, -24.66
2026-06-28, 17:34:32, 972000000, 973000000, 1000000.00, 1, -24.52, -24.52
2026-06-28, 17:34:32, 973000000, 974000000, 1000000.00, 1, -24.55, -24.55
2026-06-28, 17:34:32, 974000000, 975000000, 1000000.00, 1, -24.71, -24.71
2026-06-28, 17:34:32, 975000000, 976000000, 1000000.00, 1, -24.69, -24.69
2026-06-28, 17:34:32, 976000000, 977000000, 1000000.00, 1, -24.63, -24.63
2026-06-28, 17:34:32, 977000000, 978000000, 1000000.00, 1, -24.61, -24.61
2026-06-28, 17:34:32, 978000000, 979000000, 1000000.00, 1, -24.61, -24.61
2026-06-28, 17:34:32, 979000000, 980000000, 1000000.00, 1, -24.49, -24.49
2026-06-28, 17:34:32, 980000000, 981000000, 1000000.00, 1, -24.59, -24.59
2026-06-28, 17:34:32, 981000000, 982000000, 1000000.00, 1, -24.68, -24.68
2026-06-28, 17:34:32, 982000000, 983000000, 1000000.00, 1, -24.67, -24.67
2026-06-28, 17:34:32, 983000000, 984000000, 1000000.00, 1, -24.61, -24.61
2026-06-28, 17:34:32, 984000000, 985000000, 1000000.00, 1, -24.57, -24.57
2026-06-28, 17:34:32, 985000000, 986000000, 1000000.00, 1, -24.58, -24.58
2026-06-28, 17:34:32, 986000000, 987000000, 1000000.00, 1, -24.52, -24.52
2026-06-28, 17:34:32, 987000000, 988000000, 1000000.00, 1, -24.72, -24.72
2026-06-28, 17:34:32, 988000000, 989000000, 1000000.00, 1, -24.70, -24.70
2026-06-28, 17:34:32, 989000000, 990000000, 1000000.00, 1, -24.68, -24.68
2026-06-28, 17:34:32, 990000000, 991000000, 1000000.00, 1, -24.58, -24.58
2026-06-28, 17:34:32, 991000000, 992000000, 1000000.00, 1, -24.58, -24.58
2026-06-28, 17:34:32, 992000000, 993000000, 1000000.00, 1, -24.52, -24.52
2026-06-28, 17:34:32, 993000000, 994000000, 1000000.00, 1, -24.63, -24.63
2026-06-28, 17:34:32, 994000000, 995000000, 1000000.00, 1, -24.64, -24.64
2026-06-28, 17:34:32, 995000000, 996000000, 1000000.00, 1, -24.68, -24.68
2026-06-28, 17:34:32, 996000000, 997000000, 1000000.00, 1, -24.63, -24.63
2026-06-28, 17:34:32, 997000000, 998000000, 1000000.00, 1, -24.56, -24.56
2026-06-28, 17:34:32, 998000000, 999000000, 1000000.00, 1, -24.52, -24.52
2026-06-28, 17:34:32, 999000000, 1000000000, 1000000.00, 1, -24.50, -24.50
2026-06-28, 17:34:32, 1000000000, 1001000000, 1000000.00, 1, -24.67, -24.67
2026-06-28, 17:34:32, 1001000000, 1002000000, 1000000.00, 1, -24.64, -24.64
2026-06-28, 17:34:32, 1002000000, 1003000000, 1000000.00, 1, -24.61, -24.61
2026-06-28, 17:34:32, 1003000000, 1004000000, 1000000.00, 1, -24.60, -24.60
2026-06-28, 17:34:32, 1004000000, 1005000000, 1000000.00, 1, -24.53, -24.53
2026-06-28, 17:34:32, 1005000000, 1006000000, 1000000.00, 1, -24.55, -24.55
2026-06-28, 17:34:32, 1006000000, 1007000000, 1000000.00, 1, -24.73, -24.73
2026-06-28, 17:34:32, 1007000000, 1008000000, 1000000.00, 1, -24.65, -24.65
2026-06-28, 17:34:32, 1008000000, 1009000000, 1000000.00, 1, -24.62, -24.62
2026-06-28, 17:34:32, 1009000000, 1010000000, 1000000.00, 1, -24.65, -24.65
2026-06-28, 17:34:32, 1010000000, 1011000000, 1000000.00, 1, -24.55, -24.55
2026-06-28, 17:34:32, 1011000000, 1012000000, 1000000.00, 1, -24.53, -24.53
2026-06-28, 17:34:32, 1012000000, 1013000000, 1000000.00, 1, -24.56, -24.56
2026-06-28, 17:34:32, 1013000000, 1014000000, 1000000.00, 1, -24.67, -24.67
2026-06-28, 17:34:32, 1014000000, 1015000000, 1000000.00, 1, -24.71, -24.71
2026-06-28, 17:34:32, 1015000000, 1016000000, 1000000.00, 1, -24.71, -24.71
2026-06-28, 17:34:32, 1016000000, 1017000000, 1000000.00, 1, -24.56, -24.56
2026-06-28, 17:34:32, 1017000000, 1018000000, 1000000.00, 1, -24.54, -24.54
2026-06-28, 17:34:32, 1018000000, 1019000000, 1000000.00, 1, -24.53, -24.53
2026-06-28, 17:34:32, 1019000000, 1020000000, 1000000.00, 1, -24.69, -24.69
2026-06-28, 17:34:32, 1020000000, 1021000000, 1000000.00, 1, -24.64, -24.64
2026-06-28, 17:34:32, 1021000000, 1022000000, 1000000.00, 1, -24.63, -24.63
2026-06-28, 17:34:32, 1022000000, 1023000000, 1000000.00, 1, -24.55, -24.55
2026-06-28, 17:34:32, 1023000000, 1024000000, 1000000.00, 1, -24.54, -24.54
2026-06-28, 17:34:32, 1024000000, 1025000000, 1000000.00, 1, -24.55, -24.55
2026-06-28, 17:34:32, 1025000000, 1026000000, 1000000.00, 1, -24.69, -24.69
2026-06-28, 17:34:32, 1026000000, 1027000000, 1000000.00, 1, -24.70, -24.70
2026-06-28, 17:34:32, 1027000000, 1028000000, 1000000.00, 1, -24.63, -24.63
2026-06-28, 17:34:32, 1028000000, 1029000000, 1000000.00, 1, -24.55, -24.55
2026-06-28, 17:34:32, 1029000000, 1030000000, 1000000.00, 1, -24.59, -24.59
2026-06-28, 17:34:32, 1030000000, 1031000000, 1000000.00, 1, -24.55, -24.55
2026-06-28, 17:34:32, 1031000000, 1032000000, 1000000.00, 1, -24.55, -24.55
2026-06-28, 17:34:32, 1032000000, 1033000000, 1000000.00, 1, -24.68, -24.68
2026-06-28, 17:34:32, 1033000000, 1034000000, 1000000.00, 1, -24.62, -24.62
2026-06-28, 17:34:32, 1034000000, 1035000000, 1000000.00, 1, -24.61, -24.61
2026-06-28, 17:34:32, 1035000000, 1036000000, 1000000.00, 1, -24.56, -24.56
2026-06-28, 17:34:32, 1036000000, 1037000000, 1000000.00, 1, -24.53, -24.53
2026-06-28, 17:34:32, 1037000000, 1038000000, 1000000.00, 1, -24.56, -24.56
2026-06-28, 17:34:32, 1038000000, 1039000000, 1000000.00, 1, -24.67, -24.67
2026-06-28, 17:34:32, 1039000000, 1040000000, 1000000.00, 1, -24.61, -24.61
2026-06-28, 17:34:32, 1040000000, 1041000000, 1000000.00, 1, -24.62, -24.62
2026-06-28, 17:34:32, 1041000000, 1042000000, 1000000.00, 1, -24.63, -24.63
2026-06-28, 17:34:32, 1042000000, 1043000000, 1000000.00, 1, -24.54, -24.54
2026-06-28, 17:34:32, 1043000000, 1044000000, 1000000.00, 1, -24.56, -24.56
2026-06-28, 17:34:32, 1044000000, 1045000000, 1000000.00, 1, -24.67, -24.67
2026-06-28, 17:34:32, 1045000000, 1046000000, 1000000.00, 1, -24.67, -24.67
2026-06-28, 17:34:32, 1046000000, 1047000000, 1000000.00, 1, -24.61, -24.61
2026-06-28, 17:34:32, 1047000000, 1048000000, 1000000.00, 1, -24.58, -24.58
2026-06-28, 17:34:32, 1048000000, 1049000000, 1000000.00, 1, -24.54, -24.54
2026-06-28, 17:34:32, 1049000000, 1050000000, 1000000.00, 1, -24.55, -24.55
2026-06-28, 17:34:32, 1050000000, 1051000000, 1000000.00, 1, -24.50, -24.50
2026-06-28, 17:34:32, 1051000000, 1052000000, 1000000.00, 1, -24.67, -24.67
2026-06-28, 17:34:32, 1052000000, 1053000000, 1000000.00, 1, -24.57, -24.57
2026-06-28, 17:34:32, 1053000000, 1054000000, 1000000.00, 1, -24.61, -24.61
2026-06-28, 17:34:32, 1054000000, 1055000000, 1000000.00, 1, -24.60, -24.60
2026-06-28, 17:34:32, 1055000000, 1056000000, 1000000.00, 1, -24.56, -24.56
2026-06-28, 17:34:32, 1056000000, 1057000000, 1000000.00, 1, -24.51, -24.51
2026-06-28, 17:34:32, 1057000000, 1058000000, 1000000.00, 1, -24.68, -24.68
2026-06-28, 17:34:32, 1058000000, 1059000000, 1000000.00, 1, -24.66, -24.66
2026-06-28, 17:34:32, 1059000000, 1060000000, 1000000.00, 1, -24.62, -24.62
2026-06-28, 17:34:32, 1060000000, 1061000000, 1000000.00, 1, -24.60, -24.60
2026-06-28, 17:34:32, 1061000000, 1062000000, 1000000.00, 1, -24.55, -24.55
2026-06-28, 17:34:32, 1062000000, 1063000000, 1000000.00, 1, -24.56, -24.56
2026-06-28, 17:34:32, 1063000000, 1064000000, 1000000.00, 1, -24.66, -24.66
2026-06-28, 17:34:32, 1064000000, 1065000000, 1000000.00, 1, -24.71, -24.71
2026-06-28, 17:34:32, 1065000000, 1066000000, 1000000.00, 1, -24.62, -24.62
2026-06-28, 17:34:32, 1066000000, 1067000000, 1000000.00, 1, -24.63, -24.63
2026-06-28, 17:34:32, 1067000000, 1068000000, 1000000.00, 1, -24.55, -24.55
2026-06-28, 17:34:32, 1068000000, 1069000000, 1000000.00, 1, -24.53, -24.53
2026-06-28, 17:34:32, 1069000000, 1070000000, 1000000.00, 1, -24.48, -24.48
2026-06-28, 17:34:32, 1070000000, 1071000000, 1000000.00, 1, -24.68, -24.68
2026-06-28, 17:34:32, 1071000000, 1072000000, 1000000.00, 1, -24.65, -24.65
2026-06-28, 17:34:32, 1072000000, 1073000000, 1000000.00, 1, -24.64, -24.64
2026-06-28, 17:34:32, 1073000000, 1074000000, 1000000.00, 1, -24.56, -24.56
2026-06-28, 17:34:32, 1074000000, 1075000000, 1000000.00, 1, -24.52, -24.52
2026-06-28, 17:34:32, 1075000000, 1076000000, 1000000.00, 1, -24.52, -24.52
2026-06-28, 17:34:32, 1076000000, 1077000000, 1000000.00, 1, -24.73, -24.73
2026-06-28, 17:34:32, 1077000000, 1078000000, 1000000.00, 1, -24.62, -24.62
2026-06-28, 17:34:32, 1078000000, 1079000000, 1000000.00, 1, -24.65, -24.65
2026-06-28, 17:34:32, 1079000000, 1080000000, 1000000.00, 1, -24.57, -24.57
2026-06-28, 17:34:32, 1080000000, 1081000000, 1000000.00, 1, -24.55, -24.55
2026-06-28, 17:34:32, 1081000000, 1082000000, 1000000.00, 1, -24.56, -24.56
2026-06-28, 17:34:32, 1082000000, 1083000000, 1000000.00, 1, -24.59, -24.59
2026-06-28, 17:34:32, 1083000000, 1084000000, 1000000.00, 1, -24.66, -24.66
2026-06-28, 17:34:32, 1084000000, 1085000000, 1000000.00, 1, -24.69, -24.69
2026-06-28, 17:34:32, 1085000000, 1086000000, 1000000.00, 1, -24.66, -24.66
2026-06-28, 17:34:32, 1086000000, 1087000000, 1000000.00, 1, -24.66, -24.66
2026-06-28, 17:34:32, 1087000000, 1088000000, 1000000.00, 1, -24.57, -24.57
2026-06-28, 17:34:32, 1088000000, 1089000000, 1000000.00, 1, -24.45, -24.45
2026-06-28, 17:34:32, 1089000000, 1090000000, 1000000.00, 1, -24.70, -24.70
2026-06-28, 17:34:32, 1090000000, 1091000000, 1000000.00, 1, -24.67, -24.67
2026-06-28, 17:34:32, 1091000000, 1092000000, 1000000.00, 1, -24.66, -24.66
2026-06-28, 17:34:32, 1092000000, 1093000000, 1000000.00, 1, -24.57, -24.57
2026-06-28, 17:34:32, 1093000000, 1094000000, 1000000.00, 1, -24.57, -24.57
2026-06-28, 17:34:32, 1094000000, 1095000000, 1000000.00, 1, -24.51, -24.51
2026-06-28, 17:34:32, 1095000000, 1096000000, 1000000.00, 1, -24.74, -24.74
2026-06-28, 17:34:32, 1096000000, 1097000000, 1000000.00, 1, -24.66, -24.66
2026-06-28, 17:34:32, 1097000000, 1098000000, 1000000.00, 1, -24.63, -24.63
2026-06-28, 17:34:32, 1098000000, 1099000000, 1000000.00, 1, -24.59, -24.59
2026-06-28, 17:34:32, 1099000000, 1100000000, 1000000.00, 1, -24.57, -24.57
2026-06-28, 17:34:32, 1100000000, 1101000000, 1000000.00, 1, -24.55, -24.55
2026-06-28, 17:34:32, 1101000000, 1102000000, 1000000.00, 1, -24.57, -24.57
2026-06-28, 17:34:32, 1102000000, 1103000000, 1000000.00, 1, -24.67, -24.67
2026-06-28, 17:34:32, 1103000000, 1104000000, 1000000.00, 1, -24.65, -24.65
2026-06-28, 17:34:32, 1104000000, 1105000000, 1000000.00, 1, -24.66, -24.66
2026-06-28, 17:34:32, 1105000000, 1106000000, 1000000.00, 1, -24.55, -24.55
2026-06-28, 17:34:32, 1106000000, 1107000000, 1000000.00, 1, -24.54, -24.54
2026-06-28, 17:34:32, 1107000000, 1108000000, 1000000.00, 1, -24.48, -24.48
2026-06-28, 17:34:32, 1108000000, 1109000000, 1000000.00, 1, -24.68, -24.68
2026-06-28, 17:34:32, 1109000000, 1110000000, 1000000.00, 1, -24.71, -24.71
2026-06-28, 17:34:32, 1110000000, 1111000000, 1000000.00, 1, -24.61, -24.61
2026-06-28, 17:34:32, 1111000000, 1112000000, 1000000.00, 1, -24.59, -24.59
2026-06-28, 17:34:32, 1112000000, 1113000000, 1000000.00, 1, -24.56, -24.56
2026-06-28, 17:34:32, 1113000000, 1114000000, 1000000.00, 1, -24.57, -24.57
2026-06-28, 17:34:32, 1114000000, 1115000000, 1000000.00, 1, -24.71, -24.71
2026-06-28, 17:34:32, 1115000000, 1116000000, 1000000.00, 1, -24.73, -24.73
2026-06-28, 17:34:32, 1116000000, 1117000000, 1000000.00, 1, -24.71, -24.71
2026-06-28, 17:34:32, 1117000000, 1118000000, 1000000.00, 1, -24.61, -24.61
2026-06-28, 17:34:32, 1118000000, 1119000000, 1000000.00, 1, -24.58, -24.58
2026-06-28, 17:34:32, 1119000000, 1120000000, 1000000.00, 1, -24.54, -24.54
2026-06-28, 17:34:32, 1120000000, 1121000000, 1000000.00, 1, -24.54, -24.54
2026-06-28, 17:34:32, 1121000000, 1122000000, 1000000.00, 1, -24.69, -24.69
2026-06-28, 17:34:32, 1122000000, 1123000000, 1000000.00, 1, -24.68, -24.68
2026-06-28, 17:34:32, 1123000000, 1124000000, 1000000.00, 1, -24.64, -24.64
2026-06-28, 17:34:32, 1124000000, 1125000000, 1000000.00, 1, -24.63, -24.63
2026-06-28, 17:34:32, 1125000000, 1126000000, 1000000.00, 1, -24.53, -24.53
2026-06-28, 17:34:32, 1126000000, 1127000000, 1000000.00, 1, -24.51, -24.51
2026-06-28, 17:34:32, 1127000000, 1128000000, 1000000.00, 1, -24.68, -24.68
2026-06-28, 17:34:32, 1128000000, 1129000000, 1000000.00, 1, -24.72, -24.72
2026-06-28, 17:34:32, 1129000000, 1130000000, 1000000.00, 1, -24.61, -24.61
2026-06-28, 17:34:32, 1130000000, 1131000000, 1000000.00, 1, -24.64, -24.64
2026-06-28, 17:34:32, 1131000000, 1132000000, 1000000.00, 1, -24.58, -24.58
2026-06-28, 17:34:32, 1132000000, 1133000000, 1000000.00, 1, -24.54, -24.54
2026-06-28, 17:34:32, 1133000000, 1134000000, 1000000.00, 1, -24.72, -24.72
2026-06-28, 17:34:32, 1134000000, 1135000000, 1000000.00, 1, -24.67, -24.67
2026-06-28, 17:34:32, 1135000000, 1136000000, 1000000.00, 1, -24.66, -24.66
2026-06-28, 17:34:32, 1136000000, 1137000000, 1000000.00, 1, -24.63, -24.63
2026-06-28, 17:34:32, 1137000000, 1138000000, 1000000.00, 1, -24.58, -24.58
2026-06-28, 17:34:32, 1138000000, 1139000000, 1000000.00, 1, -24.55, -24.55
2026-06-28, 17:34:32, 1139000000, 1140000000, 1000000.00, 1, -24.51, -24.51
2026-06-28, 17:34:32, 1140000000, 1141000000, 1000000.00, 1, -24.72, -24.72
2026-06-28, 17:34:32, 1141000000, 1142000000, 1000000.00, 1, -24.60, -24.60
2026-06-28, 17:34:32, 1142000000, 1143000000, 1000000.00, 1, -24.68, -24.68
2026-06-28, 17:34:32, 1143000000, 1144000000, 1000000.00, 1, -24.65, -24.65
2026-06-28, 17:34:32, 1144000000, 1145000000, 1000000.00, 1, -24.52, -24.52
2026-06-28, 17:34:32, 1145000000, 1146000000, 1000000.00, 1, -24.51, -24.51
2026-06-28, 17:34:32, 1146000000, 1147000000, 1000000.00, 1, -24.73, -24.73
2026-06-28, 17:34:32, 1147000000, 1148000000, 1000000.00, 1, -24.70, -24.70
2026-06-28, 17:34:32, 1148000000, 1149000000, 1000000.00, 1, -24.61, -24.61
2026-06-28, 17:34:32, 1149000000, 1150000000, 1000000.00, 1, -24.60, -24.60
2026-06-28, 17:34:32, 1150000000, 1151000000, 1000000.00, 1, -24.55, -24.55
2026-06-28, 17:34:32, 1151000000, 1152000000, 1000000.00, 1, -24.51, -24.51
2026-06-28, 17:34:32, 1152000000, 1153000000, 1000000.00, 1, -24.72, -24.72
2026-06-28, 17:34:32, 1153000000, 1154000000, 1000000.00, 1, -24.67, -24.67
2026-06-28, 17:34:32, 1154000000, 1155000000, 1000000.00, 1, -24.67, -24.67
2026-06-28, 17:34:32, 1155000000, 1156000000, 1000000.00, 1, -24.55, -24.55
2026-06-28, 17:34:32, 1156000000, 1157000000, 1000000.00, 1, -24.57, -24.57
2026-06-28, 17:34:32, 1157000000, 1158000000, 1000000.00, 1, -24.51, -24.51
2026-06-28, 17:34:32, 1158000000, 1159000000, 1000000.00, 1, -24.51, -24.51
2026-06-28, 17:34:32, 1159000000, 1160000000, 1000000.00, 1, -24.74, -24.74
2026-06-28, 17:34:32, 1160000000, 1161000000, 1000000.00, 1, -24.67, -24.67
2026-06-28, 17:34:32, 1161000000, 1162000000, 1000000.00, 1, -24.61, -24.61
2026-06-28, 17:34:32, 1162000000, 1163000000, 1000000.00, 1, -24.57, -24.57
2026-06-28, 17:34:32, 1163000000, 1164000000, 1000000.00, 1, -24.53, -24.53
2026-06-28, 17:34:32, 1164000000, 1165000000, 1000000.00, 1, -24.51, -24.51
2026-06-28, 17:34:32, 1165000000, 1166000000, 1000000.00, 1, -24.65, -24.65
2026-06-28, 17:34:32, 1166000000, 1167000000, 1000000.00, 1, -24.68, -24.68
2026-06-28, 17:34:32, 1167000000, 1168000000, 1000000.00, 1, -24.62, -24.62
2026-06-28, 17:34:32, 1168000000, 1169000000, 1000000.00, 1, -24.56, -24.56
2026-06-28, 17:34:32, 1169000000, 1170000000, 1000000.00, 1, -24.53, -24.53
2026-06-28, 17:34:32, 1170000000, 1171000000, 1000000.00, 1, -24.59, -24.59
2026-06-28, 17:34:32, 1171000000, 1172000000, 1000000.00, 1, -24.65, -24.65
2026-06-28, 17:34:32, 1172000000, 1173000000, 1000000.00, 1, -24.70, -24.70
2026-06-28, 17:34:32, 1173000000, 1174000000, 1000000.00, 1, -24.61, -24.61
2026-06-28, 17:34:32, 1174000000, 1175000000, 1000000.00, 1, -24.65, -24.65
2026-06-28, 17:34:32, 1175000000, 1176000000, 1000000.00, 1, -24.57, -24.57
2026-06-28, 17:34:32, 1176000000, 1177000000, 1000000.00, 1, -24.62, -24.62
2026-06-28, 17:34:32, 1177000000, 1178000000, 1000000.00, 1, -24.50, -24.50
2026-06-28, 17:34:32, 1178000000, 1179000000, 1000000.00, 1, -24.72, -24.72
2026-06-28, 17:34:32, 1179000000, 1180000000, 1000000.00, 1, -24.63, -24.63
2026-06-28, 17:34:32, 1180000000, 1181000000, 1000000.00, 1, -24.62, -24.62
2026-06-28, 17:34:32, 1181000000, 1182000000, 1000000.00, 1, -24.62, -24.62
2026-06-28, 17:34:32, 1182000000, 1183000000, 1000000.00, 1, -24.53, -24.53
2026-06-28, 17:34:32, 1183000000, 1184000000, 1000000.00, 1, -24.59, -24.59
2026-06-28, 17:34:32, 1184000000, 1185000000, 1000000.00, 1, -24.77, -24.77
2026-06-28, 17:34:32, 1185000000, 1186000000, 1000000.00, 1, -24.70, -24.70
2026-06-28, 17:34:32, 1186000000, 1187000000, 1000000.00, 1, -24.60, -24.60
2026-06-28, 17:34:32, 1187000000, 1188000000, 1000000.00, 1, -24.61, -24.61
2026-06-28, 17:34:32, 1188000000, 1189000000, 1000000.00, 1, -24.55, -24.55
2026-06-28, 17:34:32, 1189000000, 1190000000, 1000000.00, 1, -24.60, -24.60
2026-06-28, 17:34:32, 1190000000, 1191000000, 1000000.00, 1, -24.67, -24.67
2026-06-28, 17:34:32, 1191000000, 1192000000, 1000000.00, 1, -24.68, -24.68
2026-06-28, 17:34:32, 1192000000, 1193000000, 1000000.00, 1, -24.63, -24.63
2026-06-28, 17:34:32, 1193000000, 1194000000, 1000000.00, 1, -24.62, -24.62
2026-06-28, 17:34:32, 1194000000, 1195000000, 1000000.00, 1, -24.59, -24.59
2026-06-28, 17:34:32, 1195000000, 1196000000, 1000000.00, 1, -24.55, -24.55
2026-06-28, 17:34:32, 1196000000, 1197000000, 1000000.00, 1, -24.53, -24.53
2026-06-28, 17:34:32, 1197000000, 1198000000, 1000000.00, 1, -24.65, -24.65
2026-06-28, 17:34:32, 1198000000, 1199000000, 1000000.00, 1, -24.65, -24.65
2026-06-28, 17:34:32, 1199000000, 1200000000, 1000000.00, 1, -24.69, -24.69
2026-06-28, 17:34:32, 1200000000, 1201000000, 1000000.00, 1, -24.62, -24.62
2026-06-28, 17:34:32, 1201000000, 1202000000, 1000000.00, 1, -24.54, -24.54
2026-06-28, 17:34:32, 1202000000, 1203000000, 1000000.00, 1, -24.50, -24.50
2026-06-28, 17:34:32, 1203000000, 1204000000, 1000000.00, 1, -24.70, -24.70
2026-06-28, 17:34:32, 1204000000, 1205000000, 1000000.00, 1, -24.64, -24.64
2026-06-28, 17:34:32, 1205000000, 1206000000, 1000000.00, 1, -24.66, -24.66
2026-06-28, 17:34:32, 1206000000, 1207000000, 1000000.00, 1, -24.59, -24.59
2026-06-28, 17:34:32, 1207000000, 1208000000, 1000000.00, 1, -24.56, -24.56
2026-06-28, 17:34:32, 1208000000, 1209000000, 1000000.00, 1, -24.53, -24.53
2026-06-28, 17:34:32, 1209000000, 1210000000, 1000000.00, 1, -24.51, -24.51
2026-06-28, 17:34:32, 1210000000, 1211000000, 1000000.00, 1, -24.66, -24.66
2026-06-28, 17:34:32, 1211000000, 1212000000, 1000000.00, 1, -24.65, -24.65
2026-06-28, 17:34:32, 1212000000, 1213000000, 1000000.00, 1, -24.63, -24.63
2026-06-28, 17:34:32, 1213000000, 1214000000, 1000000.00, 1, -24.61, -24.61
2026-06-28, 17:34:32, 1214000000, 1215000000, 1000000.00, 1, -24.56, -24.56
2026-06-28, 17:34:43, 960000000, 961000000, 1000000.00, 1, -24.51, -24.51
2026-06-28, 17:34:43, 961000000, 962000000, 1000000.00, 1, -24.67, -24.67
2026-06-28, 17:34:43, 962000000, 963000000, 1000000.00, 1, -24.70, -24.70
2026-06-28, 17:34:43, 963000000, 964000000, 1000000.00, 1, -24.59, -24.59
2026-06-28, 17:34:43, 964000000, 965000000, 1000000.00, 1, -24.61, -24.61
2026-06-28, 17:34:43, 965000000, 966000000, 1000000.00, 1, -24.56, -24.56
2026-06-28, 17:34:43, 966000000, 967000000, 1000000.00, 1, -24.55, -24.55
2026-06-28, 17:34:43, 967000000, 968000000, 1000000.00, 1, -24.65, -24.65
2026-06-28, 17:34:43, 968000000, 969000000, 1000000.00, 1, -24.70, -24.70
2026-06-28, 17:34:43, 969000000, 970000000, 1000000.00, 1, -24.60, -24.60
2026-06-28, 17:34:43, 970000000, 971000000, 1000000.00, 1, -24.61, -24.61
2026-06-28, 17:34:43, 971000000, 972000000, 1000000.00, 1, -24.62, -24.62
2026-06-28, 17:34:43, 972000000, 973000000, 1000000.00, 1, -24.53, -24.53
2026-06-28, 17:34:43, 973000000, 974000000, 1000000.00, 1, -24.52, -24.52
2026-06-28, 17:34:43, 974000000, 975000000, 1000000.00, 1, -24.64, -24.64
2026-06-28, 17:34:43, 975000000, 976000000, 1000000.00, 1, -24.63, -24.63
2026-06-28, 17:34:43, 976000000, 977000000, 1000000.00, 1, -24.62, -24.62
2026-06-28, 17:34:43, 977000000, 978000000, 1000000.00, 1, -24.61, -24.61
2026-06-28, 17:34:43, 978000000, 979000000, 1000000.00, 1, -24.48, -24.48
2026-06-28, 17:34:43, 979000000, 980000000, 1000000.00, 1, -24.52, -24.52
2026-06-28, 17:34:43, 980000000, 981000000, 1000000.00, 1, -24.71, -24.71
2026-06-28, 17:34:43, 981000000, 982000000, 1000000.00, 1, -24.68, -24.68
2026-06-28, 17:34:43, 982000000, 983000000, 1000000.00, 1, -24.66, -24.66
2026-06-28, 17:34:43, 983000000, 984000000, 1000000.00, 1, -24.62, -24.62
2026-06-28, 17:34:43, 984000000, 985000000, 1000000.00, 1, -24.54, -24.54
2026-06-28, 17:34:43, 985000000, 986000000, 1000000.00, 1, -24.52, -24.52
2026-06-28, 17:34:43, 986000000, 987000000, 1000000.00, 1, -24.70, -24.70
2026-06-28, 17:34:43, 987000000, 988000000, 1000000.00, 1, -24.67, -24.67
2026-06-28, 17:34:43, 988000000, 989000000, 1000000.00, 1, -24.61, -24.61
2026-06-28, 17:34:43, 989000000, 990000000, 1000000.00, 1, -24.61, -24.61
2026-06-28, 17:34:43, 990000000, 991000000, 1000000.00, 1, -24.59, -24.59
2026-06-28, 17:34:43, 991000000, 992000000, 1000000.00, 1, -24.55, -24.55
2026-06-28, 17:34:43, 992000000, 993000000, 1000000.00, 1, -24.54, -24.54
2026-06-28, 17:34:43, 993000000, 994000000, 1000000.00, 1, -24.73, -24.73
2026-06-28, 17:34:43, 994000000, 995000000, 1000000.00, 1, -24.66, -24.66
2026-06-28, 17:34:43, 995000000, 996000000, 1000000.00, 1, -24.59, -24.59
2026-06-28, 17:34:43, 996000000, 997000000, 1000000.00, 1, -24.54, -24.54
2026-06-28, 17:34:43, 997000000, 998000000, 1000000.00, 1, -24.55, -24.55
2026-06-28, 17:34:43, 998000000, 999000000, 1000000.00, 1, -24.53, -24.53
2026-06-28, 17:34:43, 999000000, 1000000000, 1000000.00, 1, -24.74, -24.74
2026-06-28, 17:34:43, 1000000000, 1001000000, 1000000.00, 1, -24.70, -24.70
2026-06-28, 17:34:43, 1001000000, 1002000000, 1000000.00, 1, -24.67, -24.67
2026-06-28, 17:34:43, 1002000000, 1003000000, 1000000.00, 1, -24.70, -24.70
2026-06-28, 17:34:43, 1003000000, 1004000000, 1000000.00, 1, -24.56, -24.56
2026-06-28, 17:34:43, 1004000000, 1005000000, 1000000.00, 1, -24.52, -24.52
2026-06-28, 17:34:43, 1005000000, 1006000000, 1000000.00, 1, -24.70, -24.70
2026-06-28, 17:34:43, 1006000000, 1007000000, 1000000.00, 1, -24.67, -24.67
2026-06-28, 17:34:43, 1007000000, 1008000000, 1000000.00, 1, -24.64, -24.64
2026-06-28, 17:34:43, 1008000000, 1009000000, 1000000.00, 1, -24.60, -24.60
2026-06-28, 17:34:43, 1009000000, 1010000000, 1000000.00, 1, -24.61, -24.61
2026-06-28, 17:34:43, 1010000000, 1011000000, 1000000.00, 1, -24.58, -24.58
2026-06-28, 17:34:43, 1011000000, 1012000000, 1000000.00, 1, -24.52, -24.52
2026-06-28, 17:34:43, 1012000000, 1013000000, 1000000.00, 1, -24.68, -24.68
2026-06-28, 17:34:43, 1013000000, 1014000000, 1000000.00, 1, -24.63, -24.63
2026-06-28, 17:34:43, 1014000000, 1015000000, 1000000.00, 1, -24.64, -24.64
2026-06-28, 17:34:43, 1015000000, 1016000000, 1000000.00, 1, -24.58, -24.58
2026-06-28, 17:34:43, 1016000000, 1017000000, 1000000.00, 1, -24.55, -24.55
2026-06-28, 17:34:43, 1017000000, 1018000000, 1000000.00, 1, -24.51, -24.51
2026-06-28, 17:34:43, 1018000000, 1019000000, 1000000.00, 1, -24.70, -24.70
2026-06-28, 17:34:43, 1019000000, 1020000000, 1000000.00, 1, -24.66, -24.66
2026-06-28, 17:34:43, 1020000000, 1021000000, 1000000.00, 1, -24.70, -24.70
2026-06-28, 17:34:43, 1021000000, 1022000000, 1000000.00, 1, -24.59, -24.59
2026-06-28, 17:34:43, 1022000000, 1023000000, 1000000.00, 1, -24.62, -24.62
2026-06-28, 17:34:43, 1023000000, 1024000000, 1000000.00, 1, -24.59, -24.59
2026-06-28, 17:34:43, 1024000000, 1025000000, 1000000.00, 1, -24.58, -24.58
2026-06-28, 17:34:43, 1025000000, 1026000000, 1000000.00, 1, -24.66, -24.66
2026-06-28, 17:34:43, 1026000000, 1027000000, 1000000.00, 1, -24.65, -24.65
2026-06-28, 17:34:43, 1027000000, 1028000000, 1000000.00, 1, -24.58, -24.58
2026-06-28, 17:34:43, 1028000000, 1029000000, 1000000.00, 1, -24.59, -24.59
2026-06-28, 17:34:43, 1029000000, 1030000000, 1000000.00, 1, -24.53, -24.53
2026-06-28, 17:34:43, 1030000000, 1031000000, 1000000.00, 1, -24.50, -24.50
2026-06-28, 17:34:43, 1031000000, 1032000000, 1000000.00, 1, -24.70, -24.70
2026-06-28, 17:34:43, 1032000000, 1033000000, 1000000.00, 1, -24.67, -24.67
2026-06-28, 17:34:43, 1033000000, 1034000000, 1000000.00, 1, -24.65, -24.65
2026-06-28, 17:34:43, 1034000000, 1035000000, 1000000.00, 1, -24.60, -24.60
2026-06-28, 17:34:43, 1035000000, 1036000000, 1000000.00, 1, -24.57, -24.57
2026-06-28, 17:34:43, 1036000000, 1037000000, 1000000.00, 1, -24.55, -24.55
2026-06-28, 17:34:43, 1037000000, 1038000000, 1000000.00, 1, -24.70, -24.70
2026-06-28, 17:34:43, 1038000000, 1039000000, 1000000.00, 1, -24.69, -24.69
2026-06-28, 17:34:43, 1039000000, 1040000000, 1000000.00, 1, -24.67, -24.67
2026-06-28, 17:34:43, 1040000000, 1041000000, 1000000.00, 1, -24.64, -24.64
2026-06-28, 17:34:43, 1041000000, 1042000000, 1000000.00, 1, -24.53, -24.53
2026-06-28, 17:34:43, 1042000000, 1043000000, 1000000.00, 1, -24.55, -24.55
2026-06-28, 17:34:43, 1043000000, 1044000000, 1000000.00, 1, -24.61, -24.61
2026-06-28, 17:34:43, 1044000000, 1045000000, 1000000.00, 1, -24.65, -24.65
2026-06-28, 17:34:43, 1045000000, 1046000000, 1000000.00, 1, -24.61, -24.61
2026-06-28, 17:34:43, 1046000000, 1047000000, 1000000.00, 1, -24.66, -24.66
2026-06-28, 17:34:43, 1047000000, 1048000000, 1000000.00, 1, -24.59, -24.59
2026-06-28, 17:34:43, 1048000000, 1049000000, 1000000.00, 1, -24.62, -24.62
2026-06-28, 17:34:43, 1049000000, 1050000000, 1000000.00, 1, -24.50, -24.50
2026-06-28, 17:34:43, 1050000000, 1051000000, 1000000.00, 1, -24.66, -24.66
2026-06-28, 17:34:43, 1051000000, 1052000000, 1000000.00, 1, -24.63, -24.63
2026-06-28, 17:34:43, 1052000000, 1053000000, 1000000.00, 1, -24.60, -24.60
2026-06-28, 17:34:43, 1053000000, 1054000000, 1000000.00, 1, -24.63, -24.63
2026-06-28, 17:34:43, 1054000000, 1055000000, 1000000.00, 1, -24.51, -24.51
2026-06-28, 17:34:43, 1055000000, 1056000000, 1000000.00, 1, -24.53, -24.53
2026-06-28, 17:34:43, 1056000000, 1057000000, 1000000.00, 1, -24.68, -24.68
2026-06-28, 17:34:43, 1057000000, 1058000000, 1000000.00, 1, -24.65, -24.65
2026-06-28, 17:34:43, 1058000000, 1059000000, 1000000.00, 1, -24.63, -24.63
2026-06-28, 17:34:43, 1059000000, 1060000000, 1000000.00, 1, -24.57, -24.57
2026-06-28, 17:34:43, 1060000000, 1061000000, 1000000.00, 1, -24.61, -24.61
2026-06-28, 17:34:43, 1061000000, 1062000000, 1000000.00, 1, -24.57, -24.57
2026-06-28, 17:34:43, 1062000000, 1063000000, 1000000.00, 1, -24.50, -24.50
2026-06-28, 17:34:43, 1063000000, 1064000000, 1000000.00, 1, -24.68, -24.68
2026-06-28, 17:34:43, 1064000000, 1065000000, 1000000.00, 1, -24.64, -24.64
2026-06-28, 17:34:43, 1065000000, 1066000000, 1000000.00, 1, -24.59, -24.59
2026-06-28, 17:34:43, 1066000000, 1067000000, 1000000.00, 1, -24.58, -24.58
2026-06-28, 17:34:43, 1067000000, 1068000000, 1000000.00, 1, -24.57, -24.57
2026-06-28, 17:34:43, 1068000000, 1069000000, 1000000.00, 1, -24.49, -24.49
2026-06-28, 17:34:43, 1069000000, 1070000000, 1000000.00, 1, -24.63, -24.63
2026-06-28, 17:34:43, 1070000000, 1071000000, 1000000.00, 1, -24.68, -24.68
2026-06-28, 17:34:43, 1071000000, 1072000000, 1000000.00, 1, -24.69, -24.69
2026-06-28, 17:34:43, 1072000000, 1073000000, 1000000.00, 1, -24.59, -24.59
2026-06-28, 17:34:43, 1073000000, 1074000000, 1000000.00, 1, -24.52, -24.52
2026-06-28, 17:34:43, 1074000000, 1075000000, 1000000.00, 1, -24.54, -24.54
2026-06-28, 17:34:43, 1075000000, 1076000000, 1000000.00, 1, -24.80, -24.80
2026-06-28, 17:34:43, 1076000000, 1077000000, 1000000.00, 1, -24.64, -24.64
2026-06-28, 17:34:43, 1077000000, 1078000000, 1000000.00, 1, -24.68, -24.68
2026-06-28, 17:34:43, 1078000000, 1079000000, 1000000.00, 1, -24.64, -24.64
2026-06-28, 17:34:43, 1079000000, 1080000000, 1000000.00, 1, -24.58, -24.58
2026-06-28, 17:34:43, 1080000000, 1081000000, 1000000.00, 1, -24.60, -24.60
2026-06-28, 17:34:43, 1081000000, 1082000000, 1000000.00, 1, -24.53, -24.53
2026-06-28, 17:34:43, 1082000000, 1083000000, 1000000.00, 1, -24.59, -24.59
2026-06-28, 17:34:43, 1083000000, 1084000000, 1000000.00, 1, -24.65, -24.65
2026-06-28, 17:34:43, 1084000000, 1085000000, 1000000.00, 1, -24.58, -24.58
2026-06-28, 17:34:43, 1085000000, 1086000000, 1000000.00, 1, -24.59, -24.59
2026-06-28, 17:34:43, 1086000000, 1087000000, 1000000.00, 1, -24.56, -24.56
2026-06-28, 17:34:43, 1087000000, 1088000000, 1000000.00, 1, -24.49, -24.49
2026-06-28, 17:34:43, 1088000000, 1089000000, 1000000.00, 1, -24.66, -24.66
2026-06-28, 17:34:43, 1089000000, 1090000000, 1000000.00, 1, -24.65, -24.65
2026-06-28, 17:34:43, 1090000000, 1091000000, 1000000.00, 1, -24.62, -24.62
2026-06-28, 17:34:43, 1091000000, 1092000000, 1000000.00, 1, -24.59, -24.59
2026-06-28, 17:34:43, 1092000000, 1093000000, 1000000.00, 1, -24.56, -24.56
2026-06-28, 17:34:43, 1093000000, 1094000000, 1000000.00, 1, -24.49, -24.49
2026-06-28, 17:34:43, 1094000000, 1095000000, 1000000.00, 1, -24.72, -24.72
2026-06-28, 17:34:43, 1095000000, 1096000000, 1000000.00, 1, -24.63, -24.63
2026-06-28, 17:34:43, 1096000000, 1097000000, 1000000.00, 1, -24.64, -24.64
2026-06-28, 17:34:43, 1097000000, 1098000000, 1000000.00, 1, -24.64, -24.64
2026-06-28, 17:34:43, 1098000000, 1099000000, 1000000.00, 1, -24.55, -24.55
2026-06-28, 17:34:43, 1099000000, 1100000000, 1000000.00, 1, -24.55, -24.55
2026-06-28, 17:34:43, 1100000000, 1101000000, 1000000.00, 1, -24.51, -24.51
2026-06-28, 17:34:43, 1101000000, 1102000000, 1000000.00, 1, -24.74, -24.74
2026-06-28, 17:34:43, 1102000000, 1103000000, 1000000.00, 1, -24.69, -24.69
2026-06-28, 17:34:43, 1103000000, 1104000000, 1000000.00, 1, -24.58, -24.58
2026-06-28, 17:34:43, 1104000000, 1105000000, 1000000.00, 1, -24.62, -24.62
2026-06-28, 17:34:43, 1105000000, 1106000000, 1000000.00, 1, -24.58, -24.58
2026-06-28, 17:34:43, 1106000000, 1107000000, 1000000.00, 1, -24.52, -24.52
2026-06-28, 17:34:43, 1107000000, 1108000000, 1000000.00, 1, -24.64, -24.64
2026-06-28, 17:34:43, 1108000000, 1109000000, 1000000.00, 1, -24.69, -24.69
2026-06-28, 17:34:43, 1109000000, 1110000000, 1000000.00, 1, -24.63, -24.63
2026-06-28, 17:34:43, 1110000000, 1111000000, 1000000.00, 1, -24.58, -24.58
2026-06-28, 17:34:43, 1111000000, 1112000000, 1000000.00, 1, -24.57, -24.57
2026-06-28, 17:34:43, 1112000000, 1113000000, 1000000.00, 1, -24.51, -24.51
2026-06-28, 17:34:43, 1113000000, 1114000000, 1000000.00, 1, -24.71, -24.71
2026-06-28, 17:34:43, 1114000000, 1115000000, 1000000.00, 1, -24.65, -24.65
2026-06-28, 17:34:43, 1115000000, 1116000000, 1000000.00, 1, -24.65, -24.65
2026-06-28, 17:34:43, 1116000000, 1117000000, 1000000.00, 1, -24.60, -24.60
2026-06-28, 17:34:43, 1117000000, 1118000000, 1000000.00, 1, -24.56, -24.56
2026-06-28, 17:34:43, 1118000000, 1119000000, 1000000.00, 1, -24.53, -24.53
2026-06-28, 17:34:43, 1119000000, 1120000000, 1000000.00, 1, -24.48, -24.48
2026-06-28, 17:34:43, 1120000000, 1121000000, 1000000.00, 1, -24.70, -24.70
2026-06-28, 17:34:43, 1121000000, 1122000000, 1000000.00, 1, -24.69, -24.69
2026-06-28, 17:34:43, 1122000000, 1123000000, 1000000.00, 1, -24.66, -24.66
2026-06-28, 17:34:43, 1123000000, 1124000000, 1000000.00, 1, -24.54, -24.54
2026-06-28, 17:34:43, 1124000000, 1125000000, 1000000.00, 1, -24.52, -24.52
2026-06-28, 17:34:43, 1125000000, 1126000000, 1000000.00, 1, -24.54, -24.54
2026-06-28, 17:34:43, 1126000000, 1127000000, 1000000.00, 1, -24.67, -24.67
2026-06-28, 17:34:43, 1127000000, 1128000000, 1000000.00, 1, -24.66, -24.66
2026-06-28, 17:34:43, 1128000000, 1129000000, 1000000.00, 1, -24.68, -24.68
2026-06-28, 17:34:43, 1129000000, 1130000000, 1000000.00, 1, -24.57, -24.57
2026-06-28, 17:34:43, 1130000000, 1131000000, 1000000.00, 1, -24.53, -24.53
2026-06-28, 17:34:43, 1131000000, 1132000000, 1000000.00, 1, -24.55, -24.55
2026-06-28, 17:34:43, 1132000000, 1133000000, 1000000.00, 1, -24.65, -24.65
2026-06-28, 17:34:43, 1133000000, 1134000000, 1000000.00, 1, -24.61, -24.61
2026-06-28, 17:34:43, 1134000000, 1135000000, 1000000.00, 1, -24.62, -24.62
2026-06-28, 17:34:43, 1135000000, 1136000000, 1000000.00, 1, -24.60, -24.60
2026-06-28, 17:34:43, 1136000000, 1137000000, 1000000.00, 1, -24.56, -24.56
2026-06-28, 17:34:43, 1137000000, 1138000000, 1000000.00, 1, -24.58, -24.58
2026-06-28, 17:34:43, 1138000000, 1139000000, 1000000.00, 1, -24.51, -24.51
2026-06-28, 17:34:43, 1139000000, 1140000000, 1000000.00, 1, -24.66, -24.66
2026-06-28, 17:34:43, 1140000000, 1141000000, 1000000.00, 1, -24.63, -24.63
2026-06-28, 17:34:43, 1141000000, 1142000000, 1000000.00, 1, -24.55, -24.55
2026-06-28, 17:34:43, 1142000000, 1143000000, 1000000.00, 1, -24.59, -24.59
2026-06-28, 17:34:43, 1143000000, 1144000000, 1000000.00, 1, -24.56, -24.56
2026-06-28, 17:34:43, 1144000000, 1145000000, 1000000.00, 1, -24.55, -24.55
2026-06-28, 17:34:43, 1145000000, 1146000000, 1000000.00, 1, -24.67, -24.67
2026-06-28, 17:34:43, 1146000000, 1147000000, 1000000.00, 1, -24.65, -24.65
2026-06-28, 17:34:43, 1147000000, 1148000000, 1000000.00, 1, -24.63, -24.63
2026-06-28, 17:34:43, 1148000000, 1149000000, 1000000.00, 1, -24.57, -24.57
2026-06-28, 17:34:43, 1149000000, 1150000000, 1000000.00, 1, -24.57, -24.57
2026-06-28, 17:34:43, 1150000000, 1151000000, 1000000.00, 1, -24.54, -24.54
2026-06-28, 17:34:43, 1151000000, 1152000000, 1000000.00, 1, -24.53, -24.53
2026-06-28, 17:34:43, 1152000000, 1153000000, 1000000.00, 1, -24.71, -24.71
2026-06-28, 17:34:43, 1153000000, 1154000000, 1000000.00, 1, -24.62, -24.62
2026-06-28, 17:34:43, 1154000000, 1155000000, 1000000.00, 1, -24.69, -24.69
2026-06-28, 17:34:43, 1155000000, 1156000000, 1000000.00, 1, -24.58, -24.58
2026-06-28, 17:34:43, 1156000000, 1157000000, 1000000.00, 1, -24.56, -24.56
2026-06-28, 17:34:43, 1157000000, 1158000000, 1000000.00, 1, -24.55, -24.55
2026-06-28, 17:34:43, 1158000000, 1159000000, 1000000.00, 1, -24.68, -24.68
2026-06-28, 17:34:43, 1159000000, 1160000000, 1000000.00, 1, -24.66, -24.66
2026-06-28, 17:34:43, 1160000000, 1161000000, 1000000.00, 1, -24.62, -24.62
2026-06-28, 17:34:43, 1161000000, 1162000000, 1000000.00, 1, -24.61, -24.61
2026-06-28, 17:34:43, 1162000000, 1163000000, 1000000.00, 1, -24.55, -24.55
2026-06-28, 17:34:43, 1163000000, 1164000000, 1000000.00, 1, -24.55, -24.55
2026-06-28, 17:34:43, 1164000000, 1165000000, 1000000.00, 1, -24.74, -24.74
2026-06-28, 17:34:43, 1165000000, 1166000000, 1000000.00, 1, -24.69, -24.69
2026-06-28, 17:34:43, 1166000000, 1167000000, 1000000.00, 1, -24.65, -24.65
2026-06-28, 17:34:43, 1167000000, 1168000000, 1000000.00, 1, -24.63, -24.63
2026-06-28, 17:34:43, 1168000000, 1169000000, 1000000.00, 1, -24.56, -24.56
2026-06-28, 17:34:43, 1169000000, 1170000000, 1000000.00, 1, -24.55, -24.55
2026-06-28, 17:34:43, 1170000000, 1171000000, 1000000.00, 1, -24.54, -24.54
2026-06-28, 17:34:43, 1171000000, 1172000000, 1000000.00, 1, -24.71, -24.71
2026-06-28, 17:34:43, 1172000000, 1173000000, 1000000.00, 1, -24.61, -24.61
2026-06-28, 17:34:43, 1173000000, 1174000000, 1000000.00, 1, -24.63, -24.63
2026-06-28, 17:34:43, 1174000000, 1175000000, 1000000.00, 1, -24.55, -24.55
2026-06-28, 17:34:43, 1175000000, 1176000000, 1000000.00, 1, -24.57, -24.57
2026-06-28, 17:34:43, 1176000000, 1177000000, 1000000.00, 1, -24.54, -24.54
2026-06-28, 17:34:43, 1177000000, 1178000000, 1000000.00, 1, -24.68, -24.68
2026-06-28, 17:34:43, 1178000000, 1179000000, 1000000.00, 1, -24.66, -24.66
2026-06-28, 17:34:43, 1179000000, 1180000000, 1000000.00, 1, -24.62, -24.62
2026-06-28, 17:34:43, 1180000000, 1181000000, 1000000.00, 1, -24.58, -24.58
2026-06-28, 17:34:43, 1181000000, 1182000000, 1000000.00, 1, -24.56, -24.56
2026-06-28, 17:34:43, 1182000000, 1183000000, 1000000.00, 1, -24.55, -24.55
2026-06-28, 17:34:43, 1183000000, 1184000000, 1000000.00, 1, -24.69, -24.69
2026-06-28, 17:34:43, 1184000000, 1185000000, 1000000.00, 1, -24.70, -24.70
2026-06-28, 17:34:43, 1185000000, 1186000000, 1000000.00, 1, -24.61, -24.61
2026-06-28, 17:34:43, 1186000000, 1187000000, 1000000.00, 1, -24.57, -24.57
2026-06-28, 17:34:43, 1187000000, 1188000000, 1000000.00, 1, -24.57, -24.57
2026-06-28, 17:34:43, 1188000000, 1189000000, 1000000.00, 1, -24.55, -24.55
2026-06-28, 17:34:43, 1189000000, 1190000000, 1000000.00, 1, -24.52, -24.52
2026-06-28, 17:34:43, 1190000000, 1191000000, 1000000.00, 1, -24.65, -24.65
2026-06-28, 17:34:43, 1191000000, 1192000000, 1000000.00, 1, -24.62, -24.62
2026-06-28, 17:34:43, 1192000000, 1193000000, 1000000.00, 1, -24.61, -24.61
2026-06-28, 17:34:43, 1193000000, 1194000000, 1000000.00, 1, -24.60, -24.60
2026-06-28, 17:34:43, 1194000000, 1195000000, 1000000.00, 1, -24.52, -24.52
2026-06-28, 17:34:43, 1195000000, 1196000000, 1000000.00, 1, -24.54, -24.54
2026-06-28, 17:34:43, 1196000000, 1197000000, 1000000.00, 1, -24.72, -24.72
2026-06-28, 17:34:43, 1197000000, 1198000000, 1000000.00, 1, -24.66, -24.66
2026-06-28, 17:34:43, 1198000000, 1199000000, 1000000.00, 1, -24.68, -24.68
2026-06-28, 17:34:43, 1199000000, 1200000000, 1000000.00, 1, -24.58, -24.58
2026-06-28, 17:34:43, 1200000000, 1201000000, 1000000.00, 1, -24.58, -24.58
2026-06-28, 17:34:43, 1201000000, 1202000000, 1000000.00, 1, -24.58, -24.58
2026-06-28, 17:34:43, 1202000000, 1203000000, 1000000.00, 1, -24.70, -24.70
2026-06-28, 17:34:43, 1203000000, 1204000000, 1000000.00, 1, -24.70, -24.70
2026-06-28, 17:34:43, 1204000000, 1205000000, 1000000.00, 1, -24.65, -24.65
2026-06-28, 17:34:43, 1205000000, 1206000000, 1000000.00, 1, -24.62, -24.62
2026-06-28, 17:34:43, 1206000000, 1207000000, 1000000.00, 1, -24.60, -24.60
2026-06-28, 17:34:43, 1207000000, 1208000000, 1000000.00, 1, -24.53, -24.53
2026-06-28, 17:34:43, 1208000000, 1209000000, 1000000.00, 1, -24.51, -24.51
2026-06-28, 17:34:43, 1209000000, 1210000000, 1000000.00, 1, -24.70, -24.70
2026-06-28, 17:34:43, 1210000000, 1211000000, 1000000.00, 1, -24.61, -24.61
2026-06-28, 17:34:43, 1211000000, 1212000000, 1000000.00, 1, -24.57, -24.57
2026-06-28, 17:34:43, 1212000000, 1213000000, 1000000.00, 1, -24.61, -24.61
2026-06-28, 17:34:43, 1213000000, 1214000000, 1000000.00, 1, -24.51, -24.51
2026-06-28, 17:34:43, 1214000000, 1215000000, 1000000.00, 1, -24.52, -24.52
2026-06-28, 17:34:53, 960000000, 961000000, 1000000.00, 1, -24.66, -24.66
2026-06-28, 17:34:53, 961000000, 962000000, 1000000.00, 1, -24.68, -24.68
2026-06-28, 17:34:53, 962000000, 963000000, 1000000.00, 1, -24.58, -24.58
2026-06-28, 17:34:53, 963000000, 964000000, 1000000.00, 1, -24.58, -24.58
2026-06-28, 17:34:53, 964000000, 965000000, 1000000.00, 1, -24.55, -24.55
2026-06-28, 17:34:53, 965000000, 966000000, 1000000.00, 1, -24.48, -24.48
2026-06-28, 17:34:53, 966000000, 967000000, 1000000.00, 1, -24.58, -24.58
2026-06-28, 17:34:53, 967000000, 968000000, 1000000.00, 1, -24.73, -24.73
2026-06-28, 17:34:53, 968000000, 969000000, 1000000.00, 1, -24.68, -24.68
2026-06-28, 17:34:53, 969000000, 970000000, 1000000.00, 1, -24.61, -24.61
2026-06-28, 17:34:53, 970000000, 971000000, 1000000.00, 1, -24.60, -24.60
2026-06-28, 17:34:53, 971000000, 972000000, 1000000.00, 1, -24.53, -24.53
2026-06-28, 17:34:53, 972000000, 973000000, 1000000.00, 1, -24.50, -24.50
2026-06-28, 17:34:53, 973000000, 974000000, 1000000.00, 1, -24.64, -24.64
2026-06-28, 17:34:53, 974000000, 975000000, 1000000.00, 1, -24.61, -24.61
2026-06-28, 17:34:53, 975000000, 976000000, 1000000.00, 1, -24.62, -24.62
2026-06-28, 17:34:53, 976000000, 977000000, 1000000.00, 1, -24.58, -24.58
2026-06-28, 17:34:53, 977000000, 978000000, 1000000.00, 1, -24.62, -24.62
2026-06-28, 17:34:53, 978000000, 979000000, 1000000.00, 1, -24.55, -24.55
2026-06-28, 17:34:53, 979000000, 980000000, 1000000.00, 1, -24.69, -24.69
2026-06-28, 17:34:53, 980000000, 981000000, 1000000.00, 1, -24.65, -24.65
2026-06-28, 17:34:53, 981000000, 982000000, 1000000.00, 1, -24.68, -24.68
2026-06-28, 17:34:53, 982000000, 983000000, 1000000.00, 1, -24.58, -24.58
2026-06-28, 17:34:53, 983000000, 984000000, 1000000.00, 1, -24.55, -24.55
2026-06-28, 17:34:53, 984000000, 985000000, 1000000.00, 1, -24.61, -24.61
2026-06-28, 17:34:53, 985000000, 986000000, 1000000.00, 1, -24.63, -24.63
2026-06-28, 17:34:53, 986000000, 987000000, 1000000.00, 1, -24.67, -24.67
2026-06-28, 17:34:53, 987000000, 988000000, 1000000.00, 1, -24.67, -24.67
2026-06-28, 17:34:53, 988000000, 989000000, 1000000.00, 1, -24.60, -24.60
2026-06-28, 17:34:53, 989000000, 990000000, 1000000.00, 1, -24.58, -24.58
2026-06-28, 17:34:53, 990000000, 991000000, 1000000.00, 1, -24.54, -24.54
2026-06-28, 17:34:53, 991000000, 992000000, 1000000.00, 1, -24.46, -24.46
2026-06-28, 17:34:53, 992000000, 993000000, 1000000.00, 1, -24.63, -24.63
2026-06-28, 17:34:53, 993000000, 994000000, 1000000.00, 1, -24.63, -24.63
2026-06-28, 17:34:53, 994000000, 995000000, 1000000.00, 1, -24.60, -24.60
2026-06-28, 17:34:53, 995000000, 996000000, 1000000.00, 1, -24.62, -24.62
2026-06-28, 17:34:53, 996000000, 997000000, 1000000.00, 1, -24.51, -24.51
2026-06-28, 17:34:53, 997000000, 998000000, 1000000.00, 1, -24.51, -24.51
2026-06-28, 17:34:53, 998000000, 999000000, 1000000.00, 1, -24.66, -24.66
2026-06-28, 17:34:53, 999000000, 1000000000, 1000000.00, 1, -24.70, -24.70
2026-06-28, 17:34:53, 1000000000, 1001000000, 1000000.00, 1, -24.54, -24.54
2026-06-28, 17:34:53, 1001000000, 1002000000, 1000000.00, 1, -24.55, -24.55
2026-06-28, 17:34:53, 1002000000, 1003000000, 1000000.00, 1, -24.57, -24.57
2026-06-28, 17:34:53, 1003000000, 1004000000, 1000000.00, 1, -24.54, -24.54
2026-06-28, 17:34:53, 1004000000, 1005000000, 1000000.00, 1, -24.55, -24.55
2026-06-28, 17:34:53, 1005000000, 1006000000, 1000000.00, 1, -24.66, -24.66
2026-06-28, 17:34:53, 1006000000, 1007000000, 1000000.00, 1, -24.59, -24.59
2026-06-28, 17:34:53, 1007000000, 1008000000, 1000000.00, 1, -24.59, -24.59
2026-06-28, 17:34:53, 1008000000, 1009000000, 1000000.00, 1, -24.53, -24.53
2026-06-28, 17:34:53, 1009000000, 1010000000, 1000000.00, 1, -24.56, -24.56
2026-06-28, 17:34:53, 1010000000, 1011000000, 1000000.00, 1, -24.49, -24.49
2026-06-28, 17:34:53, 1011000000, 1012000000, 1000000.00, 1, -24.70, -24.70
2026-06-28, 17:34:53, 1012000000, 1013000000, 1000000.00, 1, -24.68, -24.68
2026-06-28, 17:34:53, 1013000000, 1014000000, 1000000.00, 1, -24.64, -24.64
2026-06-28, 17:34:53, 1014000000, 1015000000, 1000000.00, 1, -24.58, -24.58
2026-06-28, 17:34:53, 1015000000, 1016000000, 1000000.00, 1, -24.55, -24.55
2026-06-28, 17:34:53, 1016000000, 1017000000, 1000000.00, 1, -24.55, -24.55
2026-06-28, 17:34:53, 1017000000, 1018000000, 1000000.00, 1, -24.70, -24.70
2026-06-28, 17:34:53, 1018000000, 1019000000, 1000000.00, 1, -24.70, -24.70
2026-06-28, 17:34:53, 1019000000, 1020000000, 1000000.00, 1, -24.66, -24.66
2026-06-28, 17:34:53, 1020000000, 1021000000, 1000000.00, 1, -24.61, -24.61
2026-06-28, 17:34:53, 1021000000, 1022000000, 1000000.00, 1, -24.58, -24.58
2026-06-28, 17:34:53, 1022000000, 1023000000, 1000000.00, 1, -24.61, -24.61
2026-06-28, 17:34:53, 1023000000, 1024000000, 1000000.00, 1, -24.54, -24.54
2026-06-28, 17:34:53, 1024000000, 1025000000, 1000000.00, 1, -24.65, -24.65
2026-06-28, 17:34:53, 1025000000, 1026000000, 1000000.00, 1, -24.66, -24.66
2026-06-28, 17:34:53, 1026000000, 1027000000, 1000000.00, 1, -24.60, -24.60
2026-06-28, 17:34:53, 1027000000, 1028000000, 1000000.00, 1, -24.61, -24.61
2026-06-28, 17:34:53, 1028000000, 1029000000, 1000000.00, 1, -24.57, -24.57
2026-06-28, 17:34:53, 1029000000, 1030000000, 1000000.00, 1, -24.52, -24.52
2026-06-28, 17:34:53, 1030000000, 1031000000, 1000000.00, 1, -24.71, -24.71
2026-06-28, 17:34:53, 1031000000, 1032000000, 1000000.00, 1, -24.68, -24.68
2026-06-28, 17:34:53, 1032000000, 1033000000, 1000000.00, 1, -24.62, -24.62
2026-06-28, 17:34:53, 1033000000, 1034000000, 1000000.00, 1, -24.62, -24.62
2026-06-28, 17:34:53, 1034000000, 1035000000, 1000000.00, 1, -24.58, -24.58
2026-06-28, 17:34:53, 1035000000, 1036000000, 1000000.00, 1, -24.60, -24.60
2026-06-28, 17:34:53, 1036000000, 1037000000, 1000000.00, 1, -24.68, -24.68
2026-06-28, 17:34:53, 1037000000, 1038000000, 1000000.00, 1, -24.72, -24.72
2026-06-28, 17:34:53, 1038000000, 1039000000, 1000000.00, 1, -24.65, -24.65
2026-06-28, 17:34:53, 1039000000, 1040000000, 1000000.00, 1, -24.63, -24.63
2026-06-28, 17:34:53, 1040000000, 1041000000, 1000000.00, 1, -24.59, -24.59
2026-06-28, 17:34:53, 1041000000, 1042000000, 1000000.00, 1, -24.58, -24.58
2026-06-28, 17:34:53, 1042000000, 1043000000, 1000000.00, 1, -24.49, -24.49
2026-06-28, 17:34:53, 1043000000, 1044000000, 1000000.00, 1, -24.67, -24.67
2026-06-28, 17:34:53, 1044000000, 1045000000, 1000000.00, 1, -24.64, -24.64
2026-06-28, 17:34:53, 1045000000, 1046000000, 1000000.00, 1, -24.58, -24.58
2026-06-28, 17:34:53, 1046000000, 1047000000, 1000000.00, 1, -24.56, -24.56
2026-06-28, 17:34:53, 1047000000, 1048000000, 1000000.00, 1, -24.51, -24.51
2026-06-28, 17:34:53, 1048000000, 1049000000, 1000000.00, 1, -24.52, -24.52
2026-06-28, 17:34:53, 1049000000, 1050000000, 1000000.00, 1, -24.75, -24.75
2026-06-28, 17:34:53, 1050000000, 1051000000, 1000000.00, 1, -24.68, -24.68
2026-06-28, 17:34:53, 1051000000, 1052000000, 1000000.00, 1, -24.66, -24.66
2026-06-28, 17:34:53, 1052000000, 1053000000, 1000000.00, 1, -24.59, -24.59
2026-06-28, 17:34:53, 1053000000, 1054000000, 1000000.00, 1, -24.55, -24.55
2026-06-28, 17:34:53, 1054000000, 1055000000, 1000000.00, 1, -24.57, -24.57
2026-06-28, 17:34:53, 1055000000, 1056000000, 1000000.00, 1, -24.71, -24.71
2026-06-28, 17:34:53, 1056000000, 1057000000, 1000000.00, 1, -24.76, -24.76
2026-06-28, 17:34:53, 1057000000, 1058000000, 1000000.00, 1, -24.68, -24.68
2026-06-28, 17:34:53, 1058000000, 1059000000, 1000000.00, 1, -24.63, -24.63
2026-06-28, 17:34:53, 1059000000, 1060000000, 1000000.00, 1, -24.56, -24.56
2026-06-28, 17:34:53, 1060000000, 1061000000, 1000000.00, 1, -24.56, -24.56
2026-06-28, 17:34:53, 1061000000, 1062000000, 1000000.00, 1, -24.55, -24.55
2026-06-28, 17:34:53, 1062000000, 1063000000, 1000000.00, 1, -24.70, -24.70
2026-06-28, 17:34:53, 1063000000, 1064000000, 1000000.00, 1, -24.62, -24.62
2026-06-28, 17:34:53, 1064000000, 1065000000, 1000000.00, 1, -24.64, -24.64
2026-06-28, 17:34:53, 1065000000, 1066000000, 1000000.00, 1, -24.59, -24.59
2026-06-28, 17:34:53, 1066000000, 1067000000, 1000000.00, 1, -24.56, -24.56
2026-06-28, 17:34:53, 1067000000, 1068000000, 1000000.00, 1, -24.50, -24.50
2026-06-28, 17:34:53, 1068000000, 1069000000, 1000000.00, 1, -24.74, -24.74
2026-06-28, 17:34:53, 1069000000, 1070000000, 1000000.00, 1, -24.62, -24.62
2026-06-28, 17:34:53, 1070000000, 1071000000, 1000000.00, 1, -24.65, -24.65
2026-06-28, 17:34:53, 1071000000, 1072000000, 1000000.00, 1, -24.61, -24.61
2026-06-28, 17:34:53, 1072000000, 1073000000, 1000000.00, 1, -24.54, -24.54
2026-06-28, 17:34:53, 1073000000, 1074000000, 1000000.00, 1, -24.57, -24.57
2026-06-28, 17:34:53, 1074000000, 1075000000, 1000000.00, 1, -24.62, -24.62
2026-06-28, 17:34:53, 1075000000, 1076000000, 1000000.00, 1, -24.67, -24.67
2026-06-28, 17:34:53, 1076000000, 1077000000, 1000000.00, 1, -24.64, -24.64
2026-06-28, 17:34:53, 1077000000, 1078000000, 1000000.00, 1, -24.60, -24.60
2026-06-28, 17:34:53, 1078000000, 1079000000, 1000000.00, 1, -24.53, -24.53
2026-06-28, 17:34:53, 1079000000, 1080000000, 1000000.00, 1, -24.55, -24.55
2026-06-28, 17:34:53, 1080000000, 1081000000, 1000000.00, 1, -24.58, -24.58
2026-06-28, 17:34:53, 1081000000, 1082000000, 1000000.00, 1, -24.67, -24.67
2026-06-28, 17:34:53, 1082000000, 1083000000, 1000000.00, 1, -24.66, -24.66
2026-06-28, 17:34:53, 1083000000, 1084000000, 1000000.00, 1, -24.67, -24.67
2026-06-28, 17:34:53, 1084000000, 1085000000, 1000000.00, 1, -24.60, -24.60
2026-06-28, 17:34:53, 1085000000, 1086000000, 1000000.00, 1, -24.60, -24.60
2026-06-28, 17:34:53, 1086000000, 1087000000, 1000000.00, 1, -24.53, -24.53
2026-06-28, 17:34:53, 1087000000, 1088000000, 1000000.00, 1, -24.72, -24.72
2026-06-28, 17:34:53, 1088000000, 1089000000, 1000000.00, 1, -24.67, -24.67
2026-06-28, 17:34:53, 1089000000, 1090000000, 1000000.00, 1, -24.63, -24.63
2026-06-28, 17:34:53, 1090000000, 1091000000, 1000000.00, 1, -24.57, -24.57
2026-06-28, 17:34:53, 1091000000, 1092000000, 1000000.00, 1, -24.56, -24.56
2026-06-28, 17:34:53, 1092000000, 1093000000, 1000000.00, 1, -24.59, -24.59
2026-06-28, 17:34:53, 1093000000, 1094000000, 1000000.00, 1, -24.54, -24.54
2026-06-28, 17:34:53, 1094000000, 1095000000, 1000000.00, 1, -24.63, -24.63
2026-06-28, 17:34:53, 1095000000, 1096000000, 1000000.00, 1, -24.62, -24.62
2026-06-28, 17:34:53, 1096000000, 1097000000, 1000000.00, 1, -24.64, -24.64
2026-06-28, 17:34:53, 1097000000, 1098000000, 1000000.00, 1, -24.62, -24.62
2026-06-28, 17:34:53, 1098000000, 1099000000, 1000000.00, 1, -24.57, -24.57
2026-06-28, 17:34:53, 1099000000, 1100000000, 1000000.00, 1, -24.53, -24.53
2026-06-28, 17:34:53, 1100000000, 1101000000, 1000000.00, 1, -24.70, -24.70
2026-06-28, 17:34:53, 1101000000, 1102000000, 1000000.00, 1, -24.70, -24.70
2026-06-28, 17:34:53, 1102000000, 1103000000, 1000000.00, 1, -24.60, -24.60
2026-06-28, 17:34:53, 1103000000, 1104000000, 1000000.00, 1, -24.59, -24.59
2026-06-28, 17:34:53, 1104000000, 1105000000, 1000000.00, 1, -24.58, -24.58
2026-06-28, 17:34:53, 1105000000, 1106000000, 1000000.00, 1, -24.55, -24.55
2026-06-28, 17:34:53, 1106000000, 1107000000, 1000000.00, 1, -24.67, -24.67
2026-06-28, 17:34:53, 1107000000, 1108000000, 1000000.00, 1, -24.71, -24.71
2026-06-28, 17:34:53, 1108000000, 1109000000, 1000000.00, 1, -24.66, -24.66
2026-06-28, 17:34:53, 1109000000, 1110000000, 1000000.00, 1, -24.62, -24.62
2026-06-28, 17:34:53, 1110000000, 1111000000, 1000000.00, 1, -24.59, -24.59
2026-06-28, 17:34:53, 1111000000, 1112000000, 1000000.00, 1, -24.55, -24.55
2026-06-28, 17:34:53, 1112000000, 1113000000, 1000000.00, 1, -24.51, -24.51
2026-06-28, 17:34:53, 1113000000, 1114000000, 1000000.00, 1, -24.71, -24.71
2026-06-28, 17:34:53, 1114000000, 1115000000, 1000000.00, 1, -24.61, -24.61
2026-06-28, 17:34:53, 1115000000, 1116000000, 1000000.00, 1, -24.61, -24.61
2026-06-28, 17:34:53, 1116000000, 1117000000, 1000000.00, 1, -24.61, -24.61
2026-06-28, 17:34:53, 1117000000, 1118000000, 1000000.00, 1, -24.51, -24.51
2026-06-28, 17:34:53, 1118000000, 1119000000, 1000000.00, 1, -24.55, -24.55
2026-06-28, 17:34:53, 1119000000, 1120000000, 1000000.00, 1, -24.66, -24.66
2026-06-28, 17:34:53, 1120000000, 1121000000, 1000000.00, 1, -24.68, -24.68
2026-06-28, 17:34:53, 1121000000, 1122000000, 1000000.00, 1, -24.69, -24.69
2026-06-28, 17:34:53, 1122000000, 1123000000, 1000000.00, 1, -24.59, -24.59
2026-06-28, 17:34:53, 1123000000, 1124000000, 1000000.00, 1, -24.55, -24.55
2026-06-28, 17:34:53, 1124000000, 1125000000, 1000000.00, 1, -24.52, -24.52
2026-06-28, 17:34:53, 1125000000, 1126000000, 1000000.00, 1, -24.71, -24.71
2026-06-28, 17:34:53, 1126000000, 1127000000, 1000000.00, 1, -24.71, -24.71
2026-06-28, 17:34:53, 1127000000, 1128000000, 1000000.00, 1, -24.58, -24.58
2026-06-28, 17:34:53, 1128000000, 1129000000, 1000000.00, 1, -24.55, -24.55
2026-06-28, 17:34:53, 1129000000, 1130000000, 1000000.00, 1, -24.56, -24.56
2026-06-28, 17:34:53, 1130000000, 1131000000, 1000000.00, 1, -24.55, -24.55
2026-06-28, 17:34:53, 1131000000, 1132000000, 1000000.00, 1, -24.49, -24.49
2026-06-28, 17:34:53, 1132000000, 1133000000, 1000000.00, 1, -24.66, -24.66
2026-06-28, 17:34:53, 1133000000, 1134000000, 1000000.00, 1, -24.65, -24.65
2026-06-28, 17:34:53, 1134000000, 1135000000, 1000000.00, 1, -24.63, -24.63
2026-06-28, 17:34:53, 1135000000, 1136000000, 1000000.00, 1, -24.56, -24.56
2026-06-28, 17:34:53, 1136000000, 1137000000, 1000000.00, 1, -24.56, -24.56
2026-06-28, 17:34:53, 1137000000, 1138000000, 1000000.00, 1, -24.53, -24.53
2026-06-28, 17:34:53, 1138000000, 1139000000, 1000000.00, 1, -24.67, -24.67
2026-06-28, 17:34:53, 1139000000, 1140000000, 1000000.00, 1, -24.63, -24.63
2026-06-28, 17:34:53, 1140000000, 1141000000, 1000000.00, 1, -24.67, -24.67
2026-06-28, 17:34:53, 1141000000, 1142000000, 1000000.00, 1, -24.59, -24.59
2026-06-28, 17:34:53, 1142000000, 1143000000, 1000000.00, 1, -24.54, -24.54
2026-06-28, 17:34:53, 1143000000, 1144000000, 1000000.00, 1, -24.52, -24.52
2026-06-28, 17:34:53, 1144000000, 1145000000, 1000000.00, 1, -24.64, -24.64
2026-06-28, 17:34:53, 1145000000, 1146000000, 1000000.00, 1, -24.63, -24.63
2026-06-28, 17:34:53, 1146000000, 1147000000, 1000000.00, 1, -24.57, -24.57
2026-06-28, 17:34:53, 1147000000, 1148000000, 1000000.00, 1, -24.65, -24.65
2026-06-28, 17:34:53, 1148000000, 1149000000, 1000000.00, 1, -24.54, -24.54
2026-06-28, 17:34:53, 1149000000, 1150000000, 1000000.00, 1, -24.57, -24.57
2026-06-28, 17:34:53, 1150000000, 1151000000, 1000000.00, 1, -24.55, -24.55
2026-06-28, 17:34:53, 1151000000, 1152000000, 1000000.00, 1, -24.58, -24.58
2026-06-28, 17:34:53, 1152000000, 1153000000, 1000000.00, 1, -24.57, -24.57
2026-06-28, 17:34:53, 1153000000, 1154000000, 1000000.00, 1, -24.61, -24.61
2026-06-28, 17:34:53, 1154000000, 1155000000, 1000000.00, 1, -24.59, -24.59
2026-06-28, 17:34:53, 1155000000, 1156000000, 1000000.00, 1, -24.50, -24.50
2026-06-28, 17:34:53, 1156000000, 1157000000, 1000000.00, 1, -24.52, -24.52
2026-06-28, 17:34:53, 1157000000, 1158000000, 1000000.00, 1, -24.71, -24.71
2026-06-28, 17:34:53, 1158000000, 1159000000, 1000000.00, 1, -24.63, -24.63
2026-06-28, 17:34:53, 1159000000, 1160000000, 1000000.00, 1, -24.62, -24.62
2026-06-28, 17:34:53, 1160000000, 1161000000, 1000000.00, 1, -24.63, -24.63
2026-06-28, 17:34:53, 1161000000, 1162000000, 1000000.00, 1, -24.56, -24.56
2026-06-28, 17:34:53, 1162000000, 1163000000, 1000000.00, 1, -24.53, -24.53
2026-06-28, 17:34:53, 1163000000, 1164000000, 1000000.00, 1, -24.60, -24.60
2026-06-28, 17:34:53, 1164000000, 1165000000, 1000000.00, 1, -24.76, -24.76
2026-06-28, 17:34:53, 1165000000, 1166000000, 1000000.00, 1, -24.60, -24.60
2026-06-28, 17:34:53, 1166000000, 1167000000, 1000000.00, 1, -24.59, -24.59
2026-06-28, 17:34:53, 1167000000, 1168000000, 1000000.00, 1, -24.60, -24.60
2026-06-28, 17:34:53, 1168000000, 1169000000, 1000000.00, 1, -24.52, -24.52
2026-06-28, 17:34:53, 1169000000, 1170000000, 1000000.00, 1, -24.57, -24.57
2026-06-28, 17:34:53, 1170000000, 1171000000, 1000000.00, 1, -24.67, -24.67
2026-06-28, 17:34:53, 1171000000, 1172000000, 1000000.00, 1, -24.56, -24.56
2026-06-28, 17:34:53, 1172000000, 1173000000, 1000000.00, 1, -24.61, -24.61
2026-06-28, 17:34:53, 1173000000, 1174000000, 1000000.00, 1, -24.60, -24.60
2026-06-28, 17:34:53, 1174000000, 1175000000, 1000000.00, 1, -24.54, -24.54
2026-06-28, 17:34:53, 1175000000, 1176000000, 1000000.00, 1, -24.54, -24.54
2026-06-28, 17:34:53, 1176000000, 1177000000, 1000000.00, 1, -24.69, -24.69
2026-06-28, 17:34:53, 1177000000, 1178000000, 1000000.00, 1, -24.67, -24.67
2026-06-28, 17:34:53, 1178000000, 1179000000, 1000000.00, 1, -24.66, -24.66
2026-06-28, 17:34:53, 1179000000, 1180000000, 1000000.00, 1, -24.57, -24.57
2026-06-28, 17:34:53, 1180000000, 1181000000, 1000000.00, 1, -24.61, -24.61
2026-06-28, 17:34:53, 1181000000, 1182000000, 1000000.00, 1, -24.53, -24.53
2026-06-28, 17:34:53, 1182000000, 1183000000, 1000000.00, 1, -24.59, -24.59
2026-06-28, 17:34:53, 1183000000, 1184000000, 1000000.00, 1, -24.69, -24.69
2026-06-28, 17:34:53, 1184000000, 1185000000, 1000000.00, 1, -24.70, -24.70
2026-06-28, 17:34:53, 1185000000, 1186000000, 1000000.00, 1, -24.65, -24.65
2026-06-28, 17:34:53, 1186000000, 1187000000, 1000000.00, 1, -24.57, -24.57
2026-06-28, 17:34:53, 1187000000, 1188000000, 1000000.00, 1, -24.59, -24.59
2026-06-28, 17:34:53, 1188000000, 1189000000, 1000000.00, 1, -24.55, -24.55
2026-06-28, 17:34:53, 1189000000, 1190000000, 1000000.00, 1, -24.71, -24.71
2026-06-28, 17:34:53, 1190000000, 1191000000, 1000000.00, 1, -24.69, -24.69
2026-06-28, 17:34:53, 1191000000, 1192000000, 1000000.00, 1, -24.61, -24.61
2026-06-28, 17:34:53, 1192000000, 1193000000, 1000000.00, 1, -24.60, -24.60
2026-06-28, 17:34:53, 1193000000, 1194000000, 1000000.00, 1, -24.56, -24.56
2026-06-28, 17:34:53, 1194000000, 1195000000, 1000000.00, 1, -24.58, -24.58
2026-06-28, 17:34:53, 1195000000, 1196000000, 1000000.00, 1, -24.71, -24.71
2026-06-28, 17:34:53, 1196000000, 1197000000, 1000000.00, 1, -24.69, -24.69
2026-06-28, 17:34:53, 1197000000, 1198000000, 1000000.00, 1, -24.60, -24.60
2026-06-28, 17:34:53, 1198000000, 1199000000, 1000000.00, 1, -24.64, -24.64
2026-06-28, 17:34:53, 1199000000, 1200000000, 1000000.00, 1, -24.52, -24.52
2026-06-28, 17:34:53, 1200000000, 1201000000, 1000000.00, 1, -24.55, -24.55
2026-06-28, 17:34:53, 1201000000, 1202000000, 1000000.00, 1, -24.52, -24.52
2026-06-28, 17:34:53, 1202000000, 1203000000, 1000000.00, 1, -24.73, -24.73
2026-06-28, 17:34:53, 1203000000, 1204000000, 1000000.00, 1, -24.64, -24.64
2026-06-28, 17:34:53, 1204000000, 1205000000, 1000000.00, 1, -24.62, -24.62
2026-06-28, 17:34:53, 1205000000, 1206000000, 1000000.00, 1, -24.57, -24.57
2026-06-28, 17:34:53, 1206000000, 1207000000, 1000000.00, 1, -24.52, -24.52
2026-06-28, 17:34:53, 1207000000, 1208000000, 1000000.00, 1, -24.53, -24.53
2026-06-28, 17:34:53, 1208000000, 1209000000, 1000000.00, 1, -24.69, -24.69
2026-06-28, 17:34:53, 1209000000, 1210000000, 1000000.00, 1, -24.59, -24.59
2026-06-28, 17:34:53, 1210000000, 1211000000, 1000000.00, 1, -24.64, -24.64
2026-06-28, 17:34:53, 1211000000, 1212000000, 1000000.00, 1, -24.64, -24.64
2026-06-28, 17:34:53, 1212000000, 1213000000, 1000000.00, 1, -24.60, -24.60
2026-06-28, 17:34:53, 1213000000, 1214000000, 1000000.00, 1, -24.58, -24.58
2026-06-28, 17:34:53, 1214000000, 1215000000, 1000000.00, 1, -24.69, -24.69
2026-06-28, 17:35:04, 960000000, 961000000, 1000000.00, 1, -24.67, -24.67
2026-06-28, 17:35:04, 961000000, 962000000, 1000000.00, 1, -24.63, -24.63
2026-06-28, 17:35:04, 962000000, 963000000, 1000000.00, 1, -24.61, -24.61
2026-06-28, 17:35:04, 963000000, 964000000, 1000000.00, 1, -24.57, -24.57
2026-06-28, 17:35:04, 964000000, 965000000, 1000000.00, 1, -24.54, -24.54
2026-06-28, 17:35:04, 965000000, 966000000, 1000000.00, 1, -24.53, -24.53
2026-06-28, 17:35:04, 966000000, 967000000, 1000000.00, 1, -24.68, -24.68
2026-06-28, 17:35:04, 967000000, 968000000, 1000000.00, 1, -24.66, -24.66
2026-06-28, 17:35:04, 968000000, 969000000, 1000000.00, 1, -24.66, -24.66
2026-06-28, 17:35:04, 969000000, 970000000, 1000000.00, 1, -24.66, -24.66
2026-06-28, 17:35:04, 970000000, 971000000, 1000000.00, 1, -24.58, -24.58
2026-06-28, 17:35:04, 971000000, 972000000, 1000000.00, 1, -24.54, -24.54
2026-06-28, 17:35:04, 972000000, 973000000, 1000000.00, 1, -24.73, -24.73
2026-06-28, 17:35:04, 973000000, 974000000, 1000000.00, 1, -24.66, -24.66
2026-06-28, 17:35:04, 974000000, 975000000, 1000000.00, 1, -24.66, -24.66
2026-06-28, 17:35:04, 975000000, 976000000, 1000000.00, 1, -24.65, -24.65
2026-06-28, 17:35:04, 976000000, 977000000, 1000000.00, 1, -24.57, -24.57
2026-06-28, 17:35:04, 977000000, 978000000, 1000000.00, 1, -24.51, -24.51
2026-06-28, 17:35:04, 978000000, 979000000, 1000000.00, 1, -24.65, -24.65
2026-06-28, 17:35:04, 979000000, 980000000, 1000000.00, 1, -24.65, -24.65
2026-06-28, 17:35:04, 980000000, 981000000, 1000000.00, 1, -24.62, -24.62
2026-06-28, 17:35:04, 981000000, 982000000, 1000000.00, 1, -24.60, -24.60
2026-06-28, 17:35:04, 982000000, 983000000, 1000000.00, 1, -24.59, -24.59
2026-06-28, 17:35:04, 983000000, 984000000, 1000000.00, 1, -24.59, -24.59
2026-06-28, 17:35:04, 984000000, 985000000, 1000000.00, 1, -24.51, -24.51
2026-06-28, 17:35:04, 985000000, 986000000, 1000000.00, 1, -24.64, -24.64
2026-06-28, 17:35:04, 986000000, 987000000, 1000000.00, 1, -24.62, -24.62
2026-06-28, 17:35:04, 987000000, 988000000, 1000000.00, 1, -24.62, -24.62
2026-06-28, 17:35:04, 988000000, 989000000, 1000000.00, 1, -24.62, -24.62
2026-06-28, 17:35:04, 989000000, 990000000, 1000000.00, 1, -24.56, -24.56
2026-06-28, 17:35:04, 990000000, 991000000, 1000000.00, 1, -24.55, -24.55
2026-06-28, 17:35:04, 991000000, 992000000, 1000000.00, 1, -24.65, -24.65
2026-06-28, 17:35:04, 992000000, 993000000, 1000000.00, 1, -24.64, -24.64
2026-06-28, 17:35:04, 993000000, 994000000, 1000000.00, 1, -24.61, -24.61
2026-06-28, 17:35:04, 994000000, 995000000, 1000000.00, 1, -24.57, -24.57
2026-06-28, 17:35:04, 995000000, 996000000, 1000000.00, 1, -24.58, -24.58
2026-06-28, 17:35:04, 996000000, 997000000, 1000000.00, 1, -24.54, -24.54
2026-06-28, 17:35:04, 997000000, 998000000, 1000000.00, 1, -24.62, -24.62
2026-06-28, 17:35:04, 998000000, 999000000, 1000000.00, 1, -24.60, -24.60
2026-06-28, 17:35:04, 999000000, 1000000000, 1000000.00, 1, -24.66, -24.66
2026-06-28, 17:35:04, 1000000000, 1001000000, 1000000.00, 1, -24.60, -24.60
2026-06-28, 17:35:04, 1001000000, 1002000000, 1000000.00, 1, -24.59, -24.59
2026-06-28, 17:35:04, 1002000000, 1003000000, 1000000.00, 1, -24.58, -24.58
2026-06-28, 17:35:04, 1003000000, 1004000000, 1000000.00, 1, -24.56, -24.56
2026-06-28, 17:35:04, 1004000000, 1005000000, 1000000.00, 1, -24.68, -24.68
2026-06-28, 17:35:04, 1005000000, 1006000000, 1000000.00, 1, -24.65, -24.65
2026-06-28, 17:35:04, 1006000000, 1007000000, 1000000.00, 1, -24.61, -24.61
2026-06-28, 17:35:04, 1007000000, 1008000000, 1000000.00, 1, -24.61, -24.61
2026-06-28, 17:35:04, 1008000000, 1009000000, 1000000.00, 1, -24.54, -24.54
2026-06-28, 17:35:04, 1009000000, 1010000000, 1000000.00, 1, -24.56, -24.56
2026-06-28, 17:35:04, 1010000000, 1011000000, 1000000.00, 1, -24.72, -24.72
2026-06-28, 17:35:04, 1011000000, 1012000000, 1000000.00, 1, -24.63, -24.63
2026-06-28, 17:35:04, 1012000000, 1013000000, 1000000.00, 1, -24.64, -24.64
2026-06-28, 17:35:04, 1013000000, 1014000000, 1000000.00, 1, -24.58, -24.58
2026-06-28, 17:35:04, 1014000000, 1015000000, 1000000.00, 1, -24.56, -24.56
2026-06-28, 17:35:04, 1015000000, 1016000000, 1000000.00, 1, -24.51, -24.51
2026-06-28, 17:35:04, 1016000000, 1017000000, 1000000.00, 1, -24.55, -24.55
2026-06-28, 17:35:04, 1017000000, 1018000000, 1000000.00, 1, -24.66, -24.66
2026-06-28, 17:35:04, 1018000000, 1019000000, 1000000.00, 1, -24.66, -24.66
2026-06-28, 17:35:04, 1019000000, 1020000000, 1000000.00, 1, -24.57, -24.57
2026-06-28, 17:35:04, 1020000000, 1021000000, 1000000.00, 1, -24.54, -24.54
2026-06-28, 17:35:04, 1021000000, 1022000000, 1000000.00, 1, -24.54, -24.54
2026-06-28, 17:35:04, 1022000000, 1023000000, 1000000.00, 1, -24.48, -24.48
2026-06-28, 17:35:04, 1023000000, 1024000000, 1000000.00, 1, -24.67, -24.67
2026-06-28, 17:35:04, 1024000000, 1025000000, 1000000.00, 1, -24.68, -24.68
2026-06-28, 17:35:04, 1025000000, 1026000000, 1000000.00, 1, -24.58, -24.58
2026-06-28, 17:35:04, 1026000000, 1027000000, 1000000.00, 1, -24.57, -24.57
2026-06-28, 17:35:04, 1027000000, 1028000000, 1000000.00, 1, -24.55, -24.55
2026-06-28, 17:35:04, 1028000000, 1029000000, 1000000.00, 1, -24.54, -24.54
2026-06-28, 17:35:04, 1029000000, 1030000000, 1000000.00, 1, -24.72, -24.72
2026-06-28, 17:35:04, 1030000000, 1031000000, 1000000.00, 1, -24.69, -24.69
2026-06-28, 17:35:04, 1031000000, 1032000000, 1000000.00, 1, -24.66, -24.66
2026-06-28, 17:35:04, 1032000000, 1033000000, 1000000.00, 1, -24.54, -24.54
2026-06-28, 17:35:04, 1033000000, 1034000000, 1000000.00, 1, -24.56, -24.56
2026-06-28, 17:35:04, 1034000000, 1035000000, 1000000.00, 1, -24.51, -24.51
2026-06-28, 17:35:04, 1035000000, 1036000000, 1000000.00, 1, -24.53, -24.53
2026-06-28, 17:35:04, 1036000000, 1037000000, 1000000.00, 1, -24.65, -24.65
2026-06-28, 17:35:04, 1037000000, 1038000000, 1000000.00, 1, -24.64, -24.64
2026-06-28, 17:35:04, 1038000000, 1039000000, 1000000.00, 1, -24.57, -24.57
2026-06-28, 17:35:04, 1039000000, 1040000000, 1000000.00, 1, -24.56, -24.56
2026-06-28, 17:35:04, 1040000000, 1041000000, 1000000.00, 1, -24.55, -24.55
2026-06-28, 17:35:04, 1041000000, 1042000000, 1000000.00, 1, -24.45, -24.45
2026-06-28, 17:35:04, 1042000000, 1043000000, 1000000.00, 1, -24.66, -24.66
2026-06-28, 17:35:04, 1043000000, 1044000000, 1000000.00, 1, -24.67, -24.67
2026-06-28, 17:35:04, 1044000000, 1045000000, 1000000.00, 1, -24.68, -24.68
2026-06-28, 17:35:04, 1045000000, 1046000000, 1000000.00, 1, -24.57, -24.57
2026-06-28, 17:35:04, 1046000000, 1047000000, 1000000.00, 1, -24.53, -24.53
2026-06-28, 17:35:04, 1047000000, 1048000000, 1000000.00, 1, -24.51, -24.51
2026-06-28, 17:35:04, 1048000000, 1049000000, 1000000.00, 1, -24.66, -24.66
2026-06-28, 17:35:04, 1049000000, 1050000000, 1000000.00, 1, -24.67, -24.67
2026-06-28, 17:35:04, 1050000000, 1051000000, 1000000.00, 1, -24.60, -24.60
2026-06-28, 17:35:04, 1051000000, 1052000000, 1000000.00, 1, -24.60, -24.60
2026-06-28, 17:35:04, 1052000000, 1053000000, 1000000.00, 1, -24.59, -24.59
2026-06-28, 17:35:04, 1053000000, 1054000000, 1000000.00, 1, -24.57, -24.57
2026-06-28, 17:35:04, 1054000000, 1055000000, 1000000.00, 1, -24.47, -24.47
2026-06-28, 17:35:04, 1055000000, 1056000000, 1000000.00, 1, -24.66, -24.66
2026-06-28, 17:35:04, 1056000000, 1057000000, 1000000.00, 1, -24.63, -24.63
2026-06-28, 17:35:04, 1057000000, 1058000000, 1000000.00, 1, -24.60, -24.60
2026-06-28, 17:35:04, 1058000000, 1059000000, 1000000.00, 1, -24.58, -24.58
2026-06-28, 17:35:04, 1059000000, 1060000000, 1000000.00, 1, -24.57, -24.57
2026-06-28, 17:35:04, 1060000000, 1061000000, 1000000.00, 1, -24.57, -24.57
2026-06-28, 17:35:04, 1061000000, 1062000000, 1000000.00, 1, -24.68, -24.68
2026-06-28, 17:35:04, 1062000000, 1063000000, 1000000.00, 1, -24.68, -24.68
2026-06-28, 17:35:04, 1063000000, 1064000000, 1000000.00, 1, -24.62, -24.62
2026-06-28, 17:35:04, 1064000000, 1065000000, 1000000.00, 1, -24.57, -24.57
2026-06-28, 17:35:04, 1065000000, 1066000000, 1000000.00, 1, -24.57, -24.57
2026-06-28, 17:35:04, 1066000000, 1067000000, 1000000.00, 1, -24.53, -24.53
2026-06-28, 17:35:04, 1067000000, 1068000000, 1000000.00, 1, -24.74, -24.74
2026-06-28, 17:35:04, 1068000000, 1069000000, 1000000.00, 1, -24.62, -24.62
2026-06-28, 17:35:04, 1069000000, 1070000000, 1000000.00, 1, -24.59, -24.59
2026-06-28, 17:35:04, 1070000000, 1071000000, 1000000.00, 1, -24.61, -24.61
2026-06-28, 17:35:04, 1071000000, 1072000000, 1000000.00, 1, -24.58, -24.58
2026-06-28, 17:35:04, 1072000000, 1073000000, 1000000.00, 1, -24.57, -24.57
2026-06-28, 17:35:04, 1073000000, 1074000000, 1000000.00, 1, -24.51, -24.51
2026-06-28, 17:35:04, 1074000000, 1075000000, 1000000.00, 1, -24.65, -24.65
2026-06-28, 17:35:04, 1075000000, 1076000000, 1000000.00, 1, -24.61, -24.61
2026-06-28, 17:35:04, 1076000000, 1077000000, 1000000.00, 1, -24.63, -24.63
2026-06-28, 17:35:04, 1077000000, 1078000000, 1000000.00, 1, -24.56, -24.56
2026-06-28, 17:35:04, 1078000000, 1079000000, 1000000.00, 1, -24.58, -24.58
2026-06-28, 17:35:04, 1079000000, 1080000000, 1000000.00, 1, -24.50, -24.50
2026-06-28, 17:35:04, 1080000000, 1081000000, 1000000.00, 1, -24.73, -24.73
2026-06-28, 17:35:04, 1081000000, 1082000000, 1000000.00, 1, -24.70, -24.70
2026-06-28, 17:35:04, 1082000000, 1083000000, 1000000.00, 1, -24.61, -24.61
2026-06-28, 17:35:04, 1083000000, 1084000000, 1000000.00, 1, -24.60, -24.60
2026-06-28, 17:35:04, 1084000000, 1085000000, 1000000.00, 1, -24.61, -24.61
2026-06-28, 17:35:04, 1085000000, 1086000000, 1000000.00, 1, -24.53, -24.53
2026-06-28, 17:35:04, 1086000000, 1087000000, 1000000.00, 1, -24.71, -24.71
2026-06-28, 17:35:04, 1087000000, 1088000000, 1000000.00, 1, -24.64, -24.64
2026-06-28, 17:35:04, 1088000000, 1089000000, 1000000.00, 1, -24.58, -24.58
2026-06-28, 17:35:04, 1089000000, 1090000000, 1000000.00, 1, -24.63, -24.63
2026-06-28, 17:35:04, 1090000000, 1091000000, 1000000.00, 1, -24.61, -24.61
2026-06-28, 17:35:04, 1091000000, 1092000000, 1000000.00, 1, -24.54, -24.54
2026-06-28, 17:35:04, 1092000000, 1093000000, 1000000.00, 1, -24.54, -24.54
2026-06-28, 17:35:04, 1093000000, 1094000000, 1000000.00, 1, -24.65, -24.65
2026-06-28, 17:35:04, 1094000000, 1095000000, 1000000.00, 1, -24.60, -24.60
2026-06-28, 17:35:04, 1095000000, 1096000000, 1000000.00, 1, -24.64, -24.64
2026-06-28, 17:35:04, 1096000000, 1097000000, 1000000.00, 1, -24.59, -24.59
2026-06-28, 17:35:04, 1097000000, 1098000000, 1000000.00, 1, -24.57, -24.57
2026-06-28, 17:35:04, 1098000000, 1099000000, 1000000.00, 1, -24.54, -24.54
2026-06-28, 17:35:04, 1099000000, 1100000000, 1000000.00, 1, -24.69, -24.69
2026-06-28, 17:35:04, 1100000000, 1101000000, 1000000.00, 1, -24.66, -24.66
2026-06-28, 17:35:04, 1101000000, 1102000000, 1000000.00, 1, -24.70, -24.70
2026-06-28, 17:35:04, 1102000000, 1103000000, 1000000.00, 1, -24.61, -24.61
2026-06-28, 17:35:04, 1103000000, 1104000000, 1000000.00, 1, -24.57, -24.57
2026-06-28, 17:35:04, 1104000000, 1105000000, 1000000.00, 1, -24.51, -24.51
2026-06-28, 17:35:04, 1105000000, 1106000000, 1000000.00, 1, -24.63, -24.63
2026-06-28, 17:35:04, 1106000000, 1107000000, 1000000.00, 1, -24.69, -24.69
2026-06-28, 17:35:04, 1107000000, 1108000000, 1000000.00, 1, -24.65, -24.65
2026-06-28, 17:35:04, 1108000000, 1109000000, 1000000.00, 1, -24.58, -24.58
2026-06-28, 17:35:04, 1109000000, 1110000000, 1000000.00, 1, -24.59, -24.59
2026-06-28, 17:35:04, 1110000000, 1111000000, 1000000.00, 1, -24.50, -24.50
2026-06-28, 17:35:04, 1111000000, 1112000000, 1000000.00, 1, -24.51, -24.51
2026-06-28, 17:35:04, 1112000000, 1113000000, 1000000.00, 1, -24.68, -24.68
2026-06-28, 17:35:04, 1113000000, 1114000000, 1000000.00, 1, -24.66, -24.66
2026-06-28, 17:35:04, 1114000000, 1115000000, 1000000.00, 1, -24.63, -24.63
2026-06-28, 17:35:04, 1115000000, 1116000000, 1000000.00, 1, -24.58, -24.58
2026-06-28, 17:35:04, 1116000000, 1117000000, 1000000.00, 1, -24.54, -24.54
2026-06-28, 17:35:04, 1117000000, 1118000000, 1000000.00, 1, -24.50, -24.50
2026-06-28, 17:35:04, 1118000000, 1119000000, 1000000.00, 1, -24.65, -24.65
2026-06-28, 17:35:04, 1119000000, 1120000000, 1000000.00, 1, -24.65, -24.65
2026-06-28, 17:35:04, 1120000000, 1121000000, 1000000.00, 1, -24.61, -24.61
2026-06-28, 17:35:04, 1121000000, 1122000000, 1000000.00, 1, -24.57, -24.57
2026-06-28, 17:35:04, 1122000000, 1123000000, 1000000.00, 1, -24.59, -24.59
2026-06-28, 17:35:04, 1123000000, 1124000000, 1000000.00, 1, -24.56, -24.56
2026-06-28, 17:35:04, 1124000000, 1125000000, 1000000.00, 1, -24.56, -24.56
2026-06-28, 17:35:04, 1125000000, 1126000000, 1000000.00, 1, -24.64, -24.64
2026-06-28, 17:35:04, 1126000000, 1127000000, 1000000.00, 1, -24.63, -24.63
2026-06-28, 17:35:04, 1127000000, 1128000000, 1000000.00, 1, -24.62, -24.62
2026-06-28, 17:35:04, 1128000000, 1129000000, 1000000.00, 1, -24.55, -24.55
2026-06-28, 17:35:04, 1129000000, 1130000000, 1000000.00, 1, -24.54, -24.54
2026-06-28, 17:35:04, 1130000000, 1131000000, 1000000.00, 1, -24.54, -24.54
2026-06-28, 17:35:04, 1131000000, 1132000000, 1000000.00, 1, -24.69, -24.69
2026-06-28, 17:35:04, 1132000000, 1133000000, 1000000.00, 1, -24.66, -24.66
2026-06-28, 17:35:04, 1133000000, 1134000000, 1000000.00, 1, -24.61, -24.61
2026-06-28, 17:35:04, 1134000000, 1135000000, 1000000.00, 1, -24.64, -24.64
2026-06-28, 17:35:04, 1135000000, 1136000000, 1000000.00, 1, -24.58, -24.58
2026-06-28, 17:35:04, 1136000000, 1137000000, 1000000.00, 1, -24.52, -24.52
2026-06-28, 17:35:04, 1137000000, 1138000000, 1000000.00, 1, -24.66, -24.66
2026-06-28, 17:35:04, 1138000000, 1139000000, 1000000.00, 1, -24.67, -24.67
2026-06-28, 17:35:04, 1139000000, 1140000000, 1000000.00, 1, -24.68, -24.68
2026-06-28, 17:35:04, 1140000000, 1141000000, 1000000.00, 1, -24.57, -24.57
2026-06-28, 17:35:04, 1141000000, 1142000000, 1000000.00, 1, -24.60, -24.60
2026-06-28, 17:35:04, 1142000000, 1143000000, 1000000.00, 1, -24.54, -24.54
2026-06-28, 17:35:04, 1143000000, 1144000000, 1000000.00, 1, -24.54, -24.54
2026-06-28, 17:35:04, 1144000000, 1145000000, 1000000.00, 1, -24.63, -24.63
2026-06-28, 17:35:04, 1145000000, 1146000000, 1000000.00, 1, -24.67, -24.67
2026-06-28, 17:35:04, 1146000000, 1147000000, 1000000.00, 1, -24.60, -24.60
2026-06-28, 17:35:04, 1147000000, 1148000000, 1000000.00, 1, -24.60, -24.60
2026-06-28, 17:35:04, 1148000000, 1149000000, 1000000.00, 1, -24.55, -24.55
2026-06-28, 17:35:04, 1149000000, 1150000000, 1000000.00, 1, -24.53, -24.53
2026-06-28, 17:35:04, 1150000000, 1151000000, 1000000.00, 1, -24.69, -24.69
2026-06-28, 17:35:04, 1151000000, 1152000000, 1000000.00, 1, -24.66, -24.66
2026-06-28, 17:35:04, 1152000000, 1153000000, 1000000.00, 1, -24.61, -24.61
2026-06-28, 17:35:04, 1153000000, 1154000000, 1000000.00, 1, -24.62, -24.62
2026-06-28, 17:35:04, 1154000000, 1155000000, 1000000.00, 1, -24.57, -24.57
2026-06-28, 17:35:04, 1155000000, 1156000000, 1000000.00, 1, -24.56, -24.56
2026-06-28, 17:35:04, 1156000000, 1157000000, 1000000.00, 1, -24.72, -24.72
2026-06-28, 17:35:04, 1157000000, 1158000000, 1000000.00, 1, -24.61, -24.61
2026-06-28, 17:35:04, 1158000000, 1159000000, 1000000.00, 1, -24.64, -24.64
2026-06-28, 17:35:04, 1159000000, 1160000000, 1000000.00, 1, -24.62, -24.62
2026-06-28, 17:35:04, 1160000000, 1161000000, 1000000.00, 1, -24.59, -24.59
2026-06-28, 17:35:04, 1161000000, 1162000000, 1000000.00, 1, -24.58, -24.58
2026-06-28, 17:35:04, 1162000000, 1163000000, 1000000.00, 1, -24.51, -24.51
2026-06-28, 17:35:04, 1163000000, 1164000000, 1000000.00, 1, -24.68, -24.68
2026-06-28, 17:35:04, 1164000000, 1165000000, 1000000.00, 1, -24.67, -24.67
2026-06-28, 17:35:04, 1165000000, 1166000000, 1000000.00, 1, -24.66, -24.66
2026-06-28, 17:35:04, 1166000000, 1167000000, 1000000.00, 1, -24.60, -24.60
2026-06-28, 17:35:04, 1167000000, 1168000000, 1000000.00, 1, -24.55, -24.55
2026-06-28, 17:35:04, 1168000000, 1169000000, 1000000.00, 1, -24.54, -24.54
2026-06-28, 17:35:04, 1169000000, 1170000000, 1000000.00, 1, -24.77, -24.77
2026-06-28, 17:35:04, 1170000000, 1171000000, 1000000.00, 1, -24.67, -24.67
2026-06-28, 17:35:04, 1171000000, 1172000000, 1000000.00, 1, -24.62, -24.62
2026-06-28, 17:35:04, 1172000000, 1173000000, 1000000.00, 1, -24.62, -24.62
2026-06-28, 17:35:04, 1173000000, 1174000000, 1000000.00, 1, -24.58, -24.58
2026-06-28, 17:35:04, 1174000000, 1175000000, 1000000.00, 1, -24.54, -24.54
2026-06-28, 17:35:04, 1175000000, 1176000000, 1000000.00, 1, -24.67, -24.67
2026-06-28, 17:35:04, 1176000000, 1177000000, 1000000.00, 1, -24.73, -24.73
2026-06-28, 17:35:04, 1177000000, 1178000000, 1000000.00, 1, -24.64, -24.64
2026-06-28, 17:35:04, 1178000000, 1179000000, 1000000.00, 1, -24.61, -24.61
2026-06-28, 17:35:04, 1179000000, 1180000000, 1000000.00, 1, -24.60, -24.60
2026-06-28, 17:35:04, 1180000000, 1181000000, 1000000.00, 1, -24.58, -24.58
2026-06-28, 17:35:04, 1181000000, 1182000000, 1000000.00, 1, -24.53, -24.53
2026-06-28, 17:35:04, 1182000000, 1183000000, 1000000.00, 1, -24.64, -24.64
2026-06-28, 17:35:04, 1183000000, 1184000000, 1000000.00, 1, -24.66, -24.66
2026-06-28, 17:35:04, 1184000000, 1185000000, 1000000.00, 1, -24.60, -24.60
2026-06-28, 17:35:04, 1185000000, 1186000000, 1000000.00, 1, -24.58, -24.58
2026-06-28, 17:35:04, 1186000000, 1187000000, 1000000.00, 1, -24.59, -24.59
2026-06-28, 17:35:04, 1187000000, 1188000000, 1000000.00, 1, -24.49, -24.49
2026-06-28, 17:35:04, 1188000000, 1189000000, 1000000.00, 1, -24.74, -24.74
2026-06-28, 17:35:04, 1189000000, 1190000000, 1000000.00, 1, -24.64, -24.64
2026-06-28, 17:35:04, 1190000000, 1191000000, 1000000.00, 1, -24.62, -24.62
2026-06-28, 17:35:04, 1191000000, 1192000000, 1000000.00, 1, -24.55, -24.55
2026-06-28, 17:35:04, 1192000000, 1193000000, 1000000.00, 1, -24.58, -24.58
2026-06-28, 17:35:04, 1193000000, 1194000000, 1000000.00, 1, -24.55, -24.55
2026-06-28, 17:35:04, 1194000000, 1195000000, 1000000.00, 1, -24.63, -24.63
2026-06-28, 17:35:04, 1195000000, 1196000000, 1000000.00, 1, -24.69, -24.69
2026-06-28, 17:35:04, 1196000000, 1197000000, 1000000.00, 1, -24.61, -24.61
2026-06-28, 17:35:04, 1197000000, 1198000000, 1000000.00, 1, -24.62, -24.62
2026-06-28, 17:35:04, 1198000000, 1199000000, 1000000.00, 1, -24.57, -24.57
2026-06-28, 17:35:04, 1199000000, 1200000000, 1000000.00, 1, -24.55, -24.55
2026-06-28, 17:35:04, 1200000000, 1201000000, 1000000.00, 1, -24.54, -24.54
2026-06-28, 17:35:04, 1201000000, 1202000000, 1000000.00, 1, -24.68, -24.68
2026-06-28, 17:35:04, 1202000000, 1203000000, 1000000.00, 1, -24.62, -24.62
2026-06-28, 17:35:04, 1203000000, 1204000000, 1000000.00, 1, -24.64, -24.64
2026-06-28, 17:35:04, 1204000000, 1205000000, 1000000.00, 1, -24.53, -24.53
2026-06-28, 17:35:04, 1205000000, 1206000000, 1000000.00, 1, -24.59, -24.59
2026-06-28, 17:35:04, 1206000000, 1207000000, 1000000.00, 1, -24.53, -24.53
2026-06-28, 17:35:04, 1207000000, 1208000000, 1000000.00, 1, -24.77, -24.77
2026-06-28, 17:35:04, 1208000000, 1209000000, 1000000.00, 1, -24.64, -24.64
2026-06-28, 17:35:04, 1209000000, 1210000000, 1000000.00, 1, -24.64, -24.64
2026-06-28, 17:35:04, 1210000000, 1211000000, 1000000.00, 1, -24.64, -24.64
2026-06-28, 17:35:04, 1211000000, 1212000000, 1000000.00, 1, -24.57, -24.57
2026-06-28, 17:35:04, 1212000000, 1213000000, 1000000.00, 1, -24.57, -24.57
2026-06-28, 17:35:04, 1213000000, 1214000000, 1000000.00, 1, -24.58, -24.58
2026-06-28, 17:35:04, 1214000000, 1215000000, 1000000.00, 1, -24.70, -24.70
2026-06-28, 17:35:14, 960000000, 961000000, 1000000.00, 1, -24.63, -24.63
2026-06-28, 17:35:14, 961000000, 962000000, 1000000.00, 1, -24.62, -24.62
2026-06-28, 17:35:14, 962000000, 963000000, 1000000.00, 1, -24.55, -24.55
2026-06-28, 17:35:14, 963000000, 964000000, 1000000.00, 1, -24.54, -24.54
2026-06-28, 17:35:14, 964000000, 965000000, 1000000.00, 1, -24.54, -24.54
2026-06-28, 17:35:14, 965000000, 966000000, 1000000.00, 1, -24.66, -24.66
2026-06-28, 17:35:14, 966000000, 967000000, 1000000.00, 1, -24.69, -24.69
2026-06-28, 17:35:14, 967000000, 968000000, 1000000.00, 1, -24.58, -24.58
2026-06-28, 17:35:14, 968000000, 969000000, 1000000.00, 1, -24.64, -24.64
2026-06-28, 17:35:14, 969000000, 970000000, 1000000.00, 1, -24.58, -24.58
2026-06-28, 17:35:14, 970000000, 971000000, 1000000.00, 1, -24.54, -24.54
2026-06-28, 17:35:14, 971000000, 972000000, 1000000.00, 1, -24.72, -24.72
2026-06-28, 17:35:14, 972000000, 973000000, 1000000.00, 1, -24.69, -24.69
2026-06-28, 17:35:14, 973000000, 974000000, 1000000.00, 1, -24.58, -24.58
2026-06-28, 17:35:14, 974000000, 975000000, 1000000.00, 1, -24.56, -24.56
2026-06-28, 17:35:14, 975000000, 976000000, 1000000.00, 1, -24.59, -24.59
2026-06-28, 17:35:14, 976000000, 977000000, 1000000.00, 1, -24.52, -24.52
2026-06-28, 17:35:14, 977000000, 978000000, 1000000.00, 1, -24.56, -24.56
2026-06-28, 17:35:14, 978000000, 979000000, 1000000.00, 1, -24.72, -24.72
2026-06-28, 17:35:14, 979000000, 980000000, 1000000.00, 1, -24.64, -24.64
2026-06-28, 17:35:14, 980000000, 981000000, 1000000.00, 1, -24.63, -24.63
2026-06-28, 17:35:14, 981000000, 982000000, 1000000.00, 1, -24.62, -24.62
2026-06-28, 17:35:14, 982000000, 983000000, 1000000.00, 1, -24.55, -24.55
2026-06-28, 17:35:14, 983000000, 984000000, 1000000.00, 1, -24.49, -24.49
2026-06-28, 17:35:14, 984000000, 985000000, 1000000.00, 1, -24.71, -24.71
2026-06-28, 17:35:14, 985000000, 986000000, 1000000.00, 1, -24.69, -24.69
2026-06-28, 17:35:14, 986000000, 987000000, 1000000.00, 1, -24.59, -24.59
2026-06-28, 17:35:14, 987000000, 988000000, 1000000.00, 1, -24.56, -24.56
2026-06-28, 17:35:14, 988000000, 989000000, 1000000.00, 1, -24.55, -24.55
2026-06-28, 17:35:14, 989000000, 990000000, 1000000.00, 1, -24.53, -24.53
2026-06-28, 17:35:14, 990000000, 991000000, 1000000.00, 1, -24.66, -24.66
2026-06-28, 17:35:14, 991000000, 992000000, 1000000.00, 1, -24.62, -24.62
2026-06-28, 17:35:14, 992000000, 993000000, 1000000.00, 1, -24.64, -24.64
2026-06-28, 17:35:14, 993000000, 994000000, 1000000.00, 1, -24.58, -24.58
2026-06-28, 17:35:14, 994000000, 995000000, 1000000.00, 1, -24.61, -24.61
2026-06-28, 17:35:14, 995000000, 996000000, 1000000.00, 1, -24.55, -24.55
2026-06-28, 17:35:14, 996000000, 997000000, 1000000.00, 1, -24.52, -24.52
2026-06-28, 17:35:14, 997000000, 998000000, 1000000.00, 1, -24.62, -24.62
2026-06-28, 17:35:14, 998000000, 999000000, 1000000.00, 1, -24.67, -24.67
2026-06-28, 17:35:14, 999000000, 1000000000, 1000000.00, 1, -24.60, -24.60
2026-06-28, 17:35:14, 1000000000, 1001000000, 1000000.00, 1, -24.55, -24.55
2026-06-28, 17:35:14, 1001000000, 1002000000, 1000000.00, 1, -24.56, -24.56
2026-06-28, 17:35:14, 1002000000, 1003000000, 1000000.00, 1, -24.50, -24.50
2026-06-28, 17:35:14, 1003000000, 1004000000, 1000000.00, 1, -24.71, -24.71
2026-06-28, 17:35:14, 1004000000, 1005000000, 1000000.00, 1, -24.70, -24.70
2026-06-28, 17:35:14, 1005000000, 1006000000, 1000000.00, 1, -24.58, -24.58
2026-06-28, 17:35:14, 1006000000, 1007000000, 1000000.00, 1, -24.58, -24.58
2026-06-28, 17:35:14, 1007000000, 1008000000, 1000000.00, 1, -24.57, -24.57
2026-06-28, 17:35:14, 1008000000, 1009000000, 1000000.00, 1, -24.53, -24.53
2026-06-28, 17:35:14, 1009000000, 1010000000, 1000000.00, 1, -24.70, -24.70
2026-06-28, 17:35:14, 1010000000, 1011000000, 1000000.00, 1, -24.68, -24.68
2026-06-28, 17:35:14, 1011000000, 1012000000, 1000000.00, 1, -24.61, -24.61
2026-06-28, 17:35:14, 1012000000, 1013000000, 1000000.00, 1, -24.69, -24.69
2026-06-28, 17:35:14, 1013000000, 1014000000, 1000000.00, 1, -24.58, -24.58
2026-06-28, 17:35:14, 1014000000, 1015000000, 1000000.00, 1, -24.59, -24.59
2026-06-28, 17:35:14, 1015000000, 1016000000, 1000000.00, 1, -24.52, -24.52
2026-06-28, 17:35:14, 1016000000, 1017000000, 1000000.00, 1, -24.69, -24.69
2026-06-28, 17:35:14, 1017000000, 1018000000, 1000000.00, 1, -24.63, -24.63
2026-06-28, 17:35:14, 1018000000, 1019000000, 1000000.00, 1, -24.65, -24.65
2026-06-28, 17:35:14, 1019000000, 1020000000, 1000000.00, 1, -24.56, -24.56
2026-06-28, 17:35:14, 1020000000, 1021000000, 1000000.00, 1, -24.57, -24.57
2026-06-28, 17:35:14, 1021000000, 1022000000, 1000000.00, 1, -24.48, -24.48
2026-06-28, 17:35:14, 1022000000, 1023000000, 1000000.00, 1, -24.75, -24.75
2026-06-28, 17:35:14, 1023000000, 1024000000, 1000000.00, 1, -24.67, -24.67
2026-06-28, 17:35:14, 1024000000, 1025000000, 1000000.00, 1, -24.59, -24.59
2026-06-28, 17:35:14, 1025000000, 1026000000, 1000000.00, 1, -24.59, -24.59
2026-06-28, 17:35:14, 1026000000, 1027000000, 1000000.00, 1, -24.56, -24.56
2026-06-28, 17:35:14, 1027000000, 1028000000, 1000000.00, 1, -24.54, -24.54
2026-06-28, 17:35:14, 1028000000, 1029000000, 1000000.00, 1, -24.67, -24.67
2026-06-28, 17:35:14, 1029000000, 1030000000, 1000000.00, 1, -24.67, -24.67
2026-06-28, 17:35:14, 1030000000, 1031000000, 1000000.00, 1, -24.63, -24.63
2026-06-28, 17:35:14, 1031000000, 1032000000, 1000000.00, 1, -24.60, -24.60
2026-06-28, 17:35:14, 1032000000, 1033000000, 1000000.00, 1, -24.60, -24.60
2026-06-28, 17:35:14, 1033000000, 1034000000, 1000000.00, 1, -24.58, -24.58
2026-06-28, 17:35:14, 1034000000, 1035000000, 1000000.00, 1, -24.53, -24.53
2026-06-28, 17:35:14, 1035000000, 1036000000, 1000000.00, 1, -24.68, -24.68
2026-06-28, 17:35:14, 1036000000, 1037000000, 1000000.00, 1, -24.62, -24.62
2026-06-28, 17:35:14, 1037000000, 1038000000, 1000000.00, 1, -24.61, -24.61
2026-06-28, 17:35:14, 1038000000, 1039000000, 1000000.00, 1, -24.60, -24.60
2026-06-28, 17:35:14, 1039000000, 1040000000, 1000000.00, 1, -24.56, -24.56
2026-06-28, 17:35:14, 1040000000, 1041000000, 1000000.00, 1, -24.54, -24.54
2026-06-28, 17:35:14, 1041000000, 1042000000, 1000000.00, 1, -24.67, -24.67
2026-06-28, 17:35:14, 1042000000, 1043000000, 1000000.00, 1, -24.68, -24.68
2026-06-28, 17:35:14, 1043000000, 1044000000, 1000000.00, 1, -24.65, -24.65
2026-06-28, 17:35:14, 1044000000, 1045000000, 1000000.00, 1, -24.64, -24.64
2026-06-28, 17:35:14, 1045000000, 1046000000, 1000000.00, 1, -24.54, -24.54
2026-06-28, 17:35:14, 1046000000, 1047000000, 1000000.00, 1, -24.53, -24.53
2026-06-28, 17:35:14, 1047000000, 1048000000, 1000000.00, 1, -24.66, -24.66
2026-06-28, 17:35:14, 1048000000, 1049000000, 1000000.00, 1, -24.65, -24.65
2026-06-28, 17:35:14, 1049000000, 1050000000, 1000000.00, 1, -24.61, -24.61
2026-06-28, 17:35:14, 1050000000, 1051000000, 1000000.00, 1, -24.64, -24.64
2026-06-28, 17:35:14, 1051000000, 1052000000, 1000000.00, 1, -24.58, -24.58
2026-06-28, 17:35:14, 1052000000, 1053000000, 1000000.00, 1, -24.56, -24.56
2026-06-28, 17:35:14, 1053000000, 1054000000, 1000000.00, 1, -24.50, -24.50
2026-06-28, 17:35:14, 1054000000, 1055000000, 1000000.00, 1, -24.62, -24.62
2026-06-28, 17:35:14, 1055000000, 1056000000, 1000000.00, 1, -24.62, -24.62
2026-06-28, 17:35:14, 1056000000, 1057000000, 1000000.00, 1, -24.64, -24.64
2026-06-28, 17:35:14, 1057000000, 1058000000, 1000000.00, 1, -24.57, -24.57
2026-06-28, 17:35:14, 1058000000, 1059000000, 1000000.00, 1, -24.56, -24.56
2026-06-28, 17:35:14, 1059000000, 1060000000, 1000000.00, 1, -24.47, -24.47
2026-06-28, 17:35:14, 1060000000, 1061000000, 1000000.00, 1, -24.64, -24.64
2026-06-28, 17:35:14, 1061000000, 1062000000, 1000000.00, 1, -24.69, -24.69
2026-06-28, 17:35:14, 1062000000, 1063000000, 1000000.00, 1, -24.64, -24.64
2026-06-28, 17:35:14, 1063000000, 1064000000, 1000000.00, 1, -24.59, -24.59
2026-06-28, 17:35:14, 1064000000, 1065000000, 1000000.00, 1, -24.56, -24.56
2026-06-28, 17:35:14, 1065000000, 1066000000, 1000000.00, 1, -24.57, -24.57
2026-06-28, 17:35:14, 1066000000, 1067000000, 1000000.00, 1, -24.54, -24.54
2026-06-28, 17:35:14, 1067000000, 1068000000, 1000000.00, 1, -24.66, -24.66
2026-06-28, 17:35:14, 1068000000, 1069000000, 1000000.00, 1, -24.61, -24.61
2026-06-28, 17:35:14, 1069000000, 1070000000, 1000000.00, 1, -24.66, -24.66
2026-06-28, 17:35:14, 1070000000, 1071000000, 1000000.00, 1, -24.60, -24.60
2026-06-28, 17:35:14, 1071000000, 1072000000, 1000000.00, 1, -24.60, -24.60
2026-06-28, 17:35:14, 1072000000, 1073000000, 1000000.00, 1, -24.57, -24.57
2026-06-28, 17:35:14, 1073000000, 1074000000, 1000000.00, 1, -24.63, -24.63
2026-06-28, 17:35:14, 1074000000, 1075000000, 1000000.00, 1, -24.69, -24.69
2026-06-28, 17:35:14, 1075000000, 1076000000, 1000000.00, 1, -24.59, -24.59
2026-06-28, 17:35:14, 1076000000, 1077000000, 1000000.00, 1, -24.61, -24.61
2026-06-28, 17:35:14, 1077000000, 1078000000, 1000000.00, 1, -24.55, -24.55
2026-06-28, 17:35:14, 1078000000, 1079000000, 1000000.00, 1, -24.54, -24.54
2026-06-28, 17:35:14, 1079000000, 1080000000, 1000000.00, 1, -24.69, -24.69
2026-06-28, 17:35:14, 1080000000, 1081000000, 1000000.00, 1, -24.67, -24.67
2026-06-28, 17:35:14, 1081000000, 1082000000, 1000000.00, 1, -24.68, -24.68
2026-06-28, 17:35:14, 1082000000, 1083000000, 1000000.00, 1, -24.60, -24.60
2026-06-28, 17:35:14, 1083000000, 1084000000, 1000000.00, 1, -24.56, -24.56
2026-06-28, 17:35:14, 1084000000, 1085000000, 1000000.00, 1, -24.51, -24.51
2026-06-28, 17:35:14, 1085000000, 1086000000, 1000000.00, 1, -24.53, -24.53
2026-06-28, 17:35:14, 1086000000, 1087000000, 1000000.00, 1, -24.66, -24.66
2026-06-28, 17:35:14, 1087000000, 1088000000, 1000000.00, 1, -24.60, -24.60
2026-06-28, 17:35:14, 1088000000, 1089000000, 1000000.00, 1, -24.62, -24.62
2026-06-28, 17:35:14, 1089000000, 1090000000, 1000000.00, 1, -24.59, -24.59
2026-06-28, 17:35:14, 1090000000, 1091000000, 1000000.00, 1, -24.55, -24.55
2026-06-28, 17:35:14, 1091000000, 1092000000, 1000000.00, 1, -24.54, -24.54
2026-06-28, 17:35:14, 1092000000, 1093000000, 1000000.00, 1, -24.69, -24.69
2026-06-28, 17:35:14, 1093000000, 1094000000, 1000000.00, 1, -24.62, -24.62
2026-06-28, 17:35:14, 1094000000, 1095000000, 1000000.00, 1, -24.59, -24.59
2026-06-28, 17:35:14, 1095000000, 1096000000, 1000000.00, 1, -24.60, -24.60
2026-06-28, 17:35:14, 1096000000, 1097000000, 1000000.00, 1, -24.51, -24.51
2026-06-28, 17:35:14, 1097000000, 1098000000, 1000000.00, 1, -24.53, -24.53
2026-06-28, 17:35:14, 1098000000, 1099000000, 1000000.00, 1, -24.67, -24.67
2026-06-28, 17:35:14, 1099000000, 1100000000, 1000000.00, 1, -24.70, -24.70
2026-06-28, 17:35:14, 1100000000, 1101000000, 1000000.00, 1, -24.64, -24.64
2026-06-28, 17:35:14, 1101000000, 1102000000, 1000000.00, 1, -24.57, -24.57
2026-06-28, 17:35:14, 1102000000, 1103000000, 1000000.00, 1, -24.63, -24.63
2026-06-28, 17:35:14, 1103000000, 1104000000, 1000000.00, 1, -24.60, -24.60
2026-06-28, 17:35:14, 1104000000, 1105000000, 1000000.00, 1, -24.53, -24.53
2026-06-28, 17:35:14, 1105000000, 1106000000, 1000000.00, 1, -24.68, -24.68
2026-06-28, 17:35:14, 1106000000, 1107000000, 1000000.00, 1, -24.67, -24.67
2026-06-28, 17:35:14, 1107000000, 1108000000, 1000000.00, 1, -24.62, -24.62
2026-06-28, 17:35:14, 1108000000, 1109000000, 1000000.00, 1, -24.55, -24.55
2026-06-28, 17:35:14, 1109000000, 1110000000, 1000000.00, 1, -24.51, -24.51
2026-06-28, 17:35:14, 1110000000, 1111000000, 1000000.00, 1, -24.53, -24.53
2026-06-28, 17:35:14, 1111000000, 1112000000, 1000000.00, 1, -24.64, -24.64
2026-06-28, 17:35:14, 1112000000, 1113000000, 1000000.00, 1, -24.68, -24.68
2026-06-28, 17:35:14, 1113000000, 1114000000, 1000000.00, 1, -24.64, -24.64
2026-06-28, 17:35:14, 1114000000, 1115000000, 1000000.00, 1, -24.61, -24.61
2026-06-28, 17:35:14, 1115000000, 1116000000, 1000000.00, 1, -24.56, -24.56
2026-06-28, 17:35:14, 1116000000, 1117000000, 1000000.00, 1, -24.54, -24.54
2026-06-28, 17:35:14, 1117000000, 1118000000, 1000000.00, 1, -24.73, -24.73
2026-06-28, 17:35:14, 1118000000, 1119000000, 1000000.00, 1, -24.65, -24.65
2026-06-28, 17:35:14, 1119000000, 1120000000, 1000000.00, 1, -24.56, -24.56
2026-06-28, 17:35:14, 1120000000, 1121000000, 1000000.00, 1, -24.60, -24.60
2026-06-28, 17:35:14, 1121000000, 1122000000, 1000000.00, 1, -24.57, -24.57
2026-06-28, 17:35:14, 1122000000, 1123000000, 1000000.00, 1, -24.55, -24.55
2026-06-28, 17:35:14, 1123000000, 1124000000, 1000000.00, 1, -24.52, -24.52
2026-06-28, 17:35:14, 1124000000, 1125000000, 1000000.00, 1, -24.65, -24.65
2026-06-28, 17:35:14, 1125000000, 1126000000, 1000000.00, 1, -24.65, -24.65
2026-06-28, 17:35:14, 1126000000, 1127000000, 1000000.00, 1, -24.61, -24.61
2026-06-28, 17:35:14, 1127000000, 1128000000, 1000000.00, 1, -24.66, -24.66
2026-06-28, 17:35:14, 1128000000, 1129000000, 1000000.00, 1, -24.60, -24.60
2026-06-28, 17:35:14, 1129000000, 1130000000, 1000000.00, 1, -24.53, -24.53
2026-06-28, 17:35:14, 1130000000, 1131000000, 1000000.00, 1, -24.66, -24.66
2026-06-28, 17:35:14, 1131000000, 1132000000, 1000000.00, 1, -24.72, -24.72
2026-06-28, 17:35:14, 1132000000, 1133000000, 1000000.00, 1, -24.63, -24.63
2026-06-28, 17:35:14, 1133000000, 1134000000, 1000000.00, 1, -24.62, -24.62
2026-06-28, 17:35:14, 1134000000, 1135000000, 1000000.00, 1, -24.54, -24.54
2026-06-28, 17:35:14, 1135000000, 1136000000, 1000000.00, 1, -24.51, -24.51
2026-06-28, 17:35:14, 1136000000, 1137000000, 1000000.00, 1, -24.68, -24.68
2026-06-28, 17:35:14, 1137000000, 1138000000, 1000000.00, 1, -24.66, -24.66
2026-06-28, 17:35:14, 1138000000, 1139000000, 1000000.00, 1, -24.65, -24.65
2026-06-28, 17:35:14, 1139000000, 1140000000, 1000000.00, 1, -24.66, -24.66
2026-06-28, 17:35:14, 1140000000, 1141000000, 1000000.00, 1, -24.58, -24.58
2026-06-28, 17:35:14, 1141000000, 1142000000, 1000000.00, 1, -24.59, -24.59
2026-06-28, 17:35:14, 1142000000, 1143000000, 1000000.00, 1, -24.50, -24.50
2026-06-28, 17:35:14, 1143000000, 1144000000, 1000000.00, 1, -24.70, -24.70
2026-06-28, 17:35:14, 1144000000, 1145000000, 1000000.00, 1, -24.67, -24.67
2026-06-28, 17:35:14, 1145000000, 1146000000, 1000000.00, 1, -24.64, -24.64
2026-06-28, 17:35:14, 1146000000, 1147000000, 1000000.00, 1, -24.61, -24.61
2026-06-28, 17:35:14, 1147000000, 1148000000, 1000000.00, 1, -24.50, -24.50
2026-06-28, 17:35:14, 1148000000, 1149000000, 1000000.00, 1, -24.58, -24.58
2026-06-28, 17:35:14, 1149000000, 1150000000, 1000000.00, 1, -24.68, -24.68
2026-06-28, 17:35:14, 1150000000, 1151000000, 1000000.00, 1, -24.68, -24.68
2026-06-28, 17:35:14, 1151000000, 1152000000, 1000000.00, 1, -24.62, -24.62
2026-06-28, 17:35:14, 1152000000, 1153000000, 1000000.00, 1, -24.59, -24.59
2026-06-28, 17:35:14, 1153000000, 1154000000, 1000000.00, 1, -24.57, -24.57
2026-06-28, 17:35:14, 1154000000, 1155000000, 1000000.00, 1, -24.58, -24.58
2026-06-28, 17:35:14, 1155000000, 1156000000, 1000000.00, 1, -24.60, -24.60
2026-06-28, 17:35:14, 1156000000, 1157000000, 1000000.00, 1, -24.73, -24.73
2026-06-28, 17:35:14, 1157000000, 1158000000, 1000000.00, 1, -24.65, -24.65
2026-06-28, 17:35:14, 1158000000, 1159000000, 1000000.00, 1, -24.55, -24.55
2026-06-28, 17:35:14, 1159000000, 1160000000, 1000000.00, 1, -24.63, -24.63
2026-06-28, 17:35:14, 1160000000, 1161000000, 1000000.00, 1, -24.54, -24.54
2026-06-28, 17:35:14, 1161000000, 1162000000, 1000000.00, 1, -24.53, -24.53
2026-06-28, 17:35:14, 1162000000, 1163000000, 1000000.00, 1, -24.72, -24.72
2026-06-28, 17:35:14, 1163000000, 1164000000, 1000000.00, 1, -24.67, -24.67
2026-06-28, 17:35:14, 1164000000, 1165000000, 1000000.00, 1, -24.62, -24.62
2026-06-28, 17:35:14, 1165000000, 1166000000, 1000000.00, 1, -24.62, -24.62
2026-06-28, 17:35:14, 1166000000, 1167000000, 1000000.00, 1, -24.61, -24.61
2026-06-28, 17:35:14, 1167000000, 1168000000, 1000000.00, 1, -24.53, -24.53
2026-06-28, 17:35:14, 1168000000, 1169000000, 1000000.00, 1, -24.74, -24.74
2026-06-28, 17:35:14, 1169000000, 1170000000, 1000000.00, 1, -24.72, -24.72
2026-06-28, 17:35:14, 1170000000, 1171000000, 1000000.00, 1, -24.69, -24.69
2026-06-28, 17:35:14, 1171000000, 1172000000, 1000000.00, 1, -24.60, -24.60
2026-06-28, 17:35:14, 1172000000, 1173000000, 1000000.00, 1, -24.55, -24.55
2026-06-28, 17:35:14, 1173000000, 1174000000, 1000000.00, 1, -24.58, -24.58
2026-06-28, 17:35:14, 1174000000, 1175000000, 1000000.00, 1, -24.55, -24.55
2026-06-28, 17:35:14, 1175000000, 1176000000, 1000000.00, 1, -24.69, -24.69
2026-06-28, 17:35:14, 1176000000, 1177000000, 1000000.00, 1, -24.66, -24.66
2026-06-28, 17:35:14, 1177000000, 1178000000, 1000000.00, 1, -24.60, -24.60
2026-06-28, 17:35:14, 1178000000, 1179000000, 1000000.00, 1, -24.56, -24.56
2026-06-28, 17:35:14, 1179000000, 1180000000, 1000000.00, 1, -24.58, -24.58
2026-06-28, 17:35:14, 1180000000, 1181000000, 1000000.00, 1, -24.54, -24.54
2026-06-28, 17:35:14, 1181000000, 1182000000, 1000000.00, 1, -24.74, -24.74
2026-06-28, 17:35:14, 1182000000, 1183000000, 1000000.00, 1, -24.64, -24.64
2026-06-28, 17:35:14, 1183000000, 1184000000, 1000000.00, 1, -24.62, -24.62
2026-06-28, 17:35:14, 1184000000, 1185000000, 1000000.00, 1, -24.55, -24.55
2026-06-28, 17:35:14, 1185000000, 1186000000, 1000000.00, 1, -24.51, -24.51
2026-06-28, 17:35:14, 1186000000, 1187000000, 1000000.00, 1, -24.58, -24.58
2026-06-28, 17:35:14, 1187000000, 1188000000, 1000000.00, 1, -24.69, -24.69
2026-06-28, 17:35:14, 1188000000, 1189000000, 1000000.00, 1, -24.65, -24.65
2026-06-28, 17:35:14, 1189000000, 1190000000, 1000000.00, 1, -24.63, -24.63
2026-06-28, 17:35:14, 1190000000, 1191000000, 1000000.00, 1, -24.64, -24.64
2026-06-28, 17:35:14, 1191000000, 1192000000, 1000000.00, 1, -24.56, -24.56
2026-06-28, 17:35:14, 1192000000, 1193000000, 1000000.00, 1, -24.62, -24.62
2026-06-28, 17:35:14, 1193000000, 1194000000, 1000000.00, 1, -24.55, -24.55
2026-06-28, 17:35:14, 1194000000, 1195000000, 1000000.00, 1, -24.68, -24.68
2026-06-28, 17:35:14, 1195000000, 1196000000, 1000000.00, 1, -24.64, -24.64
2026-06-28, 17:35:14, 1196000000, 1197000000, 1000000.00, 1, -24.66, -24.66
2026-06-28, 17:35:14, 1197000000, 1198000000, 1000000.00, 1, -24.63, -24.63
2026-06-28, 17:35:14, 1198000000, 1199000000, 1000000.00, 1, -24.58, -24.58
2026-06-28, 17:35:14, 1199000000, 1200000000, 1000000.00, 1, -24.61, -24.61
2026-06-28, 17:35:14, 1200000000, 1201000000, 1000000.00, 1, -24.69, -24.69
2026-06-28, 17:35:14, 1201000000, 1202000000, 1000000.00, 1, -24.65, -24.65
2026-06-28, 17:35:14, 1202000000, 1203000000, 1000000.00, 1, -24.62, -24.62
2026-06-28, 17:35:14, 1203000000, 1204000000, 1000000.00, 1, -24.58, -24.58
2026-06-28, 17:35:14, 1204000000, 1205000000, 1000000.00, 1, -24.56, -24.56
2026-06-28, 17:35:14, 1205000000, 1206000000, 1000000.00, 1, -24.50, -24.50
2026-06-28, 17:35:14, 1206000000, 1207000000, 1000000.00, 1, -24.66, -24.66
2026-06-28, 17:35:14, 1207000000, 1208000000, 1000000.00, 1, -24.64, -24.64
2026-06-28, 17:35:14, 1208000000, 1209000000, 1000000.00, 1, -24.67, -24.67
2026-06-28, 17:35:14, 1209000000, 1210000000, 1000000.00, 1, -24.61, -24.61
2026-06-28, 17:35:14, 1210000000, 1211000000, 1000000.00, 1, -24.63, -24.63
2026-06-28, 17:35:14, 1211000000, 1212000000, 1000000.00, 1, -24.53, -24.53
2026-06-28, 17:35:14, 1212000000, 1213000000, 1000000.00, 1, -24.56, -24.56
2026-06-28, 17:35:14, 1213000000, 1214000000, 1000000.00, 1, -24.69, -24.69
2026-06-28, 17:35:14, 1214000000, 1215000000, 1000000.00, 1, -24.60, -24.60
2026-06-28, 17:35:25, 960000000, 961000000, 1000000.00, 1, -24.57, -24.57
2026-06-28, 17:35:25, 961000000, 962000000, 1000000.00, 1, -24.63, -24.63
2026-06-28, 17:35:25, 962000000, 963000000, 1000000.00, 1, -24.58, -24.58
2026-06-28, 17:35:25, 963000000, 964000000, 1000000.00, 1, -24.54, -24.54
2026-06-28, 17:35:25, 964000000, 965000000, 1000000.00, 1, -24.70, -24.70
2026-06-28, 17:35:25, 965000000, 966000000, 1000000.00, 1, -24.68, -24.68
2026-06-28, 17:35:25, 966000000, 967000000, 1000000.00, 1, -24.63, -24.63
2026-06-28, 17:35:25, 967000000, 968000000, 1000000.00, 1, -24.58, -24.58
2026-06-28, 17:35:25, 968000000, 969000000, 1000000.00, 1, -24.57, -24.57
2026-06-28, 17:35:25, 969000000, 970000000, 1000000.00, 1, -24.47, -24.47
2026-06-28, 17:35:25, 970000000, 971000000, 1000000.00, 1, -24.71, -24.71
2026-06-28, 17:35:25, 971000000, 972000000, 1000000.00, 1, -24.69, -24.69
2026-06-28, 17:35:25, 972000000, 973000000, 1000000.00, 1, -24.62, -24.62
2026-06-28, 17:35:25, 973000000, 974000000, 1000000.00, 1, -24.57, -24.57
2026-06-28, 17:35:25, 974000000, 975000000, 1000000.00, 1, -24.57, -24.57
2026-06-28, 17:35:25, 975000000, 976000000, 1000000.00, 1, -24.57, -24.57
2026-06-28, 17:35:25, 976000000, 977000000, 1000000.00, 1, -24.49, -24.49
2026-06-28, 17:35:25, 977000000, 978000000, 1000000.00, 1, -24.74, -24.74
2026-06-28, 17:35:25, 978000000, 979000000, 1000000.00, 1, -24.70, -24.70
2026-06-28, 17:35:25, 979000000, 980000000, 1000000.00, 1, -24.65, -24.65
2026-06-28, 17:35:25, 980000000, 981000000, 1000000.00, 1, -24.58, -24.58
2026-06-28, 17:35:25, 981000000, 982000000, 1000000.00, 1, -24.54, -24.54
2026-06-28, 17:35:25, 982000000, 983000000, 1000000.00, 1, -24.52, -24.52
2026-06-28, 17:35:25, 983000000, 984000000, 1000000.00, 1, -24.72, -24.72
2026-06-28, 17:35:25, 984000000, 985000000, 1000000.00, 1, -24.65, -24.65
2026-06-28, 17:35:25, 985000000, 986000000, 1000000.00, 1, -24.60, -24.60
2026-06-28, 17:35:25, 986000000, 987000000, 1000000.00, 1, -24.62, -24.62
2026-06-28, 17:35:25, 987000000, 988000000, 1000000.00, 1, -24.58, -24.58
2026-06-28, 17:35:25, 988000000, 989000000, 1000000.00, 1, -24.51, -24.51
2026-06-28, 17:35:25, 989000000, 990000000, 1000000.00, 1, -24.66, -24.66
2026-06-28, 17:35:25, 990000000, 991000000, 1000000.00, 1, -24.69, -24.69
2026-06-28, 17:35:25, 991000000, 992000000, 1000000.00, 1, -24.68, -24.68
2026-06-28, 17:35:25, 992000000, 993000000, 1000000.00, 1, -24.57, -24.57
2026-06-28, 17:35:25, 993000000, 994000000, 1000000.00, 1, -24.53, -24.53
2026-06-28, 17:35:25, 994000000, 995000000, 1000000.00, 1, -24.53, -24.53
2026-06-28, 17:35:25, 995000000, 996000000, 1000000.00, 1, -24.51, -24.51
2026-06-28, 17:35:25, 996000000, 997000000, 1000000.00, 1, -24.68, -24.68
2026-06-28, 17:35:25, 997000000, 998000000, 1000000.00, 1, -24.68, -24.68
2026-06-28, 17:35:25, 998000000, 999000000, 1000000.00, 1, -24.64, -24.64
2026-06-28, 17:35:25, 999000000, 1000000000, 1000000.00, 1, -24.58, -24.58
2026-06-28, 17:35:25, 1000000000, 1001000000, 1000000.00, 1, -24.51, -24.51
2026-06-28, 17:35:25, 1001000000, 1002000000, 1000000.00, 1, -24.51, -24.51
2026-06-28, 17:35:25, 1002000000, 1003000000, 1000000.00, 1, -24.67, -24.67
2026-06-28, 17:35:25, 1003000000, 1004000000, 1000000.00, 1, -24.70, -24.70
2026-06-28, 17:35:25, 1004000000, 1005000000, 1000000.00, 1, -24.66, -24.66
2026-06-28, 17:35:25, 1005000000, 1006000000, 1000000.00, 1, -24.70, -24.70
2026-06-28, 17:35:25, 1006000000, 1007000000, 1000000.00, 1, -24.56, -24.56
2026-06-28, 17:35:25, 1007000000, 1008000000, 1000000.00, 1, -24.56, -24.56
2026-06-28, 17:35:25, 1008000000, 1009000000, 1000000.00, 1, -24.58, -24.58
2026-06-28, 17:35:25, 1009000000, 1010000000, 1000000.00, 1, -24.64, -24.64
2026-06-28, 17:35:25, 1010000000, 1011000000, 1000000.00, 1, -24.65, -24.65
2026-06-28, 17:35:25, 1011000000, 1012000000, 1000000.00, 1, -24.61, -24.61
2026-06-28, 17:35:25, 1012000000, 1013000000, 1000000.00, 1, -24.56, -24.56
2026-06-28, 17:35:25, 1013000000, 1014000000, 1000000.00, 1, -24.57, -24.57
2026-06-28, 17:35:25, 1014000000, 1015000000, 1000000.00, 1, -24.50, -24.50
2026-06-28, 17:35:25, 1015000000, 1016000000, 1000000.00, 1, -24.67, -24.67
2026-06-28, 17:35:25, 1016000000, 1017000000, 1000000.00, 1, -24.62, -24.62
2026-06-28, 17:35:25, 1017000000, 1018000000, 1000000.00, 1, -24.61, -24.61
2026-06-28, 17:35:25, 1018000000, 1019000000, 1000000.00, 1, -24.61, -24.61
2026-06-28, 17:35:25, 1019000000, 1020000000, 1000000.00, 1, -24.62, -24.62
2026-06-28, 17:35:25, 1020000000, 1021000000, 1000000.00, 1, -24.52, -24.52
2026-06-28, 17:35:25, 1021000000, 1022000000, 1000000.00, 1, -24.69, -24.69
2026-06-28, 17:35:25, 1022000000, 1023000000, 1000000.00, 1, -24.68, -24.68
2026-06-28, 17:35:25, 1023000000, 1024000000, 1000000.00, 1, -24.64, -24.64
2026-06-28, 17:35:25, 1024000000, 1025000000, 1000000.00, 1, -24.62, -24.62
2026-06-28, 17:35:25, 1025000000, 1026000000, 1000000.00, 1, -24.61, -24.61
2026-06-28, 17:35:25, 1026000000, 1027000000, 1000000.00, 1, -24.61, -24.61
2026-06-28, 17:35:25, 1027000000, 1028000000, 1000000.00, 1, -24.55, -24.55
2026-06-28, 17:35:25, 1028000000, 1029000000, 1000000.00, 1, -24.64, -24.64
2026-06-28, 17:35:25, 1029000000, 1030000000, 1000000.00, 1, -24.68, -24.68
2026-06-28, 17:35:25, 1030000000, 1031000000, 1000000.00, 1, -24.63, -24.63
2026-06-28, 17:35:25, 1031000000, 1032000000, 1000000.00, 1, -24.59, -24.59
2026-06-28, 17:35:25, 1032000000, 1033000000, 1000000.00, 1, -24.59, -24.59
2026-06-28, 17:35:25, 1033000000, 1034000000, 1000000.00, 1, -24.52, -24.52
2026-06-28, 17:35:25, 1034000000, 1035000000, 1000000.00, 1, -24.66, -24.66
2026-06-28, 17:35:25, 1035000000, 1036000000, 1000000.00, 1, -24.73, -24.73
2026-06-28, 17:35:25, 1036000000, 1037000000, 1000000.00, 1, -24.62, -24.62
2026-06-28, 17:35:25, 1037000000, 1038000000, 1000000.00, 1, -24.59, -24.59
2026-06-28, 17:35:25, 1038000000, 1039000000, 1000000.00, 1, -24.54, -24.54
2026-06-28, 17:35:25, 1039000000, 1040000000, 1000000.00, 1, -24.56, -24.56
2026-06-28, 17:35:25, 1040000000, 1041000000, 1000000.00, 1, -24.66, -24.66
2026-06-28, 17:35:25, 1041000000, 1042000000, 1000000.00, 1, -24.70, -24.70
2026-06-28, 17:35:25, 1042000000, 1043000000, 1000000.00, 1, -24.62, -24.62
2026-06-28, 17:35:25, 1043000000, 1044000000, 1000000.00, 1, -24.63, -24.63
2026-06-28, 17:35:25, 1044000000, 1045000000, 1000000.00, 1, -24.60, -24.60
2026-06-28, 17:35:25, 1045000000, 1046000000, 1000000.00, 1, -24.50, -24.50
2026-06-28, 17:35:25, 1046000000, 1047000000, 1000000.00, 1, -24.52, -24.52
2026-06-28, 17:35:25, 1047000000, 1048000000, 1000000.00, 1, -24.71, -24.71
2026-06-28, 17:35:25, 1048000000, 1049000000, 1000000.00, 1, -24.60, -24.60
2026-06-28, 17:35:25, 1049000000, 1050000000, 1000000.00, 1, -24.67, -24.67
2026-06-28, 17:35:25, 1050000000, 1051000000, 1000000.00, 1, -24.58, -24.58
2026-06-28, 17:35:25, 1051000000, 1052000000, 1000000.00, 1, -24.53, -24.53
2026-06-28, 17:35:25, 1052000000, 1053000000, 1000000.00, 1, -24.47, -24.47
2026-06-28, 17:35:25, 1053000000, 1054000000, 1000000.00, 1, -24.70, -24.70
2026-06-28, 17:35:25, 1054000000, 1055000000, 1000000.00, 1, -24.64, -24.64
2026-06-28, 17:35:25, 1055000000, 1056000000, 1000000.00, 1, -24.64, -24.64
2026-06-28, 17:35:25, 1056000000, 1057000000, 1000000.00, 1, -24.60, -24.60
2026-06-28, 17:35:25, 1057000000, 1058000000, 1000000.00, 1, -24.56, -24.56
2026-06-28, 17:35:25, 1058000000, 1059000000, 1000000.00, 1, -24.54, -24.54
2026-06-28, 17:35:25, 1059000000, 1060000000, 1000000.00, 1, -24.69, -24.69
2026-06-28, 17:35:25, 1060000000, 1061000000, 1000000.00, 1, -24.68, -24.68
2026-06-28, 17:35:25, 1061000000, 1062000000, 1000000.00, 1, -24.65, -24.65
2026-06-28, 17:35:25, 1062000000, 1063000000, 1000000.00, 1, -24.60, -24.60
2026-06-28, 17:35:25, 1063000000, 1064000000, 1000000.00, 1, -24.57, -24.57
2026-06-28, 17:35:25, 1064000000, 1065000000, 1000000.00, 1, -24.57, -24.57
2026-06-28, 17:35:25, 1065000000, 1066000000, 1000000.00, 1, -24.53, -24.53
2026-06-28, 17:35:25, 1066000000, 1067000000, 1000000.00, 1, -24.70, -24.70
2026-06-28, 17:35:25, 1067000000, 1068000000, 1000000.00, 1, -24.62, -24.62
2026-06-28, 17:35:25, 1068000000, 1069000000, 1000000.00, 1, -24.64, -24.64
2026-06-28, 17:35:25, 1069000000, 1070000000, 1000000.00, 1, -24.59, -24.59
2026-06-28, 17:35:25, 1070000000, 1071000000, 1000000.00, 1, -24.59, -24.59
2026-06-28, 17:35:25, 1071000000, 1072000000, 1000000.00, 1, -24.54, -24.54
2026-06-28, 17:35:25, 1072000000, 1073000000, 1000000.00, 1, -24.72, -24.72
2026-06-28, 17:35:25, 1073000000, 1074000000, 1000000.00, 1, -24.70, -24.70
2026-06-28, 17:35:25, 1074000000, 1075000000, 1000000.00, 1, -24.65, -24.65
2026-06-28, 17:35:25, 1075000000, 1076000000, 1000000.00, 1, -24.60, -24.60
2026-06-28, 17:35:25, 1076000000, 1077000000, 1000000.00, 1, -24.57, -24.57
2026-06-28, 17:35:25, 1077000000, 1078000000, 1000000.00, 1, -24.51, -24.51
2026-06-28, 17:35:25, 1078000000, 1079000000, 1000000.00, 1, -24.63, -24.63
2026-06-28, 17:35:25, 1079000000, 1080000000, 1000000.00, 1, -24.63, -24.63
2026-06-28, 17:35:25, 1080000000, 1081000000, 1000000.00, 1, -24.66, -24.66
2026-06-28, 17:35:25, 1081000000, 1082000000, 1000000.00, 1, -24.60, -24.60
2026-06-28, 17:35:25, 1082000000, 1083000000, 1000000.00, 1, -24.66, -24.66
2026-06-28, 17:35:25, 1083000000, 1084000000, 1000000.00, 1, -24.58, -24.58
2026-06-28, 17:35:25, 1084000000, 1085000000, 1000000.00, 1, -24.49, -24.49
2026-06-28, 17:35:25, 1085000000, 1086000000, 1000000.00, 1, -24.62, -24.62
2026-06-28, 17:35:25, 1086000000, 1087000000, 1000000.00, 1, -24.61, -24.61
2026-06-28, 17:35:25, 1087000000, 1088000000, 1000000.00, 1, -24.67, -24.67
2026-06-28, 17:35:25, 1088000000, 1089000000, 1000000.00, 1, -24.59, -24.59
2026-06-28, 17:35:25, 1089000000, 1090000000, 1000000.00, 1, -24.53, -24.53
2026-06-28, 17:35:25, 1090000000, 1091000000, 1000000.00, 1, -24.50, -24.50
2026-06-28, 17:35:25, 1091000000, 1092000000, 1000000.00, 1, -24.67, -24.67
2026-06-28, 17:35:25, 1092000000, 1093000000, 1000000.00, 1, -24.67, -24.67
2026-06-28, 17:35:25, 1093000000, 1094000000, 1000000.00, 1, -24.66, -24.66
2026-06-28, 17:35:25, 1094000000, 1095000000, 1000000.00, 1, -24.52, -24.52
2026-06-28, 17:35:25, 1095000000, 1096000000, 1000000.00, 1, -24.59, -24.59
2026-06-28, 17:35:25, 1096000000, 1097000000, 1000000.00, 1, -24.55, -24.55
2026-06-28, 17:35:25, 1097000000, 1098000000, 1000000.00, 1, -24.56, -24.56
2026-06-28, 17:35:25, 1098000000, 1099000000, 1000000.00, 1, -24.66, -24.66
2026-06-28, 17:35:25, 1099000000, 1100000000, 1000000.00, 1, -24.64, -24.64
2026-06-28, 17:35:25, 1100000000, 1101000000, 1000000.00, 1, -24.59, -24.59
2026-06-28, 17:35:25, 1101000000, 1102000000, 1000000.00, 1, -24.61, -24.61
2026-06-28, 17:35:25, 1102000000, 1103000000, 1000000.00, 1, -24.57, -24.57
2026-06-28, 17:35:25, 1103000000, 1104000000, 1000000.00, 1, -24.56, -24.56
2026-06-28, 17:35:25, 1104000000, 1105000000, 1000000.00, 1, -24.71, -24.71
2026-06-28, 17:35:25, 1105000000, 1106000000, 1000000.00, 1, -24.67, -24.67
2026-06-28, 17:35:25, 1106000000, 1107000000, 1000000.00, 1, -24.62, -24.62
2026-06-28, 17:35:25, 1107000000, 1108000000, 1000000.00, 1, -24.56, -24.56
2026-06-28, 17:35:25, 1108000000, 1109000000, 1000000.00, 1, -24.56, -24.56
2026-06-28, 17:35:25, 1109000000, 1110000000, 1000000.00, 1, -24.54, -24.54
2026-06-28, 17:35:25, 1110000000, 1111000000, 1000000.00, 1, -24.67, -24.67
2026-06-28, 17:35:25, 1111000000, 1112000000, 1000000.00, 1, -24.68, -24.68
2026-06-28, 17:35:25, 1112000000, 1113000000, 1000000.00, 1, -24.67, -24.67
2026-06-28, 17:35:25, 1113000000, 1114000000, 1000000.00, 1, -24.61, -24.61
2026-06-28, 17:35:25, 1114000000, 1115000000, 1000000.00, 1, -24.56, -24.56
2026-06-28, 17:35:25, 1115000000, 1116000000, 1000000.00, 1, -24.58, -24.58
2026-06-28, 17:35:25, 1116000000, 1117000000, 1000000.00, 1, -24.52, -24.52
2026-06-28, 17:35:25, 1117000000, 1118000000, 1000000.00, 1, -24.66, -24.66
2026-06-28, 17:35:25, 1118000000, 1119000000, 1000000.00, 1, -24.61, -24.61
2026-06-28, 17:35:25, 1119000000, 1120000000, 1000000.00, 1, -24.62, -24.62
2026-06-28, 17:35:25, 1120000000, 1121000000, 1000000.00, 1, -24.59, -24.59
2026-06-28, 17:35:25, 1121000000, 1122000000, 1000000.00, 1, -24.56, -24.56
2026-06-28, 17:35:25, 1122000000, 1123000000, 1000000.00, 1, -24.57, -24.57
2026-06-28, 17:35:25, 1123000000, 1124000000, 1000000.00, 1, -24.70, -24.70
2026-06-28, 17:35:25, 1124000000, 1125000000, 1000000.00, 1, -24.67, -24.67
2026-06-28, 17:35:25, 1125000000, 1126000000, 1000000.00, 1, -24.69, -24.69
2026-06-28, 17:35:25, 1126000000, 1127000000, 1000000.00, 1, -24.64, -24.64
2026-06-28, 17:35:25, 1127000000, 1128000000, 1000000.00, 1, -24.55, -24.55
2026-06-28, 17:35:25, 1128000000, 1129000000, 1000000.00, 1, -24.56, -24.56
2026-06-28, 17:35:25, 1129000000, 1130000000, 1000000.00, 1, -24.71, -24.71
2026-06-28, 17:35:25, 1130000000, 1131000000, 1000000.00, 1, -24.69, -24.69
2026-06-28, 17:35:25, 1131000000, 1132000000, 1000000.00, 1, -24.75, -24.75
2026-06-28, 17:35:25, 1132000000, 1133000000, 1000000.00, 1, -24.58, -24.58
2026-06-28, 17:35:25, 1133000000, 1134000000, 1000000.00, 1, -24.59, -24.59
2026-06-28, 17:35:25, 1134000000, 1135000000, 1000000.00, 1, -24.55, -24.55
2026-06-28, 17:35:25, 1135000000, 1136000000, 1000000.00, 1, -24.57, -24.57
2026-06-28, 17:35:25, 1136000000, 1137000000, 1000000.00, 1, -24.64, -24.64
2026-06-28, 17:35:25, 1137000000, 1138000000, 1000000.00, 1, -24.67, -24.67
2026-06-28, 17:35:25, 1138000000, 1139000000, 1000000.00, 1, -24.68, -24.68
2026-06-28, 17:35:25, 1139000000, 1140000000, 1000000.00, 1, -24.55, -24.55
2026-06-28, 17:35:25, 1140000000, 1141000000, 1000000.00, 1, -24.54, -24.54
2026-06-28, 17:35:25, 1141000000, 1142000000, 1000000.00, 1, -24.51, -24.51
2026-06-28, 17:35:25, 1142000000, 1143000000, 1000000.00, 1, -24.71, -24.71
2026-06-28, 17:35:25, 1143000000, 1144000000, 1000000.00, 1, -24.61, -24.61
2026-06-28, 17:35:25, 1144000000, 1145000000, 1000000.00, 1, -24.65, -24.65
2026-06-28, 17:35:25, 1145000000, 1146000000, 1000000.00, 1, -24.56, -24.56
2026-06-28, 17:35:25, 1146000000, 1147000000, 1000000.00, 1, -24.58, -24.58
2026-06-28, 17:35:25, 1147000000, 1148000000, 1000000.00, 1, -24.52, -24.52
2026-06-28, 17:35:25, 1148000000, 1149000000, 1000000.00, 1, -24.63, -24.63
2026-06-28, 17:35:25, 1149000000, 1150000000, 1000000.00, 1, -24.70, -24.70
2026-06-28, 17:35:25, 1150000000, 1151000000, 1000000.00, 1, -24.60, -24.60
2026-06-28, 17:35:25, 1151000000, 1152000000, 1000000.00, 1, -24.62, -24.62
2026-06-28, 17:35:25, 1152000000, 1153000000, 1000000.00, 1, -24.60, -24.60
2026-06-28, 17:35:25, 1153000000, 1154000000, 1000000.00, 1, -24.54, -24.54
2026-06-28, 17:35:25, 1154000000, 1155000000, 1000000.00, 1, -24.53, -24.53
2026-06-28, 17:35:25, 1155000000, 1156000000, 1000000.00, 1, -24.64, -24.64
2026-06-28, 17:35:25, 1156000000, 1157000000, 1000000.00, 1, -24.68, -24.68
2026-06-28, 17:35:25, 1157000000, 1158000000, 1000000.00, 1, -24.67, -24.67
2026-06-28, 17:35:25, 1158000000, 1159000000, 1000000.00, 1, -24.60, -24.60
2026-06-28, 17:35:25, 1159000000, 1160000000, 1000000.00, 1, -24.57, -24.57
2026-06-28, 17:35:25, 1160000000, 1161000000, 1000000.00, 1, -24.52, -24.52
2026-06-28, 17:35:25, 1161000000, 1162000000, 1000000.00, 1, -24.72, -24.72
2026-06-28, 17:35:25, 1162000000, 1163000000, 1000000.00, 1, -24.66, -24.66
2026-06-28, 17:35:25, 1163000000, 1164000000, 1000000.00, 1, -24.58, -24.58
2026-06-28, 17:35:25, 1164000000, 1165000000, 1000000.00, 1, -24.61, -24.61
2026-06-28, 17:35:25, 1165000000, 1166000000, 1000000.00, 1, -24.58, -24.58
2026-06-28, 17:35:25, 1166000000, 1167000000, 1000000.00, 1, -24.55, -24.55
2026-06-28, 17:35:25, 1167000000, 1168000000, 1000000.00, 1, -24.61, -24.61
2026-06-28, 17:35:25, 1168000000, 1169000000, 1000000.00, 1, -24.70, -24.70
2026-06-28, 17:35:25, 1169000000, 1170000000, 1000000.00, 1, -24.65, -24.65
2026-06-28, 17:35:25, 1170000000, 1171000000, 1000000.00, 1, -24.64, -24.64
2026-06-28, 17:35:25, 1171000000, 1172000000, 1000000.00, 1, -24.56, -24.56
2026-06-28, 17:35:25, 1172000000, 1173000000, 1000000.00, 1, -24.59, -24.59
2026-06-28, 17:35:25, 1173000000, 1174000000, 1000000.00, 1, -24.57, -24.57
2026-06-28, 17:35:25, 1174000000, 1175000000, 1000000.00, 1, -24.72, -24.72
2026-06-28, 17:35:25, 1175000000, 1176000000, 1000000.00, 1, -24.61, -24.61
2026-06-28, 17:35:25, 1176000000, 1177000000, 1000000.00, 1, -24.63, -24.63
2026-06-28, 17:35:25, 1177000000, 1178000000, 1000000.00, 1, -24.58, -24.58
2026-06-28, 17:35:25, 1178000000, 1179000000, 1000000.00, 1, -24.56, -24.56
2026-06-28, 17:35:25, 1179000000, 1180000000, 1000000.00, 1, -24.57, -24.57
2026-06-28, 17:35:25, 1180000000, 1181000000, 1000000.00, 1, -24.70, -24.70
2026-06-28, 17:35:25, 1181000000, 1182000000, 1000000.00, 1, -24.66, -24.66
2026-06-28, 17:35:25, 1182000000, 1183000000, 1000000.00, 1, -24.70, -24.70
2026-06-28, 17:35:25, 1183000000, 1184000000, 1000000.00, 1, -24.61, -24.61
2026-06-28, 17:35:25, 1184000000, 1185000000, 1000000.00, 1, -24.57, -24.57
2026-06-28, 17:35:25, 1185000000, 1186000000, 1000000.00, 1, -24.48, -24.48
2026-06-28, 17:35:25, 1186000000, 1187000000, 1000000.00, 1, -24.58, -24.58
2026-06-28, 17:35:25, 1187000000, 1188000000, 1000000.00, 1, -24.72, -24.72
2026-06-28, 17:35:25, 1188000000, 1189000000, 1000000.00, 1, -24.65, -24.65
2026-06-28, 17:35:25, 1189000000, 1190000000, 1000000.00, 1, -24.59, -24.59
2026-06-28, 17:35:25, 1190000000, 1191000000, 1000000.00, 1, -24.60, -24.60
2026-06-28, 17:35:25, 1191000000, 1192000000, 1000000.00, 1, -24.64, -24.64
2026-06-28, 17:35:25, 1192000000, 1193000000, 1000000.00, 1, -24.48, -24.48
2026-06-28, 17:35:25, 1193000000, 1194000000, 1000000.00, 1, -24.65, -24.65
2026-06-28, 17:35:25, 1194000000, 1195000000, 1000000.00, 1, -24.67, -24.67
2026-06-28, 17:35:25, 1195000000, 1196000000, 1000000.00, 1, -24.64, -24.64
2026-06-28, 17:35:25, 1196000000, 1197000000, 1000000.00, 1, -24.56, -24.56
2026-06-28, 17:35:25, 1197000000, 1198000000, 1000000.00, 1, -24.54, -24.54
2026-06-28, 17:35:25, 1198000000, 1199000000, 1000000.00, 1, -24.53, -24.53
2026-06-28, 17:35:25, 1199000000, 1200000000, 1000000.00, 1, -24.69, -24.69
2026-06-28, 17:35:25, 1200000000, 1201000000, 1000000.00, 1, -24.64, -24.64
2026-06-28, 17:35:25, 1201000000, 1202000000, 1000000.00, 1, -24.68, -24.68
2026-06-28, 17:35:25, 1202000000, 1203000000, 1000000.00, 1, -24.63, -24.63
2026-06-28, 17:35:25, 1203000000, 1204000000, 1000000.00, 1, -24.59, -24.59
2026-06-28, 17:35:25, 1204000000, 1205000000, 1000000.00, 1, -24.58, -24.58
2026-06-28, 17:35:25, 1205000000, 1206000000, 1000000.00, 1, -24.49, -24.49
2026-06-28, 17:35:25, 1206000000, 1207000000, 1000000.00, 1, -24.67, -24.67
2026-06-28, 17:35:25, 1207000000, 1208000000, 1000000.00, 1, -24.65, -24.65
2026-06-28, 17:35:25, 1208000000, 1209000000, 1000000.00, 1, -24.54, -24.54
2026-06-28, 17:35:25, 1209000000, 1210000000, 1000000.00, 1, -24.55, -24.55
2026-06-28, 17:35:25, 1210000000, 1211000000, 1000000.00, 1, -24.52, -24.52
2026-06-28, 17:35:25, 1211000000, 1212000000, 1000000.00, 1, -24.61, -24.61
2026-06-28, 17:35:25, 1212000000, 1213000000, 1000000.00, 1, -24.70, -24.70
2026-06-28, 17:35:25, 1213000000, 1214000000, 1000000.00, 1, -24.61, -24.61
2026-06-28, 17:35:25, 1214000000, 1215000000, 1000000.00, 1, -24.65, -24.65
2026-06-28, 17:35:35, 960000000, 961000000, 1000000.00, 1, -24.58, -24.58
2026-06-28, 17:35:35, 961000000, 962000000, 1000000.00, 1, -24.62, -24.62
2026-06-28, 17:35:35, 962000000, 963000000, 1000000.00, 1, -24.57, -24.57
2026-06-28, 17:35:35, 963000000, 964000000, 1000000.00, 1, -24.71, -24.71
2026-06-28, 17:35:35, 964000000, 965000000, 1000000.00, 1, -24.70, -24.70
2026-06-28, 17:35:35, 965000000, 966000000, 1000000.00, 1, -24.68, -24.68
2026-06-28, 17:35:35, 966000000, 967000000, 1000000.00, 1, -24.60, -24.60
2026-06-28, 17:35:35, 967000000, 968000000, 1000000.00, 1, -24.62, -24.62
2026-06-28, 17:35:35, 968000000, 969000000, 1000000.00, 1, -24.54, -24.54
2026-06-28, 17:35:35, 969000000, 970000000, 1000000.00, 1, -24.54, -24.54
2026-06-28, 17:35:35, 970000000, 971000000, 1000000.00, 1, -24.64, -24.64
2026-06-28, 17:35:35, 971000000, 972000000, 1000000.00, 1, -24.62, -24.62
2026-06-28, 17:35:35, 972000000, 973000000, 1000000.00, 1, -24.61, -24.61
2026-06-28, 17:35:35, 973000000, 974000000, 1000000.00, 1, -24.59, -24.59
2026-06-28, 17:35:35, 974000000, 975000000, 1000000.00, 1, -24.59, -24.59
2026-06-28, 17:35:35, 975000000, 976000000, 1000000.00, 1, -24.50, -24.50
2026-06-28, 17:35:35, 976000000, 977000000, 1000000.00, 1, -24.64, -24.64
2026-06-28, 17:35:35, 977000000, 978000000, 1000000.00, 1, -24.68, -24.68
2026-06-28, 17:35:35, 978000000, 979000000, 1000000.00, 1, -24.67, -24.67
2026-06-28, 17:35:35, 979000000, 980000000, 1000000.00, 1, -24.57, -24.57
2026-06-28, 17:35:35, 980000000, 981000000, 1000000.00, 1, -24.53, -24.53
2026-06-28, 17:35:35, 981000000, 982000000, 1000000.00, 1, -24.54, -24.54
2026-06-28, 17:35:35, 982000000, 983000000, 1000000.00, 1, -24.75, -24.75
2026-06-28, 17:35:35, 983000000, 984000000, 1000000.00, 1, -24.71, -24.71
2026-06-28, 17:35:35, 984000000, 985000000, 1000000.00, 1, -24.61, -24.61
2026-06-28, 17:35:35, 985000000, 986000000, 1000000.00, 1, -24.56, -24.56
2026-06-28, 17:35:35, 986000000, 987000000, 1000000.00, 1, -24.59, -24.59
2026-06-28, 17:35:35, 987000000, 988000000, 1000000.00, 1, -24.51, -24.51
2026-06-28, 17:35:35, 988000000, 989000000, 1000000.00, 1, -24.60, -24.60
2026-06-28, 17:35:35, 989000000, 990000000, 1000000.00, 1, -24.68, -24.68
2026-06-28, 17:35:35, 990000000, 991000000, 1000000.00, 1, -24.63, -24.63
2026-06-28, 17:35:35, 991000000, 992000000, 1000000.00, 1, -24.57, -24.57
2026-06-28, 17:35:35, 992000000, 993000000, 1000000.00, 1, -24.58, -24.58
2026-06-28, 17:35:35, 993000000, 994000000, 1000000.00, 1, -24.61, -24.61
2026-06-28, 17:35:35, 994000000, 995000000, 1000000.00, 1, -24.59, -24.59
2026-06-28, 17:35:35, 995000000, 996000000, 1000000.00, 1, -24.71, -24.71
2026-06-28, 17:35:35, 996000000, 997000000, 1000000.00, 1, -24.70, -24.70
2026-06-28, 17:35:35, 997000000, 998000000, 1000000.00, 1, -24.58, -24.58
2026-06-28, 17:35:35, 998000000, 999000000, 1000000.00, 1, -24.63, -24.63
2026-06-28, 17:35:35, 999000000, 1000000000, 1000000.00, 1, -24.53, -24.53
2026-06-28, 17:35:35, 1000000000, 1001000000, 1000000.00, 1, -24.52, -24.52
2026-06-28, 17:35:35, 1001000000, 1002000000, 1000000.00, 1, -24.65, -24.65
2026-06-28, 17:35:35, 1002000000, 1003000000, 1000000.00, 1, -24.75, -24.75
2026-06-28, 17:35:35, 1003000000, 1004000000, 1000000.00, 1, -24.62, -24.62
2026-06-28, 17:35:35, 1004000000, 1005000000, 1000000.00, 1, -24.61, -24.61
2026-06-28, 17:35:35, 1005000000, 1006000000, 1000000.00, 1, -24.58, -24.58
2026-06-28, 17:35:35, 1006000000, 1007000000, 1000000.00, 1, -24.56, -24.56
2026-06-28, 17:35:35, 1007000000, 1008000000, 1000000.00, 1, -24.48, -24.48
2026-06-28, 17:35:35, 1008000000, 1009000000, 1000000.00, 1, -24.67, -24.67
2026-06-28, 17:35:35, 1009000000, 1010000000, 1000000.00, 1, -24.68, -24.68
2026-06-28, 17:35:35, 1010000000, 1011000000, 1000000.00, 1, -24.60, -24.60
2026-06-28, 17:35:35, 1011000000, 1012000000, 1000000.00, 1, -24.61, -24.61
2026-06-28, 17:35:35, 1012000000, 1013000000, 1000000.00, 1, -24.53, -24.53
2026-06-28, 17:35:35, 1013000000, 1014000000, 1000000.00, 1, -24.55, -24.55
2026-06-28, 17:35:35, 1014000000, 1015000000, 1000000.00, 1, -24.71, -24.71
2026-06-28, 17:35:35, 1015000000, 1016000000, 1000000.00, 1, -24.66, -24.66
2026-06-28, 17:35:35, 1016000000, 1017000000, 1000000.00, 1, -24.66, -24.66
2026-06-28, 17:35:35, 1017000000, 1018000000, 1000000.00, 1, -24.52, -24.52
2026-06-28, 17:35:35, 1018000000, 1019000000, 1000000.00, 1, -24.55, -24.55
2026-06-28, 17:35:35, 1019000000, 1020000000, 1000000.00, 1, -24.54, -24.54
2026-06-28, 17:35:35, 1020000000, 1021000000, 1000000.00, 1, -24.61, -24.61
2026-06-28, 17:35:35, 1021000000, 1022000000, 1000000.00, 1, -24.68, -24.68
2026-06-28, 17:35:35, 1022000000, 1023000000, 1000000.00, 1, -24.62, -24.62
2026-06-28, 17:35:35, 1023000000, 1024000000, 1000000.00, 1, -24.60, -24.60
2026-06-28, 17:35:35, 1024000000, 1025000000, 1000000.00, 1, -24.56, -24.56
2026-06-28, 17:35:35, 1025000000, 1026000000, 1000000.00, 1, -24.52, -24.52
2026-06-28, 17:35:35, 1026000000, 1027000000, 1000000.00, 1, -24.51, -24.51
2026-06-28, 17:35:35, 1027000000, 1028000000, 1000000.00, 1, -24.70, -24.70
2026-06-28, 17:35:35, 1028000000, 1029000000, 1000000.00, 1, -24.65, -24.65
2026-06-28, 17:35:35, 1029000000, 1030000000, 1000000.00, 1, -24.59, -24.59
2026-06-28, 17:35:35, 1030000000, 1031000000, 1000000.00, 1, -24.63, -24.63
2026-06-28, 17:35:35, 1031000000, 1032000000, 1000000.00, 1, -24.58, -24.58
2026-06-28, 17:35:35, 1032000000, 1033000000, 1000000.00, 1, -24.53, -24.53
2026-06-28, 17:35:35, 1033000000, 1034000000, 1000000.00, 1, -24.68, -24.68
2026-06-28, 17:35:35, 1034000000, 1035000000, 1000000.00, 1, -24.69, -24.69
2026-06-28, 17:35:35, 1035000000, 1036000000, 1000000.00, 1, -24.62, -24.62
2026-06-28, 17:35:35, 1036000000, 1037000000, 1000000.00, 1, -24.57, -24.57
2026-06-28, 17:35:35, 1037000000, 1038000000, 1000000.00, 1, -24.59, -24.59
2026-06-28, 17:35:35, 1038000000, 1039000000, 1000000.00, 1, -24.55, -24.55
2026-06-28, 17:35:35, 1039000000, 1040000000, 1000000.00, 1, -24.54, -24.54
2026-06-28, 17:35:35, 1040000000, 1041000000, 1000000.00, 1, -24.64, -24.64
2026-06-28, 17:35:35, 1041000000, 1042000000, 1000000.00, 1, -24.66, -24.66
2026-06-28, 17:35:35, 1042000000, 1043000000, 1000000.00, 1, -24.63, -24.63
2026-06-28, 17:35:35, 1043000000, 1044000000, 1000000.00, 1, -24.62, -24.62
2026-06-28, 17:35:35, 1044000000, 1045000000, 1000000.00, 1, -24.54, -24.54
2026-06-28, 17:35:35, 1045000000, 1046000000, 1000000.00, 1, -24.52, -24.52
2026-06-28, 17:35:35, 1046000000, 1047000000, 1000000.00, 1, -24.65, -24.65
2026-06-28, 17:35:35, 1047000000, 1048000000, 1000000.00, 1, -24.66, -24.66
2026-06-28, 17:35:35, 1048000000, 1049000000, 1000000.00, 1, -24.58, -24.58
2026-06-28, 17:35:35, 1049000000, 1050000000, 1000000.00, 1, -24.56, -24.56
2026-06-28, 17:35:35, 1050000000, 1051000000, 1000000.00, 1, -24.60, -24.60
2026-06-28, 17:35:35, 1051000000, 1052000000, 1000000.00, 1, -24.53, -24.53
2026-06-28, 17:35:35, 1052000000, 1053000000, 1000000.00, 1, -24.68, -24.68
2026-06-28, 17:35:35, 1053000000, 1054000000, 1000000.00, 1, -24.68, -24.68
2026-06-28, 17:35:35, 1054000000, 1055000000, 1000000.00, 1, -24.58, -24.58
2026-06-28, 17:35:35, 1055000000, 1056000000, 1000000.00, 1, -24.64, -24.64
2026-06-28, 17:35:35, 1056000000, 1057000000, 1000000.00, 1, -24.55, -24.55
2026-06-28, 17:35:35, 1057000000, 1058000000, 1000000.00, 1, -24.55, -24.55
2026-06-28, 17:35:35, 1058000000, 1059000000, 1000000.00, 1, -24.50, -24.50
2026-06-28, 17:35:35, 1059000000, 1060000000, 1000000.00, 1, -24.70, -24.70
2026-06-28, 17:35:35, 1060000000, 1061000000, 1000000.00, 1, -24.63, -24.63
2026-06-28, 17:35:35, 1061000000, 1062000000, 1000000.00, 1, -24.58, -24.58
2026-06-28, 17:35:35, 1062000000, 1063000000, 1000000.00, 1, -24.53, -24.53
2026-06-28, 17:35:35, 1063000000, 1064000000, 1000000.00, 1, -24.57, -24.57
2026-06-28, 17:35:35, 1064000000, 1065000000, 1000000.00, 1, -24.54, -24.54
2026-06-28, 17:35:35, 1065000000, 1066000000, 1000000.00, 1, -24.70, -24.70
2026-06-28, 17:35:35, 1066000000, 1067000000, 1000000.00, 1, -24.72, -24.72
2026-06-28, 17:35:35, 1067000000, 1068000000, 1000000.00, 1, -24.65, -24.65
2026-06-28, 17:35:35, 1068000000, 1069000000, 1000000.00, 1, -24.58, -24.58
2026-06-28, 17:35:35, 1069000000, 1070000000, 1000000.00, 1, -24.60, -24.60
2026-06-28, 17:35:35, 1070000000, 1071000000, 1000000.00, 1, -24.52, -24.52
2026-06-28, 17:35:35, 1071000000, 1072000000, 1000000.00, 1, -24.65, -24.65
2026-06-28, 17:35:35, 1072000000, 1073000000, 1000000.00, 1, -24.75, -24.75
2026-06-28, 17:35:35, 1073000000, 1074000000, 1000000.00, 1, -24.67, -24.67
2026-06-28, 17:35:35, 1074000000, 1075000000, 1000000.00, 1, -24.59, -24.59
2026-06-28, 17:35:35, 1075000000, 1076000000, 1000000.00, 1, -24.62, -24.62
2026-06-28, 17:35:35, 1076000000, 1077000000, 1000000.00, 1, -24.56, -24.56
2026-06-28, 17:35:35, 1077000000, 1078000000, 1000000.00, 1, -24.56, -24.56
2026-06-28, 17:35:35, 1078000000, 1079000000, 1000000.00, 1, -24.69, -24.69
2026-06-28, 17:35:35, 1079000000, 1080000000, 1000000.00, 1, -24.62, -24.62
2026-06-28, 17:35:35, 1080000000, 1081000000, 1000000.00, 1, -24.64, -24.64
2026-06-28, 17:35:35, 1081000000, 1082000000, 1000000.00, 1, -24.61, -24.61
2026-06-28, 17:35:35, 1082000000, 1083000000, 1000000.00, 1, -24.58, -24.58
2026-06-28, 17:35:35, 1083000000, 1084000000, 1000000.00, 1, -24.56, -24.56
2026-06-28, 17:35:35, 1084000000, 1085000000, 1000000.00, 1, -24.68, -24.68
2026-06-28, 17:35:35, 1085000000, 1086000000, 1000000.00, 1, -24.65, -24.65
2026-06-28, 17:35:35, 1086000000, 1087000000, 1000000.00, 1, -24.61, -24.61
2026-06-28, 17:35:35, 1087000000, 1088000000, 1000000.00, 1, -24.60, -24.60
2026-06-28, 17:35:35, 1088000000, 1089000000, 1000000.00, 1, -24.57, -24.57
2026-06-28, 17:35:35, 1089000000, 1090000000, 1000000.00, 1, -24.51, -24.51
2026-06-28, 17:35:35, 1090000000, 1091000000, 1000000.00, 1, -24.70, -24.70
2026-06-28, 17:35:35, 1091000000, 1092000000, 1000000.00, 1, -24.64, -24.64
2026-06-28, 17:35:35, 1092000000, 1093000000, 1000000.00, 1, -24.66, -24.66
2026-06-28, 17:35:35, 1093000000, 1094000000, 1000000.00, 1, -24.59, -24.59
2026-06-28, 17:35:35, 1094000000, 1095000000, 1000000.00, 1, -24.56, -24.56
2026-06-28, 17:35:35, 1095000000, 1096000000, 1000000.00, 1, -24.53, -24.53
2026-06-28, 17:35:35, 1096000000, 1097000000, 1000000.00, 1, -24.57, -24.57
2026-06-28, 17:35:35, 1097000000, 1098000000, 1000000.00, 1, -24.72, -24.72
2026-06-28, 17:35:35, 1098000000, 1099000000, 1000000.00, 1, -24.63, -24.63
2026-06-28, 17:35:35, 1099000000, 1100000000, 1000000.00, 1, -24.58, -24.58
2026-06-28, 17:35:35, 1100000000, 1101000000, 1000000.00, 1, -24.63, -24.63
2026-06-28, 17:35:35, 1101000000, 1102000000, 1000000.00, 1, -24.58, -24.58
2026-06-28, 17:35:35, 1102000000, 1103000000, 1000000.00, 1, -24.52, -24.52
2026-06-28, 17:35:35, 1103000000, 1104000000, 1000000.00, 1, -24.66, -24.66
2026-06-28, 17:35:35, 1104000000, 1105000000, 1000000.00, 1, -24.70, -24.70
2026-06-28, 17:35:35, 1105000000, 1106000000, 1000000.00, 1, -24.65, -24.65
2026-06-28, 17:35:35, 1106000000, 1107000000, 1000000.00, 1, -24.59, -24.59
2026-06-28, 17:35:35, 1107000000, 1108000000, 1000000.00, 1, -24.60, -24.60
2026-06-28, 17:35:35, 1108000000, 1109000000, 1000000.00, 1, -24.53, -24.53
2026-06-28, 17:35:35, 1109000000, 1110000000, 1000000.00, 1, -24.66, -24.66
2026-06-28, 17:35:35, 1110000000, 1111000000, 1000000.00, 1, -24.66, -24.66
2026-06-28, 17:35:35, 1111000000, 1112000000, 1000000.00, 1, -24.65, -24.65
2026-06-28, 17:35:35, 1112000000, 1113000000, 1000000.00, 1, -24.61, -24.61
2026-06-28, 17:35:35, 1113000000, 1114000000, 1000000.00, 1, -24.61, -24.61
2026-06-28, 17:35:35, 1114000000, 1115000000, 1000000.00, 1, -24.60, -24.60
2026-06-28, 17:35:35, 1115000000, 1116000000, 1000000.00, 1, -24.49, -24.49
2026-06-28, 17:35:35, 1116000000, 1117000000, 1000000.00, 1, -24.64, -24.64
2026-06-28, 17:35:35, 1117000000, 1118000000, 1000000.00, 1, -24.63, -24.63
2026-06-28, 17:35:35, 1118000000, 1119000000, 1000000.00, 1, -24.60, -24.60
2026-06-28, 17:35:35, 1119000000, 1120000000, 1000000.00, 1, -24.59, -24.59
2026-06-28, 17:35:35, 1120000000, 1121000000, 1000000.00, 1, -24.57, -24.57
2026-06-28, 17:35:35, 1121000000, 1122000000, 1000000.00, 1, -24.54, -24.54
2026-06-28, 17:35:35, 1122000000, 1123000000, 1000000.00, 1, -24.68, -24.68
2026-06-28, 17:35:35, 1123000000, 1124000000, 1000000.00, 1, -24.64, -24.64
2026-06-28, 17:35:35, 1124000000, 1125000000, 1000000.00, 1, -24.64, -24.64
2026-06-28, 17:35:35, 1125000000, 1126000000, 1000000.00, 1, -24.64, -24.64
2026-06-28, 17:35:35, 1126000000, 1127000000, 1000000.00, 1, -24.58, -24.58
2026-06-28, 17:35:35, 1127000000, 1128000000, 1000000.00, 1, -24.51, -24.51
2026-06-28, 17:35:35, 1128000000, 1129000000, 1000000.00, 1, -24.65, -24.65
2026-06-28, 17:35:35, 1129000000, 1130000000, 1000000.00, 1, -24.66, -24.66
2026-06-28, 17:35:35, 1130000000, 1131000000, 1000000.00, 1, -24.58, -24.58
2026-06-28, 17:35:35, 1131000000, 1132000000, 1000000.00, 1, -24.57, -24.57
2026-06-28, 17:35:35, 1132000000, 1133000000, 1000000.00, 1, -24.62, -24.62
2026-06-28, 17:35:35, 1133000000, 1134000000, 1000000.00, 1, -24.49, -24.49
2026-06-28, 17:35:35, 1134000000, 1135000000, 1000000.00, 1, -24.55, -24.55
2026-06-28, 17:35:35, 1135000000, 1136000000, 1000000.00, 1, -24.69, -24.69
2026-06-28, 17:35:35, 1136000000, 1137000000, 1000000.00, 1, -24.72, -24.72
2026-06-28, 17:35:35, 1137000000, 1138000000, 1000000.00, 1, -24.62, -24.62
2026-06-28, 17:35:35, 1138000000, 1139000000, 1000000.00, 1, -24.62, -24.62
2026-06-28, 17:35:35, 1139000000, 1140000000, 1000000.00, 1, -24.55, -24.55
2026-06-28, 17:35:35, 1140000000, 1141000000, 1000000.00, 1, -24.57, -24.57
2026-06-28, 17:35:35, 1141000000, 1142000000, 1000000.00, 1, -24.74, -24.74
2026-06-28, 17:35:35, 1142000000, 1143000000, 1000000.00, 1, -24.67, -24.67
2026-06-28, 17:35:35, 1143000000, 1144000000, 1000000.00, 1, -24.59, -24.59
2026-06-28, 17:35:35, 1144000000, 1145000000, 1000000.00, 1, -24.59, -24.59
2026-06-28, 17:35:35, 1145000000, 1146000000, 1000000.00, 1, -24.59, -24.59
2026-06-28, 17:35:35, 1146000000, 1147000000, 1000000.00, 1, -24.55, -24.55
2026-06-28, 17:35:35, 1147000000, 1148000000, 1000000.00, 1, -24.51, -24.51
2026-06-28, 17:35:35, 1148000000, 1149000000, 1000000.00, 1, -24.67, -24.67
2026-06-28, 17:35:35, 1149000000, 1150000000, 1000000.00, 1, -24.65, -24.65
2026-06-28, 17:35:35, 1150000000, 1151000000, 1000000.00, 1, -24.59, -24.59
2026-06-28, 17:35:35, 1151000000, 1152000000, 1000000.00, 1, -24.56, -24.56
2026-06-28, 17:35:35, 1152000000, 1153000000, 1000000.00, 1, -24.55, -24.55
2026-06-28, 17:35:35, 1153000000, 1154000000, 1000000.00, 1, -24.56, -24.56
2026-06-28, 17:35:35, 1154000000, 1155000000, 1000000.00, 1, -24.69, -24.69
2026-06-28, 17:35:35, 1155000000, 1156000000, 1000000.00, 1, -24.69, -24.69
2026-06-28, 17:35:35, 1156000000, 1157000000, 1000000.00, 1, -24.61, -24.61
2026-06-28, 17:35:35, 1157000000, 1158000000, 1000000.00, 1, -24.58, -24.58
2026-06-28, 17:35:35, 1158000000, 1159000000, 1000000.00, 1, -24.50, -24.50
2026-06-28, 17:35:35, 1159000000, 1160000000, 1000000.00, 1, -24.56, -24.56
2026-06-28, 17:35:35, 1160000000, 1161000000, 1000000.00, 1, -24.69, -24.69
2026-06-28, 17:35:35, 1161000000, 1162000000, 1000000.00, 1, -24.71, -24.71
2026-06-28, 17:35:35, 1162000000, 1163000000, 1000000.00, 1, -24.67, -24.67
2026-06-28, 17:35:35, 1163000000, 1164000000, 1000000.00, 1, -24.59, -24.59
2026-06-28, 17:35:35, 1164000000, 1165000000, 1000000.00, 1, -24.52, -24.52
2026-06-28, 17:35:35, 1165000000, 1166000000, 1000000.00, 1, -24.55, -24.55
2026-06-28, 17:35:35, 1166000000, 1167000000, 1000000.00, 1, -24.52, -24.52
2026-06-28, 17:35:35, 1167000000, 1168000000, 1000000.00, 1, -24.68, -24.68
2026-06-28, 17:35:35, 1168000000, 1169000000, 1000000.00, 1, -24.63, -24.63
2026-06-28, 17:35:35, 1169000000, 1170000000, 1000000.00, 1, -24.68, -24.68
2026-06-28, 17:35:35, 1170000000, 1171000000, 1000000.00, 1, -24.62, -24.62
2026-06-28, 17:35:35, 1171000000, 1172000000, 1000000.00, 1, -24.57, -24.57
2026-06-28, 17:35:35, 1172000000, 1173000000, 1000000.00, 1, -24.54, -24.54
2026-06-28, 17:35:35, 1173000000, 1174000000, 1000000.00, 1, -24.70, -24.70
2026-06-28, 17:35:35, 1174000000, 1175000000, 1000000.00, 1, -24.69, -24.69
2026-06-28, 17:35:35, 1175000000, 1176000000, 1000000.00, 1, -24.60, -24.60
2026-06-28, 17:35:35, 1176000000, 1177000000, 1000000.00, 1, -24.56, -24.56
2026-06-28, 17:35:35, 1177000000, 1178000000, 1000000.00, 1, -24.59, -24.59
2026-06-28, 17:35:35, 1178000000, 1179000000, 1000000.00, 1, -24.54, -24.54
2026-06-28, 17:35:35, 1179000000, 1180000000, 1000000.00, 1, -24.70, -24.70
2026-06-28, 17:35:35, 1180000000, 1181000000, 1000000.00, 1, -24.66, -24.66
2026-06-28, 17:35:35, 1181000000, 1182000000, 1000000.00, 1, -24.64, -24.64
2026-06-28, 17:35:35, 1182000000, 1183000000, 1000000.00, 1, -24.59, -24.59
2026-06-28, 17:35:35, 1183000000, 1184000000, 1000000.00, 1, -24.57, -24.57
2026-06-28, 17:35:35, 1184000000, 1185000000, 1000000.00, 1, -24.55, -24.55
2026-06-28, 17:35:35, 1185000000, 1186000000, 1000000.00, 1, -24.51, -24.51
2026-06-28, 17:35:35, 1186000000, 1187000000, 1000000.00, 1, -24.71, -24.71
2026-06-28, 17:35:35, 1187000000, 1188000000, 1000000.00, 1, -24.66, -24.66
2026-06-28, 17:35:35, 1188000000, 1189000000, 1000000.00, 1, -24.64, -24.64
2026-06-28, 17:35:35, 1189000000, 1190000000, 1000000.00, 1, -24.55, -24.55
2026-06-28, 17:35:35, 1190000000, 1191000000, 1000000.00, 1, -24.53, -24.53
2026-06-28, 17:35:35, 1191000000, 1192000000, 1000000.00, 1, -24.50, -24.50
2026-06-28, 17:35:35, 1192000000, 1193000000, 1000000.00, 1, -24.69, -24.69
2026-06-28, 17:35:35, 1193000000, 1194000000, 1000000.00, 1, -24.65, -24.65
2026-06-28, 17:35:35, 1194000000, 1195000000, 1000000.00, 1, -24.60, -24.60
2026-06-28, 17:35:35, 1195000000, 1196000000, 1000000.00, 1, -24.55, -24.55
2026-06-28, 17:35:35, 1196000000, 1197000000, 1000000.00, 1, -24.61, -24.61
2026-06-28, 17:35:35, 1197000000, 1198000000, 1000000.00, 1, -24.52, -24.52
2026-06-28, 17:35:35, 1198000000, 1199000000, 1000000.00, 1, -24.67, -24.67
2026-06-28, 17:35:35, 1199000000, 1200000000, 1000000.00, 1, -24.74, -24.74
2026-06-28, 17:35:35, 1200000000, 1201000000, 1000000.00, 1, -24.68, -24.68
2026-06-28, 17:35:35, 1201000000, 1202000000, 1000000.00, 1, -24.61, -24.61
2026-06-28, 17:35:35, 1202000000, 1203000000, 1000000.00, 1, -24.58, -24.58
2026-06-28, 17:35:35, 1203000000, 1204000000, 1000000.00, 1, -24.52, -24.52
2026-06-28, 17:35:35, 1204000000, 1205000000, 1000000.00, 1, -24.50, -24.50
2026-06-28, 17:35:35, 1205000000, 1206000000, 1000000.00, 1, -24.71, -24.71
2026-06-28, 17:35:35, 1206000000, 1207000000, 1000000.00, 1, -24.59, -24.59
2026-06-28, 17:35:35, 1207000000, 1208000000, 1000000.00, 1, -24.62, -24.62
2026-06-28, 17:35:35, 1208000000, 1209000000, 1000000.00, 1, -24.64, -24.64
2026-06-28, 17:35:35, 1209000000, 1210000000, 1000000.00, 1, -24.56, -24.56
2026-06-28, 17:35:35, 1210000000, 1211000000, 1000000.00, 1, -24.52, -24.52
2026-06-28, 17:35:35, 1211000000, 1212000000, 1000000.00, 1, -24.72, -24.72
2026-06-28, 17:35:35, 1212000000, 1213000000, 1000000.00, 1, -24.67, -24.67
2026-06-28, 17:35:35, 1213000000, 1214000000, 1000000.00, 1, -24.54, -24.54
2026-06-28, 17:35:35, 1214000000, 1215000000, 1000000.00, 1, -24.60, -24.60
2026-06-28, 17:35:46, 960000000, 961000000, 1000000.00, 1, -24.63, -24.63
2026-06-28, 17:35:46, 961000000, 962000000, 1000000.00, 1, -24.51, -24.51
2026-06-28, 17:35:46, 962000000, 963000000, 1000000.00, 1, -24.65, -24.65
2026-06-28, 17:35:46, 963000000, 964000000, 1000000.00, 1, -24.80, -24.80
2026-06-28, 17:35:46, 964000000, 965000000, 1000000.00, 1, -24.69, -24.69
2026-06-28, 17:35:46, 965000000, 966000000, 1000000.00, 1, -24.65, -24.65
2026-06-28, 17:35:46, 966000000, 967000000, 1000000.00, 1, -24.55, -24.55
2026-06-28, 17:35:46, 967000000, 968000000, 1000000.00, 1, -24.56, -24.56
2026-06-28, 17:35:46, 968000000, 969000000, 1000000.00, 1, -24.55, -24.55
2026-06-28, 17:35:46, 969000000, 970000000, 1000000.00, 1, -24.70, -24.70
2026-06-28, 17:35:46, 970000000, 971000000, 1000000.00, 1, -24.57, -24.57
2026-06-28, 17:35:46, 971000000, 972000000, 1000000.00, 1, -24.64, -24.64
2026-06-28, 17:35:46, 972000000, 973000000, 1000000.00, 1, -24.57, -24.57
2026-06-28, 17:35:46, 973000000, 974000000, 1000000.00, 1, -24.56, -24.56
2026-06-28, 17:35:46, 974000000, 975000000, 1000000.00, 1, -24.56, -24.56
2026-06-28, 17:35:46, 975000000, 976000000, 1000000.00, 1, -24.70, -24.70
2026-06-28, 17:35:46, 976000000, 977000000, 1000000.00, 1, -24.68, -24.68
2026-06-28, 17:35:46, 977000000, 978000000, 1000000.00, 1, -24.67, -24.67
2026-06-28, 17:35:46, 978000000, 979000000, 1000000.00, 1, -24.61, -24.61
2026-06-28, 17:35:46, 979000000, 980000000, 1000000.00, 1, -24.51, -24.51
2026-06-28, 17:35:46, 980000000, 981000000, 1000000.00, 1, -24.48, -24.48
2026-06-28, 17:35:46, 981000000, 982000000, 1000000.00, 1, -24.65, -24.65
2026-06-28, 17:35:46, 982000000, 983000000, 1000000.00, 1, -24.70, -24.70
2026-06-28, 17:35:46, 983000000, 984000000, 1000000.00, 1, -24.66, -24.66
2026-06-28, 17:35:46, 984000000, 985000000, 1000000.00, 1, -24.61, -24.61
2026-06-28, 17:35:46, 985000000, 986000000, 1000000.00, 1, -24.57, -24.57
2026-06-28, 17:35:46, 986000000, 987000000, 1000000.00, 1, -24.58, -24.58
2026-06-28, 17:35:46, 987000000, 988000000, 1000000.00, 1, -24.60, -24.60
2026-06-28, 17:35:46, 988000000, 989000000, 1000000.00, 1, -24.71, -24.71
2026-06-28, 17:35:46, 989000000, 990000000, 1000000.00, 1, -24.63, -24.63
2026-06-28, 17:35:46, 990000000, 991000000, 1000000.00, 1, -24.66, -24.66
2026-06-28, 17:35:46, 991000000, 992000000, 1000000.00, 1, -24.57, -24.57
2026-06-28, 17:35:46, 992000000, 993000000, 1000000.00, 1, -24.59, -24.59
2026-06-28, 17:35:46, 993000000, 994000000, 1000000.00, 1, -24.53, -24.53
2026-06-28, 17:35:46, 994000000, 995000000, 1000000.00, 1, -24.67, -24.67
2026-06-28, 17:35:46, 995000000, 996000000, 1000000.00, 1, -24.65, -24.65
2026-06-28, 17:35:46, 996000000, 997000000, 1000000.00, 1, -24.58, -24.58
2026-06-28, 17:35:46, 997000000, 998000000, 1000000.00, 1, -24.59, -24.59
2026-06-28, 17:35:46, 998000000, 999000000, 1000000.00, 1, -24.64, -24.64
2026-06-28, 17:35:46, 999000000, 1000000000, 1000000.00, 1, -24.49, -24.49
2026-06-28, 17:35:46, 1000000000, 1001000000, 1000000.00, 1, -24.54, -24.54
2026-06-28, 17:35:46, 1001000000, 1002000000, 1000000.00, 1, -24.71, -24.71
2026-06-28, 17:35:46, 1002000000, 1003000000, 1000000.00, 1, -24.60, -24.60
2026-06-28, 17:35:46, 1003000000, 1004000000, 1000000.00, 1, -24.57, -24.57
2026-06-28, 17:35:46, 1004000000, 1005000000, 1000000.00, 1, -24.54, -24.54
2026-06-28, 17:35:46, 1005000000, 1006000000, 1000000.00, 1, -24.55, -24.55
2026-06-28, 17:35:46, 1006000000, 1007000000, 1000000.00, 1, -24.52, -24.52
2026-06-28, 17:35:46, 1007000000, 1008000000, 1000000.00, 1, -24.71, -24.71
2026-06-28, 17:35:46, 1008000000, 1009000000, 1000000.00, 1, -24.65, -24.65
2026-06-28, 17:35:46, 1009000000, 1010000000, 1000000.00, 1, -24.68, -24.68
2026-06-28, 17:35:46, 1010000000, 1011000000, 1000000.00, 1, -24.57, -24.57
2026-06-28, 17:35:46, 1011000000, 1012000000, 1000000.00, 1, -24.60, -24.60
2026-06-28, 17:35:46, 1012000000, 1013000000, 1000000.00, 1, -24.55, -24.55
2026-06-28, 17:35:46, 1013000000, 1014000000, 1000000.00, 1, -24.76, -24.76
2026-06-28, 17:35:46, 1014000000, 1015000000, 1000000.00, 1, -24.69, -24.69
2026-06-28, 17:35:46, 1015000000, 1016000000, 1000000.00, 1, -24.62, -24.62
2026-06-28, 17:35:46, 1016000000, 1017000000, 1000000.00, 1, -24.64, -24.64
2026-06-28, 17:35:46, 1017000000, 1018000000, 1000000.00, 1, -24.57, -24.57
2026-06-28, 17:35:46, 1018000000, 1019000000, 1000000.00, 1, -24.56, -24.56
2026-06-28, 17:35:46, 1019000000, 1020000000, 1000000.00, 1, -24.47, -24.47
2026-06-28, 17:35:46, 1020000000, 1021000000, 1000000.00, 1, -24.71, -24.71
2026-06-28, 17:35:46, 1021000000, 1022000000, 1000000.00, 1, -24.71, -24.71
2026-06-28, 17:35:46, 1022000000, 1023000000, 1000000.00, 1, -24.65, -24.65
2026-06-28, 17:35:46, 1023000000, 1024000000, 1000000.00, 1, -24.56, -24.56
2026-06-28, 17:35:46, 1024000000, 1025000000, 1000000.00, 1, -24.59, -24.59
2026-06-28, 17:35:46, 1025000000, 1026000000, 1000000.00, 1, -24.54, -24.54
2026-06-28, 17:35:46, 1026000000, 1027000000, 1000000.00, 1, -24.64, -24.64
2026-06-28, 17:35:46, 1027000000, 1028000000, 1000000.00, 1, -24.66, -24.66
2026-06-28, 17:35:46, 1028000000, 1029000000, 1000000.00, 1, -24.64, -24.64
2026-06-28, 17:35:46, 1029000000, 1030000000, 1000000.00, 1, -24.56, -24.56
2026-06-28, 17:35:46, 1030000000, 1031000000, 1000000.00, 1, -24.61, -24.61
2026-06-28, 17:35:46, 1031000000, 1032000000, 1000000.00, 1, -24.55, -24.55
2026-06-28, 17:35:46, 1032000000, 1033000000, 1000000.00, 1, -24.68, -24.68
2026-06-28, 17:35:46, 1033000000, 1034000000, 1000000.00, 1, -24.69, -24.69
2026-06-28, 17:35:46, 1034000000, 1035000000, 1000000.00, 1, -24.59, -24.59
2026-06-28, 17:35:46, 1035000000, 1036000000, 1000000.00, 1, -24.63, -24.63
2026-06-28, 17:35:46, 1036000000, 1037000000, 1000000.00, 1, -24.54, -24.54
2026-06-28, 17:35:46, 1037000000, 1038000000, 1000000.00, 1, -24.57, -24.57
2026-06-28, 17:35:46, 1038000000, 1039000000, 1000000.00, 1, -24.50, -24.50
2026-06-28, 17:35:46, 1039000000, 1040000000, 1000000.00, 1, -24.63, -24.63
2026-06-28, 17:35:46, 1040000000, 1041000000, 1000000.00, 1, -24.70, -24.70
2026-06-28, 17:35:46, 1041000000, 1042000000, 1000000.00, 1, -24.65, -24.65
2026-06-28, 17:35:46, 1042000000, 1043000000, 1000000.00, 1, -24.56, -24.56
2026-06-28, 17:35:46, 1043000000, 1044000000, 1000000.00, 1, -24.57, -24.57
2026-06-28, 17:35:46, 1044000000, 1045000000, 1000000.00, 1, -24.55, -24.55
2026-06-28, 17:35:46, 1045000000, 1046000000, 1000000.00, 1, -24.68, -24.68
2026-06-28, 17:35:46, 1046000000, 1047000000, 1000000.00, 1, -24.70, -24.70
2026-06-28, 17:35:46, 1047000000, 1048000000, 1000000.00, 1, -24.62, -24.62
2026-06-28, 17:35:46, 1048000000, 1049000000, 1000000.00, 1, -24.60, -24.60
2026-06-28, 17:35:46, 1049000000, 1050000000, 1000000.00, 1, -24.60, -24.60
2026-06-28, 17:35:46, 1050000000, 1051000000, 1000000.00, 1, -24.54, -24.54
2026-06-28, 17:35:46, 1051000000, 1052000000, 1000000.00, 1, -24.64, -24.64
2026-06-28, 17:35:46, 1052000000, 1053000000, 1000000.00, 1, -24.68, -24.68
2026-06-28, 17:35:46, 1053000000, 1054000000, 1000000.00, 1, -24.61, -24.61
2026-06-28, 17:35:46, 1054000000, 1055000000, 1000000.00, 1, -24.63, -24.63
2026-06-28, 17:35:46, 1055000000, 1056000000, 1000000.00, 1, -24.57, -24.57
2026-06-28, 17:35:46, 1056000000, 1057000000, 1000000.00, 1, -24.56, -24.56
2026-06-28, 17:35:46, 1057000000, 1058000000, 1000000.00, 1, -24.51, -24.51
2026-06-28, 17:35:46, 1058000000, 1059000000, 1000000.00, 1, -24.72, -24.72
2026-06-28, 17:35:46, 1059000000, 1060000000, 1000000.00, 1, -24.63, -24.63
2026-06-28, 17:35:46, 1060000000, 1061000000, 1000000.00, 1, -24.66, -24.66
2026-06-28, 17:35:46, 1061000000, 1062000000, 1000000.00, 1, -24.61, -24.61
2026-06-28, 17:35:46, 1062000000, 1063000000, 1000000.00, 1, -24.58, -24.58
2026-06-28, 17:35:46, 1063000000, 1064000000, 1000000.00, 1, -24.61, -24.61
2026-06-28, 17:35:46, 1064000000, 1065000000, 1000000.00, 1, -24.75, -24.75
2026-06-28, 17:35:46, 1065000000, 1066000000, 1000000.00, 1, -24.66, -24.66
2026-06-28, 17:35:46, 1066000000, 1067000000, 1000000.00, 1, -24.65, -24.65
2026-06-28, 17:35:46, 1067000000, 1068000000, 1000000.00, 1, -24.56, -24.56
2026-06-28, 17:35:46, 1068000000, 1069000000, 1000000.00, 1, -24.58, -24.58
2026-06-28, 17:35:46, 1069000000, 1070000000, 1000000.00, 1, -24.51, -24.51
2026-06-28, 17:35:46, 1070000000, 1071000000, 1000000.00, 1, -24.63, -24.63
2026-06-28, 17:35:46, 1071000000, 1072000000, 1000000.00, 1, -24.65, -24.65
2026-06-28, 17:35:46, 1072000000, 1073000000, 1000000.00, 1, -24.65, -24.65
2026-06-28, 17:35:46, 1073000000, 1074000000, 1000000.00, 1, -24.62, -24.62
2026-06-28, 17:35:46, 1074000000, 1075000000, 1000000.00, 1, -24.55, -24.55
2026-06-28, 17:35:46, 1075000000, 1076000000, 1000000.00, 1, -24.56, -24.56
2026-06-28, 17:35:46, 1076000000, 1077000000, 1000000.00, 1, -24.49, -24.49
2026-06-28, 17:35:46, 1077000000, 1078000000, 1000000.00, 1, -24.67, -24.67
2026-06-28, 17:35:46, 1078000000, 1079000000, 1000000.00, 1, -24.71, -24.71
2026-06-28, 17:35:46, 1079000000, 1080000000, 1000000.00, 1, -24.64, -24.64
2026-06-28, 17:35:46, 1080000000, 1081000000, 1000000.00, 1, -24.59, -24.59
2026-06-28, 17:35:46, 1081000000, 1082000000, 1000000.00, 1, -24.57, -24.57
2026-06-28, 17:35:46, 1082000000, 1083000000, 1000000.00, 1, -24.50, -24.50
2026-06-28, 17:35:46, 1083000000, 1084000000, 1000000.00, 1, -24.75, -24.75
2026-06-28, 17:35:46, 1084000000, 1085000000, 1000000.00, 1, -24.66, -24.66
2026-06-28, 17:35:46, 1085000000, 1086000000, 1000000.00, 1, -24.63, -24.63
2026-06-28, 17:35:46, 1086000000, 1087000000, 1000000.00, 1, -24.61, -24.61
2026-06-28, 17:35:46, 1087000000, 1088000000, 1000000.00, 1, -24.53, -24.53
2026-06-28, 17:35:46, 1088000000, 1089000000, 1000000.00, 1, -24.55, -24.55
2026-06-28, 17:35:46, 1089000000, 1090000000, 1000000.00, 1, -24.59, -24.59
2026-06-28, 17:35:46, 1090000000, 1091000000, 1000000.00, 1, -24.64, -24.64
2026-06-28, 17:35:46, 1091000000, 1092000000, 1000000.00, 1, -24.64, -24.64
2026-06-28, 17:35:46, 1092000000, 1093000000, 1000000.00, 1, -24.64, -24.64
2026-06-28, 17:35:46, 1093000000, 1094000000, 1000000.00, 1, -24.56, -24.56
2026-06-28, 17:35:46, 1094000000, 1095000000, 1000000.00, 1, -24.56, -24.56
2026-06-28, 17:35:46, 1095000000, 1096000000, 1000000.00, 1, -24.54, -24.54
2026-06-28, 17:35:46, 1096000000, 1097000000, 1000000.00, 1, -24.73, -24.73
2026-06-28, 17:35:46, 1097000000, 1098000000, 1000000.00, 1, -24.64, -24.64
2026-06-28, 17:35:46, 1098000000, 1099000000, 1000000.00, 1, -24.67, -24.67
2026-06-28, 17:35:46, 1099000000, 1100000000, 1000000.00, 1, -24.59, -24.59
2026-06-28, 17:35:46, 1100000000, 1101000000, 1000000.00, 1, -24.58, -24.58
2026-06-28, 17:35:46, 1101000000, 1102000000, 1000000.00, 1, -24.52, -24.52
2026-06-28, 17:35:46, 1102000000, 1103000000, 1000000.00, 1, -24.68, -24.68
2026-06-28, 17:35:46, 1103000000, 1104000000, 1000000.00, 1, -24.69, -24.69
2026-06-28, 17:35:46, 1104000000, 1105000000, 1000000.00, 1, -24.67, -24.67
2026-06-28, 17:35:46, 1105000000, 1106000000, 1000000.00, 1, -24.65, -24.65
2026-06-28, 17:35:46, 1106000000, 1107000000, 1000000.00, 1, -24.58, -24.58
2026-06-28, 17:35:46, 1107000000, 1108000000, 1000000.00, 1, -24.55, -24.55
2026-06-28, 17:35:46, 1108000000, 1109000000, 1000000.00, 1, -24.51, -24.51
2026-06-28, 17:35:46, 1109000000, 1110000000, 1000000.00, 1, -24.67, -24.67
2026-06-28, 17:35:46, 1110000000, 1111000000, 1000000.00, 1, -24.62, -24.62
2026-06-28, 17:35:46, 1111000000, 1112000000, 1000000.00, 1, -24.62, -24.62
2026-06-28, 17:35:46, 1112000000, 1113000000, 1000000.00, 1, -24.61, -24.61
2026-06-28, 17:35:46, 1113000000, 1114000000, 1000000.00, 1, -24.57, -24.57
2026-06-28, 17:35:46, 1114000000, 1115000000, 1000000.00, 1, -24.52, -24.52
2026-06-28, 17:35:46, 1115000000, 1116000000, 1000000.00, 1, -24.68, -24.68
2026-06-28, 17:35:46, 1116000000, 1117000000, 1000000.00, 1, -24.65, -24.65
2026-06-28, 17:35:46, 1117000000, 1118000000, 1000000.00, 1, -24.60, -24.60
2026-06-28, 17:35:46, 1118000000, 1119000000, 1000000.00, 1, -24.66, -24.66
2026-06-28, 17:35:46, 1119000000, 1120000000, 1000000.00, 1, -24.57, -24.57
2026-06-28, 17:35:46, 1120000000, 1121000000, 1000000.00, 1, -24.52, -24.52
2026-06-28, 17:35:46, 1121000000, 1122000000, 1000000.00, 1, -24.64, -24.64
2026-06-28, 17:35:46, 1122000000, 1123000000, 1000000.00, 1, -24.71, -24.71
2026-06-28, 17:35:46, 1123000000, 1124000000, 1000000.00, 1, -24.66, -24.66
2026-06-28, 17:35:46, 1124000000, 1125000000, 1000000.00, 1, -24.59, -24.59
2026-06-28, 17:35:46, 1125000000, 1126000000, 1000000.00, 1, -24.56, -24.56
2026-06-28, 17:35:46, 1126000000, 1127000000, 1000000.00, 1, -24.49, -24.49
2026-06-28, 17:35:46, 1127000000, 1128000000, 1000000.00, 1, -24.52, -24.52
2026-06-28, 17:35:46, 1128000000, 1129000000, 1000000.00, 1, -24.63, -24.63
2026-06-28, 17:35:46, 1129000000, 1130000000, 1000000.00, 1, -24.64, -24.64
2026-06-28, 17:35:46, 1130000000, 1131000000, 1000000.00, 1, -24.58, -24.58
2026-06-28, 17:35:46, 1131000000, 1132000000, 1000000.00, 1, -24.56, -24.56
2026-06-28, 17:35:46, 1132000000, 1133000000, 1000000.00, 1, -24.55, -24.55
2026-06-28, 17:35:46, 1133000000, 1134000000, 1000000.00, 1, -24.59, -24.59
2026-06-28, 17:35:46, 1134000000, 1135000000, 1000000.00, 1, -24.68, -24.68
2026-06-28, 17:35:46, 1135000000, 1136000000, 1000000.00, 1, -24.65, -24.65
2026-06-28, 17:35:46, 1136000000, 1137000000, 1000000.00, 1, -24.63, -24.63
2026-06-28, 17:35:46, 1137000000, 1138000000, 1000000.00, 1, -24.62, -24.62
2026-06-28, 17:35:46, 1138000000, 1139000000, 1000000.00, 1, -24.50, -24.50
2026-06-28, 17:35:46, 1139000000, 1140000000, 1000000.00, 1, -24.57, -24.57
2026-06-28, 17:35:46, 1140000000, 1141000000, 1000000.00, 1, -24.66, -24.66
2026-06-28, 17:35:46, 1141000000, 1142000000, 1000000.00, 1, -24.76, -24.76
2026-06-28, 17:35:46, 1142000000, 1143000000, 1000000.00, 1, -24.68, -24.68
2026-06-28, 17:35:46, 1143000000, 1144000000, 1000000.00, 1, -24.62, -24.62
2026-06-28, 17:35:46, 1144000000, 1145000000, 1000000.00, 1, -24.65, -24.65
2026-06-28, 17:35:46, 1145000000, 1146000000, 1000000.00, 1, -24.57, -24.57
2026-06-28, 17:35:46, 1146000000, 1147000000, 1000000.00, 1, -24.58, -24.58
2026-06-28, 17:35:46, 1147000000, 1148000000, 1000000.00, 1, -24.59, -24.59
2026-06-28, 17:35:46, 1148000000, 1149000000, 1000000.00, 1, -24.63, -24.63
2026-06-28, 17:35:46, 1149000000, 1150000000, 1000000.00, 1, -24.58, -24.58
2026-06-28, 17:35:46, 1150000000, 1151000000, 1000000.00, 1, -24.59, -24.59
2026-06-28, 17:35:46, 1151000000, 1152000000, 1000000.00, 1, -24.63, -24.63
2026-06-28, 17:35:46, 1152000000, 1153000000, 1000000.00, 1, -24.59, -24.59
2026-06-28, 17:35:46, 1153000000, 1154000000, 1000000.00, 1, -24.71, -24.71
2026-06-28, 17:35:46, 1154000000, 1155000000, 1000000.00, 1, -24.70, -24.70
2026-06-28, 17:35:46, 1155000000, 1156000000, 1000000.00, 1, -24.63, -24.63
2026-06-28, 17:35:46, 1156000000, 1157000000, 1000000.00, 1, -24.59, -24.59
2026-06-28, 17:35:46, 1157000000, 1158000000, 1000000.00, 1, -24.53, -24.53
2026-06-28, 17:35:46, 1158000000, 1159000000, 1000000.00, 1, -24.55, -24.55
2026-06-28, 17:35:46, 1159000000, 1160000000, 1000000.00, 1, -24.65, -24.65
2026-06-28, 17:35:46, 1160000000, 1161000000, 1000000.00, 1, -24.66, -24.66
2026-06-28, 17:35:46, 1161000000, 1162000000, 1000000.00, 1, -24.64, -24.64
2026-06-28, 17:35:46, 1162000000, 1163000000, 1000000.00, 1, -24.67, -24.67
2026-06-28, 17:35:46, 1163000000, 1164000000, 1000000.00, 1, -24.59, -24.59
2026-06-28, 17:35:46, 1164000000, 1165000000, 1000000.00, 1, -24.57, -24.57
2026-06-28, 17:35:46, 1165000000, 1166000000, 1000000.00, 1, -24.55, -24.55
2026-06-28, 17:35:46, 1166000000, 1167000000, 1000000.00, 1, -24.65, -24.65
2026-06-28, 17:35:46, 1167000000, 1168000000, 1000000.00, 1, -24.63, -24.63
2026-06-28, 17:35:46, 1168000000, 1169000000, 1000000.00, 1, -24.57, -24.57
2026-06-28, 17:35:46, 1169000000, 1170000000, 1000000.00, 1, -24.65, -24.65
2026-06-28, 17:35:46, 1170000000, 1171000000, 1000000.00, 1, -24.57, -24.57
2026-06-28, 17:35:46, 1171000000, 1172000000, 1000000.00, 1, -24.54, -24.54
2026-06-28, 17:35:46, 1172000000, 1173000000, 1000000.00, 1, -24.76, -24.76
2026-06-28, 17:35:46, 1173000000, 1174000000, 1000000.00, 1, -24.65, -24.65
2026-06-28, 17:35:46, 1174000000, 1175000000, 1000000.00, 1, -24.63, -24.63
2026-06-28, 17:35:46, 1175000000, 1176000000, 1000000.00, 1, -24.63, -24.63
2026-06-28, 17:35:46, 1176000000, 1177000000, 1000000.00, 1, -24.51, -24.51
2026-06-28, 17:35:46, 1177000000, 1178000000, 1000000.00, 1, -24.58, -24.58
2026-06-28, 17:35:46, 1178000000, 1179000000, 1000000.00, 1, -24.53, -24.53
2026-06-28, 17:35:46, 1179000000, 1180000000, 1000000.00, 1, -24.72, -24.72
2026-06-28, 17:35:46, 1180000000, 1181000000, 1000000.00, 1, -24.62, -24.62
2026-06-28, 17:35:46, 1181000000, 1182000000, 1000000.00, 1, -24.59, -24.59
2026-06-28, 17:35:46, 1182000000, 1183000000, 1000000.00, 1, -24.59, -24.59
2026-06-28, 17:35:46, 1183000000, 1184000000, 1000000.00, 1, -24.53, -24.53
2026-06-28, 17:35:46, 1184000000, 1185000000, 1000000.00, 1, -24.56, -24.56
2026-06-28, 17:35:46, 1185000000, 1186000000, 1000000.00, 1, -24.66, -24.66
2026-06-28, 17:35:46, 1186000000, 1187000000, 1000000.00, 1, -24.70, -24.70
2026-06-28, 17:35:46, 1187000000, 1188000000, 1000000.00, 1, -24.58, -24.58
2026-06-28, 17:35:46, 1188000000, 1189000000, 1000000.00, 1, -24.56, -24.56
2026-06-28, 17:35:46, 1189000000, 1190000000, 1000000.00, 1, -24.52, -24.52
2026-06-28, 17:35:46, 1190000000, 1191000000, 1000000.00, 1, -24.58, -24.58
2026-06-28, 17:35:46, 1191000000, 1192000000, 1000000.00, 1, -24.65, -24.65
2026-06-28, 17:35:46, 1192000000, 1193000000, 1000000.00, 1, -24.70, -24.70
2026-06-28, 17:35:46, 1193000000, 1194000000, 1000000.00, 1, -24.62, -24.62
2026-06-28, 17:35:46, 1194000000, 1195000000, 1000000.00, 1, -24.62, -24.62
2026-06-28, 17:35:46, 1195000000, 1196000000, 1000000.00, 1, -24.60, -24.60
2026-06-28, 17:35:46, 1196000000, 1197000000, 1000000.00, 1, -24.55, -24.55
2026-06-28, 17:35:46, 1197000000, 1198000000, 1000000.00, 1, -24.50, -24.50
2026-06-28, 17:35:46, 1198000000, 1199000000, 1000000.00, 1, -24.67, -24.67
2026-06-28, 17:35:46, 1199000000, 1200000000, 1000000.00, 1, -24.63, -24.63
2026-06-28, 17:35:46, 1200000000, 1201000000, 1000000.00, 1, -24.61, -24.61
2026-06-28, 17:35:46, 1201000000, 1202000000, 1000000.00, 1, -24.60, -24.60
2026-06-28, 17:35:46, 1202000000, 1203000000, 1000000.00, 1, -24.64, -24.64
2026-06-28, 17:35:46, 1203000000, 1204000000, 1000000.00, 1, -24.57, -24.57
2026-06-28, 17:35:46, 1204000000, 1205000000, 1000000.00, 1, -24.68, -24.68
2026-06-28, 17:35:46, 1205000000, 1206000000, 1000000.00, 1, -24.68, -24.68
2026-06-28, 17:35:46, 1206000000, 1207000000, 1000000.00, 1, -24.67, -24.67
2026-06-28, 17:35:46, 1207000000, 1208000000, 1000000.00, 1, -24.63, -24.63
2026-06-28, 17:35:46, 1208000000, 1209000000, 1000000.00, 1, -24.52, -24.52
2026-06-28, 17:35:46, 1209000000, 1210000000, 1000000.00, 1, -24.54, -24.54
2026-06-28, 17:35:46, 1210000000, 1211000000, 1000000.00, 1, -24.73, -24.73
2026-06-28, 17:35:46, 1211000000, 1212000000, 1000000.00, 1, -24.65, -24.65
2026-06-28, 17:35:46, 1212000000, 1213000000, 1000000.00, 1, -24.60, -24.60
2026-06-28, 17:35:46, 1213000000, 1214000000, 1000000.00, 1, -24.57, -24.57
2026-06-28, 17:35:46, 1214000000, 1215000000, 1000000.00, 1, -24.59, -24.59
