2026-06-28, 18:16:30, 960000000, 961000000, 1000000.00, 1, -23.01, -23.01
2026-06-28, 18:16:30, 961000000, 962000000, 1000000.00, 1, -23.02, -23.02
2026-06-28, 18:16:30, 962000000, 963000000, 1000000.00, 1, -22.99, -22.99
2026-06-28, 18:16:30, 963000000, 964000000, 1000000.00, 1, -23.02, -23.02
2026-06-28, 18:16:30, 964000000, 965000000, 1000000.00, 1, -22.75, -22.75
2026-06-28, 18:16:30, 965000000, 966000000, 1000000.00, 1, -23.03, -23.03
2026-06-28, 18:16:30, 966000000, 967000000, 1000000.00, 1, -23.07, -23.07
2026-06-28, 18:16:30, 967000000, 968000000, 1000000.00, 1, -23.01, -23.01
2026-06-28, 18:16:30, 968000000, 969000000, 1000000.00, 1, -23.03, -23.03
2026-06-28, 18:16:30, 969000000, 970000000, 1000000.00, 1, -23.08, -23.08
2026-06-28, 18:16:30, 970000000, 971000000, 1000000.00, 1, -23.01, -23.01
2026-06-28, 18:16:30, 971000000, 972000000, 1000000.00, 1, -23.10, -23.10
2026-06-28, 18:16:30, 972000000, 973000000, 1000000.00, 1, -23.03, -23.03
2026-06-28, 18:16:30, 973000000, 974000000, 1000000.00, 1, -23.10, -23.10
2026-06-28, 18:16:30, 974000000, 975000000, 1000000.00, 1, -23.08, -23.08
2026-06-28, 18:16:30, 975000000, 976000000, 1000000.00, 1, -23.03, -23.03
2026-06-28, 18:16:30, 976000000, 977000000, 1000000.00, 1, -23.06, -23.06
2026-06-28, 18:16:30, 977000000, 978000000, 1000000.00, 1, -23.02, -23.02
2026-06-28, 18:16:30, 978000000, 979000000, 1000000.00, 1, -23.06, -23.06
2026-06-28, 18:16:30, 979000000, 980000000, 1000000.00, 1, -22.38, -22.38
2026-06-28, 18:16:30, 980000000, 981000000, 1000000.00, 1, -23.07, -23.07
2026-06-28, 18:16:30, 981000000, 982000000, 1000000.00, 1, -23.14, -23.14
2026-06-28, 18:16:30, 982000000, 983000000, 1000000.00, 1, -23.12, -23.12
2026-06-28, 18:16:30, 983000000, 984000000, 1000000.00, 1, -23.11, -23.11
2026-06-28, 18:16:30, 984000000, 985000000, 1000000.00, 1, -23.09, -23.09
2026-06-28, 18:16:30, 985000000, 986000000, 1000000.00, 1, -23.16, -23.16
2026-06-28, 18:16:30, 986000000, 987000000, 1000000.00, 1, -23.09, -23.09
2026-06-28, 18:16:30, 987000000, 988000000, 1000000.00, 1, -23.14, -23.14
2026-06-28, 18:16:30, 988000000, 989000000, 1000000.00, 1, -23.12, -23.12
2026-06-28, 18:16:30, 989000000, 990000000, 1000000.00, 1, -23.14, -23.14
2026-06-28, 18:16:30, 990000000, 991000000, 1000000.00, 1, -23.13, -23.13
2026-06-28, 18:16:30, 991000000, 992000000, 1000000.00, 1, -23.03, -23.03
2026-06-28, 18:16:30, 992000000, 993000000, 1000000.00, 1, -23.05, -23.05
2026-06-28, 18:16:30, 993000000, 994000000, 1000000.00, 1, -22.70, -22.70
2026-06-28, 18:16:30, 994000000, 995000000, 1000000.00, 1, -23.07, -23.07
2026-06-28, 18:16:30, 995000000, 996000000, 1000000.00, 1, -23.07, -23.07
2026-06-28, 18:16:30, 996000000, 997000000, 1000000.00, 1, -22.99, -22.99
2026-06-28, 18:16:30, 997000000, 998000000, 1000000.00, 1, -23.14, -23.14
2026-06-28, 18:16:30, 998000000, 999000000, 1000000.00, 1, -22.68, -22.68
2026-06-28, 18:16:30, 999000000, 1000000000, 1000000.00, 1, -22.33, -22.33
2026-06-28, 18:16:30, 1000000000, 1001000000, 1000000.00, 1, -23.09, -23.09
2026-06-28, 18:16:30, 1001000000, 1002000000, 1000000.00, 1, -23.01, -23.01
2026-06-28, 18:16:30, 1002000000, 1003000000, 1000000.00, 1, -23.09, -23.09
2026-06-28, 18:16:30, 1003000000, 1004000000, 1000000.00, 1, -23.01, -23.01
2026-06-28, 18:16:30, 1004000000, 1005000000, 1000000.00, 1, -23.01, -23.01
2026-06-28, 18:16:30, 1005000000, 1006000000, 1000000.00, 1, -22.99, -22.99
2026-06-28, 18:16:30, 1006000000, 1007000000, 1000000.00, 1, -22.94, -22.94
2026-06-28, 18:16:30, 1007000000, 1008000000, 1000000.00, 1, -22.67, -22.67
2026-06-28, 18:16:30, 1008000000, 1009000000, 1000000.00, 1, -22.60, -22.60
2026-06-28, 18:16:30, 1009000000, 1010000000, 1000000.00, 1, -22.88, -22.88
2026-06-28, 18:16:30, 1010000000, 1011000000, 1000000.00, 1, -22.80, -22.80
2026-06-28, 18:16:30, 1011000000, 1012000000, 1000000.00, 1, -22.61, -22.61
2026-06-28, 18:16:30, 1012000000, 1013000000, 1000000.00, 1, -22.69, -22.69
2026-06-28, 18:16:30, 1013000000, 1014000000, 1000000.00, 1, -22.48, -22.48
2026-06-28, 18:16:30, 1014000000, 1015000000, 1000000.00, 1, -22.40, -22.40
2026-06-28, 18:16:30, 1015000000, 1016000000, 1000000.00, 1, -22.36, -22.36
2026-06-28, 18:16:30, 1016000000, 1017000000, 1000000.00, 1, -22.08, -22.08
2026-06-28, 18:16:30, 1017000000, 1018000000, 1000000.00, 1, -21.85, -21.85
2026-06-28, 18:16:30, 1018000000, 1019000000, 1000000.00, 1, -21.76, -21.76
2026-06-28, 18:16:30, 1019000000, 1020000000, 1000000.00, 1, -21.49, -21.49
2026-06-28, 18:16:30, 1020000000, 1021000000, 1000000.00, 1, -21.46, -21.46
2026-06-28, 18:16:30, 1021000000, 1022000000, 1000000.00, 1, -21.25, -21.25
2026-06-28, 18:16:30, 1022000000, 1023000000, 1000000.00, 1, -19.90, -19.90
2026-06-28, 18:16:30, 1023000000, 1024000000, 1000000.00, 1, -21.31, -21.31
2026-06-28, 18:16:30, 1024000000, 1025000000, 1000000.00, 1, -21.24, -21.24
2026-06-28, 18:16:30, 1025000000, 1026000000, 1000000.00, 1, -21.38, -21.38
2026-06-28, 18:16:30, 1026000000, 1027000000, 1000000.00, 1, -21.53, -21.53
2026-06-28, 18:16:30, 1027000000, 1028000000, 1000000.00, 1, -21.79, -21.79
2026-06-28, 18:16:30, 1028000000, 1029000000, 1000000.00, 1, -21.89, -21.89
2026-06-28, 18:16:30, 1029000000, 1030000000, 1000000.00, 1, -22.06, -22.06
2026-06-28, 18:16:30, 1030000000, 1031000000, 1000000.00, 1, -22.28, -22.28
2026-06-28, 18:16:30, 1031000000, 1032000000, 1000000.00, 1, -22.37, -22.37
2026-06-28, 18:16:30, 1032000000, 1033000000, 1000000.00, 1, -22.46, -22.46
2026-06-28, 18:16:30, 1033000000, 1034000000, 1000000.00, 1, -22.50, -22.50
2026-06-28, 18:16:30, 1034000000, 1035000000, 1000000.00, 1, -22.65, -22.65
2026-06-28, 18:16:30, 1035000000, 1036000000, 1000000.00, 1, -22.73, -22.73
2026-06-28, 18:16:30, 1036000000, 1037000000, 1000000.00, 1, -22.44, -22.44
2026-06-28, 18:16:30, 1037000000, 1038000000, 1000000.00, 1, -22.74, -22.74
2026-06-28, 18:16:30, 1038000000, 1039000000, 1000000.00, 1, -22.81, -22.81
2026-06-28, 18:16:30, 1039000000, 1040000000, 1000000.00, 1, -22.81, -22.81
2026-06-28, 18:16:30, 1040000000, 1041000000, 1000000.00, 1, -22.86, -22.86
2026-06-28, 18:16:30, 1041000000, 1042000000, 1000000.00, 1, -22.88, -22.88
2026-06-28, 18:16:30, 1042000000, 1043000000, 1000000.00, 1, -22.93, -22.93
2026-06-28, 18:16:30, 1043000000, 1044000000, 1000000.00, 1, -22.92, -22.92
2026-06-28, 18:16:30, 1044000000, 1045000000, 1000000.00, 1, -22.99, -22.99
2026-06-28, 18:16:30, 1045000000, 1046000000, 1000000.00, 1, -22.96, -22.96
2026-06-28, 18:16:30, 1046000000, 1047000000, 1000000.00, 1, -22.88, -22.88
2026-06-28, 18:16:30, 1047000000, 1048000000, 1000000.00, 1, -22.96, -22.96
2026-06-28, 18:16:30, 1048000000, 1049000000, 1000000.00, 1, -22.94, -22.94
2026-06-28, 18:16:30, 1049000000, 1050000000, 1000000.00, 1, -23.05, -23.05
2026-06-28, 18:16:30, 1050000000, 1051000000, 1000000.00, 1, -22.93, -22.93
2026-06-28, 18:16:30, 1051000000, 1052000000, 1000000.00, 1, -22.91, -22.91
2026-06-28, 18:16:30, 1052000000, 1053000000, 1000000.00, 1, -23.06, -23.06
2026-06-28, 18:16:30, 1053000000, 1054000000, 1000000.00, 1, -22.96, -22.96
2026-06-28, 18:16:30, 1054000000, 1055000000, 1000000.00, 1, -23.05, -23.05
2026-06-28, 18:16:30, 1055000000, 1056000000, 1000000.00, 1, -23.15, -23.15
2026-06-28, 18:16:30, 1056000000, 1057000000, 1000000.00, 1, -23.15, -23.15
2026-06-28, 18:16:30, 1057000000, 1058000000, 1000000.00, 1, -23.12, -23.12
2026-06-28, 18:16:30, 1058000000, 1059000000, 1000000.00, 1, -23.15, -23.15
2026-06-28, 18:16:30, 1059000000, 1060000000, 1000000.00, 1, -23.10, -23.10
2026-06-28, 18:16:30, 1060000000, 1061000000, 1000000.00, 1, -23.12, -23.12
2026-06-28, 18:16:30, 1061000000, 1062000000, 1000000.00, 1, -23.12, -23.12
2026-06-28, 18:16:30, 1062000000, 1063000000, 1000000.00, 1, -23.09, -23.09
2026-06-28, 18:16:30, 1063000000, 1064000000, 1000000.00, 1, -23.11, -23.11
2026-06-28, 18:16:30, 1064000000, 1065000000, 1000000.00, 1, -23.07, -23.07
2026-06-28, 18:16:30, 1065000000, 1066000000, 1000000.00, 1, -23.02, -23.02
2026-06-28, 18:16:30, 1066000000, 1067000000, 1000000.00, 1, -22.79, -22.79
2026-06-28, 18:16:30, 1067000000, 1068000000, 1000000.00, 1, -22.53, -22.53
2026-06-28, 18:16:30, 1068000000, 1069000000, 1000000.00, 1, -22.55, -22.55
2026-06-28, 18:16:30, 1069000000, 1070000000, 1000000.00, 1, -22.38, -22.38
2026-06-28, 18:16:30, 1070000000, 1071000000, 1000000.00, 1, -22.36, -22.36
2026-06-28, 18:16:30, 1071000000, 1072000000, 1000000.00, 1, -22.37, -22.37
2026-06-28, 18:16:30, 1072000000, 1073000000, 1000000.00, 1, -22.42, -22.42
2026-06-28, 18:16:30, 1073000000, 1074000000, 1000000.00, 1, -22.30, -22.30
2026-06-28, 18:16:30, 1074000000, 1075000000, 1000000.00, 1, -22.24, -22.24
2026-06-28, 18:16:30, 1075000000, 1076000000, 1000000.00, 1, -22.18, -22.18
2026-06-28, 18:16:30, 1076000000, 1077000000, 1000000.00, 1, -22.42, -22.42
2026-06-28, 18:16:30, 1077000000, 1078000000, 1000000.00, 1, -22.49, -22.49
2026-06-28, 18:16:30, 1078000000, 1079000000, 1000000.00, 1, -22.61, -22.61
2026-06-28, 18:16:30, 1079000000, 1080000000, 1000000.00, 1, -21.81, -21.81
2026-06-28, 18:16:30, 1080000000, 1081000000, 1000000.00, 1, -21.95, -21.95
2026-06-28, 18:16:30, 1081000000, 1082000000, 1000000.00, 1, -21.60, -21.60
2026-06-28, 18:16:30, 1082000000, 1083000000, 1000000.00, 1, -21.48, -21.48
2026-06-28, 18:16:30, 1083000000, 1084000000, 1000000.00, 1, -21.51, -21.51
2026-06-28, 18:16:30, 1084000000, 1085000000, 1000000.00, 1, -21.72, -21.72
2026-06-28, 18:16:30, 1085000000, 1086000000, 1000000.00, 1, -22.24, -22.24
2026-06-28, 18:16:30, 1086000000, 1087000000, 1000000.00, 1, -22.50, -22.50
2026-06-28, 18:16:30, 1087000000, 1088000000, 1000000.00, 1, -22.80, -22.80
2026-06-28, 18:16:30, 1088000000, 1089000000, 1000000.00, 1, -22.82, -22.82
2026-06-28, 18:16:30, 1089000000, 1090000000, 1000000.00, 1, -22.25, -22.25
2026-06-28, 18:16:30, 1090000000, 1091000000, 1000000.00, 1, -19.89, -19.89
2026-06-28, 18:16:30, 1091000000, 1092000000, 1000000.00, 1, -21.51, -21.51
2026-06-28, 18:16:30, 1092000000, 1093000000, 1000000.00, 1, -21.86, -21.86
2026-06-28, 18:16:30, 1093000000, 1094000000, 1000000.00, 1, -21.73, -21.73
2026-06-28, 18:16:30, 1094000000, 1095000000, 1000000.00, 1, -21.45, -21.45
2026-06-28, 18:16:30, 1095000000, 1096000000, 1000000.00, 1, -21.76, -21.76
2026-06-28, 18:16:30, 1096000000, 1097000000, 1000000.00, 1, -21.55, -21.55
2026-06-28, 18:16:30, 1097000000, 1098000000, 1000000.00, 1, -21.31, -21.31
2026-06-28, 18:16:30, 1098000000, 1099000000, 1000000.00, 1, -21.36, -21.36
2026-06-28, 18:16:30, 1099000000, 1100000000, 1000000.00, 1, -21.66, -21.66
2026-06-28, 18:16:30, 1100000000, 1101000000, 1000000.00, 1, -21.96, -21.96
2026-06-28, 18:16:30, 1101000000, 1102000000, 1000000.00, 1, -21.92, -21.92
2026-06-28, 18:16:30, 1102000000, 1103000000, 1000000.00, 1, -22.15, -22.15
2026-06-28, 18:16:30, 1103000000, 1104000000, 1000000.00, 1, -22.16, -22.16
2026-06-28, 18:16:30, 1104000000, 1105000000, 1000000.00, 1, -22.08, -22.08
2026-06-28, 18:16:30, 1105000000, 1106000000, 1000000.00, 1, -22.41, -22.41
2026-06-28, 18:16:30, 1106000000, 1107000000, 1000000.00, 1, -22.49, -22.49
2026-06-28, 18:16:30, 1107000000, 1108000000, 1000000.00, 1, -22.55, -22.55
2026-06-28, 18:16:30, 1108000000, 1109000000, 1000000.00, 1, -22.37, -22.37
2026-06-28, 18:16:30, 1109000000, 1110000000, 1000000.00, 1, -22.36, -22.36
2026-06-28, 18:16:30, 1110000000, 1111000000, 1000000.00, 1, -22.29, -22.29
2026-06-28, 18:16:30, 1111000000, 1112000000, 1000000.00, 1, -22.46, -22.46
2026-06-28, 18:16:30, 1112000000, 1113000000, 1000000.00, 1, -22.73, -22.73
2026-06-28, 18:16:30, 1113000000, 1114000000, 1000000.00, 1, -23.09, -23.09
2026-06-28, 18:16:30, 1114000000, 1115000000, 1000000.00, 1, -23.29, -23.29
2026-06-28, 18:16:30, 1115000000, 1116000000, 1000000.00, 1, -23.48, -23.48
2026-06-28, 18:16:30, 1116000000, 1117000000, 1000000.00, 1, -23.50, -23.50
2026-06-28, 18:16:30, 1117000000, 1118000000, 1000000.00, 1, -23.58, -23.58
2026-06-28, 18:16:30, 1118000000, 1119000000, 1000000.00, 1, -23.63, -23.63
2026-06-28, 18:16:30, 1119000000, 1120000000, 1000000.00, 1, -23.61, -23.61
2026-06-28, 18:16:30, 1120000000, 1121000000, 1000000.00, 1, -23.61, -23.61
2026-06-28, 18:16:30, 1121000000, 1122000000, 1000000.00, 1, -23.65, -23.65
2026-06-28, 18:16:30, 1122000000, 1123000000, 1000000.00, 1, -23.62, -23.62
2026-06-28, 18:16:30, 1123000000, 1124000000, 1000000.00, 1, -23.21, -23.21
2026-06-28, 18:16:30, 1124000000, 1125000000, 1000000.00, 1, -23.61, -23.61
2026-06-28, 18:16:30, 1125000000, 1126000000, 1000000.00, 1, -23.64, -23.64
2026-06-28, 18:16:30, 1126000000, 1127000000, 1000000.00, 1, -23.60, -23.60
2026-06-28, 18:16:30, 1127000000, 1128000000, 1000000.00, 1, -23.60, -23.60
2026-06-28, 18:16:30, 1128000000, 1129000000, 1000000.00, 1, -23.56, -23.56
2026-06-28, 18:16:30, 1129000000, 1130000000, 1000000.00, 1, -23.61, -23.61
2026-06-28, 18:16:30, 1130000000, 1131000000, 1000000.00, 1, -23.63, -23.63
2026-06-28, 18:16:30, 1131000000, 1132000000, 1000000.00, 1, -23.59, -23.59
2026-06-28, 18:16:30, 1132000000, 1133000000, 1000000.00, 1, -23.62, -23.62
2026-06-28, 18:16:30, 1133000000, 1134000000, 1000000.00, 1, -23.63, -23.63
2026-06-28, 18:16:30, 1134000000, 1135000000, 1000000.00, 1, -23.63, -23.63
2026-06-28, 18:16:30, 1135000000, 1136000000, 1000000.00, 1, -23.61, -23.61
2026-06-28, 18:16:30, 1136000000, 1137000000, 1000000.00, 1, -23.62, -23.62
2026-06-28, 18:16:30, 1137000000, 1138000000, 1000000.00, 1, -23.56, -23.56
2026-06-28, 18:16:30, 1138000000, 1139000000, 1000000.00, 1, -23.57, -23.57
2026-06-28, 18:16:30, 1139000000, 1140000000, 1000000.00, 1, -23.65, -23.65
2026-06-28, 18:16:30, 1140000000, 1141000000, 1000000.00, 1, -23.70, -23.70
2026-06-28, 18:16:30, 1141000000, 1142000000, 1000000.00, 1, -23.58, -23.58
2026-06-28, 18:16:30, 1142000000, 1143000000, 1000000.00, 1, -23.58, -23.58
2026-06-28, 18:16:30, 1143000000, 1144000000, 1000000.00, 1, -23.57, -23.57
2026-06-28, 18:16:30, 1144000000, 1145000000, 1000000.00, 1, -23.66, -23.66
2026-06-28, 18:16:30, 1145000000, 1146000000, 1000000.00, 1, -23.65, -23.65
2026-06-28, 18:16:30, 1146000000, 1147000000, 1000000.00, 1, -23.63, -23.63
2026-06-28, 18:16:30, 1147000000, 1148000000, 1000000.00, 1, -23.60, -23.60
2026-06-28, 18:16:30, 1148000000, 1149000000, 1000000.00, 1, -23.51, -23.51
2026-06-28, 18:16:30, 1149000000, 1150000000, 1000000.00, 1, -23.51, -23.51
2026-06-28, 18:16:30, 1150000000, 1151000000, 1000000.00, 1, -23.53, -23.53
2026-06-28, 18:16:30, 1151000000, 1152000000, 1000000.00, 1, -23.50, -23.50
2026-06-28, 18:16:30, 1152000000, 1153000000, 1000000.00, 1, -23.52, -23.52
2026-06-28, 18:16:30, 1153000000, 1154000000, 1000000.00, 1, -23.59, -23.59
2026-06-28, 18:16:30, 1154000000, 1155000000, 1000000.00, 1, -23.63, -23.63
2026-06-28, 18:16:30, 1155000000, 1156000000, 1000000.00, 1, -23.54, -23.54
2026-06-28, 18:16:30, 1156000000, 1157000000, 1000000.00, 1, -23.57, -23.57
2026-06-28, 18:16:30, 1157000000, 1158000000, 1000000.00, 1, -23.54, -23.54
2026-06-28, 18:16:30, 1158000000, 1159000000, 1000000.00, 1, -23.56, -23.56
2026-06-28, 18:16:30, 1159000000, 1160000000, 1000000.00, 1, -23.59, -23.59
2026-06-28, 18:16:30, 1160000000, 1161000000, 1000000.00, 1, -23.52, -23.52
2026-06-28, 18:16:30, 1161000000, 1162000000, 1000000.00, 1, -23.51, -23.51
2026-06-28, 18:16:30, 1162000000, 1163000000, 1000000.00, 1, -23.50, -23.50
2026-06-28, 18:16:30, 1163000000, 1164000000, 1000000.00, 1, -23.45, -23.45
2026-06-28, 18:16:30, 1164000000, 1165000000, 1000000.00, 1, -23.36, -23.36
2026-06-28, 18:16:30, 1165000000, 1166000000, 1000000.00, 1, -23.50, -23.50
2026-06-28, 18:16:30, 1166000000, 1167000000, 1000000.00, 1, -23.38, -23.38
2026-06-28, 18:16:30, 1167000000, 1168000000, 1000000.00, 1, -23.54, -23.54
2026-06-28, 18:16:30, 1168000000, 1169000000, 1000000.00, 1, -23.51, -23.51
2026-06-28, 18:16:30, 1169000000, 1170000000, 1000000.00, 1, -23.57, -23.57
2026-06-28, 18:16:30, 1170000000, 1171000000, 1000000.00, 1, -23.44, -23.44
2026-06-28, 18:16:30, 1171000000, 1172000000, 1000000.00, 1, -23.39, -23.39
2026-06-28, 18:16:30, 1172000000, 1173000000, 1000000.00, 1, -23.32, -23.32
2026-06-28, 18:16:30, 1173000000, 1174000000, 1000000.00, 1, -23.36, -23.36
2026-06-28, 18:16:30, 1174000000, 1175000000, 1000000.00, 1, -23.38, -23.38
2026-06-28, 18:16:30, 1175000000, 1176000000, 1000000.00, 1, -23.40, -23.40
2026-06-28, 18:16:30, 1176000000, 1177000000, 1000000.00, 1, -23.46, -23.46
2026-06-28, 18:16:30, 1177000000, 1178000000, 1000000.00, 1, -23.41, -23.41
2026-06-28, 18:16:30, 1178000000, 1179000000, 1000000.00, 1, -23.43, -23.43
2026-06-28, 18:16:30, 1179000000, 1180000000, 1000000.00, 1, -23.34, -23.34
2026-06-28, 18:16:30, 1180000000, 1181000000, 1000000.00, 1, -23.23, -23.23
2026-06-28, 18:16:30, 1181000000, 1182000000, 1000000.00, 1, -23.32, -23.32
2026-06-28, 18:16:30, 1182000000, 1183000000, 1000000.00, 1, -23.32, -23.32
2026-06-28, 18:16:30, 1183000000, 1184000000, 1000000.00, 1, -23.33, -23.33
2026-06-28, 18:16:30, 1184000000, 1185000000, 1000000.00, 1, -23.28, -23.28
2026-06-28, 18:16:30, 1185000000, 1186000000, 1000000.00, 1, -23.22, -23.22
2026-06-28, 18:16:30, 1186000000, 1187000000, 1000000.00, 1, -23.23, -23.23
2026-06-28, 18:16:30, 1187000000, 1188000000, 1000000.00, 1, -23.28, -23.28
2026-06-28, 18:16:30, 1188000000, 1189000000, 1000000.00, 1, -23.17, -23.17
2026-06-28, 18:16:30, 1189000000, 1190000000, 1000000.00, 1, -23.12, -23.12
2026-06-28, 18:16:30, 1190000000, 1191000000, 1000000.00, 1, -22.94, -22.94
2026-06-28, 18:16:30, 1191000000, 1192000000, 1000000.00, 1, -22.99, -22.99
2026-06-28, 18:16:30, 1192000000, 1193000000, 1000000.00, 1, -22.88, -22.88
2026-06-28, 18:16:30, 1193000000, 1194000000, 1000000.00, 1, -22.84, -22.84
2026-06-28, 18:16:30, 1194000000, 1195000000, 1000000.00, 1, -22.68, -22.68
2026-06-28, 18:16:30, 1195000000, 1196000000, 1000000.00, 1, -22.39, -22.39
2026-06-28, 18:16:30, 1196000000, 1197000000, 1000000.00, 1, -22.54, -22.54
2026-06-28, 18:16:30, 1197000000, 1198000000, 1000000.00, 1, -22.43, -22.43
2026-06-28, 18:16:30, 1198000000, 1199000000, 1000000.00, 1, -21.66, -21.66
2026-06-28, 18:16:30, 1199000000, 1200000000, 1000000.00, 1, -22.55, -22.55
2026-06-28, 18:16:30, 1200000000, 1201000000, 1000000.00, 1, -22.62, -22.62
2026-06-28, 18:16:30, 1201000000, 1202000000, 1000000.00, 1, -22.59, -22.59
2026-06-28, 18:16:30, 1202000000, 1203000000, 1000000.00, 1, -22.53, -22.53
2026-06-28, 18:16:30, 1203000000, 1204000000, 1000000.00, 1, -22.52, -22.52
2026-06-28, 18:16:30, 1204000000, 1205000000, 1000000.00, 1, -22.44, -22.44
2026-06-28, 18:16:30, 1205000000, 1206000000, 1000000.00, 1, -22.52, -22.52
2026-06-28, 18:16:30, 1206000000, 1207000000, 1000000.00, 1, -22.49, -22.49
2026-06-28, 18:16:30, 1207000000, 1208000000, 1000000.00, 1, -22.43, -22.43
2026-06-28, 18:16:30, 1208000000, 1209000000, 1000000.00, 1, -22.40, -22.40
2026-06-28, 18:16:30, 1209000000, 1210000000, 1000000.00, 1, -22.19, -22.19
2026-06-28, 18:16:30, 1210000000, 1211000000, 1000000.00, 1, -22.31, -22.31
2026-06-28, 18:16:30, 1211000000, 1212000000, 1000000.00, 1, -22.29, -22.29
2026-06-28, 18:16:30, 1212000000, 1213000000, 1000000.00, 1, -22.26, -22.26
2026-06-28, 18:16:30, 1213000000, 1214000000, 1000000.00, 1, -22.19, -22.19
2026-06-28, 18:16:30, 1214000000, 1215000000, 1000000.00, 1, -22.04, -22.04
2026-06-28, 18:16:40, 960000000, 961000000, 1000000.00, 1, -22.96, -22.96
2026-06-28, 18:16:40, 961000000, 962000000, 1000000.00, 1, -23.11, -23.11
2026-06-28, 18:16:40, 962000000, 963000000, 1000000.00, 1, -23.05, -23.05
2026-06-28, 18:16:40, 963000000, 964000000, 1000000.00, 1, -23.09, -23.09
2026-06-28, 18:16:40, 964000000, 965000000, 1000000.00, 1, -22.86, -22.86
2026-06-28, 18:16:40, 965000000, 966000000, 1000000.00, 1, -23.10, -23.10
2026-06-28, 18:16:40, 966000000, 967000000, 1000000.00, 1, -23.13, -23.13
2026-06-28, 18:16:40, 967000000, 968000000, 1000000.00, 1, -23.09, -23.09
2026-06-28, 18:16:40, 968000000, 969000000, 1000000.00, 1, -23.11, -23.11
2026-06-28, 18:16:40, 969000000, 970000000, 1000000.00, 1, -23.11, -23.11
2026-06-28, 18:16:40, 970000000, 971000000, 1000000.00, 1, -23.10, -23.10
2026-06-28, 18:16:40, 971000000, 972000000, 1000000.00, 1, -23.08, -23.08
2026-06-28, 18:16:40, 972000000, 973000000, 1000000.00, 1, -23.08, -23.08
2026-06-28, 18:16:40, 973000000, 974000000, 1000000.00, 1, -23.10, -23.10
2026-06-28, 18:16:40, 974000000, 975000000, 1000000.00, 1, -23.12, -23.12
2026-06-28, 18:16:40, 975000000, 976000000, 1000000.00, 1, -23.14, -23.14
2026-06-28, 18:16:40, 976000000, 977000000, 1000000.00, 1, -23.08, -23.08
2026-06-28, 18:16:40, 977000000, 978000000, 1000000.00, 1, -23.09, -23.09
2026-06-28, 18:16:40, 978000000, 979000000, 1000000.00, 1, -23.17, -23.17
2026-06-28, 18:16:40, 979000000, 980000000, 1000000.00, 1, -22.22, -22.22
2026-06-28, 18:16:40, 980000000, 981000000, 1000000.00, 1, -23.06, -23.06
2026-06-28, 18:16:40, 981000000, 982000000, 1000000.00, 1, -23.13, -23.13
2026-06-28, 18:16:40, 982000000, 983000000, 1000000.00, 1, -23.14, -23.14
2026-06-28, 18:16:40, 983000000, 984000000, 1000000.00, 1, -23.05, -23.05
2026-06-28, 18:16:40, 984000000, 985000000, 1000000.00, 1, -23.06, -23.06
2026-06-28, 18:16:40, 985000000, 986000000, 1000000.00, 1, -23.10, -23.10
2026-06-28, 18:16:40, 986000000, 987000000, 1000000.00, 1, -23.12, -23.12
2026-06-28, 18:16:40, 987000000, 988000000, 1000000.00, 1, -23.12, -23.12
2026-06-28, 18:16:40, 988000000, 989000000, 1000000.00, 1, -23.08, -23.08
2026-06-28, 18:16:40, 989000000, 990000000, 1000000.00, 1, -23.04, -23.04
2026-06-28, 18:16:40, 990000000, 991000000, 1000000.00, 1, -23.15, -23.15
2026-06-28, 18:16:40, 991000000, 992000000, 1000000.00, 1, -23.13, -23.13
2026-06-28, 18:16:40, 992000000, 993000000, 1000000.00, 1, -23.21, -23.21
2026-06-28, 18:16:40, 993000000, 994000000, 1000000.00, 1, -22.79, -22.79
2026-06-28, 18:16:40, 994000000, 995000000, 1000000.00, 1, -23.05, -23.05
2026-06-28, 18:16:40, 995000000, 996000000, 1000000.00, 1, -23.11, -23.11
2026-06-28, 18:16:40, 996000000, 997000000, 1000000.00, 1, -23.16, -23.16
2026-06-28, 18:16:40, 997000000, 998000000, 1000000.00, 1, -23.11, -23.11
2026-06-28, 18:16:40, 998000000, 999000000, 1000000.00, 1, -22.71, -22.71
2026-06-28, 18:16:40, 999000000, 1000000000, 1000000.00, 1, -22.49, -22.49
2026-06-28, 18:16:40, 1000000000, 1001000000, 1000000.00, 1, -23.05, -23.05
2026-06-28, 18:16:40, 1001000000, 1002000000, 1000000.00, 1, -23.00, -23.00
2026-06-28, 18:16:40, 1002000000, 1003000000, 1000000.00, 1, -23.09, -23.09
2026-06-28, 18:16:40, 1003000000, 1004000000, 1000000.00, 1, -23.04, -23.04
2026-06-28, 18:16:40, 1004000000, 1005000000, 1000000.00, 1, -22.99, -22.99
2026-06-28, 18:16:40, 1005000000, 1006000000, 1000000.00, 1, -23.05, -23.05
2026-06-28, 18:16:40, 1006000000, 1007000000, 1000000.00, 1, -22.91, -22.91
2026-06-28, 18:16:40, 1007000000, 1008000000, 1000000.00, 1, -22.74, -22.74
2026-06-28, 18:16:40, 1008000000, 1009000000, 1000000.00, 1, -22.61, -22.61
2026-06-28, 18:16:40, 1009000000, 1010000000, 1000000.00, 1, -22.88, -22.88
2026-06-28, 18:16:40, 1010000000, 1011000000, 1000000.00, 1, -22.82, -22.82
2026-06-28, 18:16:40, 1011000000, 1012000000, 1000000.00, 1, -22.74, -22.74
2026-06-28, 18:16:40, 1012000000, 1013000000, 1000000.00, 1, -22.63, -22.63
2026-06-28, 18:16:40, 1013000000, 1014000000, 1000000.00, 1, -22.53, -22.53
2026-06-28, 18:16:40, 1014000000, 1015000000, 1000000.00, 1, -22.53, -22.53
2026-06-28, 18:16:40, 1015000000, 1016000000, 1000000.00, 1, -22.34, -22.34
2026-06-28, 18:16:40, 1016000000, 1017000000, 1000000.00, 1, -22.22, -22.22
2026-06-28, 18:16:40, 1017000000, 1018000000, 1000000.00, 1, -21.93, -21.93
2026-06-28, 18:16:40, 1018000000, 1019000000, 1000000.00, 1, -21.81, -21.81
2026-06-28, 18:16:40, 1019000000, 1020000000, 1000000.00, 1, -21.48, -21.48
2026-06-28, 18:16:40, 1020000000, 1021000000, 1000000.00, 1, -21.29, -21.29
2026-06-28, 18:16:40, 1021000000, 1022000000, 1000000.00, 1, -21.12, -21.12
2026-06-28, 18:16:40, 1022000000, 1023000000, 1000000.00, 1, -19.78, -19.78
2026-06-28, 18:16:40, 1023000000, 1024000000, 1000000.00, 1, -21.12, -21.12
2026-06-28, 18:16:40, 1024000000, 1025000000, 1000000.00, 1, -21.10, -21.10
2026-06-28, 18:16:40, 1025000000, 1026000000, 1000000.00, 1, -21.29, -21.29
2026-06-28, 18:16:40, 1026000000, 1027000000, 1000000.00, 1, -21.52, -21.52
2026-06-28, 18:16:40, 1027000000, 1028000000, 1000000.00, 1, -21.70, -21.70
2026-06-28, 18:16:40, 1028000000, 1029000000, 1000000.00, 1, -22.00, -22.00
2026-06-28, 18:16:40, 1029000000, 1030000000, 1000000.00, 1, -22.13, -22.13
2026-06-28, 18:16:40, 1030000000, 1031000000, 1000000.00, 1, -22.21, -22.21
2026-06-28, 18:16:40, 1031000000, 1032000000, 1000000.00, 1, -22.38, -22.38
2026-06-28, 18:16:40, 1032000000, 1033000000, 1000000.00, 1, -22.45, -22.45
2026-06-28, 18:16:40, 1033000000, 1034000000, 1000000.00, 1, -22.58, -22.58
2026-06-28, 18:16:40, 1034000000, 1035000000, 1000000.00, 1, -22.65, -22.65
2026-06-28, 18:16:40, 1035000000, 1036000000, 1000000.00, 1, -22.69, -22.69
2026-06-28, 18:16:40, 1036000000, 1037000000, 1000000.00, 1, -22.41, -22.41
2026-06-28, 18:16:40, 1037000000, 1038000000, 1000000.00, 1, -22.74, -22.74
2026-06-28, 18:16:40, 1038000000, 1039000000, 1000000.00, 1, -22.86, -22.86
2026-06-28, 18:16:40, 1039000000, 1040000000, 1000000.00, 1, -22.81, -22.81
2026-06-28, 18:16:40, 1040000000, 1041000000, 1000000.00, 1, -22.85, -22.85
2026-06-28, 18:16:40, 1041000000, 1042000000, 1000000.00, 1, -22.93, -22.93
2026-06-28, 18:16:40, 1042000000, 1043000000, 1000000.00, 1, -22.94, -22.94
2026-06-28, 18:16:40, 1043000000, 1044000000, 1000000.00, 1, -22.98, -22.98
2026-06-28, 18:16:40, 1044000000, 1045000000, 1000000.00, 1, -22.91, -22.91
2026-06-28, 18:16:40, 1045000000, 1046000000, 1000000.00, 1, -22.94, -22.94
2026-06-28, 18:16:40, 1046000000, 1047000000, 1000000.00, 1, -22.83, -22.83
2026-06-28, 18:16:40, 1047000000, 1048000000, 1000000.00, 1, -22.94, -22.94
2026-06-28, 18:16:40, 1048000000, 1049000000, 1000000.00, 1, -22.96, -22.96
2026-06-28, 18:16:40, 1049000000, 1050000000, 1000000.00, 1, -23.03, -23.03
2026-06-28, 18:16:40, 1050000000, 1051000000, 1000000.00, 1, -22.96, -22.96
2026-06-28, 18:16:40, 1051000000, 1052000000, 1000000.00, 1, -23.00, -23.00
2026-06-28, 18:16:40, 1052000000, 1053000000, 1000000.00, 1, -22.97, -22.97
2026-06-28, 18:16:40, 1053000000, 1054000000, 1000000.00, 1, -23.06, -23.06
2026-06-28, 18:16:40, 1054000000, 1055000000, 1000000.00, 1, -23.16, -23.16
2026-06-28, 18:16:40, 1055000000, 1056000000, 1000000.00, 1, -23.09, -23.09
2026-06-28, 18:16:40, 1056000000, 1057000000, 1000000.00, 1, -23.13, -23.13
2026-06-28, 18:16:40, 1057000000, 1058000000, 1000000.00, 1, -23.16, -23.16
2026-06-28, 18:16:40, 1058000000, 1059000000, 1000000.00, 1, -23.17, -23.17
2026-06-28, 18:16:40, 1059000000, 1060000000, 1000000.00, 1, -23.16, -23.16
2026-06-28, 18:16:40, 1060000000, 1061000000, 1000000.00, 1, -23.14, -23.14
2026-06-28, 18:16:40, 1061000000, 1062000000, 1000000.00, 1, -23.23, -23.23
2026-06-28, 18:16:40, 1062000000, 1063000000, 1000000.00, 1, -23.14, -23.14
2026-06-28, 18:16:40, 1063000000, 1064000000, 1000000.00, 1, -23.19, -23.19
2026-06-28, 18:16:40, 1064000000, 1065000000, 1000000.00, 1, -22.83, -22.83
2026-06-28, 18:16:40, 1065000000, 1066000000, 1000000.00, 1, -22.86, -22.86
2026-06-28, 18:16:40, 1066000000, 1067000000, 1000000.00, 1, -22.80, -22.80
2026-06-28, 18:16:40, 1067000000, 1068000000, 1000000.00, 1, -22.39, -22.39
2026-06-28, 18:16:40, 1068000000, 1069000000, 1000000.00, 1, -22.49, -22.49
2026-06-28, 18:16:40, 1069000000, 1070000000, 1000000.00, 1, -22.54, -22.54
2026-06-28, 18:16:40, 1070000000, 1071000000, 1000000.00, 1, -22.55, -22.55
2026-06-28, 18:16:40, 1071000000, 1072000000, 1000000.00, 1, -22.56, -22.56
2026-06-28, 18:16:40, 1072000000, 1073000000, 1000000.00, 1, -22.52, -22.52
2026-06-28, 18:16:40, 1073000000, 1074000000, 1000000.00, 1, -22.52, -22.52
2026-06-28, 18:16:40, 1074000000, 1075000000, 1000000.00, 1, -22.32, -22.32
2026-06-28, 18:16:40, 1075000000, 1076000000, 1000000.00, 1, -22.38, -22.38
2026-06-28, 18:16:40, 1076000000, 1077000000, 1000000.00, 1, -22.47, -22.47
2026-06-28, 18:16:40, 1077000000, 1078000000, 1000000.00, 1, -22.57, -22.57
2026-06-28, 18:16:40, 1078000000, 1079000000, 1000000.00, 1, -22.70, -22.70
2026-06-28, 18:16:40, 1079000000, 1080000000, 1000000.00, 1, -22.02, -22.02
2026-06-28, 18:16:40, 1080000000, 1081000000, 1000000.00, 1, -21.89, -21.89
2026-06-28, 18:16:40, 1081000000, 1082000000, 1000000.00, 1, -21.70, -21.70
2026-06-28, 18:16:40, 1082000000, 1083000000, 1000000.00, 1, -21.51, -21.51
2026-06-28, 18:16:40, 1083000000, 1084000000, 1000000.00, 1, -21.56, -21.56
2026-06-28, 18:16:40, 1084000000, 1085000000, 1000000.00, 1, -21.71, -21.71
2026-06-28, 18:16:40, 1085000000, 1086000000, 1000000.00, 1, -22.37, -22.37
2026-06-28, 18:16:40, 1086000000, 1087000000, 1000000.00, 1, -22.75, -22.75
2026-06-28, 18:16:40, 1087000000, 1088000000, 1000000.00, 1, -22.91, -22.91
2026-06-28, 18:16:40, 1088000000, 1089000000, 1000000.00, 1, -22.76, -22.76
2026-06-28, 18:16:40, 1089000000, 1090000000, 1000000.00, 1, -21.15, -21.15
2026-06-28, 18:16:40, 1090000000, 1091000000, 1000000.00, 1, -21.50, -21.50
2026-06-28, 18:16:40, 1091000000, 1092000000, 1000000.00, 1, -18.58, -18.58
2026-06-28, 18:16:40, 1092000000, 1093000000, 1000000.00, 1, -21.83, -21.83
2026-06-28, 18:16:40, 1093000000, 1094000000, 1000000.00, 1, -21.79, -21.79
2026-06-28, 18:16:40, 1094000000, 1095000000, 1000000.00, 1, -21.77, -21.77
2026-06-28, 18:16:40, 1095000000, 1096000000, 1000000.00, 1, -22.04, -22.04
2026-06-28, 18:16:40, 1096000000, 1097000000, 1000000.00, 1, -21.88, -21.88
2026-06-28, 18:16:40, 1097000000, 1098000000, 1000000.00, 1, -21.71, -21.71
2026-06-28, 18:16:40, 1098000000, 1099000000, 1000000.00, 1, -21.48, -21.48
2026-06-28, 18:16:40, 1099000000, 1100000000, 1000000.00, 1, -21.59, -21.59
2026-06-28, 18:16:40, 1100000000, 1101000000, 1000000.00, 1, -21.84, -21.84
2026-06-28, 18:16:40, 1101000000, 1102000000, 1000000.00, 1, -22.04, -22.04
2026-06-28, 18:16:40, 1102000000, 1103000000, 1000000.00, 1, -22.09, -22.09
2026-06-28, 18:16:40, 1103000000, 1104000000, 1000000.00, 1, -22.17, -22.17
2026-06-28, 18:16:40, 1104000000, 1105000000, 1000000.00, 1, -22.27, -22.27
2026-06-28, 18:16:40, 1105000000, 1106000000, 1000000.00, 1, -22.51, -22.51
2026-06-28, 18:16:40, 1106000000, 1107000000, 1000000.00, 1, -22.44, -22.44
2026-06-28, 18:16:40, 1107000000, 1108000000, 1000000.00, 1, -22.51, -22.51
2026-06-28, 18:16:40, 1108000000, 1109000000, 1000000.00, 1, -22.26, -22.26
2026-06-28, 18:16:40, 1109000000, 1110000000, 1000000.00, 1, -22.32, -22.32
2026-06-28, 18:16:40, 1110000000, 1111000000, 1000000.00, 1, -22.28, -22.28
2026-06-28, 18:16:40, 1111000000, 1112000000, 1000000.00, 1, -22.32, -22.32
2026-06-28, 18:16:40, 1112000000, 1113000000, 1000000.00, 1, -22.72, -22.72
2026-06-28, 18:16:40, 1113000000, 1114000000, 1000000.00, 1, -23.05, -23.05
2026-06-28, 18:16:40, 1114000000, 1115000000, 1000000.00, 1, -23.29, -23.29
2026-06-28, 18:16:40, 1115000000, 1116000000, 1000000.00, 1, -23.42, -23.42
2026-06-28, 18:16:40, 1116000000, 1117000000, 1000000.00, 1, -23.52, -23.52
2026-06-28, 18:16:40, 1117000000, 1118000000, 1000000.00, 1, -23.51, -23.51
2026-06-28, 18:16:40, 1118000000, 1119000000, 1000000.00, 1, -23.61, -23.61
2026-06-28, 18:16:40, 1119000000, 1120000000, 1000000.00, 1, -23.60, -23.60
2026-06-28, 18:16:40, 1120000000, 1121000000, 1000000.00, 1, -23.60, -23.60
2026-06-28, 18:16:40, 1121000000, 1122000000, 1000000.00, 1, -23.60, -23.60
2026-06-28, 18:16:40, 1122000000, 1123000000, 1000000.00, 1, -23.66, -23.66
2026-06-28, 18:16:40, 1123000000, 1124000000, 1000000.00, 1, -23.07, -23.07
2026-06-28, 18:16:40, 1124000000, 1125000000, 1000000.00, 1, -23.60, -23.60
2026-06-28, 18:16:40, 1125000000, 1126000000, 1000000.00, 1, -23.64, -23.64
2026-06-28, 18:16:40, 1126000000, 1127000000, 1000000.00, 1, -23.61, -23.61
2026-06-28, 18:16:40, 1127000000, 1128000000, 1000000.00, 1, -23.60, -23.60
2026-06-28, 18:16:40, 1128000000, 1129000000, 1000000.00, 1, -23.59, -23.59
2026-06-28, 18:16:40, 1129000000, 1130000000, 1000000.00, 1, -23.65, -23.65
2026-06-28, 18:16:40, 1130000000, 1131000000, 1000000.00, 1, -23.65, -23.65
2026-06-28, 18:16:40, 1131000000, 1132000000, 1000000.00, 1, -23.62, -23.62
2026-06-28, 18:16:40, 1132000000, 1133000000, 1000000.00, 1, -23.64, -23.64
2026-06-28, 18:16:40, 1133000000, 1134000000, 1000000.00, 1, -23.63, -23.63
2026-06-28, 18:16:40, 1134000000, 1135000000, 1000000.00, 1, -23.63, -23.63
2026-06-28, 18:16:40, 1135000000, 1136000000, 1000000.00, 1, -23.57, -23.57
2026-06-28, 18:16:40, 1136000000, 1137000000, 1000000.00, 1, -23.57, -23.57
2026-06-28, 18:16:40, 1137000000, 1138000000, 1000000.00, 1, -23.60, -23.60
2026-06-28, 18:16:40, 1138000000, 1139000000, 1000000.00, 1, -23.61, -23.61
2026-06-28, 18:16:40, 1139000000, 1140000000, 1000000.00, 1, -23.60, -23.60
2026-06-28, 18:16:40, 1140000000, 1141000000, 1000000.00, 1, -23.63, -23.63
2026-06-28, 18:16:40, 1141000000, 1142000000, 1000000.00, 1, -23.57, -23.57
2026-06-28, 18:16:40, 1142000000, 1143000000, 1000000.00, 1, -23.65, -23.65
2026-06-28, 18:16:40, 1143000000, 1144000000, 1000000.00, 1, -23.70, -23.70
2026-06-28, 18:16:40, 1144000000, 1145000000, 1000000.00, 1, -23.61, -23.61
2026-06-28, 18:16:40, 1145000000, 1146000000, 1000000.00, 1, -23.69, -23.69
2026-06-28, 18:16:40, 1146000000, 1147000000, 1000000.00, 1, -23.62, -23.62
2026-06-28, 18:16:40, 1147000000, 1148000000, 1000000.00, 1, -23.67, -23.67
2026-06-28, 18:16:40, 1148000000, 1149000000, 1000000.00, 1, -23.65, -23.65
2026-06-28, 18:16:40, 1149000000, 1150000000, 1000000.00, 1, -23.62, -23.62
2026-06-28, 18:16:40, 1150000000, 1151000000, 1000000.00, 1, -23.56, -23.56
2026-06-28, 18:16:40, 1151000000, 1152000000, 1000000.00, 1, -23.55, -23.55
2026-06-28, 18:16:40, 1152000000, 1153000000, 1000000.00, 1, -23.58, -23.58
2026-06-28, 18:16:40, 1153000000, 1154000000, 1000000.00, 1, -23.59, -23.59
2026-06-28, 18:16:40, 1154000000, 1155000000, 1000000.00, 1, -23.60, -23.60
2026-06-28, 18:16:40, 1155000000, 1156000000, 1000000.00, 1, -23.59, -23.59
2026-06-28, 18:16:40, 1156000000, 1157000000, 1000000.00, 1, -23.64, -23.64
2026-06-28, 18:16:40, 1157000000, 1158000000, 1000000.00, 1, -23.66, -23.66
2026-06-28, 18:16:40, 1158000000, 1159000000, 1000000.00, 1, -23.55, -23.55
2026-06-28, 18:16:40, 1159000000, 1160000000, 1000000.00, 1, -23.64, -23.64
2026-06-28, 18:16:40, 1160000000, 1161000000, 1000000.00, 1, -23.58, -23.58
2026-06-28, 18:16:40, 1161000000, 1162000000, 1000000.00, 1, -23.53, -23.53
2026-06-28, 18:16:40, 1162000000, 1163000000, 1000000.00, 1, -23.58, -23.58
2026-06-28, 18:16:40, 1163000000, 1164000000, 1000000.00, 1, -23.46, -23.46
2026-06-28, 18:16:40, 1164000000, 1165000000, 1000000.00, 1, -23.46, -23.46
2026-06-28, 18:16:40, 1165000000, 1166000000, 1000000.00, 1, -23.47, -23.47
2026-06-28, 18:16:40, 1166000000, 1167000000, 1000000.00, 1, -23.33, -23.33
2026-06-28, 18:16:40, 1167000000, 1168000000, 1000000.00, 1, -23.46, -23.46
2026-06-28, 18:16:40, 1168000000, 1169000000, 1000000.00, 1, -23.53, -23.53
2026-06-28, 18:16:40, 1169000000, 1170000000, 1000000.00, 1, -23.48, -23.48
2026-06-28, 18:16:40, 1170000000, 1171000000, 1000000.00, 1, -23.47, -23.47
2026-06-28, 18:16:40, 1171000000, 1172000000, 1000000.00, 1, -23.36, -23.36
2026-06-28, 18:16:40, 1172000000, 1173000000, 1000000.00, 1, -23.34, -23.34
2026-06-28, 18:16:40, 1173000000, 1174000000, 1000000.00, 1, -23.36, -23.36
2026-06-28, 18:16:40, 1174000000, 1175000000, 1000000.00, 1, -23.38, -23.38
2026-06-28, 18:16:40, 1175000000, 1176000000, 1000000.00, 1, -23.42, -23.42
2026-06-28, 18:16:40, 1176000000, 1177000000, 1000000.00, 1, -23.49, -23.49
2026-06-28, 18:16:40, 1177000000, 1178000000, 1000000.00, 1, -23.37, -23.37
2026-06-28, 18:16:40, 1178000000, 1179000000, 1000000.00, 1, -23.43, -23.43
2026-06-28, 18:16:40, 1179000000, 1180000000, 1000000.00, 1, -23.45, -23.45
2026-06-28, 18:16:40, 1180000000, 1181000000, 1000000.00, 1, -23.30, -23.30
2026-06-28, 18:16:40, 1181000000, 1182000000, 1000000.00, 1, -23.40, -23.40
2026-06-28, 18:16:40, 1182000000, 1183000000, 1000000.00, 1, -23.31, -23.31
2026-06-28, 18:16:40, 1183000000, 1184000000, 1000000.00, 1, -23.29, -23.29
2026-06-28, 18:16:40, 1184000000, 1185000000, 1000000.00, 1, -23.28, -23.28
2026-06-28, 18:16:40, 1185000000, 1186000000, 1000000.00, 1, -23.25, -23.25
2026-06-28, 18:16:40, 1186000000, 1187000000, 1000000.00, 1, -23.25, -23.25
2026-06-28, 18:16:40, 1187000000, 1188000000, 1000000.00, 1, -23.19, -23.19
2026-06-28, 18:16:40, 1188000000, 1189000000, 1000000.00, 1, -23.13, -23.13
2026-06-28, 18:16:40, 1189000000, 1190000000, 1000000.00, 1, -23.05, -23.05
2026-06-28, 18:16:40, 1190000000, 1191000000, 1000000.00, 1, -23.04, -23.04
2026-06-28, 18:16:40, 1191000000, 1192000000, 1000000.00, 1, -22.96, -22.96
2026-06-28, 18:16:40, 1192000000, 1193000000, 1000000.00, 1, -22.98, -22.98
2026-06-28, 18:16:40, 1193000000, 1194000000, 1000000.00, 1, -22.82, -22.82
2026-06-28, 18:16:40, 1194000000, 1195000000, 1000000.00, 1, -22.76, -22.76
2026-06-28, 18:16:40, 1195000000, 1196000000, 1000000.00, 1, -22.42, -22.42
2026-06-28, 18:16:40, 1196000000, 1197000000, 1000000.00, 1, -22.68, -22.68
2026-06-28, 18:16:40, 1197000000, 1198000000, 1000000.00, 1, -22.61, -22.61
2026-06-28, 18:16:40, 1198000000, 1199000000, 1000000.00, 1, -21.73, -21.73
2026-06-28, 18:16:40, 1199000000, 1200000000, 1000000.00, 1, -22.53, -22.53
2026-06-28, 18:16:40, 1200000000, 1201000000, 1000000.00, 1, -22.61, -22.61
2026-06-28, 18:16:40, 1201000000, 1202000000, 1000000.00, 1, -22.59, -22.59
2026-06-28, 18:16:40, 1202000000, 1203000000, 1000000.00, 1, -22.54, -22.54
2026-06-28, 18:16:40, 1203000000, 1204000000, 1000000.00, 1, -22.58, -22.58
2026-06-28, 18:16:40, 1204000000, 1205000000, 1000000.00, 1, -22.51, -22.51
2026-06-28, 18:16:40, 1205000000, 1206000000, 1000000.00, 1, -22.46, -22.46
2026-06-28, 18:16:40, 1206000000, 1207000000, 1000000.00, 1, -22.44, -22.44
2026-06-28, 18:16:40, 1207000000, 1208000000, 1000000.00, 1, -22.46, -22.46
2026-06-28, 18:16:40, 1208000000, 1209000000, 1000000.00, 1, -22.43, -22.43
2026-06-28, 18:16:40, 1209000000, 1210000000, 1000000.00, 1, -22.25, -22.25
2026-06-28, 18:16:40, 1210000000, 1211000000, 1000000.00, 1, -22.31, -22.31
2026-06-28, 18:16:40, 1211000000, 1212000000, 1000000.00, 1, -22.30, -22.30
2026-06-28, 18:16:40, 1212000000, 1213000000, 1000000.00, 1, -22.15, -22.15
2026-06-28, 18:16:40, 1213000000, 1214000000, 1000000.00, 1, -22.24, -22.24
2026-06-28, 18:16:40, 1214000000, 1215000000, 1000000.00, 1, -22.13, -22.13
2026-06-28, 18:16:51, 960000000, 961000000, 1000000.00, 1, -23.00, -23.00
2026-06-28, 18:16:51, 961000000, 962000000, 1000000.00, 1, -23.11, -23.11
2026-06-28, 18:16:51, 962000000, 963000000, 1000000.00, 1, -23.07, -23.07
2026-06-28, 18:16:51, 963000000, 964000000, 1000000.00, 1, -23.02, -23.02
2026-06-28, 18:16:51, 964000000, 965000000, 1000000.00, 1, -22.79, -22.79
2026-06-28, 18:16:51, 965000000, 966000000, 1000000.00, 1, -23.16, -23.16
2026-06-28, 18:16:51, 966000000, 967000000, 1000000.00, 1, -23.15, -23.15
2026-06-28, 18:16:51, 967000000, 968000000, 1000000.00, 1, -23.06, -23.06
2026-06-28, 18:16:51, 968000000, 969000000, 1000000.00, 1, -23.12, -23.12
2026-06-28, 18:16:51, 969000000, 970000000, 1000000.00, 1, -23.03, -23.03
2026-06-28, 18:16:51, 970000000, 971000000, 1000000.00, 1, -23.12, -23.12
2026-06-28, 18:16:51, 971000000, 972000000, 1000000.00, 1, -23.11, -23.11
2026-06-28, 18:16:51, 972000000, 973000000, 1000000.00, 1, -23.07, -23.07
2026-06-28, 18:16:51, 973000000, 974000000, 1000000.00, 1, -23.08, -23.08
2026-06-28, 18:16:51, 974000000, 975000000, 1000000.00, 1, -23.02, -23.02
2026-06-28, 18:16:51, 975000000, 976000000, 1000000.00, 1, -23.06, -23.06
2026-06-28, 18:16:51, 976000000, 977000000, 1000000.00, 1, -23.08, -23.08
2026-06-28, 18:16:51, 977000000, 978000000, 1000000.00, 1, -23.05, -23.05
2026-06-28, 18:16:51, 978000000, 979000000, 1000000.00, 1, -23.16, -23.16
2026-06-28, 18:16:51, 979000000, 980000000, 1000000.00, 1, -22.22, -22.22
2026-06-28, 18:16:51, 980000000, 981000000, 1000000.00, 1, -23.14, -23.14
2026-06-28, 18:16:51, 981000000, 982000000, 1000000.00, 1, -23.11, -23.11
2026-06-28, 18:16:51, 982000000, 983000000, 1000000.00, 1, -23.15, -23.15
2026-06-28, 18:16:51, 983000000, 984000000, 1000000.00, 1, -23.09, -23.09
2026-06-28, 18:16:51, 984000000, 985000000, 1000000.00, 1, -23.13, -23.13
2026-06-28, 18:16:51, 985000000, 986000000, 1000000.00, 1, -23.11, -23.11
2026-06-28, 18:16:51, 986000000, 987000000, 1000000.00, 1, -23.14, -23.14
2026-06-28, 18:16:51, 987000000, 988000000, 1000000.00, 1, -23.10, -23.10
2026-06-28, 18:16:51, 988000000, 989000000, 1000000.00, 1, -23.12, -23.12
2026-06-28, 18:16:51, 989000000, 990000000, 1000000.00, 1, -23.12, -23.12
2026-06-28, 18:16:51, 990000000, 991000000, 1000000.00, 1, -23.15, -23.15
2026-06-28, 18:16:51, 991000000, 992000000, 1000000.00, 1, -23.07, -23.07
2026-06-28, 18:16:51, 992000000, 993000000, 1000000.00, 1, -23.07, -23.07
2026-06-28, 18:16:51, 993000000, 994000000, 1000000.00, 1, -22.78, -22.78
2026-06-28, 18:16:51, 994000000, 995000000, 1000000.00, 1, -23.11, -23.11
2026-06-28, 18:16:51, 995000000, 996000000, 1000000.00, 1, -23.03, -23.03
2026-06-28, 18:16:51, 996000000, 997000000, 1000000.00, 1, -23.15, -23.15
2026-06-28, 18:16:51, 997000000, 998000000, 1000000.00, 1, -23.11, -23.11
2026-06-28, 18:16:51, 998000000, 999000000, 1000000.00, 1, -22.81, -22.81
2026-06-28, 18:16:51, 999000000, 1000000000, 1000000.00, 1, -22.58, -22.58
2026-06-28, 18:16:51, 1000000000, 1001000000, 1000000.00, 1, -23.07, -23.07
2026-06-28, 18:16:51, 1001000000, 1002000000, 1000000.00, 1, -23.07, -23.07
2026-06-28, 18:16:51, 1002000000, 1003000000, 1000000.00, 1, -23.11, -23.11
2026-06-28, 18:16:51, 1003000000, 1004000000, 1000000.00, 1, -23.06, -23.06
2026-06-28, 18:16:51, 1004000000, 1005000000, 1000000.00, 1, -23.03, -23.03
2026-06-28, 18:16:51, 1005000000, 1006000000, 1000000.00, 1, -23.02, -23.02
2026-06-28, 18:16:51, 1006000000, 1007000000, 1000000.00, 1, -23.00, -23.00
2026-06-28, 18:16:51, 1007000000, 1008000000, 1000000.00, 1, -22.63, -22.63
2026-06-28, 18:16:51, 1008000000, 1009000000, 1000000.00, 1, -22.63, -22.63
2026-06-28, 18:16:51, 1009000000, 1010000000, 1000000.00, 1, -22.84, -22.84
2026-06-28, 18:16:51, 1010000000, 1011000000, 1000000.00, 1, -22.86, -22.86
2026-06-28, 18:16:51, 1011000000, 1012000000, 1000000.00, 1, -22.76, -22.76
2026-06-28, 18:16:51, 1012000000, 1013000000, 1000000.00, 1, -22.66, -22.66
2026-06-28, 18:16:51, 1013000000, 1014000000, 1000000.00, 1, -22.55, -22.55
2026-06-28, 18:16:51, 1014000000, 1015000000, 1000000.00, 1, -22.45, -22.45
2026-06-28, 18:16:51, 1015000000, 1016000000, 1000000.00, 1, -22.30, -22.30
2026-06-28, 18:16:51, 1016000000, 1017000000, 1000000.00, 1, -22.17, -22.17
2026-06-28, 18:16:51, 1017000000, 1018000000, 1000000.00, 1, -21.98, -21.98
2026-06-28, 18:16:51, 1018000000, 1019000000, 1000000.00, 1, -21.64, -21.64
2026-06-28, 18:16:51, 1019000000, 1020000000, 1000000.00, 1, -21.44, -21.44
2026-06-28, 18:16:51, 1020000000, 1021000000, 1000000.00, 1, -21.29, -21.29
2026-06-28, 18:16:51, 1021000000, 1022000000, 1000000.00, 1, -21.15, -21.15
2026-06-28, 18:16:51, 1022000000, 1023000000, 1000000.00, 1, -19.85, -19.85
2026-06-28, 18:16:51, 1023000000, 1024000000, 1000000.00, 1, -20.99, -20.99
2026-06-28, 18:16:51, 1024000000, 1025000000, 1000000.00, 1, -21.08, -21.08
2026-06-28, 18:16:51, 1025000000, 1026000000, 1000000.00, 1, -21.30, -21.30
2026-06-28, 18:16:51, 1026000000, 1027000000, 1000000.00, 1, -21.61, -21.61
2026-06-28, 18:16:51, 1027000000, 1028000000, 1000000.00, 1, -21.79, -21.79
2026-06-28, 18:16:51, 1028000000, 1029000000, 1000000.00, 1, -22.01, -22.01
2026-06-28, 18:16:51, 1029000000, 1030000000, 1000000.00, 1, -22.13, -22.13
2026-06-28, 18:16:51, 1030000000, 1031000000, 1000000.00, 1, -22.27, -22.27
2026-06-28, 18:16:51, 1031000000, 1032000000, 1000000.00, 1, -22.43, -22.43
2026-06-28, 18:16:51, 1032000000, 1033000000, 1000000.00, 1, -22.45, -22.45
2026-06-28, 18:16:51, 1033000000, 1034000000, 1000000.00, 1, -22.68, -22.68
2026-06-28, 18:16:51, 1034000000, 1035000000, 1000000.00, 1, -22.70, -22.70
2026-06-28, 18:16:51, 1035000000, 1036000000, 1000000.00, 1, -22.74, -22.74
2026-06-28, 18:16:51, 1036000000, 1037000000, 1000000.00, 1, -22.40, -22.40
2026-06-28, 18:16:51, 1037000000, 1038000000, 1000000.00, 1, -22.78, -22.78
2026-06-28, 18:16:51, 1038000000, 1039000000, 1000000.00, 1, -22.89, -22.89
2026-06-28, 18:16:51, 1039000000, 1040000000, 1000000.00, 1, -22.88, -22.88
2026-06-28, 18:16:51, 1040000000, 1041000000, 1000000.00, 1, -22.90, -22.90
2026-06-28, 18:16:51, 1041000000, 1042000000, 1000000.00, 1, -22.95, -22.95
2026-06-28, 18:16:51, 1042000000, 1043000000, 1000000.00, 1, -23.06, -23.06
2026-06-28, 18:16:51, 1043000000, 1044000000, 1000000.00, 1, -22.91, -22.91
2026-06-28, 18:16:51, 1044000000, 1045000000, 1000000.00, 1, -22.97, -22.97
2026-06-28, 18:16:51, 1045000000, 1046000000, 1000000.00, 1, -22.90, -22.90
2026-06-28, 18:16:51, 1046000000, 1047000000, 1000000.00, 1, -23.03, -23.03
2026-06-28, 18:16:51, 1047000000, 1048000000, 1000000.00, 1, -22.99, -22.99
2026-06-28, 18:16:51, 1048000000, 1049000000, 1000000.00, 1, -22.91, -22.91
2026-06-28, 18:16:51, 1049000000, 1050000000, 1000000.00, 1, -22.98, -22.98
2026-06-28, 18:16:51, 1050000000, 1051000000, 1000000.00, 1, -22.95, -22.95
2026-06-28, 18:16:51, 1051000000, 1052000000, 1000000.00, 1, -23.05, -23.05
2026-06-28, 18:16:51, 1052000000, 1053000000, 1000000.00, 1, -22.98, -22.98
2026-06-28, 18:16:51, 1053000000, 1054000000, 1000000.00, 1, -23.08, -23.08
2026-06-28, 18:16:51, 1054000000, 1055000000, 1000000.00, 1, -23.06, -23.06
2026-06-28, 18:16:51, 1055000000, 1056000000, 1000000.00, 1, -23.09, -23.09
2026-06-28, 18:16:51, 1056000000, 1057000000, 1000000.00, 1, -23.18, -23.18
2026-06-28, 18:16:51, 1057000000, 1058000000, 1000000.00, 1, -23.20, -23.20
2026-06-28, 18:16:51, 1058000000, 1059000000, 1000000.00, 1, -23.16, -23.16
2026-06-28, 18:16:51, 1059000000, 1060000000, 1000000.00, 1, -23.18, -23.18
2026-06-28, 18:16:51, 1060000000, 1061000000, 1000000.00, 1, -23.21, -23.21
2026-06-28, 18:16:51, 1061000000, 1062000000, 1000000.00, 1, -23.11, -23.11
2026-06-28, 18:16:51, 1062000000, 1063000000, 1000000.00, 1, -23.23, -23.23
2026-06-28, 18:16:51, 1063000000, 1064000000, 1000000.00, 1, -23.15, -23.15
2026-06-28, 18:16:51, 1064000000, 1065000000, 1000000.00, 1, -23.05, -23.05
2026-06-28, 18:16:51, 1065000000, 1066000000, 1000000.00, 1, -23.00, -23.00
2026-06-28, 18:16:51, 1066000000, 1067000000, 1000000.00, 1, -22.90, -22.90
2026-06-28, 18:16:51, 1067000000, 1068000000, 1000000.00, 1, -22.72, -22.72
2026-06-28, 18:16:51, 1068000000, 1069000000, 1000000.00, 1, -22.60, -22.60
2026-06-28, 18:16:51, 1069000000, 1070000000, 1000000.00, 1, -22.51, -22.51
2026-06-28, 18:16:51, 1070000000, 1071000000, 1000000.00, 1, -22.66, -22.66
2026-06-28, 18:16:51, 1071000000, 1072000000, 1000000.00, 1, -22.65, -22.65
2026-06-28, 18:16:51, 1072000000, 1073000000, 1000000.00, 1, -22.70, -22.70
2026-06-28, 18:16:51, 1073000000, 1074000000, 1000000.00, 1, -22.62, -22.62
2026-06-28, 18:16:51, 1074000000, 1075000000, 1000000.00, 1, -22.38, -22.38
2026-06-28, 18:16:51, 1075000000, 1076000000, 1000000.00, 1, -22.49, -22.49
2026-06-28, 18:16:51, 1076000000, 1077000000, 1000000.00, 1, -22.59, -22.59
2026-06-28, 18:16:51, 1077000000, 1078000000, 1000000.00, 1, -22.64, -22.64
2026-06-28, 18:16:51, 1078000000, 1079000000, 1000000.00, 1, -22.89, -22.89
2026-06-28, 18:16:51, 1079000000, 1080000000, 1000000.00, 1, -22.05, -22.05
2026-06-28, 18:16:51, 1080000000, 1081000000, 1000000.00, 1, -22.05, -22.05
2026-06-28, 18:16:51, 1081000000, 1082000000, 1000000.00, 1, -21.70, -21.70
2026-06-28, 18:16:51, 1082000000, 1083000000, 1000000.00, 1, -21.47, -21.47
2026-06-28, 18:16:51, 1083000000, 1084000000, 1000000.00, 1, -21.44, -21.44
2026-06-28, 18:16:51, 1084000000, 1085000000, 1000000.00, 1, -21.72, -21.72
2026-06-28, 18:16:51, 1085000000, 1086000000, 1000000.00, 1, -22.10, -22.10
2026-06-28, 18:16:51, 1086000000, 1087000000, 1000000.00, 1, -22.68, -22.68
2026-06-28, 18:16:51, 1087000000, 1088000000, 1000000.00, 1, -22.85, -22.85
2026-06-28, 18:16:51, 1088000000, 1089000000, 1000000.00, 1, -22.61, -22.61
2026-06-28, 18:16:51, 1089000000, 1090000000, 1000000.00, 1, -22.33, -22.33
2026-06-28, 18:16:51, 1090000000, 1091000000, 1000000.00, 1, -20.76, -20.76
2026-06-28, 18:16:51, 1091000000, 1092000000, 1000000.00, 1, -21.73, -21.73
2026-06-28, 18:16:51, 1092000000, 1093000000, 1000000.00, 1, -22.06, -22.06
2026-06-28, 18:16:51, 1093000000, 1094000000, 1000000.00, 1, -22.14, -22.14
2026-06-28, 18:16:51, 1094000000, 1095000000, 1000000.00, 1, -21.89, -21.89
2026-06-28, 18:16:51, 1095000000, 1096000000, 1000000.00, 1, -22.21, -22.21
2026-06-28, 18:16:51, 1096000000, 1097000000, 1000000.00, 1, -22.03, -22.03
2026-06-28, 18:16:51, 1097000000, 1098000000, 1000000.00, 1, -21.69, -21.69
2026-06-28, 18:16:51, 1098000000, 1099000000, 1000000.00, 1, -21.62, -21.62
2026-06-28, 18:16:51, 1099000000, 1100000000, 1000000.00, 1, -21.57, -21.57
2026-06-28, 18:16:51, 1100000000, 1101000000, 1000000.00, 1, -21.73, -21.73
2026-06-28, 18:16:51, 1101000000, 1102000000, 1000000.00, 1, -22.01, -22.01
2026-06-28, 18:16:51, 1102000000, 1103000000, 1000000.00, 1, -22.08, -22.08
2026-06-28, 18:16:51, 1103000000, 1104000000, 1000000.00, 1, -22.07, -22.07
2026-06-28, 18:16:51, 1104000000, 1105000000, 1000000.00, 1, -22.27, -22.27
2026-06-28, 18:16:51, 1105000000, 1106000000, 1000000.00, 1, -22.31, -22.31
2026-06-28, 18:16:51, 1106000000, 1107000000, 1000000.00, 1, -22.49, -22.49
2026-06-28, 18:16:51, 1107000000, 1108000000, 1000000.00, 1, -22.61, -22.61
2026-06-28, 18:16:51, 1108000000, 1109000000, 1000000.00, 1, -22.23, -22.23
2026-06-28, 18:16:51, 1109000000, 1110000000, 1000000.00, 1, -22.31, -22.31
2026-06-28, 18:16:51, 1110000000, 1111000000, 1000000.00, 1, -22.27, -22.27
2026-06-28, 18:16:51, 1111000000, 1112000000, 1000000.00, 1, -22.45, -22.45
2026-06-28, 18:16:51, 1112000000, 1113000000, 1000000.00, 1, -22.62, -22.62
2026-06-28, 18:16:51, 1113000000, 1114000000, 1000000.00, 1, -23.00, -23.00
2026-06-28, 18:16:51, 1114000000, 1115000000, 1000000.00, 1, -23.20, -23.20
2026-06-28, 18:16:51, 1115000000, 1116000000, 1000000.00, 1, -23.45, -23.45
2026-06-28, 18:16:51, 1116000000, 1117000000, 1000000.00, 1, -23.54, -23.54
2026-06-28, 18:16:51, 1117000000, 1118000000, 1000000.00, 1, -23.61, -23.61
2026-06-28, 18:16:51, 1118000000, 1119000000, 1000000.00, 1, -23.64, -23.64
2026-06-28, 18:16:51, 1119000000, 1120000000, 1000000.00, 1, -23.62, -23.62
2026-06-28, 18:16:51, 1120000000, 1121000000, 1000000.00, 1, -23.62, -23.62
2026-06-28, 18:16:51, 1121000000, 1122000000, 1000000.00, 1, -23.59, -23.59
2026-06-28, 18:16:51, 1122000000, 1123000000, 1000000.00, 1, -23.66, -23.66
2026-06-28, 18:16:51, 1123000000, 1124000000, 1000000.00, 1, -23.11, -23.11
2026-06-28, 18:16:51, 1124000000, 1125000000, 1000000.00, 1, -23.72, -23.72
2026-06-28, 18:16:51, 1125000000, 1126000000, 1000000.00, 1, -23.67, -23.67
2026-06-28, 18:16:51, 1126000000, 1127000000, 1000000.00, 1, -23.60, -23.60
2026-06-28, 18:16:51, 1127000000, 1128000000, 1000000.00, 1, -23.56, -23.56
2026-06-28, 18:16:51, 1128000000, 1129000000, 1000000.00, 1, -23.53, -23.53
2026-06-28, 18:16:51, 1129000000, 1130000000, 1000000.00, 1, -23.60, -23.60
2026-06-28, 18:16:51, 1130000000, 1131000000, 1000000.00, 1, -23.63, -23.63
2026-06-28, 18:16:51, 1131000000, 1132000000, 1000000.00, 1, -23.64, -23.64
2026-06-28, 18:16:51, 1132000000, 1133000000, 1000000.00, 1, -23.74, -23.74
2026-06-28, 18:16:51, 1133000000, 1134000000, 1000000.00, 1, -23.62, -23.62
2026-06-28, 18:16:51, 1134000000, 1135000000, 1000000.00, 1, -23.56, -23.56
2026-06-28, 18:16:51, 1135000000, 1136000000, 1000000.00, 1, -23.65, -23.65
2026-06-28, 18:16:51, 1136000000, 1137000000, 1000000.00, 1, -23.63, -23.63
2026-06-28, 18:16:51, 1137000000, 1138000000, 1000000.00, 1, -23.60, -23.60
2026-06-28, 18:16:51, 1138000000, 1139000000, 1000000.00, 1, -23.68, -23.68
2026-06-28, 18:16:51, 1139000000, 1140000000, 1000000.00, 1, -23.69, -23.69
2026-06-28, 18:16:51, 1140000000, 1141000000, 1000000.00, 1, -23.65, -23.65
2026-06-28, 18:16:51, 1141000000, 1142000000, 1000000.00, 1, -23.64, -23.64
2026-06-28, 18:16:51, 1142000000, 1143000000, 1000000.00, 1, -23.59, -23.59
2026-06-28, 18:16:51, 1143000000, 1144000000, 1000000.00, 1, -23.63, -23.63
2026-06-28, 18:16:51, 1144000000, 1145000000, 1000000.00, 1, -23.65, -23.65
2026-06-28, 18:16:51, 1145000000, 1146000000, 1000000.00, 1, -23.70, -23.70
2026-06-28, 18:16:51, 1146000000, 1147000000, 1000000.00, 1, -23.64, -23.64
2026-06-28, 18:16:51, 1147000000, 1148000000, 1000000.00, 1, -23.65, -23.65
2026-06-28, 18:16:51, 1148000000, 1149000000, 1000000.00, 1, -23.66, -23.66
2026-06-28, 18:16:51, 1149000000, 1150000000, 1000000.00, 1, -23.61, -23.61
2026-06-28, 18:16:51, 1150000000, 1151000000, 1000000.00, 1, -23.53, -23.53
2026-06-28, 18:16:51, 1151000000, 1152000000, 1000000.00, 1, -23.56, -23.56
2026-06-28, 18:16:51, 1152000000, 1153000000, 1000000.00, 1, -23.55, -23.55
2026-06-28, 18:16:51, 1153000000, 1154000000, 1000000.00, 1, -23.60, -23.60
2026-06-28, 18:16:51, 1154000000, 1155000000, 1000000.00, 1, -23.53, -23.53
2026-06-28, 18:16:51, 1155000000, 1156000000, 1000000.00, 1, -23.60, -23.60
2026-06-28, 18:16:51, 1156000000, 1157000000, 1000000.00, 1, -23.55, -23.55
2026-06-28, 18:16:51, 1157000000, 1158000000, 1000000.00, 1, -23.58, -23.58
2026-06-28, 18:16:51, 1158000000, 1159000000, 1000000.00, 1, -23.64, -23.64
2026-06-28, 18:16:51, 1159000000, 1160000000, 1000000.00, 1, -23.61, -23.61
2026-06-28, 18:16:51, 1160000000, 1161000000, 1000000.00, 1, -23.59, -23.59
2026-06-28, 18:16:51, 1161000000, 1162000000, 1000000.00, 1, -23.61, -23.61
2026-06-28, 18:16:51, 1162000000, 1163000000, 1000000.00, 1, -23.57, -23.57
2026-06-28, 18:16:51, 1163000000, 1164000000, 1000000.00, 1, -23.52, -23.52
2026-06-28, 18:16:51, 1164000000, 1165000000, 1000000.00, 1, -23.47, -23.47
2026-06-28, 18:16:51, 1165000000, 1166000000, 1000000.00, 1, -23.45, -23.45
2026-06-28, 18:16:51, 1166000000, 1167000000, 1000000.00, 1, -23.34, -23.34
2026-06-28, 18:16:51, 1167000000, 1168000000, 1000000.00, 1, -23.58, -23.58
2026-06-28, 18:16:51, 1168000000, 1169000000, 1000000.00, 1, -23.53, -23.53
2026-06-28, 18:16:51, 1169000000, 1170000000, 1000000.00, 1, -23.46, -23.46
2026-06-28, 18:16:51, 1170000000, 1171000000, 1000000.00, 1, -23.50, -23.50
2026-06-28, 18:16:51, 1171000000, 1172000000, 1000000.00, 1, -23.40, -23.40
2026-06-28, 18:16:51, 1172000000, 1173000000, 1000000.00, 1, -23.37, -23.37
2026-06-28, 18:16:51, 1173000000, 1174000000, 1000000.00, 1, -23.38, -23.38
2026-06-28, 18:16:51, 1174000000, 1175000000, 1000000.00, 1, -23.38, -23.38
2026-06-28, 18:16:51, 1175000000, 1176000000, 1000000.00, 1, -23.47, -23.47
2026-06-28, 18:16:51, 1176000000, 1177000000, 1000000.00, 1, -23.43, -23.43
2026-06-28, 18:16:51, 1177000000, 1178000000, 1000000.00, 1, -23.46, -23.46
2026-06-28, 18:16:51, 1178000000, 1179000000, 1000000.00, 1, -23.43, -23.43
2026-06-28, 18:16:51, 1179000000, 1180000000, 1000000.00, 1, -23.34, -23.34
2026-06-28, 18:16:51, 1180000000, 1181000000, 1000000.00, 1, -23.16, -23.16
2026-06-28, 18:16:51, 1181000000, 1182000000, 1000000.00, 1, -23.37, -23.37
2026-06-28, 18:16:51, 1182000000, 1183000000, 1000000.00, 1, -23.36, -23.36
2026-06-28, 18:16:51, 1183000000, 1184000000, 1000000.00, 1, -23.37, -23.37
2026-06-28, 18:16:51, 1184000000, 1185000000, 1000000.00, 1, -23.28, -23.28
2026-06-28, 18:16:51, 1185000000, 1186000000, 1000000.00, 1, -23.36, -23.36
2026-06-28, 18:16:51, 1186000000, 1187000000, 1000000.00, 1, -23.25, -23.25
2026-06-28, 18:16:51, 1187000000, 1188000000, 1000000.00, 1, -23.16, -23.16
2026-06-28, 18:16:51, 1188000000, 1189000000, 1000000.00, 1, -23.12, -23.12
2026-06-28, 18:16:51, 1189000000, 1190000000, 1000000.00, 1, -23.15, -23.15
2026-06-28, 18:16:51, 1190000000, 1191000000, 1000000.00, 1, -23.03, -23.03
2026-06-28, 18:16:51, 1191000000, 1192000000, 1000000.00, 1, -23.03, -23.03
2026-06-28, 18:16:51, 1192000000, 1193000000, 1000000.00, 1, -22.99, -22.99
2026-06-28, 18:16:51, 1193000000, 1194000000, 1000000.00, 1, -22.96, -22.96
2026-06-28, 18:16:51, 1194000000, 1195000000, 1000000.00, 1, -22.73, -22.73
2026-06-28, 18:16:51, 1195000000, 1196000000, 1000000.00, 1, -22.38, -22.38
2026-06-28, 18:16:51, 1196000000, 1197000000, 1000000.00, 1, -22.57, -22.57
2026-06-28, 18:16:51, 1197000000, 1198000000, 1000000.00, 1, -22.56, -22.56
2026-06-28, 18:16:51, 1198000000, 1199000000, 1000000.00, 1, -21.60, -21.60
2026-06-28, 18:16:51, 1199000000, 1200000000, 1000000.00, 1, -22.65, -22.65
2026-06-28, 18:16:51, 1200000000, 1201000000, 1000000.00, 1, -22.57, -22.57
2026-06-28, 18:16:51, 1201000000, 1202000000, 1000000.00, 1, -22.62, -22.62
2026-06-28, 18:16:51, 1202000000, 1203000000, 1000000.00, 1, -22.56, -22.56
2026-06-28, 18:16:51, 1203000000, 1204000000, 1000000.00, 1, -22.62, -22.62
2026-06-28, 18:16:51, 1204000000, 1205000000, 1000000.00, 1, -22.55, -22.55
2026-06-28, 18:16:51, 1205000000, 1206000000, 1000000.00, 1, -22.53, -22.53
2026-06-28, 18:16:51, 1206000000, 1207000000, 1000000.00, 1, -22.42, -22.42
2026-06-28, 18:16:51, 1207000000, 1208000000, 1000000.00, 1, -22.53, -22.53
2026-06-28, 18:16:51, 1208000000, 1209000000, 1000000.00, 1, -22.41, -22.41
2026-06-28, 18:16:51, 1209000000, 1210000000, 1000000.00, 1, -22.19, -22.19
2026-06-28, 18:16:51, 1210000000, 1211000000, 1000000.00, 1, -22.32, -22.32
2026-06-28, 18:16:51, 1211000000, 1212000000, 1000000.00, 1, -22.33, -22.33
2026-06-28, 18:16:51, 1212000000, 1213000000, 1000000.00, 1, -22.29, -22.29
2026-06-28, 18:16:51, 1213000000, 1214000000, 1000000.00, 1, -22.25, -22.25
2026-06-28, 18:16:51, 1214000000, 1215000000, 1000000.00, 1, -22.20, -22.20
2026-06-28, 18:17:01, 960000000, 961000000, 1000000.00, 1, -23.12, -23.12
2026-06-28, 18:17:01, 961000000, 962000000, 1000000.00, 1, -22.99, -22.99
2026-06-28, 18:17:01, 962000000, 963000000, 1000000.00, 1, -23.03, -23.03
2026-06-28, 18:17:01, 963000000, 964000000, 1000000.00, 1, -23.12, -23.12
2026-06-28, 18:17:01, 964000000, 965000000, 1000000.00, 1, -22.77, -22.77
2026-06-28, 18:17:01, 965000000, 966000000, 1000000.00, 1, -23.08, -23.08
2026-06-28, 18:17:01, 966000000, 967000000, 1000000.00, 1, -23.14, -23.14
2026-06-28, 18:17:01, 967000000, 968000000, 1000000.00, 1, -23.08, -23.08
2026-06-28, 18:17:01, 968000000, 969000000, 1000000.00, 1, -23.09, -23.09
2026-06-28, 18:17:01, 969000000, 970000000, 1000000.00, 1, -23.06, -23.06
2026-06-28, 18:17:01, 970000000, 971000000, 1000000.00, 1, -23.06, -23.06
2026-06-28, 18:17:01, 971000000, 972000000, 1000000.00, 1, -23.11, -23.11
2026-06-28, 18:17:01, 972000000, 973000000, 1000000.00, 1, -23.12, -23.12
2026-06-28, 18:17:01, 973000000, 974000000, 1000000.00, 1, -23.13, -23.13
2026-06-28, 18:17:01, 974000000, 975000000, 1000000.00, 1, -23.15, -23.15
2026-06-28, 18:17:01, 975000000, 976000000, 1000000.00, 1, -23.17, -23.17
2026-06-28, 18:17:01, 976000000, 977000000, 1000000.00, 1, -23.19, -23.19
2026-06-28, 18:17:01, 977000000, 978000000, 1000000.00, 1, -23.13, -23.13
2026-06-28, 18:17:01, 978000000, 979000000, 1000000.00, 1, -23.10, -23.10
2026-06-28, 18:17:01, 979000000, 980000000, 1000000.00, 1, -22.38, -22.38
2026-06-28, 18:17:01, 980000000, 981000000, 1000000.00, 1, -23.14, -23.14
2026-06-28, 18:17:01, 981000000, 982000000, 1000000.00, 1, -23.16, -23.16
2026-06-28, 18:17:01, 982000000, 983000000, 1000000.00, 1, -23.20, -23.20
2026-06-28, 18:17:01, 983000000, 984000000, 1000000.00, 1, -23.15, -23.15
2026-06-28, 18:17:01, 984000000, 985000000, 1000000.00, 1, -23.16, -23.16
2026-06-28, 18:17:01, 985000000, 986000000, 1000000.00, 1, -23.14, -23.14
2026-06-28, 18:17:01, 986000000, 987000000, 1000000.00, 1, -23.24, -23.24
2026-06-28, 18:17:01, 987000000, 988000000, 1000000.00, 1, -23.13, -23.13
2026-06-28, 18:17:01, 988000000, 989000000, 1000000.00, 1, -23.09, -23.09
2026-06-28, 18:17:01, 989000000, 990000000, 1000000.00, 1, -23.10, -23.10
2026-06-28, 18:17:01, 990000000, 991000000, 1000000.00, 1, -23.14, -23.14
2026-06-28, 18:17:01, 991000000, 992000000, 1000000.00, 1, -23.17, -23.17
2026-06-28, 18:17:01, 992000000, 993000000, 1000000.00, 1, -23.22, -23.22
2026-06-28, 18:17:01, 993000000, 994000000, 1000000.00, 1, -22.82, -22.82
2026-06-28, 18:17:01, 994000000, 995000000, 1000000.00, 1, -23.16, -23.16
2026-06-28, 18:17:01, 995000000, 996000000, 1000000.00, 1, -23.17, -23.17
2026-06-28, 18:17:01, 996000000, 997000000, 1000000.00, 1, -23.13, -23.13
2026-06-28, 18:17:01, 997000000, 998000000, 1000000.00, 1, -23.11, -23.11
2026-06-28, 18:17:01, 998000000, 999000000, 1000000.00, 1, -22.75, -22.75
2026-06-28, 18:17:01, 999000000, 1000000000, 1000000.00, 1, -22.50, -22.50
2026-06-28, 18:17:01, 1000000000, 1001000000, 1000000.00, 1, -23.11, -23.11
2026-06-28, 18:17:01, 1001000000, 1002000000, 1000000.00, 1, -23.06, -23.06
2026-06-28, 18:17:01, 1002000000, 1003000000, 1000000.00, 1, -23.09, -23.09
2026-06-28, 18:17:01, 1003000000, 1004000000, 1000000.00, 1, -23.02, -23.02
2026-06-28, 18:17:01, 1004000000, 1005000000, 1000000.00, 1, -23.05, -23.05
2026-06-28, 18:17:01, 1005000000, 1006000000, 1000000.00, 1, -22.97, -22.97
2026-06-28, 18:17:01, 1006000000, 1007000000, 1000000.00, 1, -22.96, -22.96
2026-06-28, 18:17:01, 1007000000, 1008000000, 1000000.00, 1, -22.77, -22.77
2026-06-28, 18:17:01, 1008000000, 1009000000, 1000000.00, 1, -22.61, -22.61
2026-06-28, 18:17:01, 1009000000, 1010000000, 1000000.00, 1, -22.87, -22.87
2026-06-28, 18:17:01, 1010000000, 1011000000, 1000000.00, 1, -22.83, -22.83
2026-06-28, 18:17:01, 1011000000, 1012000000, 1000000.00, 1, -22.81, -22.81
2026-06-28, 18:17:01, 1012000000, 1013000000, 1000000.00, 1, -22.75, -22.75
2026-06-28, 18:17:01, 1013000000, 1014000000, 1000000.00, 1, -22.51, -22.51
2026-06-28, 18:17:01, 1014000000, 1015000000, 1000000.00, 1, -22.54, -22.54
2026-06-28, 18:17:01, 1015000000, 1016000000, 1000000.00, 1, -22.27, -22.27
2026-06-28, 18:17:01, 1016000000, 1017000000, 1000000.00, 1, -22.19, -22.19
2026-06-28, 18:17:01, 1017000000, 1018000000, 1000000.00, 1, -22.02, -22.02
2026-06-28, 18:17:01, 1018000000, 1019000000, 1000000.00, 1, -21.82, -21.82
2026-06-28, 18:17:01, 1019000000, 1020000000, 1000000.00, 1, -21.56, -21.56
2026-06-28, 18:17:01, 1020000000, 1021000000, 1000000.00, 1, -21.34, -21.34
2026-06-28, 18:17:01, 1021000000, 1022000000, 1000000.00, 1, -21.22, -21.22
2026-06-28, 18:17:01, 1022000000, 1023000000, 1000000.00, 1, -19.98, -19.98
2026-06-28, 18:17:01, 1023000000, 1024000000, 1000000.00, 1, -21.03, -21.03
2026-06-28, 18:17:01, 1024000000, 1025000000, 1000000.00, 1, -21.12, -21.12
2026-06-28, 18:17:01, 1025000000, 1026000000, 1000000.00, 1, -21.37, -21.37
2026-06-28, 18:17:01, 1026000000, 1027000000, 1000000.00, 1, -21.56, -21.56
2026-06-28, 18:17:01, 1027000000, 1028000000, 1000000.00, 1, -21.88, -21.88
2026-06-28, 18:17:01, 1028000000, 1029000000, 1000000.00, 1, -21.90, -21.90
2026-06-28, 18:17:01, 1029000000, 1030000000, 1000000.00, 1, -22.16, -22.16
2026-06-28, 18:17:01, 1030000000, 1031000000, 1000000.00, 1, -22.29, -22.29
2026-06-28, 18:17:01, 1031000000, 1032000000, 1000000.00, 1, -22.38, -22.38
2026-06-28, 18:17:01, 1032000000, 1033000000, 1000000.00, 1, -22.55, -22.55
2026-06-28, 18:17:01, 1033000000, 1034000000, 1000000.00, 1, -22.54, -22.54
2026-06-28, 18:17:01, 1034000000, 1035000000, 1000000.00, 1, -22.76, -22.76
2026-06-28, 18:17:01, 1035000000, 1036000000, 1000000.00, 1, -22.84, -22.84
2026-06-28, 18:17:01, 1036000000, 1037000000, 1000000.00, 1, -22.48, -22.48
2026-06-28, 18:17:01, 1037000000, 1038000000, 1000000.00, 1, -22.87, -22.87
2026-06-28, 18:17:01, 1038000000, 1039000000, 1000000.00, 1, -22.80, -22.80
2026-06-28, 18:17:01, 1039000000, 1040000000, 1000000.00, 1, -22.85, -22.85
2026-06-28, 18:17:01, 1040000000, 1041000000, 1000000.00, 1, -22.90, -22.90
2026-06-28, 18:17:01, 1041000000, 1042000000, 1000000.00, 1, -22.88, -22.88
2026-06-28, 18:17:01, 1042000000, 1043000000, 1000000.00, 1, -22.99, -22.99
2026-06-28, 18:17:01, 1043000000, 1044000000, 1000000.00, 1, -22.97, -22.97
2026-06-28, 18:17:01, 1044000000, 1045000000, 1000000.00, 1, -23.02, -23.02
2026-06-28, 18:17:01, 1045000000, 1046000000, 1000000.00, 1, -22.99, -22.99
2026-06-28, 18:17:01, 1046000000, 1047000000, 1000000.00, 1, -22.96, -22.96
2026-06-28, 18:17:01, 1047000000, 1048000000, 1000000.00, 1, -22.98, -22.98
2026-06-28, 18:17:01, 1048000000, 1049000000, 1000000.00, 1, -22.94, -22.94
2026-06-28, 18:17:01, 1049000000, 1050000000, 1000000.00, 1, -22.96, -22.96
2026-06-28, 18:17:01, 1050000000, 1051000000, 1000000.00, 1, -22.97, -22.97
2026-06-28, 18:17:01, 1051000000, 1052000000, 1000000.00, 1, -22.94, -22.94
2026-06-28, 18:17:01, 1052000000, 1053000000, 1000000.00, 1, -23.06, -23.06
2026-06-28, 18:17:01, 1053000000, 1054000000, 1000000.00, 1, -23.07, -23.07
2026-06-28, 18:17:01, 1054000000, 1055000000, 1000000.00, 1, -23.05, -23.05
2026-06-28, 18:17:01, 1055000000, 1056000000, 1000000.00, 1, -23.12, -23.12
2026-06-28, 18:17:01, 1056000000, 1057000000, 1000000.00, 1, -23.24, -23.24
2026-06-28, 18:17:01, 1057000000, 1058000000, 1000000.00, 1, -23.17, -23.17
2026-06-28, 18:17:01, 1058000000, 1059000000, 1000000.00, 1, -23.20, -23.20
2026-06-28, 18:17:01, 1059000000, 1060000000, 1000000.00, 1, -23.27, -23.27
2026-06-28, 18:17:01, 1060000000, 1061000000, 1000000.00, 1, -23.22, -23.22
2026-06-28, 18:17:01, 1061000000, 1062000000, 1000000.00, 1, -23.15, -23.15
2026-06-28, 18:17:01, 1062000000, 1063000000, 1000000.00, 1, -23.13, -23.13
2026-06-28, 18:17:01, 1063000000, 1064000000, 1000000.00, 1, -23.16, -23.16
2026-06-28, 18:17:01, 1064000000, 1065000000, 1000000.00, 1, -23.15, -23.15
2026-06-28, 18:17:01, 1065000000, 1066000000, 1000000.00, 1, -22.88, -22.88
2026-06-28, 18:17:01, 1066000000, 1067000000, 1000000.00, 1, -22.85, -22.85
2026-06-28, 18:17:01, 1067000000, 1068000000, 1000000.00, 1, -22.70, -22.70
2026-06-28, 18:17:01, 1068000000, 1069000000, 1000000.00, 1, -22.58, -22.58
2026-06-28, 18:17:01, 1069000000, 1070000000, 1000000.00, 1, -22.34, -22.34
2026-06-28, 18:17:01, 1070000000, 1071000000, 1000000.00, 1, -22.52, -22.52
2026-06-28, 18:17:01, 1071000000, 1072000000, 1000000.00, 1, -22.55, -22.55
2026-06-28, 18:17:01, 1072000000, 1073000000, 1000000.00, 1, -22.60, -22.60
2026-06-28, 18:17:01, 1073000000, 1074000000, 1000000.00, 1, -22.44, -22.44
2026-06-28, 18:17:01, 1074000000, 1075000000, 1000000.00, 1, -22.40, -22.40
2026-06-28, 18:17:01, 1075000000, 1076000000, 1000000.00, 1, -22.37, -22.37
2026-06-28, 18:17:01, 1076000000, 1077000000, 1000000.00, 1, -22.37, -22.37
2026-06-28, 18:17:01, 1077000000, 1078000000, 1000000.00, 1, -22.50, -22.50
2026-06-28, 18:17:01, 1078000000, 1079000000, 1000000.00, 1, -22.65, -22.65
2026-06-28, 18:17:01, 1079000000, 1080000000, 1000000.00, 1, -21.98, -21.98
2026-06-28, 18:17:01, 1080000000, 1081000000, 1000000.00, 1, -21.99, -21.99
2026-06-28, 18:17:01, 1081000000, 1082000000, 1000000.00, 1, -21.61, -21.61
2026-06-28, 18:17:01, 1082000000, 1083000000, 1000000.00, 1, -21.47, -21.47
2026-06-28, 18:17:01, 1083000000, 1084000000, 1000000.00, 1, -21.54, -21.54
2026-06-28, 18:17:01, 1084000000, 1085000000, 1000000.00, 1, -21.72, -21.72
2026-06-28, 18:17:01, 1085000000, 1086000000, 1000000.00, 1, -22.25, -22.25
2026-06-28, 18:17:01, 1086000000, 1087000000, 1000000.00, 1, -22.46, -22.46
2026-06-28, 18:17:01, 1087000000, 1088000000, 1000000.00, 1, -22.76, -22.76
2026-06-28, 18:17:01, 1088000000, 1089000000, 1000000.00, 1, -22.32, -22.32
2026-06-28, 18:17:01, 1089000000, 1090000000, 1000000.00, 1, -21.79, -21.79
2026-06-28, 18:17:01, 1090000000, 1091000000, 1000000.00, 1, -21.89, -21.89
2026-06-28, 18:17:01, 1091000000, 1092000000, 1000000.00, 1, -21.73, -21.73
2026-06-28, 18:17:01, 1092000000, 1093000000, 1000000.00, 1, -21.79, -21.79
2026-06-28, 18:17:01, 1093000000, 1094000000, 1000000.00, 1, -21.91, -21.91
2026-06-28, 18:17:01, 1094000000, 1095000000, 1000000.00, 1, -21.67, -21.67
2026-06-28, 18:17:01, 1095000000, 1096000000, 1000000.00, 1, -21.92, -21.92
2026-06-28, 18:17:01, 1096000000, 1097000000, 1000000.00, 1, -21.89, -21.89
2026-06-28, 18:17:01, 1097000000, 1098000000, 1000000.00, 1, -21.70, -21.70
2026-06-28, 18:17:01, 1098000000, 1099000000, 1000000.00, 1, -21.53, -21.53
2026-06-28, 18:17:01, 1099000000, 1100000000, 1000000.00, 1, -21.59, -21.59
2026-06-28, 18:17:01, 1100000000, 1101000000, 1000000.00, 1, -22.06, -22.06
2026-06-28, 18:17:01, 1101000000, 1102000000, 1000000.00, 1, -22.11, -22.11
2026-06-28, 18:17:01, 1102000000, 1103000000, 1000000.00, 1, -22.15, -22.15
2026-06-28, 18:17:01, 1103000000, 1104000000, 1000000.00, 1, -22.41, -22.41
2026-06-28, 18:17:01, 1104000000, 1105000000, 1000000.00, 1, -22.43, -22.43
2026-06-28, 18:17:01, 1105000000, 1106000000, 1000000.00, 1, -22.48, -22.48
2026-06-28, 18:17:01, 1106000000, 1107000000, 1000000.00, 1, -22.66, -22.66
2026-06-28, 18:17:01, 1107000000, 1108000000, 1000000.00, 1, -22.61, -22.61
2026-06-28, 18:17:01, 1108000000, 1109000000, 1000000.00, 1, -22.37, -22.37
2026-06-28, 18:17:01, 1109000000, 1110000000, 1000000.00, 1, -22.50, -22.50
2026-06-28, 18:17:01, 1110000000, 1111000000, 1000000.00, 1, -22.29, -22.29
2026-06-28, 18:17:01, 1111000000, 1112000000, 1000000.00, 1, -22.55, -22.55
2026-06-28, 18:17:01, 1112000000, 1113000000, 1000000.00, 1, -22.80, -22.80
2026-06-28, 18:17:01, 1113000000, 1114000000, 1000000.00, 1, -23.14, -23.14
2026-06-28, 18:17:01, 1114000000, 1115000000, 1000000.00, 1, -23.26, -23.26
2026-06-28, 18:17:01, 1115000000, 1116000000, 1000000.00, 1, -23.51, -23.51
2026-06-28, 18:17:01, 1116000000, 1117000000, 1000000.00, 1, -23.59, -23.59
2026-06-28, 18:17:01, 1117000000, 1118000000, 1000000.00, 1, -23.64, -23.64
2026-06-28, 18:17:01, 1118000000, 1119000000, 1000000.00, 1, -23.63, -23.63
2026-06-28, 18:17:01, 1119000000, 1120000000, 1000000.00, 1, -23.61, -23.61
2026-06-28, 18:17:01, 1120000000, 1121000000, 1000000.00, 1, -23.61, -23.61
2026-06-28, 18:17:01, 1121000000, 1122000000, 1000000.00, 1, -23.59, -23.59
2026-06-28, 18:17:01, 1122000000, 1123000000, 1000000.00, 1, -23.73, -23.73
2026-06-28, 18:17:01, 1123000000, 1124000000, 1000000.00, 1, -23.09, -23.09
2026-06-28, 18:17:01, 1124000000, 1125000000, 1000000.00, 1, -23.68, -23.68
2026-06-28, 18:17:01, 1125000000, 1126000000, 1000000.00, 1, -23.62, -23.62
2026-06-28, 18:17:01, 1126000000, 1127000000, 1000000.00, 1, -23.61, -23.61
2026-06-28, 18:17:01, 1127000000, 1128000000, 1000000.00, 1, -23.64, -23.64
2026-06-28, 18:17:01, 1128000000, 1129000000, 1000000.00, 1, -23.56, -23.56
2026-06-28, 18:17:01, 1129000000, 1130000000, 1000000.00, 1, -23.65, -23.65
2026-06-28, 18:17:01, 1130000000, 1131000000, 1000000.00, 1, -23.73, -23.73
2026-06-28, 18:17:01, 1131000000, 1132000000, 1000000.00, 1, -23.63, -23.63
2026-06-28, 18:17:01, 1132000000, 1133000000, 1000000.00, 1, -23.66, -23.66
2026-06-28, 18:17:01, 1133000000, 1134000000, 1000000.00, 1, -23.72, -23.72
2026-06-28, 18:17:01, 1134000000, 1135000000, 1000000.00, 1, -23.69, -23.69
2026-06-28, 18:17:01, 1135000000, 1136000000, 1000000.00, 1, -23.66, -23.66
2026-06-28, 18:17:01, 1136000000, 1137000000, 1000000.00, 1, -23.67, -23.67
2026-06-28, 18:17:01, 1137000000, 1138000000, 1000000.00, 1, -23.62, -23.62
2026-06-28, 18:17:01, 1138000000, 1139000000, 1000000.00, 1, -23.59, -23.59
2026-06-28, 18:17:01, 1139000000, 1140000000, 1000000.00, 1, -23.58, -23.58
2026-06-28, 18:17:01, 1140000000, 1141000000, 1000000.00, 1, -23.65, -23.65
2026-06-28, 18:17:01, 1141000000, 1142000000, 1000000.00, 1, -23.61, -23.61
2026-06-28, 18:17:01, 1142000000, 1143000000, 1000000.00, 1, -23.63, -23.63
2026-06-28, 18:17:01, 1143000000, 1144000000, 1000000.00, 1, -23.68, -23.68
2026-06-28, 18:17:01, 1144000000, 1145000000, 1000000.00, 1, -23.65, -23.65
2026-06-28, 18:17:01, 1145000000, 1146000000, 1000000.00, 1, -23.66, -23.66
2026-06-28, 18:17:01, 1146000000, 1147000000, 1000000.00, 1, -23.57, -23.57
2026-06-28, 18:17:01, 1147000000, 1148000000, 1000000.00, 1, -23.65, -23.65
2026-06-28, 18:17:01, 1148000000, 1149000000, 1000000.00, 1, -23.68, -23.68
2026-06-28, 18:17:01, 1149000000, 1150000000, 1000000.00, 1, -23.58, -23.58
2026-06-28, 18:17:01, 1150000000, 1151000000, 1000000.00, 1, -23.64, -23.64
2026-06-28, 18:17:01, 1151000000, 1152000000, 1000000.00, 1, -23.60, -23.60
2026-06-28, 18:17:01, 1152000000, 1153000000, 1000000.00, 1, -23.55, -23.55
2026-06-28, 18:17:01, 1153000000, 1154000000, 1000000.00, 1, -23.63, -23.63
2026-06-28, 18:17:01, 1154000000, 1155000000, 1000000.00, 1, -23.65, -23.65
2026-06-28, 18:17:01, 1155000000, 1156000000, 1000000.00, 1, -23.61, -23.61
2026-06-28, 18:17:01, 1156000000, 1157000000, 1000000.00, 1, -23.60, -23.60
2026-06-28, 18:17:01, 1157000000, 1158000000, 1000000.00, 1, -23.65, -23.65
2026-06-28, 18:17:01, 1158000000, 1159000000, 1000000.00, 1, -23.55, -23.55
2026-06-28, 18:17:01, 1159000000, 1160000000, 1000000.00, 1, -23.67, -23.67
2026-06-28, 18:17:01, 1160000000, 1161000000, 1000000.00, 1, -23.58, -23.58
2026-06-28, 18:17:01, 1161000000, 1162000000, 1000000.00, 1, -23.61, -23.61
2026-06-28, 18:17:01, 1162000000, 1163000000, 1000000.00, 1, -23.63, -23.63
2026-06-28, 18:17:01, 1163000000, 1164000000, 1000000.00, 1, -23.46, -23.46
2026-06-28, 18:17:01, 1164000000, 1165000000, 1000000.00, 1, -23.51, -23.51
2026-06-28, 18:17:01, 1165000000, 1166000000, 1000000.00, 1, -23.46, -23.46
2026-06-28, 18:17:01, 1166000000, 1167000000, 1000000.00, 1, -23.40, -23.40
2026-06-28, 18:17:01, 1167000000, 1168000000, 1000000.00, 1, -23.54, -23.54
2026-06-28, 18:17:01, 1168000000, 1169000000, 1000000.00, 1, -23.59, -23.59
2026-06-28, 18:17:01, 1169000000, 1170000000, 1000000.00, 1, -23.52, -23.52
2026-06-28, 18:17:01, 1170000000, 1171000000, 1000000.00, 1, -23.52, -23.52
2026-06-28, 18:17:01, 1171000000, 1172000000, 1000000.00, 1, -23.43, -23.43
2026-06-28, 18:17:01, 1172000000, 1173000000, 1000000.00, 1, -23.33, -23.33
2026-06-28, 18:17:01, 1173000000, 1174000000, 1000000.00, 1, -23.33, -23.33
2026-06-28, 18:17:01, 1174000000, 1175000000, 1000000.00, 1, -23.37, -23.37
2026-06-28, 18:17:01, 1175000000, 1176000000, 1000000.00, 1, -23.47, -23.47
2026-06-28, 18:17:01, 1176000000, 1177000000, 1000000.00, 1, -23.42, -23.42
2026-06-28, 18:17:01, 1177000000, 1178000000, 1000000.00, 1, -23.38, -23.38
2026-06-28, 18:17:01, 1178000000, 1179000000, 1000000.00, 1, -23.42, -23.42
2026-06-28, 18:17:01, 1179000000, 1180000000, 1000000.00, 1, -23.40, -23.40
2026-06-28, 18:17:01, 1180000000, 1181000000, 1000000.00, 1, -23.20, -23.20
2026-06-28, 18:17:01, 1181000000, 1182000000, 1000000.00, 1, -23.34, -23.34
2026-06-28, 18:17:01, 1182000000, 1183000000, 1000000.00, 1, -23.36, -23.36
2026-06-28, 18:17:01, 1183000000, 1184000000, 1000000.00, 1, -23.38, -23.38
2026-06-28, 18:17:01, 1184000000, 1185000000, 1000000.00, 1, -23.34, -23.34
2026-06-28, 18:17:01, 1185000000, 1186000000, 1000000.00, 1, -23.35, -23.35
2026-06-28, 18:17:01, 1186000000, 1187000000, 1000000.00, 1, -23.33, -23.33
2026-06-28, 18:17:01, 1187000000, 1188000000, 1000000.00, 1, -23.15, -23.15
2026-06-28, 18:17:01, 1188000000, 1189000000, 1000000.00, 1, -23.10, -23.10
2026-06-28, 18:17:01, 1189000000, 1190000000, 1000000.00, 1, -23.15, -23.15
2026-06-28, 18:17:01, 1190000000, 1191000000, 1000000.00, 1, -23.01, -23.01
2026-06-28, 18:17:01, 1191000000, 1192000000, 1000000.00, 1, -23.05, -23.05
2026-06-28, 18:17:01, 1192000000, 1193000000, 1000000.00, 1, -22.93, -22.93
2026-06-28, 18:17:01, 1193000000, 1194000000, 1000000.00, 1, -22.90, -22.90
2026-06-28, 18:17:01, 1194000000, 1195000000, 1000000.00, 1, -22.71, -22.71
2026-06-28, 18:17:01, 1195000000, 1196000000, 1000000.00, 1, -22.37, -22.37
2026-06-28, 18:17:01, 1196000000, 1197000000, 1000000.00, 1, -22.58, -22.58
2026-06-28, 18:17:01, 1197000000, 1198000000, 1000000.00, 1, -22.58, -22.58
2026-06-28, 18:17:01, 1198000000, 1199000000, 1000000.00, 1, -21.69, -21.69
2026-06-28, 18:17:01, 1199000000, 1200000000, 1000000.00, 1, -22.64, -22.64
2026-06-28, 18:17:01, 1200000000, 1201000000, 1000000.00, 1, -22.69, -22.69
2026-06-28, 18:17:01, 1201000000, 1202000000, 1000000.00, 1, -22.59, -22.59
2026-06-28, 18:17:01, 1202000000, 1203000000, 1000000.00, 1, -22.64, -22.64
2026-06-28, 18:17:01, 1203000000, 1204000000, 1000000.00, 1, -22.64, -22.64
2026-06-28, 18:17:01, 1204000000, 1205000000, 1000000.00, 1, -22.53, -22.53
2026-06-28, 18:17:01, 1205000000, 1206000000, 1000000.00, 1, -22.58, -22.58
2026-06-28, 18:17:01, 1206000000, 1207000000, 1000000.00, 1, -22.53, -22.53
2026-06-28, 18:17:01, 1207000000, 1208000000, 1000000.00, 1, -22.50, -22.50
2026-06-28, 18:17:01, 1208000000, 1209000000, 1000000.00, 1, -22.50, -22.50
2026-06-28, 18:17:01, 1209000000, 1210000000, 1000000.00, 1, -22.26, -22.26
2026-06-28, 18:17:01, 1210000000, 1211000000, 1000000.00, 1, -22.41, -22.41
2026-06-28, 18:17:01, 1211000000, 1212000000, 1000000.00, 1, -22.28, -22.28
2026-06-28, 18:17:01, 1212000000, 1213000000, 1000000.00, 1, -22.24, -22.24
2026-06-28, 18:17:01, 1213000000, 1214000000, 1000000.00, 1, -22.26, -22.26
2026-06-28, 18:17:01, 1214000000, 1215000000, 1000000.00, 1, -22.21, -22.21
2026-06-28, 18:17:12, 960000000, 961000000, 1000000.00, 1, -23.06, -23.06
2026-06-28, 18:17:12, 961000000, 962000000, 1000000.00, 1, -23.09, -23.09
2026-06-28, 18:17:12, 962000000, 963000000, 1000000.00, 1, -23.07, -23.07
2026-06-28, 18:17:12, 963000000, 964000000, 1000000.00, 1, -23.08, -23.08
2026-06-28, 18:17:12, 964000000, 965000000, 1000000.00, 1, -22.82, -22.82
2026-06-28, 18:17:12, 965000000, 966000000, 1000000.00, 1, -23.13, -23.13
2026-06-28, 18:17:12, 966000000, 967000000, 1000000.00, 1, -23.13, -23.13
2026-06-28, 18:17:12, 967000000, 968000000, 1000000.00, 1, -23.12, -23.12
2026-06-28, 18:17:12, 968000000, 969000000, 1000000.00, 1, -23.17, -23.17
2026-06-28, 18:17:12, 969000000, 970000000, 1000000.00, 1, -23.15, -23.15
2026-06-28, 18:17:12, 970000000, 971000000, 1000000.00, 1, -23.23, -23.23
2026-06-28, 18:17:12, 971000000, 972000000, 1000000.00, 1, -23.09, -23.09
2026-06-28, 18:17:12, 972000000, 973000000, 1000000.00, 1, -23.06, -23.06
2026-06-28, 18:17:12, 973000000, 974000000, 1000000.00, 1, -23.08, -23.08
2026-06-28, 18:17:12, 974000000, 975000000, 1000000.00, 1, -23.08, -23.08
2026-06-28, 18:17:12, 975000000, 976000000, 1000000.00, 1, -23.13, -23.13
2026-06-28, 18:17:12, 976000000, 977000000, 1000000.00, 1, -23.09, -23.09
2026-06-28, 18:17:12, 977000000, 978000000, 1000000.00, 1, -23.19, -23.19
2026-06-28, 18:17:12, 978000000, 979000000, 1000000.00, 1, -23.12, -23.12
2026-06-28, 18:17:12, 979000000, 980000000, 1000000.00, 1, -22.31, -22.31
2026-06-28, 18:17:12, 980000000, 981000000, 1000000.00, 1, -23.13, -23.13
2026-06-28, 18:17:12, 981000000, 982000000, 1000000.00, 1, -23.07, -23.07
2026-06-28, 18:17:12, 982000000, 983000000, 1000000.00, 1, -23.21, -23.21
2026-06-28, 18:17:12, 983000000, 984000000, 1000000.00, 1, -23.11, -23.11
2026-06-28, 18:17:12, 984000000, 985000000, 1000000.00, 1, -23.21, -23.21
2026-06-28, 18:17:12, 985000000, 986000000, 1000000.00, 1, -23.15, -23.15
2026-06-28, 18:17:12, 986000000, 987000000, 1000000.00, 1, -23.12, -23.12
2026-06-28, 18:17:12, 987000000, 988000000, 1000000.00, 1, -23.11, -23.11
2026-06-28, 18:17:12, 988000000, 989000000, 1000000.00, 1, -23.13, -23.13
2026-06-28, 18:17:12, 989000000, 990000000, 1000000.00, 1, -23.17, -23.17
2026-06-28, 18:17:12, 990000000, 991000000, 1000000.00, 1, -23.19, -23.19
2026-06-28, 18:17:12, 991000000, 992000000, 1000000.00, 1, -23.09, -23.09
2026-06-28, 18:17:12, 992000000, 993000000, 1000000.00, 1, -23.12, -23.12
2026-06-28, 18:17:12, 993000000, 994000000, 1000000.00, 1, -22.83, -22.83
2026-06-28, 18:17:12, 994000000, 995000000, 1000000.00, 1, -23.13, -23.13
2026-06-28, 18:17:12, 995000000, 996000000, 1000000.00, 1, -23.16, -23.16
2026-06-28, 18:17:12, 996000000, 997000000, 1000000.00, 1, -23.09, -23.09
2026-06-28, 18:17:12, 997000000, 998000000, 1000000.00, 1, -23.11, -23.11
2026-06-28, 18:17:12, 998000000, 999000000, 1000000.00, 1, -22.71, -22.71
2026-06-28, 18:17:12, 999000000, 1000000000, 1000000.00, 1, -22.41, -22.41
2026-06-28, 18:17:12, 1000000000, 1001000000, 1000000.00, 1, -23.08, -23.08
2026-06-28, 18:17:12, 1001000000, 1002000000, 1000000.00, 1, -23.06, -23.06
2026-06-28, 18:17:12, 1002000000, 1003000000, 1000000.00, 1, -23.15, -23.15
2026-06-28, 18:17:12, 1003000000, 1004000000, 1000000.00, 1, -23.03, -23.03
2026-06-28, 18:17:12, 1004000000, 1005000000, 1000000.00, 1, -23.16, -23.16
2026-06-28, 18:17:12, 1005000000, 1006000000, 1000000.00, 1, -23.02, -23.02
2026-06-28, 18:17:12, 1006000000, 1007000000, 1000000.00, 1, -22.97, -22.97
2026-06-28, 18:17:12, 1007000000, 1008000000, 1000000.00, 1, -22.73, -22.73
2026-06-28, 18:17:12, 1008000000, 1009000000, 1000000.00, 1, -22.57, -22.57
2026-06-28, 18:17:12, 1009000000, 1010000000, 1000000.00, 1, -22.87, -22.87
2026-06-28, 18:17:12, 1010000000, 1011000000, 1000000.00, 1, -22.81, -22.81
2026-06-28, 18:17:12, 1011000000, 1012000000, 1000000.00, 1, -22.79, -22.79
2026-06-28, 18:17:12, 1012000000, 1013000000, 1000000.00, 1, -22.65, -22.65
2026-06-28, 18:17:12, 1013000000, 1014000000, 1000000.00, 1, -22.57, -22.57
2026-06-28, 18:17:12, 1014000000, 1015000000, 1000000.00, 1, -22.54, -22.54
2026-06-28, 18:17:12, 1015000000, 1016000000, 1000000.00, 1, -22.37, -22.37
2026-06-28, 18:17:12, 1016000000, 1017000000, 1000000.00, 1, -22.18, -22.18
2026-06-28, 18:17:12, 1017000000, 1018000000, 1000000.00, 1, -21.97, -21.97
2026-06-28, 18:17:12, 1018000000, 1019000000, 1000000.00, 1, -21.78, -21.78
2026-06-28, 18:17:12, 1019000000, 1020000000, 1000000.00, 1, -21.58, -21.58
2026-06-28, 18:17:12, 1020000000, 1021000000, 1000000.00, 1, -21.36, -21.36
2026-06-28, 18:17:12, 1021000000, 1022000000, 1000000.00, 1, -21.16, -21.16
2026-06-28, 18:17:12, 1022000000, 1023000000, 1000000.00, 1, -19.87, -19.87
2026-06-28, 18:17:12, 1023000000, 1024000000, 1000000.00, 1, -21.20, -21.20
2026-06-28, 18:17:12, 1024000000, 1025000000, 1000000.00, 1, -21.20, -21.20
2026-06-28, 18:17:12, 1025000000, 1026000000, 1000000.00, 1, -21.40, -21.40
2026-06-28, 18:17:12, 1026000000, 1027000000, 1000000.00, 1, -21.64, -21.64
2026-06-28, 18:17:12, 1027000000, 1028000000, 1000000.00, 1, -21.83, -21.83
2026-06-28, 18:17:12, 1028000000, 1029000000, 1000000.00, 1, -21.93, -21.93
2026-06-28, 18:17:12, 1029000000, 1030000000, 1000000.00, 1, -22.21, -22.21
2026-06-28, 18:17:12, 1030000000, 1031000000, 1000000.00, 1, -22.30, -22.30
2026-06-28, 18:17:12, 1031000000, 1032000000, 1000000.00, 1, -22.46, -22.46
2026-06-28, 18:17:12, 1032000000, 1033000000, 1000000.00, 1, -22.60, -22.60
2026-06-28, 18:17:12, 1033000000, 1034000000, 1000000.00, 1, -22.69, -22.69
2026-06-28, 18:17:12, 1034000000, 1035000000, 1000000.00, 1, -22.73, -22.73
2026-06-28, 18:17:12, 1035000000, 1036000000, 1000000.00, 1, -22.78, -22.78
2026-06-28, 18:17:12, 1036000000, 1037000000, 1000000.00, 1, -22.48, -22.48
2026-06-28, 18:17:12, 1037000000, 1038000000, 1000000.00, 1, -22.90, -22.90
2026-06-28, 18:17:12, 1038000000, 1039000000, 1000000.00, 1, -22.84, -22.84
2026-06-28, 18:17:12, 1039000000, 1040000000, 1000000.00, 1, -22.92, -22.92
2026-06-28, 18:17:12, 1040000000, 1041000000, 1000000.00, 1, -22.93, -22.93
2026-06-28, 18:17:12, 1041000000, 1042000000, 1000000.00, 1, -22.87, -22.87
2026-06-28, 18:17:12, 1042000000, 1043000000, 1000000.00, 1, -22.92, -22.92
2026-06-28, 18:17:12, 1043000000, 1044000000, 1000000.00, 1, -22.88, -22.88
2026-06-28, 18:17:12, 1044000000, 1045000000, 1000000.00, 1, -22.96, -22.96
2026-06-28, 18:17:12, 1045000000, 1046000000, 1000000.00, 1, -23.04, -23.04
2026-06-28, 18:17:12, 1046000000, 1047000000, 1000000.00, 1, -23.04, -23.04
2026-06-28, 18:17:12, 1047000000, 1048000000, 1000000.00, 1, -23.01, -23.01
2026-06-28, 18:17:12, 1048000000, 1049000000, 1000000.00, 1, -22.96, -22.96
2026-06-28, 18:17:12, 1049000000, 1050000000, 1000000.00, 1, -23.04, -23.04
2026-06-28, 18:17:12, 1050000000, 1051000000, 1000000.00, 1, -23.04, -23.04
2026-06-28, 18:17:12, 1051000000, 1052000000, 1000000.00, 1, -23.07, -23.07
2026-06-28, 18:17:12, 1052000000, 1053000000, 1000000.00, 1, -22.99, -22.99
2026-06-28, 18:17:12, 1053000000, 1054000000, 1000000.00, 1, -23.08, -23.08
2026-06-28, 18:17:12, 1054000000, 1055000000, 1000000.00, 1, -23.14, -23.14
2026-06-28, 18:17:12, 1055000000, 1056000000, 1000000.00, 1, -23.17, -23.17
2026-06-28, 18:17:12, 1056000000, 1057000000, 1000000.00, 1, -23.29, -23.29
2026-06-28, 18:17:12, 1057000000, 1058000000, 1000000.00, 1, -23.18, -23.18
2026-06-28, 18:17:12, 1058000000, 1059000000, 1000000.00, 1, -23.21, -23.21
2026-06-28, 18:17:12, 1059000000, 1060000000, 1000000.00, 1, -23.25, -23.25
2026-06-28, 18:17:12, 1060000000, 1061000000, 1000000.00, 1, -23.14, -23.14
2026-06-28, 18:17:12, 1061000000, 1062000000, 1000000.00, 1, -23.23, -23.23
2026-06-28, 18:17:12, 1062000000, 1063000000, 1000000.00, 1, -23.07, -23.07
2026-06-28, 18:17:12, 1063000000, 1064000000, 1000000.00, 1, -23.15, -23.15
2026-06-28, 18:17:12, 1064000000, 1065000000, 1000000.00, 1, -23.11, -23.11
2026-06-28, 18:17:12, 1065000000, 1066000000, 1000000.00, 1, -22.91, -22.91
2026-06-28, 18:17:12, 1066000000, 1067000000, 1000000.00, 1, -22.91, -22.91
2026-06-28, 18:17:12, 1067000000, 1068000000, 1000000.00, 1, -22.67, -22.67
2026-06-28, 18:17:12, 1068000000, 1069000000, 1000000.00, 1, -22.55, -22.55
2026-06-28, 18:17:12, 1069000000, 1070000000, 1000000.00, 1, -22.51, -22.51
2026-06-28, 18:17:12, 1070000000, 1071000000, 1000000.00, 1, -22.43, -22.43
2026-06-28, 18:17:12, 1071000000, 1072000000, 1000000.00, 1, -22.50, -22.50
2026-06-28, 18:17:12, 1072000000, 1073000000, 1000000.00, 1, -22.56, -22.56
2026-06-28, 18:17:12, 1073000000, 1074000000, 1000000.00, 1, -22.52, -22.52
2026-06-28, 18:17:12, 1074000000, 1075000000, 1000000.00, 1, -22.28, -22.28
2026-06-28, 18:17:12, 1075000000, 1076000000, 1000000.00, 1, -22.40, -22.40
2026-06-28, 18:17:12, 1076000000, 1077000000, 1000000.00, 1, -22.45, -22.45
2026-06-28, 18:17:12, 1077000000, 1078000000, 1000000.00, 1, -22.52, -22.52
2026-06-28, 18:17:12, 1078000000, 1079000000, 1000000.00, 1, -22.66, -22.66
2026-06-28, 18:17:12, 1079000000, 1080000000, 1000000.00, 1, -21.95, -21.95
2026-06-28, 18:17:12, 1080000000, 1081000000, 1000000.00, 1, -22.05, -22.05
2026-06-28, 18:17:12, 1081000000, 1082000000, 1000000.00, 1, -21.72, -21.72
2026-06-28, 18:17:12, 1082000000, 1083000000, 1000000.00, 1, -21.57, -21.57
2026-06-28, 18:17:12, 1083000000, 1084000000, 1000000.00, 1, -21.59, -21.59
2026-06-28, 18:17:12, 1084000000, 1085000000, 1000000.00, 1, -21.89, -21.89
2026-06-28, 18:17:12, 1085000000, 1086000000, 1000000.00, 1, -22.20, -22.20
2026-06-28, 18:17:12, 1086000000, 1087000000, 1000000.00, 1, -22.76, -22.76
2026-06-28, 18:17:12, 1087000000, 1088000000, 1000000.00, 1, -22.88, -22.88
2026-06-28, 18:17:12, 1088000000, 1089000000, 1000000.00, 1, -22.75, -22.75
2026-06-28, 18:17:12, 1089000000, 1090000000, 1000000.00, 1, -19.58, -19.58
2026-06-28, 18:17:12, 1090000000, 1091000000, 1000000.00, 1, -21.30, -21.30
2026-06-28, 18:17:12, 1091000000, 1092000000, 1000000.00, 1, -21.61, -21.61
2026-06-28, 18:17:12, 1092000000, 1093000000, 1000000.00, 1, -21.73, -21.73
2026-06-28, 18:17:12, 1093000000, 1094000000, 1000000.00, 1, -21.94, -21.94
2026-06-28, 18:17:12, 1094000000, 1095000000, 1000000.00, 1, -21.71, -21.71
2026-06-28, 18:17:12, 1095000000, 1096000000, 1000000.00, 1, -22.10, -22.10
2026-06-28, 18:17:12, 1096000000, 1097000000, 1000000.00, 1, -21.86, -21.86
2026-06-28, 18:17:12, 1097000000, 1098000000, 1000000.00, 1, -21.72, -21.72
2026-06-28, 18:17:12, 1098000000, 1099000000, 1000000.00, 1, -21.61, -21.61
2026-06-28, 18:17:12, 1099000000, 1100000000, 1000000.00, 1, -21.61, -21.61
2026-06-28, 18:17:12, 1100000000, 1101000000, 1000000.00, 1, -22.01, -22.01
2026-06-28, 18:17:12, 1101000000, 1102000000, 1000000.00, 1, -22.16, -22.16
2026-06-28, 18:17:12, 1102000000, 1103000000, 1000000.00, 1, -22.17, -22.17
2026-06-28, 18:17:12, 1103000000, 1104000000, 1000000.00, 1, -22.23, -22.23
2026-06-28, 18:17:12, 1104000000, 1105000000, 1000000.00, 1, -20.47, -20.47
2026-06-28, 18:17:12, 1105000000, 1106000000, 1000000.00, 1, -22.45, -22.45
2026-06-28, 18:17:12, 1106000000, 1107000000, 1000000.00, 1, -22.53, -22.53
2026-06-28, 18:17:12, 1107000000, 1108000000, 1000000.00, 1, -22.61, -22.61
2026-06-28, 18:17:12, 1108000000, 1109000000, 1000000.00, 1, -22.28, -22.28
2026-06-28, 18:17:12, 1109000000, 1110000000, 1000000.00, 1, -22.50, -22.50
2026-06-28, 18:17:12, 1110000000, 1111000000, 1000000.00, 1, -22.54, -22.54
2026-06-28, 18:17:12, 1111000000, 1112000000, 1000000.00, 1, -22.55, -22.55
2026-06-28, 18:17:12, 1112000000, 1113000000, 1000000.00, 1, -22.79, -22.79
2026-06-28, 18:17:12, 1113000000, 1114000000, 1000000.00, 1, -22.97, -22.97
2026-06-28, 18:17:12, 1114000000, 1115000000, 1000000.00, 1, -23.37, -23.37
2026-06-28, 18:17:12, 1115000000, 1116000000, 1000000.00, 1, -23.53, -23.53
2026-06-28, 18:17:12, 1116000000, 1117000000, 1000000.00, 1, -23.53, -23.53
2026-06-28, 18:17:12, 1117000000, 1118000000, 1000000.00, 1, -23.66, -23.66
2026-06-28, 18:17:12, 1118000000, 1119000000, 1000000.00, 1, -23.67, -23.67
2026-06-28, 18:17:12, 1119000000, 1120000000, 1000000.00, 1, -23.65, -23.65
2026-06-28, 18:17:12, 1120000000, 1121000000, 1000000.00, 1, -23.61, -23.61
2026-06-28, 18:17:12, 1121000000, 1122000000, 1000000.00, 1, -23.71, -23.71
2026-06-28, 18:17:12, 1122000000, 1123000000, 1000000.00, 1, -23.69, -23.69
2026-06-28, 18:17:12, 1123000000, 1124000000, 1000000.00, 1, -23.02, -23.02
2026-06-28, 18:17:12, 1124000000, 1125000000, 1000000.00, 1, -23.65, -23.65
2026-06-28, 18:17:12, 1125000000, 1126000000, 1000000.00, 1, -23.63, -23.63
2026-06-28, 18:17:12, 1126000000, 1127000000, 1000000.00, 1, -23.59, -23.59
2026-06-28, 18:17:12, 1127000000, 1128000000, 1000000.00, 1, -23.65, -23.65
2026-06-28, 18:17:12, 1128000000, 1129000000, 1000000.00, 1, -23.65, -23.65
2026-06-28, 18:17:12, 1129000000, 1130000000, 1000000.00, 1, -23.71, -23.71
2026-06-28, 18:17:12, 1130000000, 1131000000, 1000000.00, 1, -23.69, -23.69
2026-06-28, 18:17:12, 1131000000, 1132000000, 1000000.00, 1, -23.67, -23.67
2026-06-28, 18:17:12, 1132000000, 1133000000, 1000000.00, 1, -23.69, -23.69
2026-06-28, 18:17:12, 1133000000, 1134000000, 1000000.00, 1, -23.69, -23.69
2026-06-28, 18:17:12, 1134000000, 1135000000, 1000000.00, 1, -23.64, -23.64
2026-06-28, 18:17:12, 1135000000, 1136000000, 1000000.00, 1, -23.62, -23.62
2026-06-28, 18:17:12, 1136000000, 1137000000, 1000000.00, 1, -23.63, -23.63
2026-06-28, 18:17:12, 1137000000, 1138000000, 1000000.00, 1, -23.59, -23.59
2026-06-28, 18:17:12, 1138000000, 1139000000, 1000000.00, 1, -23.68, -23.68
2026-06-28, 18:17:12, 1139000000, 1140000000, 1000000.00, 1, -23.63, -23.63
2026-06-28, 18:17:12, 1140000000, 1141000000, 1000000.00, 1, -23.68, -23.68
2026-06-28, 18:17:12, 1141000000, 1142000000, 1000000.00, 1, -23.64, -23.64
2026-06-28, 18:17:12, 1142000000, 1143000000, 1000000.00, 1, -23.61, -23.61
2026-06-28, 18:17:12, 1143000000, 1144000000, 1000000.00, 1, -23.60, -23.60
2026-06-28, 18:17:12, 1144000000, 1145000000, 1000000.00, 1, -23.64, -23.64
2026-06-28, 18:17:12, 1145000000, 1146000000, 1000000.00, 1, -23.66, -23.66
2026-06-28, 18:17:12, 1146000000, 1147000000, 1000000.00, 1, -23.61, -23.61
2026-06-28, 18:17:12, 1147000000, 1148000000, 1000000.00, 1, -23.72, -23.72
2026-06-28, 18:17:12, 1148000000, 1149000000, 1000000.00, 1, -23.69, -23.69
2026-06-28, 18:17:12, 1149000000, 1150000000, 1000000.00, 1, -23.62, -23.62
2026-06-28, 18:17:12, 1150000000, 1151000000, 1000000.00, 1, -23.63, -23.63
2026-06-28, 18:17:12, 1151000000, 1152000000, 1000000.00, 1, -23.58, -23.58
2026-06-28, 18:17:12, 1152000000, 1153000000, 1000000.00, 1, -23.62, -23.62
2026-06-28, 18:17:12, 1153000000, 1154000000, 1000000.00, 1, -23.61, -23.61
2026-06-28, 18:17:12, 1154000000, 1155000000, 1000000.00, 1, -23.63, -23.63
2026-06-28, 18:17:12, 1155000000, 1156000000, 1000000.00, 1, -23.65, -23.65
2026-06-28, 18:17:12, 1156000000, 1157000000, 1000000.00, 1, -23.66, -23.66
2026-06-28, 18:17:12, 1157000000, 1158000000, 1000000.00, 1, -23.65, -23.65
2026-06-28, 18:17:12, 1158000000, 1159000000, 1000000.00, 1, -23.61, -23.61
2026-06-28, 18:17:12, 1159000000, 1160000000, 1000000.00, 1, -23.65, -23.65
2026-06-28, 18:17:12, 1160000000, 1161000000, 1000000.00, 1, -23.63, -23.63
2026-06-28, 18:17:12, 1161000000, 1162000000, 1000000.00, 1, -23.59, -23.59
2026-06-28, 18:17:12, 1162000000, 1163000000, 1000000.00, 1, -23.52, -23.52
2026-06-28, 18:17:12, 1163000000, 1164000000, 1000000.00, 1, -23.56, -23.56
2026-06-28, 18:17:12, 1164000000, 1165000000, 1000000.00, 1, -23.46, -23.46
2026-06-28, 18:17:12, 1165000000, 1166000000, 1000000.00, 1, -23.44, -23.44
2026-06-28, 18:17:12, 1166000000, 1167000000, 1000000.00, 1, -23.43, -23.43
2026-06-28, 18:17:12, 1167000000, 1168000000, 1000000.00, 1, -23.60, -23.60
2026-06-28, 18:17:12, 1168000000, 1169000000, 1000000.00, 1, -23.56, -23.56
2026-06-28, 18:17:12, 1169000000, 1170000000, 1000000.00, 1, -23.59, -23.59
2026-06-28, 18:17:12, 1170000000, 1171000000, 1000000.00, 1, -23.49, -23.49
2026-06-28, 18:17:12, 1171000000, 1172000000, 1000000.00, 1, -23.38, -23.38
2026-06-28, 18:17:12, 1172000000, 1173000000, 1000000.00, 1, -23.45, -23.45
2026-06-28, 18:17:12, 1173000000, 1174000000, 1000000.00, 1, -23.35, -23.35
2026-06-28, 18:17:12, 1174000000, 1175000000, 1000000.00, 1, -23.38, -23.38
2026-06-28, 18:17:12, 1175000000, 1176000000, 1000000.00, 1, -23.48, -23.48
2026-06-28, 18:17:12, 1176000000, 1177000000, 1000000.00, 1, -23.46, -23.46
2026-06-28, 18:17:12, 1177000000, 1178000000, 1000000.00, 1, -23.43, -23.43
2026-06-28, 18:17:12, 1178000000, 1179000000, 1000000.00, 1, -23.39, -23.39
2026-06-28, 18:17:12, 1179000000, 1180000000, 1000000.00, 1, -23.41, -23.41
2026-06-28, 18:17:12, 1180000000, 1181000000, 1000000.00, 1, -23.14, -23.14
2026-06-28, 18:17:12, 1181000000, 1182000000, 1000000.00, 1, -23.38, -23.38
2026-06-28, 18:17:12, 1182000000, 1183000000, 1000000.00, 1, -23.40, -23.40
2026-06-28, 18:17:12, 1183000000, 1184000000, 1000000.00, 1, -23.38, -23.38
2026-06-28, 18:17:12, 1184000000, 1185000000, 1000000.00, 1, -23.36, -23.36
2026-06-28, 18:17:12, 1185000000, 1186000000, 1000000.00, 1, -23.33, -23.33
2026-06-28, 18:17:12, 1186000000, 1187000000, 1000000.00, 1, -23.26, -23.26
2026-06-28, 18:17:12, 1187000000, 1188000000, 1000000.00, 1, -23.21, -23.21
2026-06-28, 18:17:12, 1188000000, 1189000000, 1000000.00, 1, -23.10, -23.10
2026-06-28, 18:17:12, 1189000000, 1190000000, 1000000.00, 1, -23.09, -23.09
2026-06-28, 18:17:12, 1190000000, 1191000000, 1000000.00, 1, -23.08, -23.08
2026-06-28, 18:17:12, 1191000000, 1192000000, 1000000.00, 1, -23.05, -23.05
2026-06-28, 18:17:12, 1192000000, 1193000000, 1000000.00, 1, -22.97, -22.97
2026-06-28, 18:17:12, 1193000000, 1194000000, 1000000.00, 1, -22.86, -22.86
2026-06-28, 18:17:12, 1194000000, 1195000000, 1000000.00, 1, -22.71, -22.71
2026-06-28, 18:17:12, 1195000000, 1196000000, 1000000.00, 1, -22.41, -22.41
2026-06-28, 18:17:12, 1196000000, 1197000000, 1000000.00, 1, -22.63, -22.63
2026-06-28, 18:17:12, 1197000000, 1198000000, 1000000.00, 1, -22.60, -22.60
2026-06-28, 18:17:12, 1198000000, 1199000000, 1000000.00, 1, -21.73, -21.73
2026-06-28, 18:17:12, 1199000000, 1200000000, 1000000.00, 1, -22.62, -22.62
2026-06-28, 18:17:12, 1200000000, 1201000000, 1000000.00, 1, -22.62, -22.62
2026-06-28, 18:17:12, 1201000000, 1202000000, 1000000.00, 1, -22.67, -22.67
2026-06-28, 18:17:12, 1202000000, 1203000000, 1000000.00, 1, -22.61, -22.61
2026-06-28, 18:17:12, 1203000000, 1204000000, 1000000.00, 1, -22.58, -22.58
2026-06-28, 18:17:12, 1204000000, 1205000000, 1000000.00, 1, -22.55, -22.55
2026-06-28, 18:17:12, 1205000000, 1206000000, 1000000.00, 1, -22.51, -22.51
2026-06-28, 18:17:12, 1206000000, 1207000000, 1000000.00, 1, -22.58, -22.58
2026-06-28, 18:17:12, 1207000000, 1208000000, 1000000.00, 1, -22.54, -22.54
2026-06-28, 18:17:12, 1208000000, 1209000000, 1000000.00, 1, -22.46, -22.46
2026-06-28, 18:17:12, 1209000000, 1210000000, 1000000.00, 1, -22.31, -22.31
2026-06-28, 18:17:12, 1210000000, 1211000000, 1000000.00, 1, -22.37, -22.37
2026-06-28, 18:17:12, 1211000000, 1212000000, 1000000.00, 1, -22.35, -22.35
2026-06-28, 18:17:12, 1212000000, 1213000000, 1000000.00, 1, -22.28, -22.28
2026-06-28, 18:17:12, 1213000000, 1214000000, 1000000.00, 1, -22.21, -22.21
2026-06-28, 18:17:12, 1214000000, 1215000000, 1000000.00, 1, -22.18, -22.18
2026-06-28, 18:17:22, 960000000, 961000000, 1000000.00, 1, -23.04, -23.04
2026-06-28, 18:17:22, 961000000, 962000000, 1000000.00, 1, -23.09, -23.09
2026-06-28, 18:17:22, 962000000, 963000000, 1000000.00, 1, -23.07, -23.07
2026-06-28, 18:17:22, 963000000, 964000000, 1000000.00, 1, -23.04, -23.04
2026-06-28, 18:17:22, 964000000, 965000000, 1000000.00, 1, -22.85, -22.85
2026-06-28, 18:17:22, 965000000, 966000000, 1000000.00, 1, -23.01, -23.01
2026-06-28, 18:17:22, 966000000, 967000000, 1000000.00, 1, -23.10, -23.10
2026-06-28, 18:17:22, 967000000, 968000000, 1000000.00, 1, -23.13, -23.13
2026-06-28, 18:17:22, 968000000, 969000000, 1000000.00, 1, -23.07, -23.07
2026-06-28, 18:17:22, 969000000, 970000000, 1000000.00, 1, -23.06, -23.06
2026-06-28, 18:17:22, 970000000, 971000000, 1000000.00, 1, -23.14, -23.14
2026-06-28, 18:17:22, 971000000, 972000000, 1000000.00, 1, -23.09, -23.09
2026-06-28, 18:17:22, 972000000, 973000000, 1000000.00, 1, -23.10, -23.10
2026-06-28, 18:17:22, 973000000, 974000000, 1000000.00, 1, -23.10, -23.10
2026-06-28, 18:17:22, 974000000, 975000000, 1000000.00, 1, -23.11, -23.11
2026-06-28, 18:17:22, 975000000, 976000000, 1000000.00, 1, -23.17, -23.17
2026-06-28, 18:17:22, 976000000, 977000000, 1000000.00, 1, -23.12, -23.12
2026-06-28, 18:17:22, 977000000, 978000000, 1000000.00, 1, -23.06, -23.06
2026-06-28, 18:17:22, 978000000, 979000000, 1000000.00, 1, -23.14, -23.14
2026-06-28, 18:17:22, 979000000, 980000000, 1000000.00, 1, -22.33, -22.33
2026-06-28, 18:17:22, 980000000, 981000000, 1000000.00, 1, -23.14, -23.14
2026-06-28, 18:17:22, 981000000, 982000000, 1000000.00, 1, -23.16, -23.16
2026-06-28, 18:17:22, 982000000, 983000000, 1000000.00, 1, -23.23, -23.23
2026-06-28, 18:17:22, 983000000, 984000000, 1000000.00, 1, -23.14, -23.14
2026-06-28, 18:17:22, 984000000, 985000000, 1000000.00, 1, -23.19, -23.19
2026-06-28, 18:17:22, 985000000, 986000000, 1000000.00, 1, -23.10, -23.10
2026-06-28, 18:17:22, 986000000, 987000000, 1000000.00, 1, -23.16, -23.16
2026-06-28, 18:17:22, 987000000, 988000000, 1000000.00, 1, -23.14, -23.14
2026-06-28, 18:17:22, 988000000, 989000000, 1000000.00, 1, -23.16, -23.16
2026-06-28, 18:17:22, 989000000, 990000000, 1000000.00, 1, -23.15, -23.15
2026-06-28, 18:17:22, 990000000, 991000000, 1000000.00, 1, -23.09, -23.09
2026-06-28, 18:17:22, 991000000, 992000000, 1000000.00, 1, -23.18, -23.18
2026-06-28, 18:17:22, 992000000, 993000000, 1000000.00, 1, -23.13, -23.13
2026-06-28, 18:17:22, 993000000, 994000000, 1000000.00, 1, -22.85, -22.85
2026-06-28, 18:17:22, 994000000, 995000000, 1000000.00, 1, -23.14, -23.14
2026-06-28, 18:17:22, 995000000, 996000000, 1000000.00, 1, -23.12, -23.12
2026-06-28, 18:17:22, 996000000, 997000000, 1000000.00, 1, -23.12, -23.12
2026-06-28, 18:17:22, 997000000, 998000000, 1000000.00, 1, -23.16, -23.16
2026-06-28, 18:17:22, 998000000, 999000000, 1000000.00, 1, -22.81, -22.81
2026-06-28, 18:17:22, 999000000, 1000000000, 1000000.00, 1, -22.54, -22.54
2026-06-28, 18:17:22, 1000000000, 1001000000, 1000000.00, 1, -23.05, -23.05
2026-06-28, 18:17:22, 1001000000, 1002000000, 1000000.00, 1, -23.02, -23.02
2026-06-28, 18:17:22, 1002000000, 1003000000, 1000000.00, 1, -23.03, -23.03
2026-06-28, 18:17:22, 1003000000, 1004000000, 1000000.00, 1, -23.02, -23.02
2026-06-28, 18:17:22, 1004000000, 1005000000, 1000000.00, 1, -22.99, -22.99
2026-06-28, 18:17:22, 1005000000, 1006000000, 1000000.00, 1, -23.00, -23.00
2026-06-28, 18:17:22, 1006000000, 1007000000, 1000000.00, 1, -22.99, -22.99
2026-06-28, 18:17:22, 1007000000, 1008000000, 1000000.00, 1, -22.69, -22.69
2026-06-28, 18:17:22, 1008000000, 1009000000, 1000000.00, 1, -22.68, -22.68
2026-06-28, 18:17:22, 1009000000, 1010000000, 1000000.00, 1, -22.77, -22.77
2026-06-28, 18:17:22, 1010000000, 1011000000, 1000000.00, 1, -22.88, -22.88
2026-06-28, 18:17:22, 1011000000, 1012000000, 1000000.00, 1, -22.74, -22.74
2026-06-28, 18:17:22, 1012000000, 1013000000, 1000000.00, 1, -22.67, -22.67
2026-06-28, 18:17:22, 1013000000, 1014000000, 1000000.00, 1, -22.64, -22.64
2026-06-28, 18:17:22, 1014000000, 1015000000, 1000000.00, 1, -22.48, -22.48
2026-06-28, 18:17:22, 1015000000, 1016000000, 1000000.00, 1, -22.41, -22.41
2026-06-28, 18:17:22, 1016000000, 1017000000, 1000000.00, 1, -22.07, -22.07
2026-06-28, 18:17:22, 1017000000, 1018000000, 1000000.00, 1, -22.02, -22.02
2026-06-28, 18:17:22, 1018000000, 1019000000, 1000000.00, 1, -21.91, -21.91
2026-06-28, 18:17:22, 1019000000, 1020000000, 1000000.00, 1, -21.60, -21.60
2026-06-28, 18:17:22, 1020000000, 1021000000, 1000000.00, 1, -21.37, -21.37
2026-06-28, 18:17:22, 1021000000, 1022000000, 1000000.00, 1, -21.28, -21.28
2026-06-28, 18:17:22, 1022000000, 1023000000, 1000000.00, 1, -19.92, -19.92
2026-06-28, 18:17:22, 1023000000, 1024000000, 1000000.00, 1, -21.18, -21.18
2026-06-28, 18:17:22, 1024000000, 1025000000, 1000000.00, 1, -21.33, -21.33
2026-06-28, 18:17:22, 1025000000, 1026000000, 1000000.00, 1, -21.34, -21.34
2026-06-28, 18:17:22, 1026000000, 1027000000, 1000000.00, 1, -21.70, -21.70
2026-06-28, 18:17:22, 1027000000, 1028000000, 1000000.00, 1, -21.94, -21.94
2026-06-28, 18:17:22, 1028000000, 1029000000, 1000000.00, 1, -22.06, -22.06
2026-06-28, 18:17:22, 1029000000, 1030000000, 1000000.00, 1, -22.23, -22.23
2026-06-28, 18:17:22, 1030000000, 1031000000, 1000000.00, 1, -22.45, -22.45
2026-06-28, 18:17:22, 1031000000, 1032000000, 1000000.00, 1, -22.47, -22.47
2026-06-28, 18:17:22, 1032000000, 1033000000, 1000000.00, 1, -22.55, -22.55
2026-06-28, 18:17:22, 1033000000, 1034000000, 1000000.00, 1, -22.72, -22.72
2026-06-28, 18:17:22, 1034000000, 1035000000, 1000000.00, 1, -22.71, -22.71
2026-06-28, 18:17:22, 1035000000, 1036000000, 1000000.00, 1, -22.78, -22.78
2026-06-28, 18:17:22, 1036000000, 1037000000, 1000000.00, 1, -22.45, -22.45
2026-06-28, 18:17:22, 1037000000, 1038000000, 1000000.00, 1, -22.84, -22.84
2026-06-28, 18:17:22, 1038000000, 1039000000, 1000000.00, 1, -22.88, -22.88
2026-06-28, 18:17:22, 1039000000, 1040000000, 1000000.00, 1, -22.87, -22.87
2026-06-28, 18:17:22, 1040000000, 1041000000, 1000000.00, 1, -22.89, -22.89
2026-06-28, 18:17:22, 1041000000, 1042000000, 1000000.00, 1, -22.94, -22.94
2026-06-28, 18:17:22, 1042000000, 1043000000, 1000000.00, 1, -22.94, -22.94
2026-06-28, 18:17:22, 1043000000, 1044000000, 1000000.00, 1, -22.94, -22.94
2026-06-28, 18:17:22, 1044000000, 1045000000, 1000000.00, 1, -22.91, -22.91
2026-06-28, 18:17:22, 1045000000, 1046000000, 1000000.00, 1, -23.03, -23.03
2026-06-28, 18:17:22, 1046000000, 1047000000, 1000000.00, 1, -23.03, -23.03
2026-06-28, 18:17:22, 1047000000, 1048000000, 1000000.00, 1, -23.01, -23.01
2026-06-28, 18:17:22, 1048000000, 1049000000, 1000000.00, 1, -22.92, -22.92
2026-06-28, 18:17:22, 1049000000, 1050000000, 1000000.00, 1, -22.98, -22.98
2026-06-28, 18:17:22, 1050000000, 1051000000, 1000000.00, 1, -23.03, -23.03
2026-06-28, 18:17:22, 1051000000, 1052000000, 1000000.00, 1, -23.09, -23.09
2026-06-28, 18:17:22, 1052000000, 1053000000, 1000000.00, 1, -23.08, -23.08
2026-06-28, 18:17:22, 1053000000, 1054000000, 1000000.00, 1, -22.99, -22.99
2026-06-28, 18:17:22, 1054000000, 1055000000, 1000000.00, 1, -23.19, -23.19
2026-06-28, 18:17:22, 1055000000, 1056000000, 1000000.00, 1, -23.13, -23.13
2026-06-28, 18:17:22, 1056000000, 1057000000, 1000000.00, 1, -23.18, -23.18
2026-06-28, 18:17:22, 1057000000, 1058000000, 1000000.00, 1, -23.22, -23.22
2026-06-28, 18:17:22, 1058000000, 1059000000, 1000000.00, 1, -23.16, -23.16
2026-06-28, 18:17:22, 1059000000, 1060000000, 1000000.00, 1, -23.20, -23.20
2026-06-28, 18:17:22, 1060000000, 1061000000, 1000000.00, 1, -23.18, -23.18
2026-06-28, 18:17:22, 1061000000, 1062000000, 1000000.00, 1, -23.20, -23.20
2026-06-28, 18:17:22, 1062000000, 1063000000, 1000000.00, 1, -23.20, -23.20
2026-06-28, 18:17:22, 1063000000, 1064000000, 1000000.00, 1, -23.21, -23.21
2026-06-28, 18:17:22, 1064000000, 1065000000, 1000000.00, 1, -23.11, -23.11
2026-06-28, 18:17:22, 1065000000, 1066000000, 1000000.00, 1, -22.94, -22.94
2026-06-28, 18:17:22, 1066000000, 1067000000, 1000000.00, 1, -22.91, -22.91
2026-06-28, 18:17:22, 1067000000, 1068000000, 1000000.00, 1, -22.68, -22.68
2026-06-28, 18:17:22, 1068000000, 1069000000, 1000000.00, 1, -22.63, -22.63
2026-06-28, 18:17:22, 1069000000, 1070000000, 1000000.00, 1, -22.47, -22.47
2026-06-28, 18:17:22, 1070000000, 1071000000, 1000000.00, 1, -22.53, -22.53
2026-06-28, 18:17:22, 1071000000, 1072000000, 1000000.00, 1, -22.52, -22.52
2026-06-28, 18:17:22, 1072000000, 1073000000, 1000000.00, 1, -22.66, -22.66
2026-06-28, 18:17:22, 1073000000, 1074000000, 1000000.00, 1, -22.49, -22.49
2026-06-28, 18:17:22, 1074000000, 1075000000, 1000000.00, 1, -22.34, -22.34
2026-06-28, 18:17:22, 1075000000, 1076000000, 1000000.00, 1, -22.39, -22.39
2026-06-28, 18:17:22, 1076000000, 1077000000, 1000000.00, 1, -22.49, -22.49
2026-06-28, 18:17:22, 1077000000, 1078000000, 1000000.00, 1, -22.62, -22.62
2026-06-28, 18:17:22, 1078000000, 1079000000, 1000000.00, 1, -22.77, -22.77
2026-06-28, 18:17:22, 1079000000, 1080000000, 1000000.00, 1, -21.98, -21.98
2026-06-28, 18:17:22, 1080000000, 1081000000, 1000000.00, 1, -22.11, -22.11
2026-06-28, 18:17:22, 1081000000, 1082000000, 1000000.00, 1, -21.67, -21.67
2026-06-28, 18:17:22, 1082000000, 1083000000, 1000000.00, 1, -21.67, -21.67
2026-06-28, 18:17:22, 1083000000, 1084000000, 1000000.00, 1, -21.55, -21.55
2026-06-28, 18:17:22, 1084000000, 1085000000, 1000000.00, 1, -21.81, -21.81
2026-06-28, 18:17:22, 1085000000, 1086000000, 1000000.00, 1, -22.38, -22.38
2026-06-28, 18:17:22, 1086000000, 1087000000, 1000000.00, 1, -22.50, -22.50
2026-06-28, 18:17:22, 1087000000, 1088000000, 1000000.00, 1, -22.86, -22.86
2026-06-28, 18:17:22, 1088000000, 1089000000, 1000000.00, 1, -22.42, -22.42
2026-06-28, 18:17:22, 1089000000, 1090000000, 1000000.00, 1, -21.89, -21.89
2026-06-28, 18:17:22, 1090000000, 1091000000, 1000000.00, 1, -21.90, -21.90
2026-06-28, 18:17:22, 1091000000, 1092000000, 1000000.00, 1, -21.76, -21.76
2026-06-28, 18:17:22, 1092000000, 1093000000, 1000000.00, 1, -21.87, -21.87
2026-06-28, 18:17:22, 1093000000, 1094000000, 1000000.00, 1, -21.27, -21.27
2026-06-28, 18:17:22, 1094000000, 1095000000, 1000000.00, 1, -21.65, -21.65
2026-06-28, 18:17:22, 1095000000, 1096000000, 1000000.00, 1, -22.04, -22.04
2026-06-28, 18:17:22, 1096000000, 1097000000, 1000000.00, 1, -21.83, -21.83
2026-06-28, 18:17:22, 1097000000, 1098000000, 1000000.00, 1, -21.74, -21.74
2026-06-28, 18:17:22, 1098000000, 1099000000, 1000000.00, 1, -21.55, -21.55
2026-06-28, 18:17:22, 1099000000, 1100000000, 1000000.00, 1, -21.62, -21.62
2026-06-28, 18:17:22, 1100000000, 1101000000, 1000000.00, 1, -21.97, -21.97
2026-06-28, 18:17:22, 1101000000, 1102000000, 1000000.00, 1, -22.04, -22.04
2026-06-28, 18:17:22, 1102000000, 1103000000, 1000000.00, 1, -22.17, -22.17
2026-06-28, 18:17:22, 1103000000, 1104000000, 1000000.00, 1, -22.21, -22.21
2026-06-28, 18:17:22, 1104000000, 1105000000, 1000000.00, 1, -20.19, -20.19
2026-06-28, 18:17:22, 1105000000, 1106000000, 1000000.00, 1, -22.40, -22.40
2026-06-28, 18:17:22, 1106000000, 1107000000, 1000000.00, 1, -22.55, -22.55
2026-06-28, 18:17:22, 1107000000, 1108000000, 1000000.00, 1, -22.56, -22.56
2026-06-28, 18:17:22, 1108000000, 1109000000, 1000000.00, 1, -22.28, -22.28
2026-06-28, 18:17:22, 1109000000, 1110000000, 1000000.00, 1, -22.45, -22.45
2026-06-28, 18:17:22, 1110000000, 1111000000, 1000000.00, 1, -22.46, -22.46
2026-06-28, 18:17:22, 1111000000, 1112000000, 1000000.00, 1, -22.70, -22.70
2026-06-28, 18:17:22, 1112000000, 1113000000, 1000000.00, 1, -22.76, -22.76
2026-06-28, 18:17:22, 1113000000, 1114000000, 1000000.00, 1, -23.02, -23.02
2026-06-28, 18:17:22, 1114000000, 1115000000, 1000000.00, 1, -23.32, -23.32
2026-06-28, 18:17:22, 1115000000, 1116000000, 1000000.00, 1, -23.46, -23.46
2026-06-28, 18:17:22, 1116000000, 1117000000, 1000000.00, 1, -23.61, -23.61
2026-06-28, 18:17:22, 1117000000, 1118000000, 1000000.00, 1, -23.62, -23.62
2026-06-28, 18:17:22, 1118000000, 1119000000, 1000000.00, 1, -23.69, -23.69
2026-06-28, 18:17:22, 1119000000, 1120000000, 1000000.00, 1, -23.67, -23.67
2026-06-28, 18:17:22, 1120000000, 1121000000, 1000000.00, 1, -23.63, -23.63
2026-06-28, 18:17:22, 1121000000, 1122000000, 1000000.00, 1, -23.68, -23.68
2026-06-28, 18:17:22, 1122000000, 1123000000, 1000000.00, 1, -23.66, -23.66
2026-06-28, 18:17:22, 1123000000, 1124000000, 1000000.00, 1, -23.14, -23.14
2026-06-28, 18:17:22, 1124000000, 1125000000, 1000000.00, 1, -23.64, -23.64
2026-06-28, 18:17:22, 1125000000, 1126000000, 1000000.00, 1, -23.64, -23.64
2026-06-28, 18:17:22, 1126000000, 1127000000, 1000000.00, 1, -23.60, -23.60
2026-06-28, 18:17:22, 1127000000, 1128000000, 1000000.00, 1, -23.58, -23.58
2026-06-28, 18:17:22, 1128000000, 1129000000, 1000000.00, 1, -23.67, -23.67
2026-06-28, 18:17:22, 1129000000, 1130000000, 1000000.00, 1, -23.64, -23.64
2026-06-28, 18:17:22, 1130000000, 1131000000, 1000000.00, 1, -23.64, -23.64
2026-06-28, 18:17:22, 1131000000, 1132000000, 1000000.00, 1, -23.68, -23.68
2026-06-28, 18:17:22, 1132000000, 1133000000, 1000000.00, 1, -23.61, -23.61
2026-06-28, 18:17:22, 1133000000, 1134000000, 1000000.00, 1, -23.72, -23.72
2026-06-28, 18:17:22, 1134000000, 1135000000, 1000000.00, 1, -23.68, -23.68
2026-06-28, 18:17:22, 1135000000, 1136000000, 1000000.00, 1, -23.62, -23.62
2026-06-28, 18:17:22, 1136000000, 1137000000, 1000000.00, 1, -23.64, -23.64
2026-06-28, 18:17:22, 1137000000, 1138000000, 1000000.00, 1, -23.62, -23.62
2026-06-28, 18:17:22, 1138000000, 1139000000, 1000000.00, 1, -23.66, -23.66
2026-06-28, 18:17:22, 1139000000, 1140000000, 1000000.00, 1, -23.62, -23.62
2026-06-28, 18:17:22, 1140000000, 1141000000, 1000000.00, 1, -23.72, -23.72
2026-06-28, 18:17:22, 1141000000, 1142000000, 1000000.00, 1, -23.68, -23.68
2026-06-28, 18:17:22, 1142000000, 1143000000, 1000000.00, 1, -23.68, -23.68
2026-06-28, 18:17:22, 1143000000, 1144000000, 1000000.00, 1, -23.68, -23.68
2026-06-28, 18:17:22, 1144000000, 1145000000, 1000000.00, 1, -23.66, -23.66
2026-06-28, 18:17:22, 1145000000, 1146000000, 1000000.00, 1, -23.67, -23.67
2026-06-28, 18:17:22, 1146000000, 1147000000, 1000000.00, 1, -23.75, -23.75
2026-06-28, 18:17:22, 1147000000, 1148000000, 1000000.00, 1, -23.71, -23.71
2026-06-28, 18:17:22, 1148000000, 1149000000, 1000000.00, 1, -23.67, -23.67
2026-06-28, 18:17:22, 1149000000, 1150000000, 1000000.00, 1, -23.63, -23.63
2026-06-28, 18:17:22, 1150000000, 1151000000, 1000000.00, 1, -23.59, -23.59
2026-06-28, 18:17:22, 1151000000, 1152000000, 1000000.00, 1, -23.61, -23.61
2026-06-28, 18:17:22, 1152000000, 1153000000, 1000000.00, 1, -23.57, -23.57
2026-06-28, 18:17:22, 1153000000, 1154000000, 1000000.00, 1, -23.57, -23.57
2026-06-28, 18:17:22, 1154000000, 1155000000, 1000000.00, 1, -23.61, -23.61
2026-06-28, 18:17:22, 1155000000, 1156000000, 1000000.00, 1, -23.59, -23.59
2026-06-28, 18:17:22, 1156000000, 1157000000, 1000000.00, 1, -23.60, -23.60
2026-06-28, 18:17:22, 1157000000, 1158000000, 1000000.00, 1, -23.65, -23.65
2026-06-28, 18:17:22, 1158000000, 1159000000, 1000000.00, 1, -23.65, -23.65
2026-06-28, 18:17:22, 1159000000, 1160000000, 1000000.00, 1, -23.68, -23.68
2026-06-28, 18:17:22, 1160000000, 1161000000, 1000000.00, 1, -23.63, -23.63
2026-06-28, 18:17:22, 1161000000, 1162000000, 1000000.00, 1, -23.54, -23.54
2026-06-28, 18:17:22, 1162000000, 1163000000, 1000000.00, 1, -23.53, -23.53
2026-06-28, 18:17:22, 1163000000, 1164000000, 1000000.00, 1, -23.54, -23.54
2026-06-28, 18:17:22, 1164000000, 1165000000, 1000000.00, 1, -23.44, -23.44
2026-06-28, 18:17:22, 1165000000, 1166000000, 1000000.00, 1, -23.45, -23.45
2026-06-28, 18:17:22, 1166000000, 1167000000, 1000000.00, 1, -23.44, -23.44
2026-06-28, 18:17:22, 1167000000, 1168000000, 1000000.00, 1, -23.56, -23.56
2026-06-28, 18:17:22, 1168000000, 1169000000, 1000000.00, 1, -23.60, -23.60
2026-06-28, 18:17:22, 1169000000, 1170000000, 1000000.00, 1, -23.53, -23.53
2026-06-28, 18:17:22, 1170000000, 1171000000, 1000000.00, 1, -23.47, -23.47
2026-06-28, 18:17:22, 1171000000, 1172000000, 1000000.00, 1, -23.44, -23.44
2026-06-28, 18:17:22, 1172000000, 1173000000, 1000000.00, 1, -23.38, -23.38
2026-06-28, 18:17:22, 1173000000, 1174000000, 1000000.00, 1, -23.39, -23.39
2026-06-28, 18:17:22, 1174000000, 1175000000, 1000000.00, 1, -23.41, -23.41
2026-06-28, 18:17:22, 1175000000, 1176000000, 1000000.00, 1, -23.45, -23.45
2026-06-28, 18:17:22, 1176000000, 1177000000, 1000000.00, 1, -23.47, -23.47
2026-06-28, 18:17:22, 1177000000, 1178000000, 1000000.00, 1, -23.44, -23.44
2026-06-28, 18:17:22, 1178000000, 1179000000, 1000000.00, 1, -23.45, -23.45
2026-06-28, 18:17:22, 1179000000, 1180000000, 1000000.00, 1, -23.39, -23.39
2026-06-28, 18:17:22, 1180000000, 1181000000, 1000000.00, 1, -23.17, -23.17
2026-06-28, 18:17:22, 1181000000, 1182000000, 1000000.00, 1, -23.36, -23.36
2026-06-28, 18:17:22, 1182000000, 1183000000, 1000000.00, 1, -23.38, -23.38
2026-06-28, 18:17:22, 1183000000, 1184000000, 1000000.00, 1, -23.36, -23.36
2026-06-28, 18:17:22, 1184000000, 1185000000, 1000000.00, 1, -23.29, -23.29
2026-06-28, 18:17:22, 1185000000, 1186000000, 1000000.00, 1, -23.38, -23.38
2026-06-28, 18:17:22, 1186000000, 1187000000, 1000000.00, 1, -23.18, -23.18
2026-06-28, 18:17:22, 1187000000, 1188000000, 1000000.00, 1, -23.21, -23.21
2026-06-28, 18:17:22, 1188000000, 1189000000, 1000000.00, 1, -23.14, -23.14
2026-06-28, 18:17:22, 1189000000, 1190000000, 1000000.00, 1, -23.08, -23.08
2026-06-28, 18:17:22, 1190000000, 1191000000, 1000000.00, 1, -23.04, -23.04
2026-06-28, 18:17:22, 1191000000, 1192000000, 1000000.00, 1, -23.06, -23.06
2026-06-28, 18:17:22, 1192000000, 1193000000, 1000000.00, 1, -22.99, -22.99
2026-06-28, 18:17:22, 1193000000, 1194000000, 1000000.00, 1, -22.93, -22.93
2026-06-28, 18:17:22, 1194000000, 1195000000, 1000000.00, 1, -22.77, -22.77
2026-06-28, 18:17:22, 1195000000, 1196000000, 1000000.00, 1, -22.52, -22.52
2026-06-28, 18:17:22, 1196000000, 1197000000, 1000000.00, 1, -22.63, -22.63
2026-06-28, 18:17:22, 1197000000, 1198000000, 1000000.00, 1, -22.57, -22.57
2026-06-28, 18:17:22, 1198000000, 1199000000, 1000000.00, 1, -21.69, -21.69
2026-06-28, 18:17:22, 1199000000, 1200000000, 1000000.00, 1, -22.65, -22.65
2026-06-28, 18:17:22, 1200000000, 1201000000, 1000000.00, 1, -22.68, -22.68
2026-06-28, 18:17:22, 1201000000, 1202000000, 1000000.00, 1, -22.68, -22.68
2026-06-28, 18:17:22, 1202000000, 1203000000, 1000000.00, 1, -22.56, -22.56
2026-06-28, 18:17:22, 1203000000, 1204000000, 1000000.00, 1, -22.55, -22.55
2026-06-28, 18:17:22, 1204000000, 1205000000, 1000000.00, 1, -22.52, -22.52
2026-06-28, 18:17:22, 1205000000, 1206000000, 1000000.00, 1, -22.63, -22.63
2026-06-28, 18:17:22, 1206000000, 1207000000, 1000000.00, 1, -22.58, -22.58
2026-06-28, 18:17:22, 1207000000, 1208000000, 1000000.00, 1, -22.57, -22.57
2026-06-28, 18:17:22, 1208000000, 1209000000, 1000000.00, 1, -22.58, -22.58
2026-06-28, 18:17:22, 1209000000, 1210000000, 1000000.00, 1, -22.33, -22.33
2026-06-28, 18:17:22, 1210000000, 1211000000, 1000000.00, 1, -22.36, -22.36
2026-06-28, 18:17:22, 1211000000, 1212000000, 1000000.00, 1, -22.29, -22.29
2026-06-28, 18:17:22, 1212000000, 1213000000, 1000000.00, 1, -22.31, -22.31
2026-06-28, 18:17:22, 1213000000, 1214000000, 1000000.00, 1, -22.29, -22.29
2026-06-28, 18:17:22, 1214000000, 1215000000, 1000000.00, 1, -22.14, -22.14
2026-06-28, 18:17:33, 960000000, 961000000, 1000000.00, 1, -23.10, -23.10
2026-06-28, 18:17:33, 961000000, 962000000, 1000000.00, 1, -23.03, -23.03
2026-06-28, 18:17:33, 962000000, 963000000, 1000000.00, 1, -23.13, -23.13
2026-06-28, 18:17:33, 963000000, 964000000, 1000000.00, 1, -23.10, -23.10
2026-06-28, 18:17:33, 964000000, 965000000, 1000000.00, 1, -22.88, -22.88
2026-06-28, 18:17:33, 965000000, 966000000, 1000000.00, 1, -23.12, -23.12
2026-06-28, 18:17:33, 966000000, 967000000, 1000000.00, 1, -23.10, -23.10
2026-06-28, 18:17:33, 967000000, 968000000, 1000000.00, 1, -23.14, -23.14
2026-06-28, 18:17:33, 968000000, 969000000, 1000000.00, 1, -23.16, -23.16
2026-06-28, 18:17:33, 969000000, 970000000, 1000000.00, 1, -23.21, -23.21
2026-06-28, 18:17:33, 970000000, 971000000, 1000000.00, 1, -23.23, -23.23
2026-06-28, 18:17:33, 971000000, 972000000, 1000000.00, 1, -23.14, -23.14
2026-06-28, 18:17:33, 972000000, 973000000, 1000000.00, 1, -23.14, -23.14
2026-06-28, 18:17:33, 973000000, 974000000, 1000000.00, 1, -23.13, -23.13
2026-06-28, 18:17:33, 974000000, 975000000, 1000000.00, 1, -23.18, -23.18
2026-06-28, 18:17:33, 975000000, 976000000, 1000000.00, 1, -23.13, -23.13
2026-06-28, 18:17:33, 976000000, 977000000, 1000000.00, 1, -23.19, -23.19
2026-06-28, 18:17:33, 977000000, 978000000, 1000000.00, 1, -23.13, -23.13
2026-06-28, 18:17:33, 978000000, 979000000, 1000000.00, 1, -23.16, -23.16
2026-06-28, 18:17:33, 979000000, 980000000, 1000000.00, 1, -22.28, -22.28
2026-06-28, 18:17:33, 980000000, 981000000, 1000000.00, 1, -23.20, -23.20
2026-06-28, 18:17:33, 981000000, 982000000, 1000000.00, 1, -23.10, -23.10
2026-06-28, 18:17:33, 982000000, 983000000, 1000000.00, 1, -23.15, -23.15
2026-06-28, 18:17:33, 983000000, 984000000, 1000000.00, 1, -23.10, -23.10
2026-06-28, 18:17:33, 984000000, 985000000, 1000000.00, 1, -23.19, -23.19
2026-06-28, 18:17:33, 985000000, 986000000, 1000000.00, 1, -23.17, -23.17
2026-06-28, 18:17:33, 986000000, 987000000, 1000000.00, 1, -23.20, -23.20
2026-06-28, 18:17:33, 987000000, 988000000, 1000000.00, 1, -23.21, -23.21
2026-06-28, 18:17:33, 988000000, 989000000, 1000000.00, 1, -23.16, -23.16
2026-06-28, 18:17:33, 989000000, 990000000, 1000000.00, 1, -23.19, -23.19
2026-06-28, 18:17:33, 990000000, 991000000, 1000000.00, 1, -23.15, -23.15
2026-06-28, 18:17:33, 991000000, 992000000, 1000000.00, 1, -23.14, -23.14
2026-06-28, 18:17:33, 992000000, 993000000, 1000000.00, 1, -23.14, -23.14
2026-06-28, 18:17:33, 993000000, 994000000, 1000000.00, 1, -22.74, -22.74
2026-06-28, 18:17:33, 994000000, 995000000, 1000000.00, 1, -23.17, -23.17
2026-06-28, 18:17:33, 995000000, 996000000, 1000000.00, 1, -23.18, -23.18
2026-06-28, 18:17:33, 996000000, 997000000, 1000000.00, 1, -23.13, -23.13
2026-06-28, 18:17:33, 997000000, 998000000, 1000000.00, 1, -23.12, -23.12
2026-06-28, 18:17:33, 998000000, 999000000, 1000000.00, 1, -22.82, -22.82
2026-06-28, 18:17:33, 999000000, 1000000000, 1000000.00, 1, -22.49, -22.49
2026-06-28, 18:17:33, 1000000000, 1001000000, 1000000.00, 1, -23.04, -23.04
2026-06-28, 18:17:33, 1001000000, 1002000000, 1000000.00, 1, -23.08, -23.08
2026-06-28, 18:17:33, 1002000000, 1003000000, 1000000.00, 1, -23.02, -23.02
2026-06-28, 18:17:33, 1003000000, 1004000000, 1000000.00, 1, -23.08, -23.08
2026-06-28, 18:17:33, 1004000000, 1005000000, 1000000.00, 1, -22.98, -22.98
2026-06-28, 18:17:33, 1005000000, 1006000000, 1000000.00, 1, -23.03, -23.03
2026-06-28, 18:17:33, 1006000000, 1007000000, 1000000.00, 1, -23.05, -23.05
2026-06-28, 18:17:33, 1007000000, 1008000000, 1000000.00, 1, -22.70, -22.70
2026-06-28, 18:17:33, 1008000000, 1009000000, 1000000.00, 1, -22.61, -22.61
2026-06-28, 18:17:33, 1009000000, 1010000000, 1000000.00, 1, -22.89, -22.89
2026-06-28, 18:17:33, 1010000000, 1011000000, 1000000.00, 1, -22.84, -22.84
2026-06-28, 18:17:33, 1011000000, 1012000000, 1000000.00, 1, -22.79, -22.79
2026-06-28, 18:17:33, 1012000000, 1013000000, 1000000.00, 1, -22.65, -22.65
2026-06-28, 18:17:33, 1013000000, 1014000000, 1000000.00, 1, -22.56, -22.56
2026-06-28, 18:17:33, 1014000000, 1015000000, 1000000.00, 1, -22.43, -22.43
2026-06-28, 18:17:33, 1015000000, 1016000000, 1000000.00, 1, -22.35, -22.35
2026-06-28, 18:17:33, 1016000000, 1017000000, 1000000.00, 1, -22.20, -22.20
2026-06-28, 18:17:33, 1017000000, 1018000000, 1000000.00, 1, -22.05, -22.05
2026-06-28, 18:17:33, 1018000000, 1019000000, 1000000.00, 1, -21.75, -21.75
2026-06-28, 18:17:33, 1019000000, 1020000000, 1000000.00, 1, -21.56, -21.56
2026-06-28, 18:17:33, 1020000000, 1021000000, 1000000.00, 1, -21.40, -21.40
2026-06-28, 18:17:33, 1021000000, 1022000000, 1000000.00, 1, -21.27, -21.27
2026-06-28, 18:17:33, 1022000000, 1023000000, 1000000.00, 1, -19.84, -19.84
2026-06-28, 18:17:33, 1023000000, 1024000000, 1000000.00, 1, -21.31, -21.31
2026-06-28, 18:17:33, 1024000000, 1025000000, 1000000.00, 1, -21.26, -21.26
2026-06-28, 18:17:33, 1025000000, 1026000000, 1000000.00, 1, -21.53, -21.53
2026-06-28, 18:17:33, 1026000000, 1027000000, 1000000.00, 1, -21.71, -21.71
2026-06-28, 18:17:33, 1027000000, 1028000000, 1000000.00, 1, -21.99, -21.99
2026-06-28, 18:17:33, 1028000000, 1029000000, 1000000.00, 1, -22.01, -22.01
2026-06-28, 18:17:33, 1029000000, 1030000000, 1000000.00, 1, -22.22, -22.22
2026-06-28, 18:17:33, 1030000000, 1031000000, 1000000.00, 1, -22.34, -22.34
2026-06-28, 18:17:33, 1031000000, 1032000000, 1000000.00, 1, -22.53, -22.53
2026-06-28, 18:17:33, 1032000000, 1033000000, 1000000.00, 1, -22.59, -22.59
2026-06-28, 18:17:33, 1033000000, 1034000000, 1000000.00, 1, -22.62, -22.62
2026-06-28, 18:17:33, 1034000000, 1035000000, 1000000.00, 1, -22.76, -22.76
2026-06-28, 18:17:33, 1035000000, 1036000000, 1000000.00, 1, -22.80, -22.80
2026-06-28, 18:17:33, 1036000000, 1037000000, 1000000.00, 1, -22.56, -22.56
2026-06-28, 18:17:33, 1037000000, 1038000000, 1000000.00, 1, -22.83, -22.83
2026-06-28, 18:17:33, 1038000000, 1039000000, 1000000.00, 1, -22.87, -22.87
2026-06-28, 18:17:33, 1039000000, 1040000000, 1000000.00, 1, -22.94, -22.94
2026-06-28, 18:17:33, 1040000000, 1041000000, 1000000.00, 1, -22.92, -22.92
2026-06-28, 18:17:33, 1041000000, 1042000000, 1000000.00, 1, -22.92, -22.92
2026-06-28, 18:17:33, 1042000000, 1043000000, 1000000.00, 1, -22.92, -22.92
2026-06-28, 18:17:33, 1043000000, 1044000000, 1000000.00, 1, -22.97, -22.97
2026-06-28, 18:17:33, 1044000000, 1045000000, 1000000.00, 1, -22.97, -22.97
2026-06-28, 18:17:33, 1045000000, 1046000000, 1000000.00, 1, -23.01, -23.01
2026-06-28, 18:17:33, 1046000000, 1047000000, 1000000.00, 1, -23.01, -23.01
2026-06-28, 18:17:33, 1047000000, 1048000000, 1000000.00, 1, -23.09, -23.09
2026-06-28, 18:17:33, 1048000000, 1049000000, 1000000.00, 1, -22.94, -22.94
2026-06-28, 18:17:33, 1049000000, 1050000000, 1000000.00, 1, -23.05, -23.05
2026-06-28, 18:17:33, 1050000000, 1051000000, 1000000.00, 1, -23.03, -23.03
2026-06-28, 18:17:33, 1051000000, 1052000000, 1000000.00, 1, -23.06, -23.06
2026-06-28, 18:17:33, 1052000000, 1053000000, 1000000.00, 1, -23.01, -23.01
2026-06-28, 18:17:33, 1053000000, 1054000000, 1000000.00, 1, -23.11, -23.11
2026-06-28, 18:17:33, 1054000000, 1055000000, 1000000.00, 1, -23.13, -23.13
2026-06-28, 18:17:33, 1055000000, 1056000000, 1000000.00, 1, -23.14, -23.14
2026-06-28, 18:17:33, 1056000000, 1057000000, 1000000.00, 1, -23.23, -23.23
2026-06-28, 18:17:33, 1057000000, 1058000000, 1000000.00, 1, -23.20, -23.20
2026-06-28, 18:17:33, 1058000000, 1059000000, 1000000.00, 1, -23.23, -23.23
2026-06-28, 18:17:33, 1059000000, 1060000000, 1000000.00, 1, -23.20, -23.20
2026-06-28, 18:17:33, 1060000000, 1061000000, 1000000.00, 1, -23.19, -23.19
2026-06-28, 18:17:33, 1061000000, 1062000000, 1000000.00, 1, -23.13, -23.13
2026-06-28, 18:17:33, 1062000000, 1063000000, 1000000.00, 1, -23.11, -23.11
2026-06-28, 18:17:33, 1063000000, 1064000000, 1000000.00, 1, -23.16, -23.16
2026-06-28, 18:17:33, 1064000000, 1065000000, 1000000.00, 1, -23.13, -23.13
2026-06-28, 18:17:33, 1065000000, 1066000000, 1000000.00, 1, -23.10, -23.10
2026-06-28, 18:17:33, 1066000000, 1067000000, 1000000.00, 1, -22.88, -22.88
2026-06-28, 18:17:33, 1067000000, 1068000000, 1000000.00, 1, -22.76, -22.76
2026-06-28, 18:17:33, 1068000000, 1069000000, 1000000.00, 1, -22.58, -22.58
2026-06-28, 18:17:33, 1069000000, 1070000000, 1000000.00, 1, -22.49, -22.49
2026-06-28, 18:17:33, 1070000000, 1071000000, 1000000.00, 1, -22.59, -22.59
2026-06-28, 18:17:33, 1071000000, 1072000000, 1000000.00, 1, -22.56, -22.56
2026-06-28, 18:17:33, 1072000000, 1073000000, 1000000.00, 1, -22.57, -22.57
2026-06-28, 18:17:33, 1073000000, 1074000000, 1000000.00, 1, -22.51, -22.51
2026-06-28, 18:17:33, 1074000000, 1075000000, 1000000.00, 1, -22.36, -22.36
2026-06-28, 18:17:33, 1075000000, 1076000000, 1000000.00, 1, -22.38, -22.38
2026-06-28, 18:17:33, 1076000000, 1077000000, 1000000.00, 1, -22.48, -22.48
2026-06-28, 18:17:33, 1077000000, 1078000000, 1000000.00, 1, -22.73, -22.73
2026-06-28, 18:17:33, 1078000000, 1079000000, 1000000.00, 1, -22.87, -22.87
2026-06-28, 18:17:33, 1079000000, 1080000000, 1000000.00, 1, -22.05, -22.05
2026-06-28, 18:17:33, 1080000000, 1081000000, 1000000.00, 1, -22.05, -22.05
2026-06-28, 18:17:33, 1081000000, 1082000000, 1000000.00, 1, -21.83, -21.83
2026-06-28, 18:17:33, 1082000000, 1083000000, 1000000.00, 1, -21.52, -21.52
2026-06-28, 18:17:33, 1083000000, 1084000000, 1000000.00, 1, -21.50, -21.50
2026-06-28, 18:17:33, 1084000000, 1085000000, 1000000.00, 1, -21.89, -21.89
2026-06-28, 18:17:33, 1085000000, 1086000000, 1000000.00, 1, -22.35, -22.35
2026-06-28, 18:17:33, 1086000000, 1087000000, 1000000.00, 1, -22.77, -22.77
2026-06-28, 18:17:33, 1087000000, 1088000000, 1000000.00, 1, -22.98, -22.98
2026-06-28, 18:17:33, 1088000000, 1089000000, 1000000.00, 1, -20.18, -20.18
2026-06-28, 18:17:33, 1089000000, 1090000000, 1000000.00, 1, -18.55, -18.55
2026-06-28, 18:17:33, 1090000000, 1091000000, 1000000.00, 1, -22.01, -22.01
2026-06-28, 18:17:33, 1091000000, 1092000000, 1000000.00, 1, -21.24, -21.24
2026-06-28, 18:17:33, 1092000000, 1093000000, 1000000.00, 1, -21.92, -21.92
2026-06-28, 18:17:33, 1093000000, 1094000000, 1000000.00, 1, -22.13, -22.13
2026-06-28, 18:17:33, 1094000000, 1095000000, 1000000.00, 1, -21.72, -21.72
2026-06-28, 18:17:33, 1095000000, 1096000000, 1000000.00, 1, -22.02, -22.02
2026-06-28, 18:17:33, 1096000000, 1097000000, 1000000.00, 1, -21.98, -21.98
2026-06-28, 18:17:33, 1097000000, 1098000000, 1000000.00, 1, -21.70, -21.70
2026-06-28, 18:17:33, 1098000000, 1099000000, 1000000.00, 1, -21.68, -21.68
2026-06-28, 18:17:33, 1099000000, 1100000000, 1000000.00, 1, -21.62, -21.62
2026-06-28, 18:17:33, 1100000000, 1101000000, 1000000.00, 1, -21.89, -21.89
2026-06-28, 18:17:33, 1101000000, 1102000000, 1000000.00, 1, -22.26, -22.26
2026-06-28, 18:17:33, 1102000000, 1103000000, 1000000.00, 1, -22.16, -22.16
2026-06-28, 18:17:33, 1103000000, 1104000000, 1000000.00, 1, -22.29, -22.29
2026-06-28, 18:17:33, 1104000000, 1105000000, 1000000.00, 1, -22.35, -22.35
2026-06-28, 18:17:33, 1105000000, 1106000000, 1000000.00, 1, -22.45, -22.45
2026-06-28, 18:17:33, 1106000000, 1107000000, 1000000.00, 1, -22.57, -22.57
2026-06-28, 18:17:33, 1107000000, 1108000000, 1000000.00, 1, -22.62, -22.62
2026-06-28, 18:17:33, 1108000000, 1109000000, 1000000.00, 1, -22.31, -22.31
2026-06-28, 18:17:33, 1109000000, 1110000000, 1000000.00, 1, -22.56, -22.56
2026-06-28, 18:17:33, 1110000000, 1111000000, 1000000.00, 1, -22.44, -22.44
2026-06-28, 18:17:33, 1111000000, 1112000000, 1000000.00, 1, -22.59, -22.59
2026-06-28, 18:17:33, 1112000000, 1113000000, 1000000.00, 1, -22.75, -22.75
2026-06-28, 18:17:33, 1113000000, 1114000000, 1000000.00, 1, -23.03, -23.03
2026-06-28, 18:17:33, 1114000000, 1115000000, 1000000.00, 1, -23.37, -23.37
2026-06-28, 18:17:33, 1115000000, 1116000000, 1000000.00, 1, -23.51, -23.51
2026-06-28, 18:17:33, 1116000000, 1117000000, 1000000.00, 1, -23.59, -23.59
2026-06-28, 18:17:33, 1117000000, 1118000000, 1000000.00, 1, -23.62, -23.62
2026-06-28, 18:17:33, 1118000000, 1119000000, 1000000.00, 1, -23.63, -23.63
2026-06-28, 18:17:33, 1119000000, 1120000000, 1000000.00, 1, -23.57, -23.57
2026-06-28, 18:17:33, 1120000000, 1121000000, 1000000.00, 1, -23.68, -23.68
2026-06-28, 18:17:33, 1121000000, 1122000000, 1000000.00, 1, -23.69, -23.69
2026-06-28, 18:17:33, 1122000000, 1123000000, 1000000.00, 1, -23.67, -23.67
2026-06-28, 18:17:33, 1123000000, 1124000000, 1000000.00, 1, -23.14, -23.14
2026-06-28, 18:17:33, 1124000000, 1125000000, 1000000.00, 1, -23.69, -23.69
2026-06-28, 18:17:33, 1125000000, 1126000000, 1000000.00, 1, -23.64, -23.64
2026-06-28, 18:17:33, 1126000000, 1127000000, 1000000.00, 1, -23.68, -23.68
2026-06-28, 18:17:33, 1127000000, 1128000000, 1000000.00, 1, -23.65, -23.65
2026-06-28, 18:17:33, 1128000000, 1129000000, 1000000.00, 1, -23.59, -23.59
2026-06-28, 18:17:33, 1129000000, 1130000000, 1000000.00, 1, -23.63, -23.63
2026-06-28, 18:17:33, 1130000000, 1131000000, 1000000.00, 1, -23.72, -23.72
2026-06-28, 18:17:33, 1131000000, 1132000000, 1000000.00, 1, -23.62, -23.62
2026-06-28, 18:17:33, 1132000000, 1133000000, 1000000.00, 1, -23.73, -23.73
2026-06-28, 18:17:33, 1133000000, 1134000000, 1000000.00, 1, -23.69, -23.69
2026-06-28, 18:17:33, 1134000000, 1135000000, 1000000.00, 1, -23.61, -23.61
2026-06-28, 18:17:33, 1135000000, 1136000000, 1000000.00, 1, -23.69, -23.69
2026-06-28, 18:17:33, 1136000000, 1137000000, 1000000.00, 1, -23.64, -23.64
2026-06-28, 18:17:33, 1137000000, 1138000000, 1000000.00, 1, -23.65, -23.65
2026-06-28, 18:17:33, 1138000000, 1139000000, 1000000.00, 1, -23.63, -23.63
2026-06-28, 18:17:33, 1139000000, 1140000000, 1000000.00, 1, -23.74, -23.74
2026-06-28, 18:17:33, 1140000000, 1141000000, 1000000.00, 1, -23.68, -23.68
2026-06-28, 18:17:33, 1141000000, 1142000000, 1000000.00, 1, -23.61, -23.61
2026-06-28, 18:17:33, 1142000000, 1143000000, 1000000.00, 1, -23.63, -23.63
2026-06-28, 18:17:33, 1143000000, 1144000000, 1000000.00, 1, -23.58, -23.58
2026-06-28, 18:17:33, 1144000000, 1145000000, 1000000.00, 1, -23.64, -23.64
2026-06-28, 18:17:33, 1145000000, 1146000000, 1000000.00, 1, -23.67, -23.67
2026-06-28, 18:17:33, 1146000000, 1147000000, 1000000.00, 1, -23.71, -23.71
2026-06-28, 18:17:33, 1147000000, 1148000000, 1000000.00, 1, -23.68, -23.68
2026-06-28, 18:17:33, 1148000000, 1149000000, 1000000.00, 1, -23.63, -23.63
2026-06-28, 18:17:33, 1149000000, 1150000000, 1000000.00, 1, -23.60, -23.60
2026-06-28, 18:17:33, 1150000000, 1151000000, 1000000.00, 1, -23.67, -23.67
2026-06-28, 18:17:33, 1151000000, 1152000000, 1000000.00, 1, -23.58, -23.58
2026-06-28, 18:17:33, 1152000000, 1153000000, 1000000.00, 1, -23.60, -23.60
2026-06-28, 18:17:33, 1153000000, 1154000000, 1000000.00, 1, -23.66, -23.66
2026-06-28, 18:17:33, 1154000000, 1155000000, 1000000.00, 1, -23.62, -23.62
2026-06-28, 18:17:33, 1155000000, 1156000000, 1000000.00, 1, -23.61, -23.61
2026-06-28, 18:17:33, 1156000000, 1157000000, 1000000.00, 1, -23.58, -23.58
2026-06-28, 18:17:33, 1157000000, 1158000000, 1000000.00, 1, -23.64, -23.64
2026-06-28, 18:17:33, 1158000000, 1159000000, 1000000.00, 1, -23.61, -23.61
2026-06-28, 18:17:33, 1159000000, 1160000000, 1000000.00, 1, -23.66, -23.66
2026-06-28, 18:17:33, 1160000000, 1161000000, 1000000.00, 1, -23.61, -23.61
2026-06-28, 18:17:33, 1161000000, 1162000000, 1000000.00, 1, -23.57, -23.57
2026-06-28, 18:17:33, 1162000000, 1163000000, 1000000.00, 1, -23.49, -23.49
2026-06-28, 18:17:33, 1163000000, 1164000000, 1000000.00, 1, -23.51, -23.51
2026-06-28, 18:17:33, 1164000000, 1165000000, 1000000.00, 1, -23.47, -23.47
2026-06-28, 18:17:33, 1165000000, 1166000000, 1000000.00, 1, -23.51, -23.51
2026-06-28, 18:17:33, 1166000000, 1167000000, 1000000.00, 1, -23.45, -23.45
2026-06-28, 18:17:33, 1167000000, 1168000000, 1000000.00, 1, -23.54, -23.54
2026-06-28, 18:17:33, 1168000000, 1169000000, 1000000.00, 1, -23.46, -23.46
2026-06-28, 18:17:33, 1169000000, 1170000000, 1000000.00, 1, -23.61, -23.61
2026-06-28, 18:17:33, 1170000000, 1171000000, 1000000.00, 1, -23.49, -23.49
2026-06-28, 18:17:33, 1171000000, 1172000000, 1000000.00, 1, -23.41, -23.41
2026-06-28, 18:17:33, 1172000000, 1173000000, 1000000.00, 1, -23.41, -23.41
2026-06-28, 18:17:33, 1173000000, 1174000000, 1000000.00, 1, -23.37, -23.37
2026-06-28, 18:17:33, 1174000000, 1175000000, 1000000.00, 1, -23.45, -23.45
2026-06-28, 18:17:33, 1175000000, 1176000000, 1000000.00, 1, -23.48, -23.48
2026-06-28, 18:17:33, 1176000000, 1177000000, 1000000.00, 1, -23.42, -23.42
2026-06-28, 18:17:33, 1177000000, 1178000000, 1000000.00, 1, -23.45, -23.45
2026-06-28, 18:17:33, 1178000000, 1179000000, 1000000.00, 1, -23.40, -23.40
2026-06-28, 18:17:33, 1179000000, 1180000000, 1000000.00, 1, -23.48, -23.48
2026-06-28, 18:17:33, 1180000000, 1181000000, 1000000.00, 1, -23.24, -23.24
2026-06-28, 18:17:33, 1181000000, 1182000000, 1000000.00, 1, -23.41, -23.41
2026-06-28, 18:17:33, 1182000000, 1183000000, 1000000.00, 1, -23.45, -23.45
2026-06-28, 18:17:33, 1183000000, 1184000000, 1000000.00, 1, -23.41, -23.41
2026-06-28, 18:17:33, 1184000000, 1185000000, 1000000.00, 1, -23.39, -23.39
2026-06-28, 18:17:33, 1185000000, 1186000000, 1000000.00, 1, -23.31, -23.31
2026-06-28, 18:17:33, 1186000000, 1187000000, 1000000.00, 1, -23.27, -23.27
2026-06-28, 18:17:33, 1187000000, 1188000000, 1000000.00, 1, -23.22, -23.22
2026-06-28, 18:17:33, 1188000000, 1189000000, 1000000.00, 1, -23.18, -23.18
2026-06-28, 18:17:33, 1189000000, 1190000000, 1000000.00, 1, -23.15, -23.15
2026-06-28, 18:17:33, 1190000000, 1191000000, 1000000.00, 1, -23.12, -23.12
2026-06-28, 18:17:33, 1191000000, 1192000000, 1000000.00, 1, -23.05, -23.05
2026-06-28, 18:17:33, 1192000000, 1193000000, 1000000.00, 1, -22.93, -22.93
2026-06-28, 18:17:33, 1193000000, 1194000000, 1000000.00, 1, -22.90, -22.90
2026-06-28, 18:17:33, 1194000000, 1195000000, 1000000.00, 1, -22.80, -22.80
2026-06-28, 18:17:33, 1195000000, 1196000000, 1000000.00, 1, -22.48, -22.48
2026-06-28, 18:17:33, 1196000000, 1197000000, 1000000.00, 1, -22.63, -22.63
2026-06-28, 18:17:33, 1197000000, 1198000000, 1000000.00, 1, -22.70, -22.70
2026-06-28, 18:17:33, 1198000000, 1199000000, 1000000.00, 1, -21.78, -21.78
2026-06-28, 18:17:33, 1199000000, 1200000000, 1000000.00, 1, -22.65, -22.65
2026-06-28, 18:17:33, 1200000000, 1201000000, 1000000.00, 1, -22.72, -22.72
2026-06-28, 18:17:33, 1201000000, 1202000000, 1000000.00, 1, -22.67, -22.67
2026-06-28, 18:17:33, 1202000000, 1203000000, 1000000.00, 1, -22.62, -22.62
2026-06-28, 18:17:33, 1203000000, 1204000000, 1000000.00, 1, -22.60, -22.60
2026-06-28, 18:17:33, 1204000000, 1205000000, 1000000.00, 1, -22.48, -22.48
2026-06-28, 18:17:33, 1205000000, 1206000000, 1000000.00, 1, -22.59, -22.59
2026-06-28, 18:17:33, 1206000000, 1207000000, 1000000.00, 1, -22.52, -22.52
2026-06-28, 18:17:33, 1207000000, 1208000000, 1000000.00, 1, -22.55, -22.55
2026-06-28, 18:17:33, 1208000000, 1209000000, 1000000.00, 1, -22.48, -22.48
2026-06-28, 18:17:33, 1209000000, 1210000000, 1000000.00, 1, -22.40, -22.40
2026-06-28, 18:17:33, 1210000000, 1211000000, 1000000.00, 1, -22.42, -22.42
2026-06-28, 18:17:33, 1211000000, 1212000000, 1000000.00, 1, -22.33, -22.33
2026-06-28, 18:17:33, 1212000000, 1213000000, 1000000.00, 1, -22.29, -22.29
2026-06-28, 18:17:33, 1213000000, 1214000000, 1000000.00, 1, -22.29, -22.29
2026-06-28, 18:17:33, 1214000000, 1215000000, 1000000.00, 1, -22.32, -22.32
2026-06-28, 18:17:43, 960000000, 961000000, 1000000.00, 1, -23.02, -23.02
2026-06-28, 18:17:43, 961000000, 962000000, 1000000.00, 1, -23.08, -23.08
2026-06-28, 18:17:43, 962000000, 963000000, 1000000.00, 1, -23.13, -23.13
2026-06-28, 18:17:43, 963000000, 964000000, 1000000.00, 1, -23.07, -23.07
2026-06-28, 18:17:43, 964000000, 965000000, 1000000.00, 1, -22.87, -22.87
2026-06-28, 18:17:43, 965000000, 966000000, 1000000.00, 1, -23.06, -23.06
2026-06-28, 18:17:43, 966000000, 967000000, 1000000.00, 1, -23.11, -23.11
2026-06-28, 18:17:43, 967000000, 968000000, 1000000.00, 1, -23.15, -23.15
2026-06-28, 18:17:43, 968000000, 969000000, 1000000.00, 1, -23.10, -23.10
2026-06-28, 18:17:43, 969000000, 970000000, 1000000.00, 1, -23.09, -23.09
2026-06-28, 18:17:43, 970000000, 971000000, 1000000.00, 1, -23.17, -23.17
2026-06-28, 18:17:43, 971000000, 972000000, 1000000.00, 1, -23.15, -23.15
2026-06-28, 18:17:43, 972000000, 973000000, 1000000.00, 1, -23.04, -23.04
2026-06-28, 18:17:43, 973000000, 974000000, 1000000.00, 1, -23.08, -23.08
2026-06-28, 18:17:43, 974000000, 975000000, 1000000.00, 1, -23.17, -23.17
2026-06-28, 18:17:43, 975000000, 976000000, 1000000.00, 1, -23.22, -23.22
2026-06-28, 18:17:43, 976000000, 977000000, 1000000.00, 1, -23.25, -23.25
2026-06-28, 18:17:43, 977000000, 978000000, 1000000.00, 1, -23.17, -23.17
2026-06-28, 18:17:43, 978000000, 979000000, 1000000.00, 1, -23.11, -23.11
2026-06-28, 18:17:43, 979000000, 980000000, 1000000.00, 1, -22.31, -22.31
2026-06-28, 18:17:43, 980000000, 981000000, 1000000.00, 1, -23.22, -23.22
2026-06-28, 18:17:43, 981000000, 982000000, 1000000.00, 1, -23.20, -23.20
2026-06-28, 18:17:43, 982000000, 983000000, 1000000.00, 1, -23.19, -23.19
2026-06-28, 18:17:43, 983000000, 984000000, 1000000.00, 1, -23.14, -23.14
2026-06-28, 18:17:43, 984000000, 985000000, 1000000.00, 1, -23.15, -23.15
2026-06-28, 18:17:43, 985000000, 986000000, 1000000.00, 1, -23.09, -23.09
2026-06-28, 18:17:43, 986000000, 987000000, 1000000.00, 1, -23.05, -23.05
2026-06-28, 18:17:43, 987000000, 988000000, 1000000.00, 1, -23.23, -23.23
2026-06-28, 18:17:43, 988000000, 989000000, 1000000.00, 1, -23.20, -23.20
2026-06-28, 18:17:43, 989000000, 990000000, 1000000.00, 1, -23.14, -23.14
2026-06-28, 18:17:43, 990000000, 991000000, 1000000.00, 1, -23.13, -23.13
2026-06-28, 18:17:43, 991000000, 992000000, 1000000.00, 1, -23.15, -23.15
2026-06-28, 18:17:43, 992000000, 993000000, 1000000.00, 1, -23.18, -23.18
2026-06-28, 18:17:43, 993000000, 994000000, 1000000.00, 1, -22.75, -22.75
2026-06-28, 18:17:43, 994000000, 995000000, 1000000.00, 1, -23.24, -23.24
2026-06-28, 18:17:43, 995000000, 996000000, 1000000.00, 1, -23.16, -23.16
2026-06-28, 18:17:43, 996000000, 997000000, 1000000.00, 1, -23.12, -23.12
2026-06-28, 18:17:43, 997000000, 998000000, 1000000.00, 1, -23.20, -23.20
2026-06-28, 18:17:43, 998000000, 999000000, 1000000.00, 1, -22.72, -22.72
2026-06-28, 18:17:43, 999000000, 1000000000, 1000000.00, 1, -22.53, -22.53
2026-06-28, 18:17:43, 1000000000, 1001000000, 1000000.00, 1, -23.09, -23.09
2026-06-28, 18:17:43, 1001000000, 1002000000, 1000000.00, 1, -23.12, -23.12
2026-06-28, 18:17:43, 1002000000, 1003000000, 1000000.00, 1, -23.10, -23.10
2026-06-28, 18:17:43, 1003000000, 1004000000, 1000000.00, 1, -23.02, -23.02
2026-06-28, 18:17:43, 1004000000, 1005000000, 1000000.00, 1, -23.03, -23.03
2026-06-28, 18:17:43, 1005000000, 1006000000, 1000000.00, 1, -22.96, -22.96
2026-06-28, 18:17:43, 1006000000, 1007000000, 1000000.00, 1, -23.03, -23.03
2026-06-28, 18:17:43, 1007000000, 1008000000, 1000000.00, 1, -22.74, -22.74
2026-06-28, 18:17:43, 1008000000, 1009000000, 1000000.00, 1, -22.65, -22.65
2026-06-28, 18:17:43, 1009000000, 1010000000, 1000000.00, 1, -22.87, -22.87
2026-06-28, 18:17:43, 1010000000, 1011000000, 1000000.00, 1, -22.89, -22.89
2026-06-28, 18:17:43, 1011000000, 1012000000, 1000000.00, 1, -22.87, -22.87
2026-06-28, 18:17:43, 1012000000, 1013000000, 1000000.00, 1, -22.73, -22.73
2026-06-28, 18:17:43, 1013000000, 1014000000, 1000000.00, 1, -22.56, -22.56
2026-06-28, 18:17:43, 1014000000, 1015000000, 1000000.00, 1, -22.48, -22.48
2026-06-28, 18:17:43, 1015000000, 1016000000, 1000000.00, 1, -22.40, -22.40
2026-06-28, 18:17:43, 1016000000, 1017000000, 1000000.00, 1, -22.27, -22.27
2026-06-28, 18:17:43, 1017000000, 1018000000, 1000000.00, 1, -22.03, -22.03
2026-06-28, 18:17:43, 1018000000, 1019000000, 1000000.00, 1, -21.90, -21.90
2026-06-28, 18:17:43, 1019000000, 1020000000, 1000000.00, 1, -21.64, -21.64
2026-06-28, 18:17:43, 1020000000, 1021000000, 1000000.00, 1, -21.50, -21.50
2026-06-28, 18:17:43, 1021000000, 1022000000, 1000000.00, 1, -21.37, -21.37
2026-06-28, 18:17:43, 1022000000, 1023000000, 1000000.00, 1, -20.21, -20.21
2026-06-28, 18:17:43, 1023000000, 1024000000, 1000000.00, 1, -21.35, -21.35
2026-06-28, 18:17:43, 1024000000, 1025000000, 1000000.00, 1, -21.39, -21.39
2026-06-28, 18:17:43, 1025000000, 1026000000, 1000000.00, 1, -21.66, -21.66
2026-06-28, 18:17:43, 1026000000, 1027000000, 1000000.00, 1, -21.74, -21.74
2026-06-28, 18:17:43, 1027000000, 1028000000, 1000000.00, 1, -21.97, -21.97
2026-06-28, 18:17:43, 1028000000, 1029000000, 1000000.00, 1, -22.11, -22.11
2026-06-28, 18:17:43, 1029000000, 1030000000, 1000000.00, 1, -22.26, -22.26
2026-06-28, 18:17:43, 1030000000, 1031000000, 1000000.00, 1, -22.40, -22.40
2026-06-28, 18:17:43, 1031000000, 1032000000, 1000000.00, 1, -22.61, -22.61
2026-06-28, 18:17:43, 1032000000, 1033000000, 1000000.00, 1, -22.53, -22.53
2026-06-28, 18:17:43, 1033000000, 1034000000, 1000000.00, 1, -22.71, -22.71
2026-06-28, 18:17:43, 1034000000, 1035000000, 1000000.00, 1, -22.80, -22.80
2026-06-28, 18:17:43, 1035000000, 1036000000, 1000000.00, 1, -22.83, -22.83
2026-06-28, 18:17:43, 1036000000, 1037000000, 1000000.00, 1, -22.54, -22.54
2026-06-28, 18:17:43, 1037000000, 1038000000, 1000000.00, 1, -22.84, -22.84
2026-06-28, 18:17:43, 1038000000, 1039000000, 1000000.00, 1, -22.95, -22.95
2026-06-28, 18:17:43, 1039000000, 1040000000, 1000000.00, 1, -22.86, -22.86
2026-06-28, 18:17:43, 1040000000, 1041000000, 1000000.00, 1, -22.90, -22.90
2026-06-28, 18:17:43, 1041000000, 1042000000, 1000000.00, 1, -23.01, -23.01
2026-06-28, 18:17:43, 1042000000, 1043000000, 1000000.00, 1, -22.90, -22.90
2026-06-28, 18:17:43, 1043000000, 1044000000, 1000000.00, 1, -22.99, -22.99
2026-06-28, 18:17:43, 1044000000, 1045000000, 1000000.00, 1, -23.00, -23.00
2026-06-28, 18:17:43, 1045000000, 1046000000, 1000000.00, 1, -23.08, -23.08
2026-06-28, 18:17:43, 1046000000, 1047000000, 1000000.00, 1, -22.98, -22.98
2026-06-28, 18:17:43, 1047000000, 1048000000, 1000000.00, 1, -22.97, -22.97
2026-06-28, 18:17:43, 1048000000, 1049000000, 1000000.00, 1, -23.06, -23.06
2026-06-28, 18:17:43, 1049000000, 1050000000, 1000000.00, 1, -23.02, -23.02
2026-06-28, 18:17:43, 1050000000, 1051000000, 1000000.00, 1, -23.06, -23.06
2026-06-28, 18:17:43, 1051000000, 1052000000, 1000000.00, 1, -23.10, -23.10
2026-06-28, 18:17:43, 1052000000, 1053000000, 1000000.00, 1, -23.09, -23.09
2026-06-28, 18:17:43, 1053000000, 1054000000, 1000000.00, 1, -23.13, -23.13
2026-06-28, 18:17:43, 1054000000, 1055000000, 1000000.00, 1, -23.12, -23.12
2026-06-28, 18:17:43, 1055000000, 1056000000, 1000000.00, 1, -23.18, -23.18
2026-06-28, 18:17:43, 1056000000, 1057000000, 1000000.00, 1, -23.20, -23.20
2026-06-28, 18:17:43, 1057000000, 1058000000, 1000000.00, 1, -23.21, -23.21
2026-06-28, 18:17:43, 1058000000, 1059000000, 1000000.00, 1, -23.22, -23.22
2026-06-28, 18:17:43, 1059000000, 1060000000, 1000000.00, 1, -23.23, -23.23
2026-06-28, 18:17:43, 1060000000, 1061000000, 1000000.00, 1, -23.20, -23.20
2026-06-28, 18:17:43, 1061000000, 1062000000, 1000000.00, 1, -23.16, -23.16
2026-06-28, 18:17:43, 1062000000, 1063000000, 1000000.00, 1, -23.28, -23.28
2026-06-28, 18:17:43, 1063000000, 1064000000, 1000000.00, 1, -23.17, -23.17
2026-06-28, 18:17:43, 1064000000, 1065000000, 1000000.00, 1, -23.08, -23.08
2026-06-28, 18:17:43, 1065000000, 1066000000, 1000000.00, 1, -23.00, -23.00
2026-06-28, 18:17:43, 1066000000, 1067000000, 1000000.00, 1, -22.92, -22.92
2026-06-28, 18:17:43, 1067000000, 1068000000, 1000000.00, 1, -22.70, -22.70
2026-06-28, 18:17:43, 1068000000, 1069000000, 1000000.00, 1, -22.40, -22.40
2026-06-28, 18:17:43, 1069000000, 1070000000, 1000000.00, 1, -22.53, -22.53
2026-06-28, 18:17:43, 1070000000, 1071000000, 1000000.00, 1, -22.49, -22.49
2026-06-28, 18:17:43, 1071000000, 1072000000, 1000000.00, 1, -22.47, -22.47
2026-06-28, 18:17:43, 1072000000, 1073000000, 1000000.00, 1, -22.56, -22.56
2026-06-28, 18:17:43, 1073000000, 1074000000, 1000000.00, 1, -22.50, -22.50
2026-06-28, 18:17:43, 1074000000, 1075000000, 1000000.00, 1, -22.33, -22.33
2026-06-28, 18:17:43, 1075000000, 1076000000, 1000000.00, 1, -22.33, -22.33
2026-06-28, 18:17:43, 1076000000, 1077000000, 1000000.00, 1, -22.51, -22.51
2026-06-28, 18:17:43, 1077000000, 1078000000, 1000000.00, 1, -22.69, -22.69
2026-06-28, 18:17:43, 1078000000, 1079000000, 1000000.00, 1, -22.79, -22.79
2026-06-28, 18:17:43, 1079000000, 1080000000, 1000000.00, 1, -22.09, -22.09
2026-06-28, 18:17:43, 1080000000, 1081000000, 1000000.00, 1, -22.07, -22.07
2026-06-28, 18:17:43, 1081000000, 1082000000, 1000000.00, 1, -21.91, -21.91
2026-06-28, 18:17:43, 1082000000, 1083000000, 1000000.00, 1, -21.57, -21.57
2026-06-28, 18:17:43, 1083000000, 1084000000, 1000000.00, 1, -21.57, -21.57
2026-06-28, 18:17:43, 1084000000, 1085000000, 1000000.00, 1, -21.90, -21.90
2026-06-28, 18:17:43, 1085000000, 1086000000, 1000000.00, 1, -22.23, -22.23
2026-06-28, 18:17:43, 1086000000, 1087000000, 1000000.00, 1, -22.77, -22.77
2026-06-28, 18:17:43, 1087000000, 1088000000, 1000000.00, 1, -22.87, -22.87
2026-06-28, 18:17:43, 1088000000, 1089000000, 1000000.00, 1, -22.61, -22.61
2026-06-28, 18:17:43, 1089000000, 1090000000, 1000000.00, 1, -13.09, -13.09
2026-06-28, 18:17:43, 1090000000, 1091000000, 1000000.00, 1, -12.36, -12.36
2026-06-28, 18:17:43, 1091000000, 1092000000, 1000000.00, 1, -21.74, -21.74
2026-06-28, 18:17:43, 1092000000, 1093000000, 1000000.00, 1, -21.97, -21.97
2026-06-28, 18:17:43, 1093000000, 1094000000, 1000000.00, 1, -22.10, -22.10
2026-06-28, 18:17:43, 1094000000, 1095000000, 1000000.00, 1, -21.68, -21.68
2026-06-28, 18:17:43, 1095000000, 1096000000, 1000000.00, 1, -22.17, -22.17
2026-06-28, 18:17:43, 1096000000, 1097000000, 1000000.00, 1, -20.33, -20.33
2026-06-28, 18:17:43, 1097000000, 1098000000, 1000000.00, 1, -21.79, -21.79
2026-06-28, 18:17:43, 1098000000, 1099000000, 1000000.00, 1, -21.59, -21.59
2026-06-28, 18:17:43, 1099000000, 1100000000, 1000000.00, 1, -21.72, -21.72
2026-06-28, 18:17:43, 1100000000, 1101000000, 1000000.00, 1, -21.97, -21.97
2026-06-28, 18:17:43, 1101000000, 1102000000, 1000000.00, 1, -22.09, -22.09
2026-06-28, 18:17:43, 1102000000, 1103000000, 1000000.00, 1, -22.20, -22.20
2026-06-28, 18:17:43, 1103000000, 1104000000, 1000000.00, 1, -22.28, -22.28
2026-06-28, 18:17:43, 1104000000, 1105000000, 1000000.00, 1, -22.38, -22.38
2026-06-28, 18:17:43, 1105000000, 1106000000, 1000000.00, 1, -22.27, -22.27
2026-06-28, 18:17:43, 1106000000, 1107000000, 1000000.00, 1, -22.56, -22.56
2026-06-28, 18:17:43, 1107000000, 1108000000, 1000000.00, 1, -22.69, -22.69
2026-06-28, 18:17:43, 1108000000, 1109000000, 1000000.00, 1, -22.45, -22.45
2026-06-28, 18:17:43, 1109000000, 1110000000, 1000000.00, 1, -22.47, -22.47
2026-06-28, 18:17:43, 1110000000, 1111000000, 1000000.00, 1, -22.48, -22.48
2026-06-28, 18:17:43, 1111000000, 1112000000, 1000000.00, 1, -22.58, -22.58
2026-06-28, 18:17:43, 1112000000, 1113000000, 1000000.00, 1, -22.80, -22.80
2026-06-28, 18:17:43, 1113000000, 1114000000, 1000000.00, 1, -23.11, -23.11
2026-06-28, 18:17:43, 1114000000, 1115000000, 1000000.00, 1, -23.41, -23.41
2026-06-28, 18:17:43, 1115000000, 1116000000, 1000000.00, 1, -23.51, -23.51
2026-06-28, 18:17:43, 1116000000, 1117000000, 1000000.00, 1, -23.57, -23.57
2026-06-28, 18:17:43, 1117000000, 1118000000, 1000000.00, 1, -23.58, -23.58
2026-06-28, 18:17:43, 1118000000, 1119000000, 1000000.00, 1, -23.54, -23.54
2026-06-28, 18:17:43, 1119000000, 1120000000, 1000000.00, 1, -23.60, -23.60
2026-06-28, 18:17:43, 1120000000, 1121000000, 1000000.00, 1, -23.64, -23.64
2026-06-28, 18:17:43, 1121000000, 1122000000, 1000000.00, 1, -23.69, -23.69
2026-06-28, 18:17:43, 1122000000, 1123000000, 1000000.00, 1, -23.68, -23.68
2026-06-28, 18:17:43, 1123000000, 1124000000, 1000000.00, 1, -23.08, -23.08
2026-06-28, 18:17:43, 1124000000, 1125000000, 1000000.00, 1, -23.65, -23.65
2026-06-28, 18:17:43, 1125000000, 1126000000, 1000000.00, 1, -23.66, -23.66
2026-06-28, 18:17:43, 1126000000, 1127000000, 1000000.00, 1, -23.64, -23.64
2026-06-28, 18:17:43, 1127000000, 1128000000, 1000000.00, 1, -23.64, -23.64
2026-06-28, 18:17:43, 1128000000, 1129000000, 1000000.00, 1, -23.63, -23.63
2026-06-28, 18:17:43, 1129000000, 1130000000, 1000000.00, 1, -23.64, -23.64
2026-06-28, 18:17:43, 1130000000, 1131000000, 1000000.00, 1, -23.65, -23.65
2026-06-28, 18:17:43, 1131000000, 1132000000, 1000000.00, 1, -23.68, -23.68
2026-06-28, 18:17:43, 1132000000, 1133000000, 1000000.00, 1, -23.69, -23.69
2026-06-28, 18:17:43, 1133000000, 1134000000, 1000000.00, 1, -23.68, -23.68
2026-06-28, 18:17:43, 1134000000, 1135000000, 1000000.00, 1, -23.71, -23.71
2026-06-28, 18:17:43, 1135000000, 1136000000, 1000000.00, 1, -23.71, -23.71
2026-06-28, 18:17:43, 1136000000, 1137000000, 1000000.00, 1, -23.65, -23.65
2026-06-28, 18:17:43, 1137000000, 1138000000, 1000000.00, 1, -23.64, -23.64
2026-06-28, 18:17:43, 1138000000, 1139000000, 1000000.00, 1, -23.61, -23.61
2026-06-28, 18:17:43, 1139000000, 1140000000, 1000000.00, 1, -23.60, -23.60
2026-06-28, 18:17:43, 1140000000, 1141000000, 1000000.00, 1, -23.72, -23.72
2026-06-28, 18:17:43, 1141000000, 1142000000, 1000000.00, 1, -23.66, -23.66
2026-06-28, 18:17:43, 1142000000, 1143000000, 1000000.00, 1, -23.68, -23.68
2026-06-28, 18:17:43, 1143000000, 1144000000, 1000000.00, 1, -23.68, -23.68
2026-06-28, 18:17:43, 1144000000, 1145000000, 1000000.00, 1, -23.71, -23.71
2026-06-28, 18:17:43, 1145000000, 1146000000, 1000000.00, 1, -23.62, -23.62
2026-06-28, 18:17:43, 1146000000, 1147000000, 1000000.00, 1, -23.68, -23.68
2026-06-28, 18:17:43, 1147000000, 1148000000, 1000000.00, 1, -23.67, -23.67
2026-06-28, 18:17:43, 1148000000, 1149000000, 1000000.00, 1, -23.65, -23.65
2026-06-28, 18:17:43, 1149000000, 1150000000, 1000000.00, 1, -23.62, -23.62
2026-06-28, 18:17:43, 1150000000, 1151000000, 1000000.00, 1, -23.62, -23.62
2026-06-28, 18:17:43, 1151000000, 1152000000, 1000000.00, 1, -23.60, -23.60
2026-06-28, 18:17:43, 1152000000, 1153000000, 1000000.00, 1, -23.58, -23.58
2026-06-28, 18:17:43, 1153000000, 1154000000, 1000000.00, 1, -23.61, -23.61
2026-06-28, 18:17:43, 1154000000, 1155000000, 1000000.00, 1, -23.60, -23.60
2026-06-28, 18:17:43, 1155000000, 1156000000, 1000000.00, 1, -23.60, -23.60
2026-06-28, 18:17:43, 1156000000, 1157000000, 1000000.00, 1, -23.65, -23.65
2026-06-28, 18:17:43, 1157000000, 1158000000, 1000000.00, 1, -23.70, -23.70
2026-06-28, 18:17:43, 1158000000, 1159000000, 1000000.00, 1, -23.70, -23.70
2026-06-28, 18:17:43, 1159000000, 1160000000, 1000000.00, 1, -23.66, -23.66
2026-06-28, 18:17:43, 1160000000, 1161000000, 1000000.00, 1, -23.63, -23.63
2026-06-28, 18:17:43, 1161000000, 1162000000, 1000000.00, 1, -23.58, -23.58
2026-06-28, 18:17:43, 1162000000, 1163000000, 1000000.00, 1, -23.61, -23.61
2026-06-28, 18:17:43, 1163000000, 1164000000, 1000000.00, 1, -23.53, -23.53
2026-06-28, 18:17:43, 1164000000, 1165000000, 1000000.00, 1, -23.48, -23.48
2026-06-28, 18:17:43, 1165000000, 1166000000, 1000000.00, 1, -23.44, -23.44
2026-06-28, 18:17:43, 1166000000, 1167000000, 1000000.00, 1, -23.39, -23.39
2026-06-28, 18:17:43, 1167000000, 1168000000, 1000000.00, 1, -23.51, -23.51
2026-06-28, 18:17:43, 1168000000, 1169000000, 1000000.00, 1, -23.51, -23.51
2026-06-28, 18:17:43, 1169000000, 1170000000, 1000000.00, 1, -23.52, -23.52
2026-06-28, 18:17:43, 1170000000, 1171000000, 1000000.00, 1, -23.53, -23.53
2026-06-28, 18:17:43, 1171000000, 1172000000, 1000000.00, 1, -23.42, -23.42
2026-06-28, 18:17:43, 1172000000, 1173000000, 1000000.00, 1, -23.39, -23.39
2026-06-28, 18:17:43, 1173000000, 1174000000, 1000000.00, 1, -23.40, -23.40
2026-06-28, 18:17:43, 1174000000, 1175000000, 1000000.00, 1, -23.42, -23.42
2026-06-28, 18:17:43, 1175000000, 1176000000, 1000000.00, 1, -23.46, -23.46
2026-06-28, 18:17:43, 1176000000, 1177000000, 1000000.00, 1, -23.51, -23.51
2026-06-28, 18:17:43, 1177000000, 1178000000, 1000000.00, 1, -23.45, -23.45
2026-06-28, 18:17:43, 1178000000, 1179000000, 1000000.00, 1, -23.39, -23.39
2026-06-28, 18:17:43, 1179000000, 1180000000, 1000000.00, 1, -23.40, -23.40
2026-06-28, 18:17:43, 1180000000, 1181000000, 1000000.00, 1, -23.20, -23.20
2026-06-28, 18:17:43, 1181000000, 1182000000, 1000000.00, 1, -23.37, -23.37
2026-06-28, 18:17:43, 1182000000, 1183000000, 1000000.00, 1, -23.38, -23.38
2026-06-28, 18:17:43, 1183000000, 1184000000, 1000000.00, 1, -23.36, -23.36
2026-06-28, 18:17:43, 1184000000, 1185000000, 1000000.00, 1, -23.40, -23.40
2026-06-28, 18:17:43, 1185000000, 1186000000, 1000000.00, 1, -23.34, -23.34
2026-06-28, 18:17:43, 1186000000, 1187000000, 1000000.00, 1, -23.22, -23.22
2026-06-28, 18:17:43, 1187000000, 1188000000, 1000000.00, 1, -23.23, -23.23
2026-06-28, 18:17:43, 1188000000, 1189000000, 1000000.00, 1, -23.20, -23.20
2026-06-28, 18:17:43, 1189000000, 1190000000, 1000000.00, 1, -23.12, -23.12
2026-06-28, 18:17:43, 1190000000, 1191000000, 1000000.00, 1, -23.11, -23.11
2026-06-28, 18:17:43, 1191000000, 1192000000, 1000000.00, 1, -23.12, -23.12
2026-06-28, 18:17:43, 1192000000, 1193000000, 1000000.00, 1, -22.95, -22.95
2026-06-28, 18:17:43, 1193000000, 1194000000, 1000000.00, 1, -22.87, -22.87
2026-06-28, 18:17:43, 1194000000, 1195000000, 1000000.00, 1, -22.80, -22.80
2026-06-28, 18:17:43, 1195000000, 1196000000, 1000000.00, 1, -22.47, -22.47
2026-06-28, 18:17:43, 1196000000, 1197000000, 1000000.00, 1, -22.65, -22.65
2026-06-28, 18:17:43, 1197000000, 1198000000, 1000000.00, 1, -22.59, -22.59
2026-06-28, 18:17:43, 1198000000, 1199000000, 1000000.00, 1, -21.74, -21.74
2026-06-28, 18:17:43, 1199000000, 1200000000, 1000000.00, 1, -22.65, -22.65
2026-06-28, 18:17:43, 1200000000, 1201000000, 1000000.00, 1, -22.74, -22.74
2026-06-28, 18:17:43, 1201000000, 1202000000, 1000000.00, 1, -22.67, -22.67
2026-06-28, 18:17:43, 1202000000, 1203000000, 1000000.00, 1, -22.62, -22.62
2026-06-28, 18:17:43, 1203000000, 1204000000, 1000000.00, 1, -22.66, -22.66
2026-06-28, 18:17:43, 1204000000, 1205000000, 1000000.00, 1, -22.58, -22.58
2026-06-28, 18:17:43, 1205000000, 1206000000, 1000000.00, 1, -22.62, -22.62
2026-06-28, 18:17:43, 1206000000, 1207000000, 1000000.00, 1, -22.53, -22.53
2026-06-28, 18:17:43, 1207000000, 1208000000, 1000000.00, 1, -22.57, -22.57
2026-06-28, 18:17:43, 1208000000, 1209000000, 1000000.00, 1, -22.49, -22.49
2026-06-28, 18:17:43, 1209000000, 1210000000, 1000000.00, 1, -22.36, -22.36
2026-06-28, 18:17:43, 1210000000, 1211000000, 1000000.00, 1, -22.43, -22.43
2026-06-28, 18:17:43, 1211000000, 1212000000, 1000000.00, 1, -22.37, -22.37
2026-06-28, 18:17:43, 1212000000, 1213000000, 1000000.00, 1, -22.39, -22.39
2026-06-28, 18:17:43, 1213000000, 1214000000, 1000000.00, 1, -22.25, -22.25
2026-06-28, 18:17:43, 1214000000, 1215000000, 1000000.00, 1, -22.23, -22.23
2026-06-28, 18:17:54, 960000000, 961000000, 1000000.00, 1, -23.13, -23.13
2026-06-28, 18:17:54, 961000000, 962000000, 1000000.00, 1, -23.20, -23.20
2026-06-28, 18:17:54, 962000000, 963000000, 1000000.00, 1, -23.13, -23.13
2026-06-28, 18:17:54, 963000000, 964000000, 1000000.00, 1, -23.10, -23.10
2026-06-28, 18:17:54, 964000000, 965000000, 1000000.00, 1, -22.90, -22.90
2026-06-28, 18:17:54, 965000000, 966000000, 1000000.00, 1, -23.15, -23.15
2026-06-28, 18:17:54, 966000000, 967000000, 1000000.00, 1, -23.17, -23.17
2026-06-28, 18:17:54, 967000000, 968000000, 1000000.00, 1, -23.11, -23.11
2026-06-28, 18:17:54, 968000000, 969000000, 1000000.00, 1, -23.18, -23.18
2026-06-28, 18:17:54, 969000000, 970000000, 1000000.00, 1, -23.14, -23.14
2026-06-28, 18:17:54, 970000000, 971000000, 1000000.00, 1, -23.08, -23.08
2026-06-28, 18:17:54, 971000000, 972000000, 1000000.00, 1, -23.10, -23.10
2026-06-28, 18:17:54, 972000000, 973000000, 1000000.00, 1, -23.16, -23.16
2026-06-28, 18:17:54, 973000000, 974000000, 1000000.00, 1, -23.19, -23.19
2026-06-28, 18:17:54, 974000000, 975000000, 1000000.00, 1, -23.12, -23.12
2026-06-28, 18:17:54, 975000000, 976000000, 1000000.00, 1, -23.14, -23.14
2026-06-28, 18:17:54, 976000000, 977000000, 1000000.00, 1, -23.20, -23.20
2026-06-28, 18:17:54, 977000000, 978000000, 1000000.00, 1, -23.15, -23.15
2026-06-28, 18:17:54, 978000000, 979000000, 1000000.00, 1, -23.22, -23.22
2026-06-28, 18:17:54, 979000000, 980000000, 1000000.00, 1, -22.37, -22.37
2026-06-28, 18:17:54, 980000000, 981000000, 1000000.00, 1, -23.19, -23.19
2026-06-28, 18:17:54, 981000000, 982000000, 1000000.00, 1, -23.18, -23.18
2026-06-28, 18:17:54, 982000000, 983000000, 1000000.00, 1, -23.19, -23.19
2026-06-28, 18:17:54, 983000000, 984000000, 1000000.00, 1, -23.14, -23.14
2026-06-28, 18:17:54, 984000000, 985000000, 1000000.00, 1, -23.12, -23.12
2026-06-28, 18:17:54, 985000000, 986000000, 1000000.00, 1, -23.16, -23.16
2026-06-28, 18:17:54, 986000000, 987000000, 1000000.00, 1, -23.17, -23.17
2026-06-28, 18:17:54, 987000000, 988000000, 1000000.00, 1, -23.14, -23.14
2026-06-28, 18:17:54, 988000000, 989000000, 1000000.00, 1, -23.23, -23.23
2026-06-28, 18:17:54, 989000000, 990000000, 1000000.00, 1, -23.16, -23.16
2026-06-28, 18:17:54, 990000000, 991000000, 1000000.00, 1, -23.15, -23.15
2026-06-28, 18:17:54, 991000000, 992000000, 1000000.00, 1, -23.24, -23.24
2026-06-28, 18:17:54, 992000000, 993000000, 1000000.00, 1, -23.20, -23.20
2026-06-28, 18:17:54, 993000000, 994000000, 1000000.00, 1, -22.89, -22.89
2026-06-28, 18:17:54, 994000000, 995000000, 1000000.00, 1, -23.13, -23.13
2026-06-28, 18:17:54, 995000000, 996000000, 1000000.00, 1, -23.19, -23.19
2026-06-28, 18:17:54, 996000000, 997000000, 1000000.00, 1, -23.16, -23.16
2026-06-28, 18:17:54, 997000000, 998000000, 1000000.00, 1, -23.08, -23.08
2026-06-28, 18:17:54, 998000000, 999000000, 1000000.00, 1, -22.67, -22.67
2026-06-28, 18:17:54, 999000000, 1000000000, 1000000.00, 1, -22.46, -22.46
2026-06-28, 18:17:54, 1000000000, 1001000000, 1000000.00, 1, -23.15, -23.15
2026-06-28, 18:17:54, 1001000000, 1002000000, 1000000.00, 1, -23.08, -23.08
2026-06-28, 18:17:54, 1002000000, 1003000000, 1000000.00, 1, -23.08, -23.08
2026-06-28, 18:17:54, 1003000000, 1004000000, 1000000.00, 1, -23.09, -23.09
2026-06-28, 18:17:54, 1004000000, 1005000000, 1000000.00, 1, -23.09, -23.09
2026-06-28, 18:17:54, 1005000000, 1006000000, 1000000.00, 1, -23.00, -23.00
2026-06-28, 18:17:54, 1006000000, 1007000000, 1000000.00, 1, -23.00, -23.00
2026-06-28, 18:17:54, 1007000000, 1008000000, 1000000.00, 1, -22.73, -22.73
2026-06-28, 18:17:54, 1008000000, 1009000000, 1000000.00, 1, -22.64, -22.64
2026-06-28, 18:17:54, 1009000000, 1010000000, 1000000.00, 1, -22.88, -22.88
2026-06-28, 18:17:54, 1010000000, 1011000000, 1000000.00, 1, -22.85, -22.85
2026-06-28, 18:17:54, 1011000000, 1012000000, 1000000.00, 1, -22.78, -22.78
2026-06-28, 18:17:54, 1012000000, 1013000000, 1000000.00, 1, -22.66, -22.66
2026-06-28, 18:17:54, 1013000000, 1014000000, 1000000.00, 1, -22.62, -22.62
2026-06-28, 18:17:54, 1014000000, 1015000000, 1000000.00, 1, -22.53, -22.53
2026-06-28, 18:17:54, 1015000000, 1016000000, 1000000.00, 1, -22.35, -22.35
2026-06-28, 18:17:54, 1016000000, 1017000000, 1000000.00, 1, -22.09, -22.09
2026-06-28, 18:17:54, 1017000000, 1018000000, 1000000.00, 1, -21.97, -21.97
2026-06-28, 18:17:54, 1018000000, 1019000000, 1000000.00, 1, -21.78, -21.78
2026-06-28, 18:17:54, 1019000000, 1020000000, 1000000.00, 1, -21.62, -21.62
2026-06-28, 18:17:54, 1020000000, 1021000000, 1000000.00, 1, -21.36, -21.36
2026-06-28, 18:17:54, 1021000000, 1022000000, 1000000.00, 1, -21.21, -21.21
2026-06-28, 18:17:54, 1022000000, 1023000000, 1000000.00, 1, -20.00, -20.00
2026-06-28, 18:17:54, 1023000000, 1024000000, 1000000.00, 1, -21.26, -21.26
2026-06-28, 18:17:54, 1024000000, 1025000000, 1000000.00, 1, -21.39, -21.39
2026-06-28, 18:17:54, 1025000000, 1026000000, 1000000.00, 1, -21.57, -21.57
2026-06-28, 18:17:54, 1026000000, 1027000000, 1000000.00, 1, -21.76, -21.76
2026-06-28, 18:17:54, 1027000000, 1028000000, 1000000.00, 1, -21.86, -21.86
2026-06-28, 18:17:54, 1028000000, 1029000000, 1000000.00, 1, -22.09, -22.09
2026-06-28, 18:17:54, 1029000000, 1030000000, 1000000.00, 1, -22.33, -22.33
2026-06-28, 18:17:54, 1030000000, 1031000000, 1000000.00, 1, -22.50, -22.50
2026-06-28, 18:17:54, 1031000000, 1032000000, 1000000.00, 1, -22.55, -22.55
2026-06-28, 18:17:54, 1032000000, 1033000000, 1000000.00, 1, -22.51, -22.51
2026-06-28, 18:17:54, 1033000000, 1034000000, 1000000.00, 1, -22.68, -22.68
2026-06-28, 18:17:54, 1034000000, 1035000000, 1000000.00, 1, -22.74, -22.74
2026-06-28, 18:17:54, 1035000000, 1036000000, 1000000.00, 1, -22.82, -22.82
2026-06-28, 18:17:54, 1036000000, 1037000000, 1000000.00, 1, -22.43, -22.43
2026-06-28, 18:17:54, 1037000000, 1038000000, 1000000.00, 1, -22.86, -22.86
2026-06-28, 18:17:54, 1038000000, 1039000000, 1000000.00, 1, -22.92, -22.92
2026-06-28, 18:17:54, 1039000000, 1040000000, 1000000.00, 1, -22.92, -22.92
2026-06-28, 18:17:54, 1040000000, 1041000000, 1000000.00, 1, -22.95, -22.95
2026-06-28, 18:17:54, 1041000000, 1042000000, 1000000.00, 1, -22.91, -22.91
2026-06-28, 18:17:54, 1042000000, 1043000000, 1000000.00, 1, -23.00, -23.00
2026-06-28, 18:17:54, 1043000000, 1044000000, 1000000.00, 1, -22.96, -22.96
2026-06-28, 18:17:54, 1044000000, 1045000000, 1000000.00, 1, -23.00, -23.00
2026-06-28, 18:17:54, 1045000000, 1046000000, 1000000.00, 1, -23.11, -23.11
2026-06-28, 18:17:54, 1046000000, 1047000000, 1000000.00, 1, -23.05, -23.05
2026-06-28, 18:17:54, 1047000000, 1048000000, 1000000.00, 1, -22.98, -22.98
2026-06-28, 18:17:54, 1048000000, 1049000000, 1000000.00, 1, -22.96, -22.96
2026-06-28, 18:17:54, 1049000000, 1050000000, 1000000.00, 1, -23.08, -23.08
2026-06-28, 18:17:54, 1050000000, 1051000000, 1000000.00, 1, -23.03, -23.03
2026-06-28, 18:17:54, 1051000000, 1052000000, 1000000.00, 1, -23.06, -23.06
2026-06-28, 18:17:54, 1052000000, 1053000000, 1000000.00, 1, -23.14, -23.14
2026-06-28, 18:17:54, 1053000000, 1054000000, 1000000.00, 1, -23.13, -23.13
2026-06-28, 18:17:54, 1054000000, 1055000000, 1000000.00, 1, -23.15, -23.15
2026-06-28, 18:17:54, 1055000000, 1056000000, 1000000.00, 1, -23.20, -23.20
2026-06-28, 18:17:54, 1056000000, 1057000000, 1000000.00, 1, -23.22, -23.22
2026-06-28, 18:17:54, 1057000000, 1058000000, 1000000.00, 1, -23.22, -23.22
2026-06-28, 18:17:54, 1058000000, 1059000000, 1000000.00, 1, -23.20, -23.20
2026-06-28, 18:17:54, 1059000000, 1060000000, 1000000.00, 1, -23.21, -23.21
2026-06-28, 18:17:54, 1060000000, 1061000000, 1000000.00, 1, -23.24, -23.24
2026-06-28, 18:17:54, 1061000000, 1062000000, 1000000.00, 1, -23.16, -23.16
2026-06-28, 18:17:54, 1062000000, 1063000000, 1000000.00, 1, -23.10, -23.10
2026-06-28, 18:17:54, 1063000000, 1064000000, 1000000.00, 1, -23.21, -23.21
2026-06-28, 18:17:54, 1064000000, 1065000000, 1000000.00, 1, -23.11, -23.11
2026-06-28, 18:17:54, 1065000000, 1066000000, 1000000.00, 1, -23.04, -23.04
2026-06-28, 18:17:54, 1066000000, 1067000000, 1000000.00, 1, -22.92, -22.92
2026-06-28, 18:17:54, 1067000000, 1068000000, 1000000.00, 1, -22.65, -22.65
2026-06-28, 18:17:54, 1068000000, 1069000000, 1000000.00, 1, -22.57, -22.57
2026-06-28, 18:17:54, 1069000000, 1070000000, 1000000.00, 1, -22.54, -22.54
2026-06-28, 18:17:54, 1070000000, 1071000000, 1000000.00, 1, -22.55, -22.55
2026-06-28, 18:17:54, 1071000000, 1072000000, 1000000.00, 1, -22.57, -22.57
2026-06-28, 18:17:54, 1072000000, 1073000000, 1000000.00, 1, -22.61, -22.61
2026-06-28, 18:17:54, 1073000000, 1074000000, 1000000.00, 1, -22.43, -22.43
2026-06-28, 18:17:54, 1074000000, 1075000000, 1000000.00, 1, -22.35, -22.35
2026-06-28, 18:17:54, 1075000000, 1076000000, 1000000.00, 1, -22.42, -22.42
2026-06-28, 18:17:54, 1076000000, 1077000000, 1000000.00, 1, -22.48, -22.48
2026-06-28, 18:17:54, 1077000000, 1078000000, 1000000.00, 1, -22.65, -22.65
2026-06-28, 18:17:54, 1078000000, 1079000000, 1000000.00, 1, -22.81, -22.81
2026-06-28, 18:17:54, 1079000000, 1080000000, 1000000.00, 1, -22.09, -22.09
2026-06-28, 18:17:54, 1080000000, 1081000000, 1000000.00, 1, -22.13, -22.13
2026-06-28, 18:17:54, 1081000000, 1082000000, 1000000.00, 1, -21.86, -21.86
2026-06-28, 18:17:54, 1082000000, 1083000000, 1000000.00, 1, -21.62, -21.62
2026-06-28, 18:17:54, 1083000000, 1084000000, 1000000.00, 1, -21.63, -21.63
2026-06-28, 18:17:54, 1084000000, 1085000000, 1000000.00, 1, -21.90, -21.90
2026-06-28, 18:17:54, 1085000000, 1086000000, 1000000.00, 1, -22.31, -22.31
2026-06-28, 18:17:54, 1086000000, 1087000000, 1000000.00, 1, -22.72, -22.72
2026-06-28, 18:17:54, 1087000000, 1088000000, 1000000.00, 1, -22.95, -22.95
2026-06-28, 18:17:54, 1088000000, 1089000000, 1000000.00, 1, -22.09, -22.09
2026-06-28, 18:17:54, 1089000000, 1090000000, 1000000.00, 1, -19.05, -19.05
2026-06-28, 18:17:54, 1090000000, 1091000000, 1000000.00, 1, -22.05, -22.05
2026-06-28, 18:17:54, 1091000000, 1092000000, 1000000.00, 1, -21.70, -21.70
2026-06-28, 18:17:54, 1092000000, 1093000000, 1000000.00, 1, -21.96, -21.96
2026-06-28, 18:17:54, 1093000000, 1094000000, 1000000.00, 1, -22.01, -22.01
2026-06-28, 18:17:54, 1094000000, 1095000000, 1000000.00, 1, -21.56, -21.56
2026-06-28, 18:17:54, 1095000000, 1096000000, 1000000.00, 1, -22.00, -22.00
2026-06-28, 18:17:54, 1096000000, 1097000000, 1000000.00, 1, -21.95, -21.95
2026-06-28, 18:17:54, 1097000000, 1098000000, 1000000.00, 1, -21.72, -21.72
2026-06-28, 18:17:54, 1098000000, 1099000000, 1000000.00, 1, -21.58, -21.58
2026-06-28, 18:17:54, 1099000000, 1100000000, 1000000.00, 1, -21.59, -21.59
2026-06-28, 18:17:54, 1100000000, 1101000000, 1000000.00, 1, -21.93, -21.93
2026-06-28, 18:17:54, 1101000000, 1102000000, 1000000.00, 1, -22.10, -22.10
2026-06-28, 18:17:54, 1102000000, 1103000000, 1000000.00, 1, -22.23, -22.23
2026-06-28, 18:17:54, 1103000000, 1104000000, 1000000.00, 1, -22.29, -22.29
2026-06-28, 18:17:54, 1104000000, 1105000000, 1000000.00, 1, -22.39, -22.39
2026-06-28, 18:17:54, 1105000000, 1106000000, 1000000.00, 1, -22.54, -22.54
2026-06-28, 18:17:54, 1106000000, 1107000000, 1000000.00, 1, -22.52, -22.52
2026-06-28, 18:17:54, 1107000000, 1108000000, 1000000.00, 1, -22.58, -22.58
2026-06-28, 18:17:54, 1108000000, 1109000000, 1000000.00, 1, -22.43, -22.43
2026-06-28, 18:17:54, 1109000000, 1110000000, 1000000.00, 1, -22.49, -22.49
2026-06-28, 18:17:54, 1110000000, 1111000000, 1000000.00, 1, -22.57, -22.57
2026-06-28, 18:17:54, 1111000000, 1112000000, 1000000.00, 1, -22.52, -22.52
2026-06-28, 18:17:54, 1112000000, 1113000000, 1000000.00, 1, -22.81, -22.81
2026-06-28, 18:17:54, 1113000000, 1114000000, 1000000.00, 1, -23.15, -23.15
2026-06-28, 18:17:54, 1114000000, 1115000000, 1000000.00, 1, -23.42, -23.42
2026-06-28, 18:17:54, 1115000000, 1116000000, 1000000.00, 1, -23.56, -23.56
2026-06-28, 18:17:54, 1116000000, 1117000000, 1000000.00, 1, -23.60, -23.60
2026-06-28, 18:17:54, 1117000000, 1118000000, 1000000.00, 1, -23.56, -23.56
2026-06-28, 18:17:54, 1118000000, 1119000000, 1000000.00, 1, -23.65, -23.65
2026-06-28, 18:17:54, 1119000000, 1120000000, 1000000.00, 1, -23.65, -23.65
2026-06-28, 18:17:54, 1120000000, 1121000000, 1000000.00, 1, -23.58, -23.58
2026-06-28, 18:17:54, 1121000000, 1122000000, 1000000.00, 1, -23.65, -23.65
2026-06-28, 18:17:54, 1122000000, 1123000000, 1000000.00, 1, -23.66, -23.66
2026-06-28, 18:17:54, 1123000000, 1124000000, 1000000.00, 1, -23.13, -23.13
2026-06-28, 18:17:54, 1124000000, 1125000000, 1000000.00, 1, -23.68, -23.68
2026-06-28, 18:17:54, 1125000000, 1126000000, 1000000.00, 1, -23.67, -23.67
2026-06-28, 18:17:54, 1126000000, 1127000000, 1000000.00, 1, -23.67, -23.67
2026-06-28, 18:17:54, 1127000000, 1128000000, 1000000.00, 1, -23.61, -23.61
2026-06-28, 18:17:54, 1128000000, 1129000000, 1000000.00, 1, -23.63, -23.63
2026-06-28, 18:17:54, 1129000000, 1130000000, 1000000.00, 1, -23.67, -23.67
2026-06-28, 18:17:54, 1130000000, 1131000000, 1000000.00, 1, -23.61, -23.61
2026-06-28, 18:17:54, 1131000000, 1132000000, 1000000.00, 1, -23.71, -23.71
2026-06-28, 18:17:54, 1132000000, 1133000000, 1000000.00, 1, -23.69, -23.69
2026-06-28, 18:17:54, 1133000000, 1134000000, 1000000.00, 1, -23.68, -23.68
2026-06-28, 18:17:54, 1134000000, 1135000000, 1000000.00, 1, -23.66, -23.66
2026-06-28, 18:17:54, 1135000000, 1136000000, 1000000.00, 1, -23.65, -23.65
2026-06-28, 18:17:54, 1136000000, 1137000000, 1000000.00, 1, -23.61, -23.61
2026-06-28, 18:17:54, 1137000000, 1138000000, 1000000.00, 1, -23.70, -23.70
2026-06-28, 18:17:54, 1138000000, 1139000000, 1000000.00, 1, -23.72, -23.72
2026-06-28, 18:17:54, 1139000000, 1140000000, 1000000.00, 1, -23.69, -23.69
2026-06-28, 18:17:54, 1140000000, 1141000000, 1000000.00, 1, -23.68, -23.68
2026-06-28, 18:17:54, 1141000000, 1142000000, 1000000.00, 1, -23.68, -23.68
2026-06-28, 18:17:54, 1142000000, 1143000000, 1000000.00, 1, -23.68, -23.68
2026-06-28, 18:17:54, 1143000000, 1144000000, 1000000.00, 1, -23.64, -23.64
2026-06-28, 18:17:54, 1144000000, 1145000000, 1000000.00, 1, -23.68, -23.68
2026-06-28, 18:17:54, 1145000000, 1146000000, 1000000.00, 1, -23.70, -23.70
2026-06-28, 18:17:54, 1146000000, 1147000000, 1000000.00, 1, -23.65, -23.65
2026-06-28, 18:17:54, 1147000000, 1148000000, 1000000.00, 1, -23.65, -23.65
2026-06-28, 18:17:54, 1148000000, 1149000000, 1000000.00, 1, -23.62, -23.62
2026-06-28, 18:17:54, 1149000000, 1150000000, 1000000.00, 1, -23.64, -23.64
2026-06-28, 18:17:54, 1150000000, 1151000000, 1000000.00, 1, -23.68, -23.68
2026-06-28, 18:17:54, 1151000000, 1152000000, 1000000.00, 1, -23.61, -23.61
2026-06-28, 18:17:54, 1152000000, 1153000000, 1000000.00, 1, -23.59, -23.59
2026-06-28, 18:17:54, 1153000000, 1154000000, 1000000.00, 1, -23.62, -23.62
2026-06-28, 18:17:54, 1154000000, 1155000000, 1000000.00, 1, -23.58, -23.58
2026-06-28, 18:17:54, 1155000000, 1156000000, 1000000.00, 1, -23.57, -23.57
2026-06-28, 18:17:54, 1156000000, 1157000000, 1000000.00, 1, -23.71, -23.71
2026-06-28, 18:17:54, 1157000000, 1158000000, 1000000.00, 1, -23.74, -23.74
2026-06-28, 18:17:54, 1158000000, 1159000000, 1000000.00, 1, -23.67, -23.67
2026-06-28, 18:17:54, 1159000000, 1160000000, 1000000.00, 1, -23.67, -23.67
2026-06-28, 18:17:54, 1160000000, 1161000000, 1000000.00, 1, -23.59, -23.59
2026-06-28, 18:17:54, 1161000000, 1162000000, 1000000.00, 1, -23.57, -23.57
2026-06-28, 18:17:54, 1162000000, 1163000000, 1000000.00, 1, -23.60, -23.60
2026-06-28, 18:17:54, 1163000000, 1164000000, 1000000.00, 1, -23.55, -23.55
2026-06-28, 18:17:54, 1164000000, 1165000000, 1000000.00, 1, -23.52, -23.52
2026-06-28, 18:17:54, 1165000000, 1166000000, 1000000.00, 1, -23.50, -23.50
2026-06-28, 18:17:54, 1166000000, 1167000000, 1000000.00, 1, -23.47, -23.47
2026-06-28, 18:17:54, 1167000000, 1168000000, 1000000.00, 1, -23.53, -23.53
2026-06-28, 18:17:54, 1168000000, 1169000000, 1000000.00, 1, -23.53, -23.53
2026-06-28, 18:17:54, 1169000000, 1170000000, 1000000.00, 1, -23.62, -23.62
2026-06-28, 18:17:54, 1170000000, 1171000000, 1000000.00, 1, -23.57, -23.57
2026-06-28, 18:17:54, 1171000000, 1172000000, 1000000.00, 1, -23.48, -23.48
2026-06-28, 18:17:54, 1172000000, 1173000000, 1000000.00, 1, -23.41, -23.41
2026-06-28, 18:17:54, 1173000000, 1174000000, 1000000.00, 1, -23.41, -23.41
2026-06-28, 18:17:54, 1174000000, 1175000000, 1000000.00, 1, -23.40, -23.40
2026-06-28, 18:17:54, 1175000000, 1176000000, 1000000.00, 1, -23.50, -23.50
2026-06-28, 18:17:54, 1176000000, 1177000000, 1000000.00, 1, -23.45, -23.45
2026-06-28, 18:17:54, 1177000000, 1178000000, 1000000.00, 1, -23.43, -23.43
2026-06-28, 18:17:54, 1178000000, 1179000000, 1000000.00, 1, -23.37, -23.37
2026-06-28, 18:17:54, 1179000000, 1180000000, 1000000.00, 1, -23.46, -23.46
2026-06-28, 18:17:54, 1180000000, 1181000000, 1000000.00, 1, -23.21, -23.21
2026-06-28, 18:17:54, 1181000000, 1182000000, 1000000.00, 1, -23.35, -23.35
2026-06-28, 18:17:54, 1182000000, 1183000000, 1000000.00, 1, -23.44, -23.44
2026-06-28, 18:17:54, 1183000000, 1184000000, 1000000.00, 1, -23.43, -23.43
2026-06-28, 18:17:54, 1184000000, 1185000000, 1000000.00, 1, -23.38, -23.38
2026-06-28, 18:17:54, 1185000000, 1186000000, 1000000.00, 1, -23.40, -23.40
2026-06-28, 18:17:54, 1186000000, 1187000000, 1000000.00, 1, -23.30, -23.30
2026-06-28, 18:17:54, 1187000000, 1188000000, 1000000.00, 1, -23.19, -23.19
2026-06-28, 18:17:54, 1188000000, 1189000000, 1000000.00, 1, -23.21, -23.21
2026-06-28, 18:17:54, 1189000000, 1190000000, 1000000.00, 1, -23.14, -23.14
2026-06-28, 18:17:54, 1190000000, 1191000000, 1000000.00, 1, -23.13, -23.13
2026-06-28, 18:17:54, 1191000000, 1192000000, 1000000.00, 1, -23.08, -23.08
2026-06-28, 18:17:54, 1192000000, 1193000000, 1000000.00, 1, -23.02, -23.02
2026-06-28, 18:17:54, 1193000000, 1194000000, 1000000.00, 1, -22.89, -22.89
2026-06-28, 18:17:54, 1194000000, 1195000000, 1000000.00, 1, -22.74, -22.74
2026-06-28, 18:17:54, 1195000000, 1196000000, 1000000.00, 1, -22.45, -22.45
2026-06-28, 18:17:54, 1196000000, 1197000000, 1000000.00, 1, -22.65, -22.65
2026-06-28, 18:17:54, 1197000000, 1198000000, 1000000.00, 1, -22.65, -22.65
2026-06-28, 18:17:54, 1198000000, 1199000000, 1000000.00, 1, -21.86, -21.86
2026-06-28, 18:17:54, 1199000000, 1200000000, 1000000.00, 1, -22.69, -22.69
2026-06-28, 18:17:54, 1200000000, 1201000000, 1000000.00, 1, -22.68, -22.68
2026-06-28, 18:17:54, 1201000000, 1202000000, 1000000.00, 1, -22.64, -22.64
2026-06-28, 18:17:54, 1202000000, 1203000000, 1000000.00, 1, -22.76, -22.76
2026-06-28, 18:17:54, 1203000000, 1204000000, 1000000.00, 1, -22.68, -22.68
2026-06-28, 18:17:54, 1204000000, 1205000000, 1000000.00, 1, -22.55, -22.55
2026-06-28, 18:17:54, 1205000000, 1206000000, 1000000.00, 1, -22.64, -22.64
2026-06-28, 18:17:54, 1206000000, 1207000000, 1000000.00, 1, -22.58, -22.58
2026-06-28, 18:17:54, 1207000000, 1208000000, 1000000.00, 1, -22.48, -22.48
2026-06-28, 18:17:54, 1208000000, 1209000000, 1000000.00, 1, -22.51, -22.51
2026-06-28, 18:17:54, 1209000000, 1210000000, 1000000.00, 1, -22.42, -22.42
2026-06-28, 18:17:54, 1210000000, 1211000000, 1000000.00, 1, -22.35, -22.35
2026-06-28, 18:17:54, 1211000000, 1212000000, 1000000.00, 1, -22.36, -22.36
2026-06-28, 18:17:54, 1212000000, 1213000000, 1000000.00, 1, -22.28, -22.28
2026-06-28, 18:17:54, 1213000000, 1214000000, 1000000.00, 1, -22.34, -22.34
2026-06-28, 18:17:54, 1214000000, 1215000000, 1000000.00, 1, -22.23, -22.23
2026-06-28, 18:18:04, 960000000, 961000000, 1000000.00, 1, -23.05, -23.05
2026-06-28, 18:18:04, 961000000, 962000000, 1000000.00, 1, -23.08, -23.08
2026-06-28, 18:18:04, 962000000, 963000000, 1000000.00, 1, -23.21, -23.21
2026-06-28, 18:18:04, 963000000, 964000000, 1000000.00, 1, -23.14, -23.14
2026-06-28, 18:18:04, 964000000, 965000000, 1000000.00, 1, -22.89, -22.89
2026-06-28, 18:18:04, 965000000, 966000000, 1000000.00, 1, -23.11, -23.11
2026-06-28, 18:18:04, 966000000, 967000000, 1000000.00, 1, -23.11, -23.11
2026-06-28, 18:18:04, 967000000, 968000000, 1000000.00, 1, -23.14, -23.14
2026-06-28, 18:18:04, 968000000, 969000000, 1000000.00, 1, -23.19, -23.19
2026-06-28, 18:18:04, 969000000, 970000000, 1000000.00, 1, -23.12, -23.12
2026-06-28, 18:18:04, 970000000, 971000000, 1000000.00, 1, -23.15, -23.15
2026-06-28, 18:18:04, 971000000, 972000000, 1000000.00, 1, -23.16, -23.16
2026-06-28, 18:18:04, 972000000, 973000000, 1000000.00, 1, -23.14, -23.14
2026-06-28, 18:18:04, 973000000, 974000000, 1000000.00, 1, -23.11, -23.11
2026-06-28, 18:18:04, 974000000, 975000000, 1000000.00, 1, -23.12, -23.12
2026-06-28, 18:18:04, 975000000, 976000000, 1000000.00, 1, -23.12, -23.12
2026-06-28, 18:18:04, 976000000, 977000000, 1000000.00, 1, -23.10, -23.10
2026-06-28, 18:18:04, 977000000, 978000000, 1000000.00, 1, -23.18, -23.18
2026-06-28, 18:18:04, 978000000, 979000000, 1000000.00, 1, -23.23, -23.23
2026-06-28, 18:18:04, 979000000, 980000000, 1000000.00, 1, -22.36, -22.36
2026-06-28, 18:18:04, 980000000, 981000000, 1000000.00, 1, -23.16, -23.16
2026-06-28, 18:18:04, 981000000, 982000000, 1000000.00, 1, -23.10, -23.10
2026-06-28, 18:18:04, 982000000, 983000000, 1000000.00, 1, -23.18, -23.18
2026-06-28, 18:18:04, 983000000, 984000000, 1000000.00, 1, -23.18, -23.18
2026-06-28, 18:18:04, 984000000, 985000000, 1000000.00, 1, -23.10, -23.10
2026-06-28, 18:18:04, 985000000, 986000000, 1000000.00, 1, -23.21, -23.21
2026-06-28, 18:18:04, 986000000, 987000000, 1000000.00, 1, -23.18, -23.18
2026-06-28, 18:18:04, 987000000, 988000000, 1000000.00, 1, -23.15, -23.15
2026-06-28, 18:18:04, 988000000, 989000000, 1000000.00, 1, -23.11, -23.11
2026-06-28, 18:18:04, 989000000, 990000000, 1000000.00, 1, -23.17, -23.17
2026-06-28, 18:18:04, 990000000, 991000000, 1000000.00, 1, -23.24, -23.24
2026-06-28, 18:18:04, 991000000, 992000000, 1000000.00, 1, -23.15, -23.15
2026-06-28, 18:18:04, 992000000, 993000000, 1000000.00, 1, -23.19, -23.19
2026-06-28, 18:18:04, 993000000, 994000000, 1000000.00, 1, -22.91, -22.91
2026-06-28, 18:18:04, 994000000, 995000000, 1000000.00, 1, -23.14, -23.14
2026-06-28, 18:18:04, 995000000, 996000000, 1000000.00, 1, -23.16, -23.16
2026-06-28, 18:18:04, 996000000, 997000000, 1000000.00, 1, -23.18, -23.18
2026-06-28, 18:18:04, 997000000, 998000000, 1000000.00, 1, -23.17, -23.17
2026-06-28, 18:18:04, 998000000, 999000000, 1000000.00, 1, -22.77, -22.77
2026-06-28, 18:18:04, 999000000, 1000000000, 1000000.00, 1, -22.58, -22.58
2026-06-28, 18:18:04, 1000000000, 1001000000, 1000000.00, 1, -23.06, -23.06
2026-06-28, 18:18:04, 1001000000, 1002000000, 1000000.00, 1, -23.11, -23.11
2026-06-28, 18:18:04, 1002000000, 1003000000, 1000000.00, 1, -23.09, -23.09
2026-06-28, 18:18:04, 1003000000, 1004000000, 1000000.00, 1, -23.04, -23.04
2026-06-28, 18:18:04, 1004000000, 1005000000, 1000000.00, 1, -23.09, -23.09
2026-06-28, 18:18:04, 1005000000, 1006000000, 1000000.00, 1, -23.01, -23.01
2026-06-28, 18:18:04, 1006000000, 1007000000, 1000000.00, 1, -22.95, -22.95
2026-06-28, 18:18:04, 1007000000, 1008000000, 1000000.00, 1, -22.78, -22.78
2026-06-28, 18:18:04, 1008000000, 1009000000, 1000000.00, 1, -22.69, -22.69
2026-06-28, 18:18:04, 1009000000, 1010000000, 1000000.00, 1, -22.89, -22.89
2026-06-28, 18:18:04, 1010000000, 1011000000, 1000000.00, 1, -22.81, -22.81
2026-06-28, 18:18:04, 1011000000, 1012000000, 1000000.00, 1, -22.73, -22.73
2026-06-28, 18:18:04, 1012000000, 1013000000, 1000000.00, 1, -22.69, -22.69
2026-06-28, 18:18:04, 1013000000, 1014000000, 1000000.00, 1, -22.52, -22.52
2026-06-28, 18:18:04, 1014000000, 1015000000, 1000000.00, 1, -22.47, -22.47
2026-06-28, 18:18:04, 1015000000, 1016000000, 1000000.00, 1, -22.33, -22.33
2026-06-28, 18:18:04, 1016000000, 1017000000, 1000000.00, 1, -22.18, -22.18
2026-06-28, 18:18:04, 1017000000, 1018000000, 1000000.00, 1, -22.01, -22.01
2026-06-28, 18:18:04, 1018000000, 1019000000, 1000000.00, 1, -21.79, -21.79
2026-06-28, 18:18:04, 1019000000, 1020000000, 1000000.00, 1, -21.55, -21.55
2026-06-28, 18:18:04, 1020000000, 1021000000, 1000000.00, 1, -21.33, -21.33
2026-06-28, 18:18:04, 1021000000, 1022000000, 1000000.00, 1, -21.21, -21.21
2026-06-28, 18:18:04, 1022000000, 1023000000, 1000000.00, 1, -19.98, -19.98
2026-06-28, 18:18:04, 1023000000, 1024000000, 1000000.00, 1, -21.30, -21.30
2026-06-28, 18:18:04, 1024000000, 1025000000, 1000000.00, 1, -21.39, -21.39
2026-06-28, 18:18:04, 1025000000, 1026000000, 1000000.00, 1, -21.56, -21.56
2026-06-28, 18:18:04, 1026000000, 1027000000, 1000000.00, 1, -21.73, -21.73
2026-06-28, 18:18:04, 1027000000, 1028000000, 1000000.00, 1, -21.93, -21.93
2026-06-28, 18:18:04, 1028000000, 1029000000, 1000000.00, 1, -22.14, -22.14
2026-06-28, 18:18:04, 1029000000, 1030000000, 1000000.00, 1, -22.36, -22.36
2026-06-28, 18:18:04, 1030000000, 1031000000, 1000000.00, 1, -22.38, -22.38
2026-06-28, 18:18:04, 1031000000, 1032000000, 1000000.00, 1, -22.43, -22.43
2026-06-28, 18:18:04, 1032000000, 1033000000, 1000000.00, 1, -22.58, -22.58
2026-06-28, 18:18:04, 1033000000, 1034000000, 1000000.00, 1, -22.65, -22.65
2026-06-28, 18:18:04, 1034000000, 1035000000, 1000000.00, 1, -22.79, -22.79
2026-06-28, 18:18:04, 1035000000, 1036000000, 1000000.00, 1, -22.86, -22.86
2026-06-28, 18:18:04, 1036000000, 1037000000, 1000000.00, 1, -22.56, -22.56
2026-06-28, 18:18:04, 1037000000, 1038000000, 1000000.00, 1, -22.94, -22.94
2026-06-28, 18:18:04, 1038000000, 1039000000, 1000000.00, 1, -22.82, -22.82
2026-06-28, 18:18:04, 1039000000, 1040000000, 1000000.00, 1, -22.99, -22.99
2026-06-28, 18:18:04, 1040000000, 1041000000, 1000000.00, 1, -22.89, -22.89
2026-06-28, 18:18:04, 1041000000, 1042000000, 1000000.00, 1, -23.00, -23.00
2026-06-28, 18:18:04, 1042000000, 1043000000, 1000000.00, 1, -22.96, -22.96
2026-06-28, 18:18:04, 1043000000, 1044000000, 1000000.00, 1, -23.07, -23.07
2026-06-28, 18:18:04, 1044000000, 1045000000, 1000000.00, 1, -22.96, -22.96
2026-06-28, 18:18:04, 1045000000, 1046000000, 1000000.00, 1, -22.98, -22.98
2026-06-28, 18:18:04, 1046000000, 1047000000, 1000000.00, 1, -23.06, -23.06
2026-06-28, 18:18:04, 1047000000, 1048000000, 1000000.00, 1, -23.00, -23.00
2026-06-28, 18:18:04, 1048000000, 1049000000, 1000000.00, 1, -22.94, -22.94
2026-06-28, 18:18:04, 1049000000, 1050000000, 1000000.00, 1, -23.03, -23.03
2026-06-28, 18:18:04, 1050000000, 1051000000, 1000000.00, 1, -23.04, -23.04
2026-06-28, 18:18:04, 1051000000, 1052000000, 1000000.00, 1, -23.07, -23.07
2026-06-28, 18:18:04, 1052000000, 1053000000, 1000000.00, 1, -23.04, -23.04
2026-06-28, 18:18:04, 1053000000, 1054000000, 1000000.00, 1, -23.11, -23.11
2026-06-28, 18:18:04, 1054000000, 1055000000, 1000000.00, 1, -23.20, -23.20
2026-06-28, 18:18:04, 1055000000, 1056000000, 1000000.00, 1, -23.15, -23.15
2026-06-28, 18:18:04, 1056000000, 1057000000, 1000000.00, 1, -23.23, -23.23
2026-06-28, 18:18:04, 1057000000, 1058000000, 1000000.00, 1, -23.21, -23.21
2026-06-28, 18:18:04, 1058000000, 1059000000, 1000000.00, 1, -23.16, -23.16
2026-06-28, 18:18:04, 1059000000, 1060000000, 1000000.00, 1, -23.18, -23.18
2026-06-28, 18:18:04, 1060000000, 1061000000, 1000000.00, 1, -23.20, -23.20
2026-06-28, 18:18:04, 1061000000, 1062000000, 1000000.00, 1, -23.19, -23.19
2026-06-28, 18:18:04, 1062000000, 1063000000, 1000000.00, 1, -23.15, -23.15
2026-06-28, 18:18:04, 1063000000, 1064000000, 1000000.00, 1, -23.13, -23.13
2026-06-28, 18:18:04, 1064000000, 1065000000, 1000000.00, 1, -23.07, -23.07
2026-06-28, 18:18:04, 1065000000, 1066000000, 1000000.00, 1, -22.98, -22.98
2026-06-28, 18:18:04, 1066000000, 1067000000, 1000000.00, 1, -22.84, -22.84
2026-06-28, 18:18:04, 1067000000, 1068000000, 1000000.00, 1, -22.80, -22.80
2026-06-28, 18:18:04, 1068000000, 1069000000, 1000000.00, 1, -22.62, -22.62
2026-06-28, 18:18:04, 1069000000, 1070000000, 1000000.00, 1, -22.53, -22.53
2026-06-28, 18:18:04, 1070000000, 1071000000, 1000000.00, 1, -22.53, -22.53
2026-06-28, 18:18:04, 1071000000, 1072000000, 1000000.00, 1, -22.51, -22.51
2026-06-28, 18:18:04, 1072000000, 1073000000, 1000000.00, 1, -22.57, -22.57
2026-06-28, 18:18:04, 1073000000, 1074000000, 1000000.00, 1, -22.52, -22.52
2026-06-28, 18:18:04, 1074000000, 1075000000, 1000000.00, 1, -22.40, -22.40
2026-06-28, 18:18:04, 1075000000, 1076000000, 1000000.00, 1, -22.42, -22.42
2026-06-28, 18:18:04, 1076000000, 1077000000, 1000000.00, 1, -22.50, -22.50
2026-06-28, 18:18:04, 1077000000, 1078000000, 1000000.00, 1, -22.65, -22.65
2026-06-28, 18:18:04, 1078000000, 1079000000, 1000000.00, 1, -22.86, -22.86
2026-06-28, 18:18:04, 1079000000, 1080000000, 1000000.00, 1, -22.09, -22.09
2026-06-28, 18:18:04, 1080000000, 1081000000, 1000000.00, 1, -22.09, -22.09
2026-06-28, 18:18:04, 1081000000, 1082000000, 1000000.00, 1, -21.85, -21.85
2026-06-28, 18:18:04, 1082000000, 1083000000, 1000000.00, 1, -21.61, -21.61
2026-06-28, 18:18:04, 1083000000, 1084000000, 1000000.00, 1, -21.65, -21.65
2026-06-28, 18:18:04, 1084000000, 1085000000, 1000000.00, 1, -21.94, -21.94
2026-06-28, 18:18:04, 1085000000, 1086000000, 1000000.00, 1, -22.40, -22.40
2026-06-28, 18:18:04, 1086000000, 1087000000, 1000000.00, 1, -22.69, -22.69
2026-06-28, 18:18:04, 1087000000, 1088000000, 1000000.00, 1, -22.88, -22.88
2026-06-28, 18:18:04, 1088000000, 1089000000, 1000000.00, 1, -22.84, -22.84
2026-06-28, 18:18:04, 1089000000, 1090000000, 1000000.00, 1, -22.09, -22.09
2026-06-28, 18:18:04, 1090000000, 1091000000, 1000000.00, 1, -15.25, -15.25
2026-06-28, 18:18:04, 1091000000, 1092000000, 1000000.00, 1, -21.78, -21.78
2026-06-28, 18:18:04, 1092000000, 1093000000, 1000000.00, 1, -21.91, -21.91
2026-06-28, 18:18:04, 1093000000, 1094000000, 1000000.00, 1, -22.00, -22.00
2026-06-28, 18:18:04, 1094000000, 1095000000, 1000000.00, 1, -21.19, -21.19
2026-06-28, 18:18:04, 1095000000, 1096000000, 1000000.00, 1, -22.14, -22.14
2026-06-28, 18:18:04, 1096000000, 1097000000, 1000000.00, 1, -21.97, -21.97
2026-06-28, 18:18:04, 1097000000, 1098000000, 1000000.00, 1, -21.22, -21.22
2026-06-28, 18:18:04, 1098000000, 1099000000, 1000000.00, 1, -21.61, -21.61
2026-06-28, 18:18:04, 1099000000, 1100000000, 1000000.00, 1, -21.66, -21.66
2026-06-28, 18:18:04, 1100000000, 1101000000, 1000000.00, 1, -22.00, -22.00
2026-06-28, 18:18:04, 1101000000, 1102000000, 1000000.00, 1, -22.00, -22.00
2026-06-28, 18:18:04, 1102000000, 1103000000, 1000000.00, 1, -22.20, -22.20
2026-06-28, 18:18:04, 1103000000, 1104000000, 1000000.00, 1, -22.32, -22.32
2026-06-28, 18:18:04, 1104000000, 1105000000, 1000000.00, 1, -22.34, -22.34
2026-06-28, 18:18:04, 1105000000, 1106000000, 1000000.00, 1, -22.40, -22.40
2026-06-28, 18:18:04, 1106000000, 1107000000, 1000000.00, 1, -22.54, -22.54
2026-06-28, 18:18:04, 1107000000, 1108000000, 1000000.00, 1, -22.66, -22.66
2026-06-28, 18:18:04, 1108000000, 1109000000, 1000000.00, 1, -22.37, -22.37
2026-06-28, 18:18:04, 1109000000, 1110000000, 1000000.00, 1, -22.51, -22.51
2026-06-28, 18:18:04, 1110000000, 1111000000, 1000000.00, 1, -22.53, -22.53
2026-06-28, 18:18:04, 1111000000, 1112000000, 1000000.00, 1, -22.56, -22.56
2026-06-28, 18:18:04, 1112000000, 1113000000, 1000000.00, 1, -22.83, -22.83
2026-06-28, 18:18:04, 1113000000, 1114000000, 1000000.00, 1, -23.12, -23.12
2026-06-28, 18:18:04, 1114000000, 1115000000, 1000000.00, 1, -23.39, -23.39
2026-06-28, 18:18:04, 1115000000, 1116000000, 1000000.00, 1, -23.49, -23.49
2026-06-28, 18:18:04, 1116000000, 1117000000, 1000000.00, 1, -23.65, -23.65
2026-06-28, 18:18:04, 1117000000, 1118000000, 1000000.00, 1, -23.62, -23.62
2026-06-28, 18:18:04, 1118000000, 1119000000, 1000000.00, 1, -23.68, -23.68
2026-06-28, 18:18:04, 1119000000, 1120000000, 1000000.00, 1, -23.62, -23.62
2026-06-28, 18:18:04, 1120000000, 1121000000, 1000000.00, 1, -23.66, -23.66
2026-06-28, 18:18:04, 1121000000, 1122000000, 1000000.00, 1, -23.67, -23.67
2026-06-28, 18:18:04, 1122000000, 1123000000, 1000000.00, 1, -23.62, -23.62
2026-06-28, 18:18:04, 1123000000, 1124000000, 1000000.00, 1, -23.09, -23.09
2026-06-28, 18:18:04, 1124000000, 1125000000, 1000000.00, 1, -23.71, -23.71
2026-06-28, 18:18:04, 1125000000, 1126000000, 1000000.00, 1, -23.73, -23.73
2026-06-28, 18:18:04, 1126000000, 1127000000, 1000000.00, 1, -23.70, -23.70
2026-06-28, 18:18:04, 1127000000, 1128000000, 1000000.00, 1, -23.64, -23.64
2026-06-28, 18:18:04, 1128000000, 1129000000, 1000000.00, 1, -23.63, -23.63
2026-06-28, 18:18:04, 1129000000, 1130000000, 1000000.00, 1, -23.64, -23.64
2026-06-28, 18:18:04, 1130000000, 1131000000, 1000000.00, 1, -23.73, -23.73
2026-06-28, 18:18:04, 1131000000, 1132000000, 1000000.00, 1, -23.72, -23.72
2026-06-28, 18:18:04, 1132000000, 1133000000, 1000000.00, 1, -23.69, -23.69
2026-06-28, 18:18:04, 1133000000, 1134000000, 1000000.00, 1, -23.68, -23.68
2026-06-28, 18:18:04, 1134000000, 1135000000, 1000000.00, 1, -23.68, -23.68
2026-06-28, 18:18:04, 1135000000, 1136000000, 1000000.00, 1, -23.60, -23.60
2026-06-28, 18:18:04, 1136000000, 1137000000, 1000000.00, 1, -23.66, -23.66
2026-06-28, 18:18:04, 1137000000, 1138000000, 1000000.00, 1, -23.62, -23.62
2026-06-28, 18:18:04, 1138000000, 1139000000, 1000000.00, 1, -23.70, -23.70
2026-06-28, 18:18:04, 1139000000, 1140000000, 1000000.00, 1, -23.64, -23.64
2026-06-28, 18:18:04, 1140000000, 1141000000, 1000000.00, 1, -23.66, -23.66
2026-06-28, 18:18:04, 1141000000, 1142000000, 1000000.00, 1, -23.60, -23.60
2026-06-28, 18:18:04, 1142000000, 1143000000, 1000000.00, 1, -23.65, -23.65
2026-06-28, 18:18:04, 1143000000, 1144000000, 1000000.00, 1, -23.68, -23.68
2026-06-28, 18:18:04, 1144000000, 1145000000, 1000000.00, 1, -23.66, -23.66
2026-06-28, 18:18:04, 1145000000, 1146000000, 1000000.00, 1, -23.78, -23.78
2026-06-28, 18:18:04, 1146000000, 1147000000, 1000000.00, 1, -23.70, -23.70
2026-06-28, 18:18:04, 1147000000, 1148000000, 1000000.00, 1, -23.74, -23.74
2026-06-28, 18:18:04, 1148000000, 1149000000, 1000000.00, 1, -23.66, -23.66
2026-06-28, 18:18:04, 1149000000, 1150000000, 1000000.00, 1, -23.65, -23.65
2026-06-28, 18:18:04, 1150000000, 1151000000, 1000000.00, 1, -23.66, -23.66
2026-06-28, 18:18:04, 1151000000, 1152000000, 1000000.00, 1, -23.64, -23.64
2026-06-28, 18:18:04, 1152000000, 1153000000, 1000000.00, 1, -23.60, -23.60
2026-06-28, 18:18:04, 1153000000, 1154000000, 1000000.00, 1, -23.62, -23.62
2026-06-28, 18:18:04, 1154000000, 1155000000, 1000000.00, 1, -23.62, -23.62
2026-06-28, 18:18:04, 1155000000, 1156000000, 1000000.00, 1, -23.70, -23.70
2026-06-28, 18:18:04, 1156000000, 1157000000, 1000000.00, 1, -23.60, -23.60
2026-06-28, 18:18:04, 1157000000, 1158000000, 1000000.00, 1, -23.60, -23.60
2026-06-28, 18:18:04, 1158000000, 1159000000, 1000000.00, 1, -23.65, -23.65
2026-06-28, 18:18:04, 1159000000, 1160000000, 1000000.00, 1, -23.66, -23.66
2026-06-28, 18:18:04, 1160000000, 1161000000, 1000000.00, 1, -23.61, -23.61
2026-06-28, 18:18:04, 1161000000, 1162000000, 1000000.00, 1, -23.60, -23.60
2026-06-28, 18:18:04, 1162000000, 1163000000, 1000000.00, 1, -23.66, -23.66
2026-06-28, 18:18:04, 1163000000, 1164000000, 1000000.00, 1, -23.55, -23.55
2026-06-28, 18:18:04, 1164000000, 1165000000, 1000000.00, 1, -23.52, -23.52
2026-06-28, 18:18:04, 1165000000, 1166000000, 1000000.00, 1, -23.46, -23.46
2026-06-28, 18:18:04, 1166000000, 1167000000, 1000000.00, 1, -23.46, -23.46
2026-06-28, 18:18:04, 1167000000, 1168000000, 1000000.00, 1, -23.50, -23.50
2026-06-28, 18:18:04, 1168000000, 1169000000, 1000000.00, 1, -23.58, -23.58
2026-06-28, 18:18:04, 1169000000, 1170000000, 1000000.00, 1, -23.59, -23.59
2026-06-28, 18:18:04, 1170000000, 1171000000, 1000000.00, 1, -23.59, -23.59
2026-06-28, 18:18:04, 1171000000, 1172000000, 1000000.00, 1, -23.41, -23.41
2026-06-28, 18:18:04, 1172000000, 1173000000, 1000000.00, 1, -23.36, -23.36
2026-06-28, 18:18:04, 1173000000, 1174000000, 1000000.00, 1, -23.47, -23.47
2026-06-28, 18:18:04, 1174000000, 1175000000, 1000000.00, 1, -23.41, -23.41
2026-06-28, 18:18:04, 1175000000, 1176000000, 1000000.00, 1, -23.47, -23.47
2026-06-28, 18:18:04, 1176000000, 1177000000, 1000000.00, 1, -23.50, -23.50
2026-06-28, 18:18:04, 1177000000, 1178000000, 1000000.00, 1, -23.51, -23.51
2026-06-28, 18:18:04, 1178000000, 1179000000, 1000000.00, 1, -23.38, -23.38
2026-06-28, 18:18:04, 1179000000, 1180000000, 1000000.00, 1, -23.42, -23.42
2026-06-28, 18:18:04, 1180000000, 1181000000, 1000000.00, 1, -23.17, -23.17
2026-06-28, 18:18:04, 1181000000, 1182000000, 1000000.00, 1, -23.36, -23.36
2026-06-28, 18:18:04, 1182000000, 1183000000, 1000000.00, 1, -23.36, -23.36
2026-06-28, 18:18:04, 1183000000, 1184000000, 1000000.00, 1, -23.38, -23.38
2026-06-28, 18:18:04, 1184000000, 1185000000, 1000000.00, 1, -23.36, -23.36
2026-06-28, 18:18:04, 1185000000, 1186000000, 1000000.00, 1, -23.41, -23.41
2026-06-28, 18:18:04, 1186000000, 1187000000, 1000000.00, 1, -23.28, -23.28
2026-06-28, 18:18:04, 1187000000, 1188000000, 1000000.00, 1, -23.25, -23.25
2026-06-28, 18:18:04, 1188000000, 1189000000, 1000000.00, 1, -23.20, -23.20
2026-06-28, 18:18:04, 1189000000, 1190000000, 1000000.00, 1, -23.09, -23.09
2026-06-28, 18:18:04, 1190000000, 1191000000, 1000000.00, 1, -23.15, -23.15
2026-06-28, 18:18:04, 1191000000, 1192000000, 1000000.00, 1, -23.02, -23.02
2026-06-28, 18:18:04, 1192000000, 1193000000, 1000000.00, 1, -22.98, -22.98
2026-06-28, 18:18:04, 1193000000, 1194000000, 1000000.00, 1, -22.90, -22.90
2026-06-28, 18:18:04, 1194000000, 1195000000, 1000000.00, 1, -22.76, -22.76
2026-06-28, 18:18:04, 1195000000, 1196000000, 1000000.00, 1, -22.44, -22.44
2026-06-28, 18:18:04, 1196000000, 1197000000, 1000000.00, 1, -22.61, -22.61
2026-06-28, 18:18:04, 1197000000, 1198000000, 1000000.00, 1, -22.68, -22.68
2026-06-28, 18:18:04, 1198000000, 1199000000, 1000000.00, 1, -21.79, -21.79
2026-06-28, 18:18:04, 1199000000, 1200000000, 1000000.00, 1, -22.66, -22.66
2026-06-28, 18:18:04, 1200000000, 1201000000, 1000000.00, 1, -22.70, -22.70
2026-06-28, 18:18:04, 1201000000, 1202000000, 1000000.00, 1, -22.71, -22.71
2026-06-28, 18:18:04, 1202000000, 1203000000, 1000000.00, 1, -22.71, -22.71
2026-06-28, 18:18:04, 1203000000, 1204000000, 1000000.00, 1, -22.57, -22.57
2026-06-28, 18:18:04, 1204000000, 1205000000, 1000000.00, 1, -22.61, -22.61
2026-06-28, 18:18:04, 1205000000, 1206000000, 1000000.00, 1, -22.60, -22.60
2026-06-28, 18:18:04, 1206000000, 1207000000, 1000000.00, 1, -22.63, -22.63
2026-06-28, 18:18:04, 1207000000, 1208000000, 1000000.00, 1, -22.53, -22.53
2026-06-28, 18:18:04, 1208000000, 1209000000, 1000000.00, 1, -22.53, -22.53
2026-06-28, 18:18:04, 1209000000, 1210000000, 1000000.00, 1, -22.40, -22.40
2026-06-28, 18:18:04, 1210000000, 1211000000, 1000000.00, 1, -22.38, -22.38
2026-06-28, 18:18:04, 1211000000, 1212000000, 1000000.00, 1, -22.37, -22.37
2026-06-28, 18:18:04, 1212000000, 1213000000, 1000000.00, 1, -22.31, -22.31
2026-06-28, 18:18:04, 1213000000, 1214000000, 1000000.00, 1, -22.28, -22.28
2026-06-28, 18:18:04, 1214000000, 1215000000, 1000000.00, 1, -22.31, -22.31
2026-06-28, 18:18:15, 960000000, 961000000, 1000000.00, 1, -23.10, -23.10
2026-06-28, 18:18:15, 961000000, 962000000, 1000000.00, 1, -23.06, -23.06
2026-06-28, 18:18:15, 962000000, 963000000, 1000000.00, 1, -23.06, -23.06
2026-06-28, 18:18:15, 963000000, 964000000, 1000000.00, 1, -23.12, -23.12
2026-06-28, 18:18:15, 964000000, 965000000, 1000000.00, 1, -22.87, -22.87
2026-06-28, 18:18:15, 965000000, 966000000, 1000000.00, 1, -23.20, -23.20
2026-06-28, 18:18:15, 966000000, 967000000, 1000000.00, 1, -23.21, -23.21
2026-06-28, 18:18:15, 967000000, 968000000, 1000000.00, 1, -23.16, -23.16
2026-06-28, 18:18:15, 968000000, 969000000, 1000000.00, 1, -23.13, -23.13
2026-06-28, 18:18:15, 969000000, 970000000, 1000000.00, 1, -23.13, -23.13
2026-06-28, 18:18:15, 970000000, 971000000, 1000000.00, 1, -23.13, -23.13
2026-06-28, 18:18:15, 971000000, 972000000, 1000000.00, 1, -23.12, -23.12
2026-06-28, 18:18:15, 972000000, 973000000, 1000000.00, 1, -23.15, -23.15
2026-06-28, 18:18:15, 973000000, 974000000, 1000000.00, 1, -23.18, -23.18
2026-06-28, 18:18:15, 974000000, 975000000, 1000000.00, 1, -23.12, -23.12
2026-06-28, 18:18:15, 975000000, 976000000, 1000000.00, 1, -23.13, -23.13
2026-06-28, 18:18:15, 976000000, 977000000, 1000000.00, 1, -23.23, -23.23
2026-06-28, 18:18:15, 977000000, 978000000, 1000000.00, 1, -23.12, -23.12
2026-06-28, 18:18:15, 978000000, 979000000, 1000000.00, 1, -23.19, -23.19
2026-06-28, 18:18:15, 979000000, 980000000, 1000000.00, 1, -22.28, -22.28
2026-06-28, 18:18:15, 980000000, 981000000, 1000000.00, 1, -23.13, -23.13
2026-06-28, 18:18:15, 981000000, 982000000, 1000000.00, 1, -23.14, -23.14
2026-06-28, 18:18:15, 982000000, 983000000, 1000000.00, 1, -23.19, -23.19
2026-06-28, 18:18:15, 983000000, 984000000, 1000000.00, 1, -23.10, -23.10
2026-06-28, 18:18:15, 984000000, 985000000, 1000000.00, 1, -23.14, -23.14
2026-06-28, 18:18:15, 985000000, 986000000, 1000000.00, 1, -23.12, -23.12
2026-06-28, 18:18:15, 986000000, 987000000, 1000000.00, 1, -23.14, -23.14
2026-06-28, 18:18:15, 987000000, 988000000, 1000000.00, 1, -23.14, -23.14
2026-06-28, 18:18:15, 988000000, 989000000, 1000000.00, 1, -23.21, -23.21
2026-06-28, 18:18:15, 989000000, 990000000, 1000000.00, 1, -23.14, -23.14
2026-06-28, 18:18:15, 990000000, 991000000, 1000000.00, 1, -23.16, -23.16
2026-06-28, 18:18:15, 991000000, 992000000, 1000000.00, 1, -23.18, -23.18
2026-06-28, 18:18:15, 992000000, 993000000, 1000000.00, 1, -23.14, -23.14
2026-06-28, 18:18:15, 993000000, 994000000, 1000000.00, 1, -22.86, -22.86
2026-06-28, 18:18:15, 994000000, 995000000, 1000000.00, 1, -23.19, -23.19
2026-06-28, 18:18:15, 995000000, 996000000, 1000000.00, 1, -23.17, -23.17
2026-06-28, 18:18:15, 996000000, 997000000, 1000000.00, 1, -23.21, -23.21
2026-06-28, 18:18:15, 997000000, 998000000, 1000000.00, 1, -23.13, -23.13
2026-06-28, 18:18:15, 998000000, 999000000, 1000000.00, 1, -22.77, -22.77
2026-06-28, 18:18:15, 999000000, 1000000000, 1000000.00, 1, -22.52, -22.52
2026-06-28, 18:18:15, 1000000000, 1001000000, 1000000.00, 1, -23.03, -23.03
2026-06-28, 18:18:15, 1001000000, 1002000000, 1000000.00, 1, -23.14, -23.14
2026-06-28, 18:18:15, 1002000000, 1003000000, 1000000.00, 1, -23.20, -23.20
2026-06-28, 18:18:15, 1003000000, 1004000000, 1000000.00, 1, -23.07, -23.07
2026-06-28, 18:18:15, 1004000000, 1005000000, 1000000.00, 1, -23.10, -23.10
2026-06-28, 18:18:15, 1005000000, 1006000000, 1000000.00, 1, -23.01, -23.01
2026-06-28, 18:18:15, 1006000000, 1007000000, 1000000.00, 1, -23.03, -23.03
2026-06-28, 18:18:15, 1007000000, 1008000000, 1000000.00, 1, -22.64, -22.64
2026-06-28, 18:18:15, 1008000000, 1009000000, 1000000.00, 1, -22.61, -22.61
2026-06-28, 18:18:15, 1009000000, 1010000000, 1000000.00, 1, -22.92, -22.92
2026-06-28, 18:18:15, 1010000000, 1011000000, 1000000.00, 1, -22.81, -22.81
2026-06-28, 18:18:15, 1011000000, 1012000000, 1000000.00, 1, -22.82, -22.82
2026-06-28, 18:18:15, 1012000000, 1013000000, 1000000.00, 1, -22.64, -22.64
2026-06-28, 18:18:15, 1013000000, 1014000000, 1000000.00, 1, -22.51, -22.51
2026-06-28, 18:18:15, 1014000000, 1015000000, 1000000.00, 1, -22.39, -22.39
2026-06-28, 18:18:15, 1015000000, 1016000000, 1000000.00, 1, -22.37, -22.37
2026-06-28, 18:18:15, 1016000000, 1017000000, 1000000.00, 1, -22.23, -22.23
2026-06-28, 18:18:15, 1017000000, 1018000000, 1000000.00, 1, -22.03, -22.03
2026-06-28, 18:18:15, 1018000000, 1019000000, 1000000.00, 1, -21.89, -21.89
2026-06-28, 18:18:15, 1019000000, 1020000000, 1000000.00, 1, -21.59, -21.59
2026-06-28, 18:18:15, 1020000000, 1021000000, 1000000.00, 1, -21.42, -21.42
2026-06-28, 18:18:15, 1021000000, 1022000000, 1000000.00, 1, -21.33, -21.33
2026-06-28, 18:18:15, 1022000000, 1023000000, 1000000.00, 1, -20.06, -20.06
2026-06-28, 18:18:15, 1023000000, 1024000000, 1000000.00, 1, -21.32, -21.32
2026-06-28, 18:18:15, 1024000000, 1025000000, 1000000.00, 1, -21.38, -21.38
2026-06-28, 18:18:15, 1025000000, 1026000000, 1000000.00, 1, -21.60, -21.60
2026-06-28, 18:18:15, 1026000000, 1027000000, 1000000.00, 1, -21.86, -21.86
2026-06-28, 18:18:15, 1027000000, 1028000000, 1000000.00, 1, -22.03, -22.03
2026-06-28, 18:18:15, 1028000000, 1029000000, 1000000.00, 1, -22.15, -22.15
2026-06-28, 18:18:15, 1029000000, 1030000000, 1000000.00, 1, -22.27, -22.27
2026-06-28, 18:18:15, 1030000000, 1031000000, 1000000.00, 1, -22.46, -22.46
2026-06-28, 18:18:15, 1031000000, 1032000000, 1000000.00, 1, -22.51, -22.51
2026-06-28, 18:18:15, 1032000000, 1033000000, 1000000.00, 1, -22.62, -22.62
2026-06-28, 18:18:15, 1033000000, 1034000000, 1000000.00, 1, -22.78, -22.78
2026-06-28, 18:18:15, 1034000000, 1035000000, 1000000.00, 1, -22.76, -22.76
2026-06-28, 18:18:15, 1035000000, 1036000000, 1000000.00, 1, -22.79, -22.79
2026-06-28, 18:18:15, 1036000000, 1037000000, 1000000.00, 1, -22.55, -22.55
2026-06-28, 18:18:15, 1037000000, 1038000000, 1000000.00, 1, -22.88, -22.88
2026-06-28, 18:18:15, 1038000000, 1039000000, 1000000.00, 1, -22.98, -22.98
2026-06-28, 18:18:15, 1039000000, 1040000000, 1000000.00, 1, -22.97, -22.97
2026-06-28, 18:18:15, 1040000000, 1041000000, 1000000.00, 1, -22.98, -22.98
2026-06-28, 18:18:15, 1041000000, 1042000000, 1000000.00, 1, -22.96, -22.96
2026-06-28, 18:18:15, 1042000000, 1043000000, 1000000.00, 1, -22.95, -22.95
2026-06-28, 18:18:15, 1043000000, 1044000000, 1000000.00, 1, -23.01, -23.01
2026-06-28, 18:18:15, 1044000000, 1045000000, 1000000.00, 1, -23.07, -23.07
2026-06-28, 18:18:15, 1045000000, 1046000000, 1000000.00, 1, -23.09, -23.09
2026-06-28, 18:18:15, 1046000000, 1047000000, 1000000.00, 1, -23.07, -23.07
2026-06-28, 18:18:15, 1047000000, 1048000000, 1000000.00, 1, -23.08, -23.08
2026-06-28, 18:18:15, 1048000000, 1049000000, 1000000.00, 1, -22.87, -22.87
2026-06-28, 18:18:15, 1049000000, 1050000000, 1000000.00, 1, -23.10, -23.10
2026-06-28, 18:18:15, 1050000000, 1051000000, 1000000.00, 1, -23.03, -23.03
2026-06-28, 18:18:15, 1051000000, 1052000000, 1000000.00, 1, -23.01, -23.01
2026-06-28, 18:18:15, 1052000000, 1053000000, 1000000.00, 1, -23.12, -23.12
2026-06-28, 18:18:15, 1053000000, 1054000000, 1000000.00, 1, -23.14, -23.14
2026-06-28, 18:18:15, 1054000000, 1055000000, 1000000.00, 1, -23.07, -23.07
2026-06-28, 18:18:15, 1055000000, 1056000000, 1000000.00, 1, -23.16, -23.16
2026-06-28, 18:18:15, 1056000000, 1057000000, 1000000.00, 1, -23.21, -23.21
2026-06-28, 18:18:15, 1057000000, 1058000000, 1000000.00, 1, -23.24, -23.24
2026-06-28, 18:18:15, 1058000000, 1059000000, 1000000.00, 1, -23.24, -23.24
2026-06-28, 18:18:15, 1059000000, 1060000000, 1000000.00, 1, -23.21, -23.21
2026-06-28, 18:18:15, 1060000000, 1061000000, 1000000.00, 1, -23.21, -23.21
2026-06-28, 18:18:15, 1061000000, 1062000000, 1000000.00, 1, -23.21, -23.21
2026-06-28, 18:18:15, 1062000000, 1063000000, 1000000.00, 1, -23.18, -23.18
2026-06-28, 18:18:15, 1063000000, 1064000000, 1000000.00, 1, -23.16, -23.16
2026-06-28, 18:18:15, 1064000000, 1065000000, 1000000.00, 1, -23.14, -23.14
2026-06-28, 18:18:15, 1065000000, 1066000000, 1000000.00, 1, -23.08, -23.08
2026-06-28, 18:18:15, 1066000000, 1067000000, 1000000.00, 1, -22.91, -22.91
2026-06-28, 18:18:15, 1067000000, 1068000000, 1000000.00, 1, -22.80, -22.80
2026-06-28, 18:18:15, 1068000000, 1069000000, 1000000.00, 1, -22.63, -22.63
2026-06-28, 18:18:15, 1069000000, 1070000000, 1000000.00, 1, -22.55, -22.55
2026-06-28, 18:18:15, 1070000000, 1071000000, 1000000.00, 1, -22.57, -22.57
2026-06-28, 18:18:15, 1071000000, 1072000000, 1000000.00, 1, -22.59, -22.59
2026-06-28, 18:18:15, 1072000000, 1073000000, 1000000.00, 1, -22.55, -22.55
2026-06-28, 18:18:15, 1073000000, 1074000000, 1000000.00, 1, -22.58, -22.58
2026-06-28, 18:18:15, 1074000000, 1075000000, 1000000.00, 1, -22.36, -22.36
2026-06-28, 18:18:15, 1075000000, 1076000000, 1000000.00, 1, -22.35, -22.35
2026-06-28, 18:18:15, 1076000000, 1077000000, 1000000.00, 1, -22.39, -22.39
2026-06-28, 18:18:15, 1077000000, 1078000000, 1000000.00, 1, -22.58, -22.58
2026-06-28, 18:18:15, 1078000000, 1079000000, 1000000.00, 1, -22.77, -22.77
2026-06-28, 18:18:15, 1079000000, 1080000000, 1000000.00, 1, -22.00, -22.00
2026-06-28, 18:18:15, 1080000000, 1081000000, 1000000.00, 1, -22.12, -22.12
2026-06-28, 18:18:15, 1081000000, 1082000000, 1000000.00, 1, -21.78, -21.78
2026-06-28, 18:18:15, 1082000000, 1083000000, 1000000.00, 1, -21.59, -21.59
2026-06-28, 18:18:15, 1083000000, 1084000000, 1000000.00, 1, -21.52, -21.52
2026-06-28, 18:18:15, 1084000000, 1085000000, 1000000.00, 1, -21.91, -21.91
2026-06-28, 18:18:15, 1085000000, 1086000000, 1000000.00, 1, -22.47, -22.47
2026-06-28, 18:18:15, 1086000000, 1087000000, 1000000.00, 1, -22.76, -22.76
2026-06-28, 18:18:15, 1087000000, 1088000000, 1000000.00, 1, -22.91, -22.91
2026-06-28, 18:18:15, 1088000000, 1089000000, 1000000.00, 1, -22.35, -22.35
2026-06-28, 18:18:15, 1089000000, 1090000000, 1000000.00, 1, -21.42, -21.42
2026-06-28, 18:18:15, 1090000000, 1091000000, 1000000.00, 1, -21.37, -21.37
2026-06-28, 18:18:15, 1091000000, 1092000000, 1000000.00, 1, -21.70, -21.70
2026-06-28, 18:18:15, 1092000000, 1093000000, 1000000.00, 1, -21.91, -21.91
2026-06-28, 18:18:15, 1093000000, 1094000000, 1000000.00, 1, -22.06, -22.06
2026-06-28, 18:18:15, 1094000000, 1095000000, 1000000.00, 1, -21.56, -21.56
2026-06-28, 18:18:15, 1095000000, 1096000000, 1000000.00, 1, -21.99, -21.99
2026-06-28, 18:18:15, 1096000000, 1097000000, 1000000.00, 1, -21.87, -21.87
2026-06-28, 18:18:15, 1097000000, 1098000000, 1000000.00, 1, -21.68, -21.68
2026-06-28, 18:18:15, 1098000000, 1099000000, 1000000.00, 1, -21.59, -21.59
2026-06-28, 18:18:15, 1099000000, 1100000000, 1000000.00, 1, -21.49, -21.49
2026-06-28, 18:18:15, 1100000000, 1101000000, 1000000.00, 1, -21.88, -21.88
2026-06-28, 18:18:15, 1101000000, 1102000000, 1000000.00, 1, -22.12, -22.12
2026-06-28, 18:18:15, 1102000000, 1103000000, 1000000.00, 1, -22.10, -22.10
2026-06-28, 18:18:15, 1103000000, 1104000000, 1000000.00, 1, -22.34, -22.34
2026-06-28, 18:18:15, 1104000000, 1105000000, 1000000.00, 1, -22.40, -22.40
2026-06-28, 18:18:15, 1105000000, 1106000000, 1000000.00, 1, -22.39, -22.39
2026-06-28, 18:18:15, 1106000000, 1107000000, 1000000.00, 1, -22.56, -22.56
2026-06-28, 18:18:15, 1107000000, 1108000000, 1000000.00, 1, -22.63, -22.63
2026-06-28, 18:18:15, 1108000000, 1109000000, 1000000.00, 1, -22.36, -22.36
2026-06-28, 18:18:15, 1109000000, 1110000000, 1000000.00, 1, -22.45, -22.45
2026-06-28, 18:18:15, 1110000000, 1111000000, 1000000.00, 1, -22.45, -22.45
2026-06-28, 18:18:15, 1111000000, 1112000000, 1000000.00, 1, -22.60, -22.60
2026-06-28, 18:18:15, 1112000000, 1113000000, 1000000.00, 1, -22.85, -22.85
2026-06-28, 18:18:15, 1113000000, 1114000000, 1000000.00, 1, -23.11, -23.11
2026-06-28, 18:18:15, 1114000000, 1115000000, 1000000.00, 1, -23.41, -23.41
2026-06-28, 18:18:15, 1115000000, 1116000000, 1000000.00, 1, -23.48, -23.48
2026-06-28, 18:18:15, 1116000000, 1117000000, 1000000.00, 1, -23.58, -23.58
2026-06-28, 18:18:15, 1117000000, 1118000000, 1000000.00, 1, -23.63, -23.63
2026-06-28, 18:18:15, 1118000000, 1119000000, 1000000.00, 1, -23.69, -23.69
2026-06-28, 18:18:15, 1119000000, 1120000000, 1000000.00, 1, -23.62, -23.62
2026-06-28, 18:18:15, 1120000000, 1121000000, 1000000.00, 1, -23.70, -23.70
2026-06-28, 18:18:15, 1121000000, 1122000000, 1000000.00, 1, -23.68, -23.68
2026-06-28, 18:18:15, 1122000000, 1123000000, 1000000.00, 1, -23.64, -23.64
2026-06-28, 18:18:15, 1123000000, 1124000000, 1000000.00, 1, -23.05, -23.05
2026-06-28, 18:18:15, 1124000000, 1125000000, 1000000.00, 1, -23.63, -23.63
2026-06-28, 18:18:15, 1125000000, 1126000000, 1000000.00, 1, -23.67, -23.67
2026-06-28, 18:18:15, 1126000000, 1127000000, 1000000.00, 1, -23.66, -23.66
2026-06-28, 18:18:15, 1127000000, 1128000000, 1000000.00, 1, -23.60, -23.60
2026-06-28, 18:18:15, 1128000000, 1129000000, 1000000.00, 1, -23.67, -23.67
2026-06-28, 18:18:15, 1129000000, 1130000000, 1000000.00, 1, -23.65, -23.65
2026-06-28, 18:18:15, 1130000000, 1131000000, 1000000.00, 1, -23.66, -23.66
2026-06-28, 18:18:15, 1131000000, 1132000000, 1000000.00, 1, -23.67, -23.67
2026-06-28, 18:18:15, 1132000000, 1133000000, 1000000.00, 1, -23.71, -23.71
2026-06-28, 18:18:15, 1133000000, 1134000000, 1000000.00, 1, -23.68, -23.68
2026-06-28, 18:18:15, 1134000000, 1135000000, 1000000.00, 1, -23.66, -23.66
2026-06-28, 18:18:15, 1135000000, 1136000000, 1000000.00, 1, -23.62, -23.62
2026-06-28, 18:18:15, 1136000000, 1137000000, 1000000.00, 1, -23.68, -23.68
2026-06-28, 18:18:15, 1137000000, 1138000000, 1000000.00, 1, -23.59, -23.59
2026-06-28, 18:18:15, 1138000000, 1139000000, 1000000.00, 1, -23.66, -23.66
2026-06-28, 18:18:15, 1139000000, 1140000000, 1000000.00, 1, -23.66, -23.66
2026-06-28, 18:18:15, 1140000000, 1141000000, 1000000.00, 1, -23.61, -23.61
2026-06-28, 18:18:15, 1141000000, 1142000000, 1000000.00, 1, -23.71, -23.71
2026-06-28, 18:18:15, 1142000000, 1143000000, 1000000.00, 1, -23.67, -23.67
2026-06-28, 18:18:15, 1143000000, 1144000000, 1000000.00, 1, -23.68, -23.68
2026-06-28, 18:18:15, 1144000000, 1145000000, 1000000.00, 1, -23.64, -23.64
2026-06-28, 18:18:15, 1145000000, 1146000000, 1000000.00, 1, -23.68, -23.68
2026-06-28, 18:18:15, 1146000000, 1147000000, 1000000.00, 1, -23.66, -23.66
2026-06-28, 18:18:15, 1147000000, 1148000000, 1000000.00, 1, -23.67, -23.67
2026-06-28, 18:18:15, 1148000000, 1149000000, 1000000.00, 1, -23.71, -23.71
2026-06-28, 18:18:15, 1149000000, 1150000000, 1000000.00, 1, -23.68, -23.68
2026-06-28, 18:18:15, 1150000000, 1151000000, 1000000.00, 1, -23.66, -23.66
2026-06-28, 18:18:15, 1151000000, 1152000000, 1000000.00, 1, -23.68, -23.68
2026-06-28, 18:18:15, 1152000000, 1153000000, 1000000.00, 1, -23.56, -23.56
2026-06-28, 18:18:15, 1153000000, 1154000000, 1000000.00, 1, -23.61, -23.61
2026-06-28, 18:18:15, 1154000000, 1155000000, 1000000.00, 1, -23.55, -23.55
2026-06-28, 18:18:15, 1155000000, 1156000000, 1000000.00, 1, -23.67, -23.67
2026-06-28, 18:18:15, 1156000000, 1157000000, 1000000.00, 1, -23.63, -23.63
2026-06-28, 18:18:15, 1157000000, 1158000000, 1000000.00, 1, -23.57, -23.57
2026-06-28, 18:18:15, 1158000000, 1159000000, 1000000.00, 1, -23.64, -23.64
2026-06-28, 18:18:15, 1159000000, 1160000000, 1000000.00, 1, -23.66, -23.66
2026-06-28, 18:18:15, 1160000000, 1161000000, 1000000.00, 1, -23.61, -23.61
2026-06-28, 18:18:15, 1161000000, 1162000000, 1000000.00, 1, -23.63, -23.63
2026-06-28, 18:18:15, 1162000000, 1163000000, 1000000.00, 1, -23.60, -23.60
2026-06-28, 18:18:15, 1163000000, 1164000000, 1000000.00, 1, -23.57, -23.57
2026-06-28, 18:18:15, 1164000000, 1165000000, 1000000.00, 1, -23.45, -23.45
2026-06-28, 18:18:15, 1165000000, 1166000000, 1000000.00, 1, -23.42, -23.42
2026-06-28, 18:18:15, 1166000000, 1167000000, 1000000.00, 1, -23.48, -23.48
2026-06-28, 18:18:15, 1167000000, 1168000000, 1000000.00, 1, -23.55, -23.55
2026-06-28, 18:18:15, 1168000000, 1169000000, 1000000.00, 1, -23.54, -23.54
2026-06-28, 18:18:15, 1169000000, 1170000000, 1000000.00, 1, -23.55, -23.55
2026-06-28, 18:18:15, 1170000000, 1171000000, 1000000.00, 1, -23.51, -23.51
2026-06-28, 18:18:15, 1171000000, 1172000000, 1000000.00, 1, -23.37, -23.37
2026-06-28, 18:18:15, 1172000000, 1173000000, 1000000.00, 1, -23.42, -23.42
2026-06-28, 18:18:15, 1173000000, 1174000000, 1000000.00, 1, -23.41, -23.41
2026-06-28, 18:18:15, 1174000000, 1175000000, 1000000.00, 1, -23.40, -23.40
2026-06-28, 18:18:15, 1175000000, 1176000000, 1000000.00, 1, -23.40, -23.40
2026-06-28, 18:18:15, 1176000000, 1177000000, 1000000.00, 1, -23.49, -23.49
2026-06-28, 18:18:15, 1177000000, 1178000000, 1000000.00, 1, -23.49, -23.49
2026-06-28, 18:18:15, 1178000000, 1179000000, 1000000.00, 1, -23.45, -23.45
2026-06-28, 18:18:15, 1179000000, 1180000000, 1000000.00, 1, -23.39, -23.39
2026-06-28, 18:18:15, 1180000000, 1181000000, 1000000.00, 1, -23.22, -23.22
2026-06-28, 18:18:15, 1181000000, 1182000000, 1000000.00, 1, -23.39, -23.39
2026-06-28, 18:18:15, 1182000000, 1183000000, 1000000.00, 1, -23.40, -23.40
2026-06-28, 18:18:15, 1183000000, 1184000000, 1000000.00, 1, -23.41, -23.41
2026-06-28, 18:18:15, 1184000000, 1185000000, 1000000.00, 1, -23.39, -23.39
2026-06-28, 18:18:15, 1185000000, 1186000000, 1000000.00, 1, -23.38, -23.38
2026-06-28, 18:18:15, 1186000000, 1187000000, 1000000.00, 1, -23.25, -23.25
2026-06-28, 18:18:15, 1187000000, 1188000000, 1000000.00, 1, -23.23, -23.23
2026-06-28, 18:18:15, 1188000000, 1189000000, 1000000.00, 1, -23.19, -23.19
2026-06-28, 18:18:15, 1189000000, 1190000000, 1000000.00, 1, -23.12, -23.12
2026-06-28, 18:18:15, 1190000000, 1191000000, 1000000.00, 1, -23.15, -23.15
2026-06-28, 18:18:15, 1191000000, 1192000000, 1000000.00, 1, -23.05, -23.05
2026-06-28, 18:18:15, 1192000000, 1193000000, 1000000.00, 1, -23.03, -23.03
2026-06-28, 18:18:15, 1193000000, 1194000000, 1000000.00, 1, -22.88, -22.88
2026-06-28, 18:18:15, 1194000000, 1195000000, 1000000.00, 1, -22.75, -22.75
2026-06-28, 18:18:15, 1195000000, 1196000000, 1000000.00, 1, -22.42, -22.42
2026-06-28, 18:18:15, 1196000000, 1197000000, 1000000.00, 1, -22.76, -22.76
2026-06-28, 18:18:15, 1197000000, 1198000000, 1000000.00, 1, -22.62, -22.62
2026-06-28, 18:18:15, 1198000000, 1199000000, 1000000.00, 1, -21.77, -21.77
2026-06-28, 18:18:15, 1199000000, 1200000000, 1000000.00, 1, -22.70, -22.70
2026-06-28, 18:18:15, 1200000000, 1201000000, 1000000.00, 1, -22.67, -22.67
2026-06-28, 18:18:15, 1201000000, 1202000000, 1000000.00, 1, -22.66, -22.66
2026-06-28, 18:18:15, 1202000000, 1203000000, 1000000.00, 1, -22.60, -22.60
2026-06-28, 18:18:15, 1203000000, 1204000000, 1000000.00, 1, -22.61, -22.61
2026-06-28, 18:18:15, 1204000000, 1205000000, 1000000.00, 1, -22.59, -22.59
2026-06-28, 18:18:15, 1205000000, 1206000000, 1000000.00, 1, -22.55, -22.55
2026-06-28, 18:18:15, 1206000000, 1207000000, 1000000.00, 1, -22.58, -22.58
2026-06-28, 18:18:15, 1207000000, 1208000000, 1000000.00, 1, -22.63, -22.63
2026-06-28, 18:18:15, 1208000000, 1209000000, 1000000.00, 1, -22.44, -22.44
2026-06-28, 18:18:15, 1209000000, 1210000000, 1000000.00, 1, -22.34, -22.34
2026-06-28, 18:18:15, 1210000000, 1211000000, 1000000.00, 1, -22.44, -22.44
2026-06-28, 18:18:15, 1211000000, 1212000000, 1000000.00, 1, -22.34, -22.34
2026-06-28, 18:18:15, 1212000000, 1213000000, 1000000.00, 1, -22.25, -22.25
2026-06-28, 18:18:15, 1213000000, 1214000000, 1000000.00, 1, -22.31, -22.31
2026-06-28, 18:18:15, 1214000000, 1215000000, 1000000.00, 1, -22.19, -22.19
2026-06-28, 18:18:26, 960000000, 961000000, 1000000.00, 1, -23.13, -23.13
2026-06-28, 18:18:26, 961000000, 962000000, 1000000.00, 1, -23.06, -23.06
2026-06-28, 18:18:26, 962000000, 963000000, 1000000.00, 1, -23.10, -23.10
2026-06-28, 18:18:26, 963000000, 964000000, 1000000.00, 1, -23.12, -23.12
2026-06-28, 18:18:26, 964000000, 965000000, 1000000.00, 1, -22.97, -22.97
2026-06-28, 18:18:26, 965000000, 966000000, 1000000.00, 1, -23.17, -23.17
2026-06-28, 18:18:26, 966000000, 967000000, 1000000.00, 1, -23.17, -23.17
2026-06-28, 18:18:26, 967000000, 968000000, 1000000.00, 1, -23.07, -23.07
2026-06-28, 18:18:26, 968000000, 969000000, 1000000.00, 1, -23.13, -23.13
2026-06-28, 18:18:26, 969000000, 970000000, 1000000.00, 1, -23.02, -23.02
2026-06-28, 18:18:26, 970000000, 971000000, 1000000.00, 1, -23.16, -23.16
2026-06-28, 18:18:26, 971000000, 972000000, 1000000.00, 1, -23.09, -23.09
2026-06-28, 18:18:26, 972000000, 973000000, 1000000.00, 1, -23.13, -23.13
2026-06-28, 18:18:26, 973000000, 974000000, 1000000.00, 1, -23.16, -23.16
2026-06-28, 18:18:26, 974000000, 975000000, 1000000.00, 1, -23.17, -23.17
2026-06-28, 18:18:26, 975000000, 976000000, 1000000.00, 1, -23.18, -23.18
2026-06-28, 18:18:26, 976000000, 977000000, 1000000.00, 1, -23.14, -23.14
2026-06-28, 18:18:26, 977000000, 978000000, 1000000.00, 1, -23.21, -23.21
2026-06-28, 18:18:26, 978000000, 979000000, 1000000.00, 1, -23.14, -23.14
2026-06-28, 18:18:26, 979000000, 980000000, 1000000.00, 1, -22.32, -22.32
2026-06-28, 18:18:26, 980000000, 981000000, 1000000.00, 1, -23.22, -23.22
2026-06-28, 18:18:26, 981000000, 982000000, 1000000.00, 1, -23.19, -23.19
2026-06-28, 18:18:26, 982000000, 983000000, 1000000.00, 1, -23.18, -23.18
2026-06-28, 18:18:26, 983000000, 984000000, 1000000.00, 1, -23.17, -23.17
2026-06-28, 18:18:26, 984000000, 985000000, 1000000.00, 1, -23.14, -23.14
2026-06-28, 18:18:26, 985000000, 986000000, 1000000.00, 1, -23.17, -23.17
2026-06-28, 18:18:26, 986000000, 987000000, 1000000.00, 1, -23.21, -23.21
2026-06-28, 18:18:26, 987000000, 988000000, 1000000.00, 1, -23.17, -23.17
2026-06-28, 18:18:26, 988000000, 989000000, 1000000.00, 1, -23.16, -23.16
2026-06-28, 18:18:26, 989000000, 990000000, 1000000.00, 1, -23.18, -23.18
2026-06-28, 18:18:26, 990000000, 991000000, 1000000.00, 1, -23.17, -23.17
2026-06-28, 18:18:26, 991000000, 992000000, 1000000.00, 1, -23.16, -23.16
2026-06-28, 18:18:26, 992000000, 993000000, 1000000.00, 1, -23.18, -23.18
2026-06-28, 18:18:26, 993000000, 994000000, 1000000.00, 1, -22.80, -22.80
2026-06-28, 18:18:26, 994000000, 995000000, 1000000.00, 1, -23.17, -23.17
2026-06-28, 18:18:26, 995000000, 996000000, 1000000.00, 1, -23.28, -23.28
2026-06-28, 18:18:26, 996000000, 997000000, 1000000.00, 1, -23.17, -23.17
2026-06-28, 18:18:26, 997000000, 998000000, 1000000.00, 1, -23.10, -23.10
2026-06-28, 18:18:26, 998000000, 999000000, 1000000.00, 1, -22.73, -22.73
2026-06-28, 18:18:26, 999000000, 1000000000, 1000000.00, 1, -22.56, -22.56
2026-06-28, 18:18:26, 1000000000, 1001000000, 1000000.00, 1, -23.12, -23.12
2026-06-28, 18:18:26, 1001000000, 1002000000, 1000000.00, 1, -23.07, -23.07
2026-06-28, 18:18:26, 1002000000, 1003000000, 1000000.00, 1, -23.13, -23.13
2026-06-28, 18:18:26, 1003000000, 1004000000, 1000000.00, 1, -23.08, -23.08
2026-06-28, 18:18:26, 1004000000, 1005000000, 1000000.00, 1, -23.06, -23.06
2026-06-28, 18:18:26, 1005000000, 1006000000, 1000000.00, 1, -23.11, -23.11
2026-06-28, 18:18:26, 1006000000, 1007000000, 1000000.00, 1, -23.06, -23.06
2026-06-28, 18:18:26, 1007000000, 1008000000, 1000000.00, 1, -22.77, -22.77
2026-06-28, 18:18:26, 1008000000, 1009000000, 1000000.00, 1, -22.60, -22.60
2026-06-28, 18:18:26, 1009000000, 1010000000, 1000000.00, 1, -22.88, -22.88
2026-06-28, 18:18:26, 1010000000, 1011000000, 1000000.00, 1, -22.87, -22.87
2026-06-28, 18:18:26, 1011000000, 1012000000, 1000000.00, 1, -22.87, -22.87
2026-06-28, 18:18:26, 1012000000, 1013000000, 1000000.00, 1, -22.73, -22.73
2026-06-28, 18:18:26, 1013000000, 1014000000, 1000000.00, 1, -22.63, -22.63
2026-06-28, 18:18:26, 1014000000, 1015000000, 1000000.00, 1, -22.45, -22.45
2026-06-28, 18:18:26, 1015000000, 1016000000, 1000000.00, 1, -22.38, -22.38
2026-06-28, 18:18:26, 1016000000, 1017000000, 1000000.00, 1, -22.29, -22.29
2026-06-28, 18:18:26, 1017000000, 1018000000, 1000000.00, 1, -22.05, -22.05
2026-06-28, 18:18:26, 1018000000, 1019000000, 1000000.00, 1, -21.84, -21.84
2026-06-28, 18:18:26, 1019000000, 1020000000, 1000000.00, 1, -21.69, -21.69
2026-06-28, 18:18:26, 1020000000, 1021000000, 1000000.00, 1, -21.41, -21.41
2026-06-28, 18:18:26, 1021000000, 1022000000, 1000000.00, 1, -21.24, -21.24
2026-06-28, 18:18:26, 1022000000, 1023000000, 1000000.00, 1, -20.02, -20.02
2026-06-28, 18:18:26, 1023000000, 1024000000, 1000000.00, 1, -21.23, -21.23
2026-06-28, 18:18:26, 1024000000, 1025000000, 1000000.00, 1, -21.37, -21.37
2026-06-28, 18:18:26, 1025000000, 1026000000, 1000000.00, 1, -21.62, -21.62
2026-06-28, 18:18:26, 1026000000, 1027000000, 1000000.00, 1, -21.84, -21.84
2026-06-28, 18:18:26, 1027000000, 1028000000, 1000000.00, 1, -22.02, -22.02
2026-06-28, 18:18:26, 1028000000, 1029000000, 1000000.00, 1, -22.15, -22.15
2026-06-28, 18:18:26, 1029000000, 1030000000, 1000000.00, 1, -22.42, -22.42
2026-06-28, 18:18:26, 1030000000, 1031000000, 1000000.00, 1, -22.49, -22.49
2026-06-28, 18:18:26, 1031000000, 1032000000, 1000000.00, 1, -22.48, -22.48
2026-06-28, 18:18:26, 1032000000, 1033000000, 1000000.00, 1, -22.59, -22.59
2026-06-28, 18:18:26, 1033000000, 1034000000, 1000000.00, 1, -22.73, -22.73
2026-06-28, 18:18:26, 1034000000, 1035000000, 1000000.00, 1, -22.69, -22.69
2026-06-28, 18:18:26, 1035000000, 1036000000, 1000000.00, 1, -22.88, -22.88
2026-06-28, 18:18:26, 1036000000, 1037000000, 1000000.00, 1, -22.48, -22.48
2026-06-28, 18:18:26, 1037000000, 1038000000, 1000000.00, 1, -22.84, -22.84
2026-06-28, 18:18:26, 1038000000, 1039000000, 1000000.00, 1, -22.86, -22.86
2026-06-28, 18:18:26, 1039000000, 1040000000, 1000000.00, 1, -22.88, -22.88
2026-06-28, 18:18:26, 1040000000, 1041000000, 1000000.00, 1, -22.97, -22.97
2026-06-28, 18:18:26, 1041000000, 1042000000, 1000000.00, 1, -23.00, -23.00
2026-06-28, 18:18:26, 1042000000, 1043000000, 1000000.00, 1, -23.01, -23.01
2026-06-28, 18:18:26, 1043000000, 1044000000, 1000000.00, 1, -23.04, -23.04
2026-06-28, 18:18:26, 1044000000, 1045000000, 1000000.00, 1, -23.01, -23.01
2026-06-28, 18:18:26, 1045000000, 1046000000, 1000000.00, 1, -23.03, -23.03
2026-06-28, 18:18:26, 1046000000, 1047000000, 1000000.00, 1, -23.10, -23.10
2026-06-28, 18:18:26, 1047000000, 1048000000, 1000000.00, 1, -23.08, -23.08
2026-06-28, 18:18:26, 1048000000, 1049000000, 1000000.00, 1, -22.98, -22.98
2026-06-28, 18:18:26, 1049000000, 1050000000, 1000000.00, 1, -23.08, -23.08
2026-06-28, 18:18:26, 1050000000, 1051000000, 1000000.00, 1, -23.04, -23.04
2026-06-28, 18:18:26, 1051000000, 1052000000, 1000000.00, 1, -23.09, -23.09
2026-06-28, 18:18:26, 1052000000, 1053000000, 1000000.00, 1, -23.10, -23.10
2026-06-28, 18:18:26, 1053000000, 1054000000, 1000000.00, 1, -23.04, -23.04
2026-06-28, 18:18:26, 1054000000, 1055000000, 1000000.00, 1, -23.11, -23.11
2026-06-28, 18:18:26, 1055000000, 1056000000, 1000000.00, 1, -23.23, -23.23
2026-06-28, 18:18:26, 1056000000, 1057000000, 1000000.00, 1, -23.19, -23.19
2026-06-28, 18:18:26, 1057000000, 1058000000, 1000000.00, 1, -23.22, -23.22
2026-06-28, 18:18:26, 1058000000, 1059000000, 1000000.00, 1, -23.20, -23.20
2026-06-28, 18:18:26, 1059000000, 1060000000, 1000000.00, 1, -23.21, -23.21
2026-06-28, 18:18:26, 1060000000, 1061000000, 1000000.00, 1, -23.21, -23.21
2026-06-28, 18:18:26, 1061000000, 1062000000, 1000000.00, 1, -23.20, -23.20
2026-06-28, 18:18:26, 1062000000, 1063000000, 1000000.00, 1, -23.16, -23.16
2026-06-28, 18:18:26, 1063000000, 1064000000, 1000000.00, 1, -23.16, -23.16
2026-06-28, 18:18:26, 1064000000, 1065000000, 1000000.00, 1, -23.18, -23.18
2026-06-28, 18:18:26, 1065000000, 1066000000, 1000000.00, 1, -23.09, -23.09
2026-06-28, 18:18:26, 1066000000, 1067000000, 1000000.00, 1, -22.92, -22.92
2026-06-28, 18:18:26, 1067000000, 1068000000, 1000000.00, 1, -22.77, -22.77
2026-06-28, 18:18:26, 1068000000, 1069000000, 1000000.00, 1, -22.44, -22.44
2026-06-28, 18:18:26, 1069000000, 1070000000, 1000000.00, 1, -22.00, -22.00
2026-06-28, 18:18:26, 1070000000, 1071000000, 1000000.00, 1, -22.36, -22.36
2026-06-28, 18:18:26, 1071000000, 1072000000, 1000000.00, 1, -22.46, -22.46
2026-06-28, 18:18:26, 1072000000, 1073000000, 1000000.00, 1, -22.72, -22.72
2026-06-28, 18:18:26, 1073000000, 1074000000, 1000000.00, 1, -22.61, -22.61
2026-06-28, 18:18:26, 1074000000, 1075000000, 1000000.00, 1, -22.53, -22.53
2026-06-28, 18:18:26, 1075000000, 1076000000, 1000000.00, 1, -22.50, -22.50
2026-06-28, 18:18:26, 1076000000, 1077000000, 1000000.00, 1, -22.61, -22.61
2026-06-28, 18:18:26, 1077000000, 1078000000, 1000000.00, 1, -22.83, -22.83
2026-06-28, 18:18:26, 1078000000, 1079000000, 1000000.00, 1, -23.00, -23.00
2026-06-28, 18:18:26, 1079000000, 1080000000, 1000000.00, 1, -22.17, -22.17
2026-06-28, 18:18:26, 1080000000, 1081000000, 1000000.00, 1, -22.19, -22.19
2026-06-28, 18:18:26, 1081000000, 1082000000, 1000000.00, 1, -21.86, -21.86
2026-06-28, 18:18:26, 1082000000, 1083000000, 1000000.00, 1, -21.71, -21.71
2026-06-28, 18:18:26, 1083000000, 1084000000, 1000000.00, 1, -21.66, -21.66
2026-06-28, 18:18:26, 1084000000, 1085000000, 1000000.00, 1, -21.84, -21.84
2026-06-28, 18:18:26, 1085000000, 1086000000, 1000000.00, 1, -22.41, -22.41
2026-06-28, 18:18:26, 1086000000, 1087000000, 1000000.00, 1, -22.81, -22.81
2026-06-28, 18:18:26, 1087000000, 1088000000, 1000000.00, 1, -22.88, -22.88
2026-06-28, 18:18:26, 1088000000, 1089000000, 1000000.00, 1, -22.78, -22.78
2026-06-28, 18:18:26, 1089000000, 1090000000, 1000000.00, 1, -20.48, -20.48
2026-06-28, 18:18:26, 1090000000, 1091000000, 1000000.00, 1, -22.04, -22.04
2026-06-28, 18:18:26, 1091000000, 1092000000, 1000000.00, 1, -21.86, -21.86
2026-06-28, 18:18:26, 1092000000, 1093000000, 1000000.00, 1, -22.08, -22.08
2026-06-28, 18:18:26, 1093000000, 1094000000, 1000000.00, 1, -22.15, -22.15
2026-06-28, 18:18:26, 1094000000, 1095000000, 1000000.00, 1, -21.73, -21.73
2026-06-28, 18:18:26, 1095000000, 1096000000, 1000000.00, 1, -22.20, -22.20
2026-06-28, 18:18:26, 1096000000, 1097000000, 1000000.00, 1, -22.05, -22.05
2026-06-28, 18:18:26, 1097000000, 1098000000, 1000000.00, 1, -21.83, -21.83
2026-06-28, 18:18:26, 1098000000, 1099000000, 1000000.00, 1, -21.76, -21.76
2026-06-28, 18:18:26, 1099000000, 1100000000, 1000000.00, 1, -21.75, -21.75
2026-06-28, 18:18:26, 1100000000, 1101000000, 1000000.00, 1, -22.01, -22.01
2026-06-28, 18:18:26, 1101000000, 1102000000, 1000000.00, 1, -22.22, -22.22
2026-06-28, 18:18:26, 1102000000, 1103000000, 1000000.00, 1, -22.25, -22.25
2026-06-28, 18:18:26, 1103000000, 1104000000, 1000000.00, 1, -22.38, -22.38
2026-06-28, 18:18:26, 1104000000, 1105000000, 1000000.00, 1, -21.67, -21.67
2026-06-28, 18:18:26, 1105000000, 1106000000, 1000000.00, 1, -22.46, -22.46
2026-06-28, 18:18:26, 1106000000, 1107000000, 1000000.00, 1, -22.57, -22.57
2026-06-28, 18:18:26, 1107000000, 1108000000, 1000000.00, 1, -22.50, -22.50
2026-06-28, 18:18:26, 1108000000, 1109000000, 1000000.00, 1, -22.33, -22.33
2026-06-28, 18:18:26, 1109000000, 1110000000, 1000000.00, 1, -22.47, -22.47
2026-06-28, 18:18:26, 1110000000, 1111000000, 1000000.00, 1, -22.45, -22.45
2026-06-28, 18:18:26, 1111000000, 1112000000, 1000000.00, 1, -22.66, -22.66
2026-06-28, 18:18:26, 1112000000, 1113000000, 1000000.00, 1, -22.82, -22.82
2026-06-28, 18:18:26, 1113000000, 1114000000, 1000000.00, 1, -23.09, -23.09
2026-06-28, 18:18:26, 1114000000, 1115000000, 1000000.00, 1, -23.35, -23.35
2026-06-28, 18:18:26, 1115000000, 1116000000, 1000000.00, 1, -23.50, -23.50
2026-06-28, 18:18:26, 1116000000, 1117000000, 1000000.00, 1, -23.63, -23.63
2026-06-28, 18:18:26, 1117000000, 1118000000, 1000000.00, 1, -23.68, -23.68
2026-06-28, 18:18:26, 1118000000, 1119000000, 1000000.00, 1, -23.62, -23.62
2026-06-28, 18:18:26, 1119000000, 1120000000, 1000000.00, 1, -23.62, -23.62
2026-06-28, 18:18:26, 1120000000, 1121000000, 1000000.00, 1, -23.66, -23.66
2026-06-28, 18:18:26, 1121000000, 1122000000, 1000000.00, 1, -23.68, -23.68
2026-06-28, 18:18:26, 1122000000, 1123000000, 1000000.00, 1, -23.67, -23.67
2026-06-28, 18:18:26, 1123000000, 1124000000, 1000000.00, 1, -23.10, -23.10
2026-06-28, 18:18:26, 1124000000, 1125000000, 1000000.00, 1, -23.67, -23.67
2026-06-28, 18:18:26, 1125000000, 1126000000, 1000000.00, 1, -23.68, -23.68
2026-06-28, 18:18:26, 1126000000, 1127000000, 1000000.00, 1, -23.62, -23.62
2026-06-28, 18:18:26, 1127000000, 1128000000, 1000000.00, 1, -23.66, -23.66
2026-06-28, 18:18:26, 1128000000, 1129000000, 1000000.00, 1, -23.61, -23.61
2026-06-28, 18:18:26, 1129000000, 1130000000, 1000000.00, 1, -23.70, -23.70
2026-06-28, 18:18:26, 1130000000, 1131000000, 1000000.00, 1, -23.68, -23.68
2026-06-28, 18:18:26, 1131000000, 1132000000, 1000000.00, 1, -23.74, -23.74
2026-06-28, 18:18:26, 1132000000, 1133000000, 1000000.00, 1, -23.64, -23.64
2026-06-28, 18:18:26, 1133000000, 1134000000, 1000000.00, 1, -23.72, -23.72
2026-06-28, 18:18:26, 1134000000, 1135000000, 1000000.00, 1, -23.65, -23.65
2026-06-28, 18:18:26, 1135000000, 1136000000, 1000000.00, 1, -23.66, -23.66
2026-06-28, 18:18:26, 1136000000, 1137000000, 1000000.00, 1, -23.65, -23.65
2026-06-28, 18:18:26, 1137000000, 1138000000, 1000000.00, 1, -23.64, -23.64
2026-06-28, 18:18:26, 1138000000, 1139000000, 1000000.00, 1, -23.67, -23.67
2026-06-28, 18:18:26, 1139000000, 1140000000, 1000000.00, 1, -23.68, -23.68
2026-06-28, 18:18:26, 1140000000, 1141000000, 1000000.00, 1, -23.73, -23.73
2026-06-28, 18:18:26, 1141000000, 1142000000, 1000000.00, 1, -23.71, -23.71
2026-06-28, 18:18:26, 1142000000, 1143000000, 1000000.00, 1, -23.72, -23.72
2026-06-28, 18:18:26, 1143000000, 1144000000, 1000000.00, 1, -23.74, -23.74
2026-06-28, 18:18:26, 1144000000, 1145000000, 1000000.00, 1, -23.60, -23.60
2026-06-28, 18:18:26, 1145000000, 1146000000, 1000000.00, 1, -23.67, -23.67
2026-06-28, 18:18:26, 1146000000, 1147000000, 1000000.00, 1, -23.70, -23.70
2026-06-28, 18:18:26, 1147000000, 1148000000, 1000000.00, 1, -23.65, -23.65
2026-06-28, 18:18:26, 1148000000, 1149000000, 1000000.00, 1, -23.68, -23.68
2026-06-28, 18:18:26, 1149000000, 1150000000, 1000000.00, 1, -23.65, -23.65
2026-06-28, 18:18:26, 1150000000, 1151000000, 1000000.00, 1, -23.74, -23.74
2026-06-28, 18:18:26, 1151000000, 1152000000, 1000000.00, 1, -23.69, -23.69
2026-06-28, 18:18:26, 1152000000, 1153000000, 1000000.00, 1, -23.57, -23.57
2026-06-28, 18:18:26, 1153000000, 1154000000, 1000000.00, 1, -23.58, -23.58
2026-06-28, 18:18:26, 1154000000, 1155000000, 1000000.00, 1, -23.61, -23.61
2026-06-28, 18:18:26, 1155000000, 1156000000, 1000000.00, 1, -23.64, -23.64
2026-06-28, 18:18:26, 1156000000, 1157000000, 1000000.00, 1, -23.61, -23.61
2026-06-28, 18:18:26, 1157000000, 1158000000, 1000000.00, 1, -23.66, -23.66
2026-06-28, 18:18:26, 1158000000, 1159000000, 1000000.00, 1, -23.62, -23.62
2026-06-28, 18:18:26, 1159000000, 1160000000, 1000000.00, 1, -23.61, -23.61
2026-06-28, 18:18:26, 1160000000, 1161000000, 1000000.00, 1, -23.56, -23.56
2026-06-28, 18:18:26, 1161000000, 1162000000, 1000000.00, 1, -23.60, -23.60
2026-06-28, 18:18:26, 1162000000, 1163000000, 1000000.00, 1, -23.54, -23.54
2026-06-28, 18:18:26, 1163000000, 1164000000, 1000000.00, 1, -23.52, -23.52
2026-06-28, 18:18:26, 1164000000, 1165000000, 1000000.00, 1, -23.54, -23.54
2026-06-28, 18:18:26, 1165000000, 1166000000, 1000000.00, 1, -23.49, -23.49
2026-06-28, 18:18:26, 1166000000, 1167000000, 1000000.00, 1, -23.46, -23.46
2026-06-28, 18:18:26, 1167000000, 1168000000, 1000000.00, 1, -23.52, -23.52
2026-06-28, 18:18:26, 1168000000, 1169000000, 1000000.00, 1, -23.64, -23.64
2026-06-28, 18:18:26, 1169000000, 1170000000, 1000000.00, 1, -23.55, -23.55
2026-06-28, 18:18:26, 1170000000, 1171000000, 1000000.00, 1, -23.53, -23.53
2026-06-28, 18:18:26, 1171000000, 1172000000, 1000000.00, 1, -23.44, -23.44
2026-06-28, 18:18:26, 1172000000, 1173000000, 1000000.00, 1, -23.43, -23.43
2026-06-28, 18:18:26, 1173000000, 1174000000, 1000000.00, 1, -23.51, -23.51
2026-06-28, 18:18:26, 1174000000, 1175000000, 1000000.00, 1, -23.41, -23.41
2026-06-28, 18:18:26, 1175000000, 1176000000, 1000000.00, 1, -23.40, -23.40
2026-06-28, 18:18:26, 1176000000, 1177000000, 1000000.00, 1, -23.48, -23.48
2026-06-28, 18:18:26, 1177000000, 1178000000, 1000000.00, 1, -23.47, -23.47
2026-06-28, 18:18:26, 1178000000, 1179000000, 1000000.00, 1, -23.48, -23.48
2026-06-28, 18:18:26, 1179000000, 1180000000, 1000000.00, 1, -23.39, -23.39
2026-06-28, 18:18:26, 1180000000, 1181000000, 1000000.00, 1, -23.23, -23.23
2026-06-28, 18:18:26, 1181000000, 1182000000, 1000000.00, 1, -23.44, -23.44
2026-06-28, 18:18:26, 1182000000, 1183000000, 1000000.00, 1, -23.38, -23.38
2026-06-28, 18:18:26, 1183000000, 1184000000, 1000000.00, 1, -23.44, -23.44
2026-06-28, 18:18:26, 1184000000, 1185000000, 1000000.00, 1, -23.33, -23.33
2026-06-28, 18:18:26, 1185000000, 1186000000, 1000000.00, 1, -23.33, -23.33
2026-06-28, 18:18:26, 1186000000, 1187000000, 1000000.00, 1, -23.28, -23.28
2026-06-28, 18:18:26, 1187000000, 1188000000, 1000000.00, 1, -23.17, -23.17
2026-06-28, 18:18:26, 1188000000, 1189000000, 1000000.00, 1, -23.18, -23.18
2026-06-28, 18:18:26, 1189000000, 1190000000, 1000000.00, 1, -23.07, -23.07
2026-06-28, 18:18:26, 1190000000, 1191000000, 1000000.00, 1, -23.10, -23.10
2026-06-28, 18:18:26, 1191000000, 1192000000, 1000000.00, 1, -23.09, -23.09
2026-06-28, 18:18:26, 1192000000, 1193000000, 1000000.00, 1, -23.06, -23.06
2026-06-28, 18:18:26, 1193000000, 1194000000, 1000000.00, 1, -22.93, -22.93
2026-06-28, 18:18:26, 1194000000, 1195000000, 1000000.00, 1, -22.83, -22.83
2026-06-28, 18:18:26, 1195000000, 1196000000, 1000000.00, 1, -22.45, -22.45
2026-06-28, 18:18:26, 1196000000, 1197000000, 1000000.00, 1, -22.66, -22.66
2026-06-28, 18:18:26, 1197000000, 1198000000, 1000000.00, 1, -22.65, -22.65
2026-06-28, 18:18:26, 1198000000, 1199000000, 1000000.00, 1, -21.67, -21.67
2026-06-28, 18:18:26, 1199000000, 1200000000, 1000000.00, 1, -22.63, -22.63
2026-06-28, 18:18:26, 1200000000, 1201000000, 1000000.00, 1, -22.75, -22.75
2026-06-28, 18:18:26, 1201000000, 1202000000, 1000000.00, 1, -22.71, -22.71
2026-06-28, 18:18:26, 1202000000, 1203000000, 1000000.00, 1, -22.68, -22.68
2026-06-28, 18:18:26, 1203000000, 1204000000, 1000000.00, 1, -22.66, -22.66
2026-06-28, 18:18:26, 1204000000, 1205000000, 1000000.00, 1, -22.51, -22.51
2026-06-28, 18:18:26, 1205000000, 1206000000, 1000000.00, 1, -22.63, -22.63
2026-06-28, 18:18:26, 1206000000, 1207000000, 1000000.00, 1, -22.53, -22.53
2026-06-28, 18:18:26, 1207000000, 1208000000, 1000000.00, 1, -22.56, -22.56
2026-06-28, 18:18:26, 1208000000, 1209000000, 1000000.00, 1, -22.62, -22.62
2026-06-28, 18:18:26, 1209000000, 1210000000, 1000000.00, 1, -22.43, -22.43
2026-06-28, 18:18:26, 1210000000, 1211000000, 1000000.00, 1, -22.36, -22.36
2026-06-28, 18:18:26, 1211000000, 1212000000, 1000000.00, 1, -22.35, -22.35
2026-06-28, 18:18:26, 1212000000, 1213000000, 1000000.00, 1, -22.32, -22.32
2026-06-28, 18:18:26, 1213000000, 1214000000, 1000000.00, 1, -22.30, -22.30
2026-06-28, 18:18:26, 1214000000, 1215000000, 1000000.00, 1, -22.20, -22.20
